ranking,outreach_status,prioridade_abordagem,score_fornecedor,cnpj,razao_social,nome_fantasia,sede_municipio,sede_uf,sul_priority,cnae,situacao_cadastral,porte_cadastral,qtd_contratos_candidatos,orgaos_contratantes,valor_total_portfolio_analisado,melhor_contrato_id,melhor_orgao,melhor_classificacao,argumento_comercial,mensagem_abordagem,proxima_acao,riscos,email,telefone,site,contato_verificavel
1,DOCUMENT_REQUEST_CANDIDATE,NACIONAL,49.82,05802590000190,CONSTRUTORA JUREMA LTDA,,Teresina,PI,False,,,,6,Departamento de Estradas de Rodagem do Piauí,721427699.0699999,06535751000199-2-000009/2024,Departamento de Estradas de Rodagem do Piauí,STRONG_CANDIDATE,"Estamos analisando contratos públicos de obras com interregno anual já transcorrido e identificamos que este instrumento merece conferência da cláusula de reajuste. Para confirmar eventual valor, seria necessário examinar contrato, orçamento, medições e apostilas.","Estamos analisando contratos públicos de obras com interregno anual já transcorrido e identificamos que este instrumento merece conferência da cláusula de reajuste. Para confirmar eventual valor, seria necessário examinar contrato, orçamento, medições e apostilas.","Baixar contrato e apostilas; confirmar data-base, índice e saldo antes da abordagem.","ausencia_de_apostila_no_pncp_nao_prova_que_reajuste_nao_foi_concedido | Saldo/medições indisponíveis — valor sobre total é teto teórico, não valor devido. | indice_contratual_ausente — não aplicar IPCA/INCC/SINAPI por plausibilidade",,,,False
2,DOCUMENT_REQUEST_CANDIDATE,SUL_SC_PRIORITY,48.89,82743832000162,PLANATERRA-TERRAPLENAGEM E PAVIMENTACAO LTDA,PLANATERRA,CHAPECO,SC,True,4211101 - Construção de rodovias e ferrovias,ATIVA,,14,DEPARTAMENTO AUTÔNOMO DE ESTRADAS DE RODAGEM | ERS-DEPARTAMENTO AUT. DE ESTRADAS DE RODAGEM | PREFEITURA MUNICIPAL DE PALMITOS - SC | SUP. REG. DO DNIT NO EST.DO RIO GRANDE DO SUL | SUP. REG. DO DNIT NO ESTADO DE SANTA CATARINA | Secretaria de Estado da Infraestrutura e Mobilidade,799628428.6400001,04892707000100-2-000494/2024,SUP. REG. DO DNIT NO EST.DO RIO GRANDE DO SUL,STRONG_CANDIDATE,"Estamos analisando contratos públicos de obras com interregno anual já transcorrido e identificamos que este instrumento merece conferência da cláusula de reajuste. Para confirmar eventual valor, seria necessário examinar contrato, orçamento, medições e apostilas.","Estamos analisando contratos públicos de obras com interregno anual já transcorrido e identificamos que este instrumento merece conferência da cláusula de reajuste. Para confirmar eventual valor, seria necessário examinar contrato, orçamento, medições e apostilas.","Baixar contrato e apostilas; confirmar data-base, índice e saldo antes da abordagem.","ausencia_de_apostila_no_pncp_nao_prova_que_reajuste_nao_foi_concedido | Saldo/medições indisponíveis — valor sobre total é teto teórico, não valor devido. | indice_contratual_ausente — não aplicar IPCA/INCC/SINAPI por plausibilidade",,,,False
3,DOCUMENT_REQUEST_CANDIDATE,SUL_SC_PRIORITY,48.4,80095466000157,CONSTRUTORA OLIVEIRA LTDA,,MARAVILHA,SC,True,4120400 - Construção de edifícios,ATIVA,,11,Departamento de Estradas de Rodagem do Município de  São Carlos/SC | MUNICÍPIO DE GALVÃO | Prefeitura Municipal de Chapecó | SECRETARIA DE OBRAS,228720010.6,83021808000182-2-000395/2024,Prefeitura Municipal de Chapecó,STRONG_CANDIDATE,"Estamos analisando contratos públicos de obras com interregno anual já transcorrido e identificamos que este instrumento merece conferência da cláusula de reajuste. Para confirmar eventual valor, seria necessário examinar contrato, orçamento, medições e apostilas.","Estamos analisando contratos públicos de obras com interregno anual já transcorrido e identificamos que este instrumento merece conferência da cláusula de reajuste. Para confirmar eventual valor, seria necessário examinar contrato, orçamento, medições e apostilas.","Baixar contrato e apostilas; confirmar data-base, índice e saldo antes da abordagem.","ausencia_de_apostila_no_pncp_nao_prova_que_reajuste_nao_foi_concedido | Saldo/medições indisponíveis — valor sobre total é teto teórico, não valor devido. | indice_contratual_ausente — não aplicar IPCA/INCC/SINAPI por plausibilidade",,,,False
4,DOCUMENT_REQUEST_CANDIDATE,SUL_SC_PRIORITY,48.24,88348024000187,SBS ENGENHARIA E CONSTRUCOES LTDA.,,PORTO ALEGRE,RS,True,4211101 - Construção de rodovias e ferrovias,ATIVA,,2,DEPARTAMENTO AUTÔNOMO DE ESTRADAS DE RODAGEM | SUP. REG. DO DNIT NO EST.DO RIO GRANDE DO SUL,66174282.25,04892707000100-2-000458/2024,SUP. REG. DO DNIT NO EST.DO RIO GRANDE DO SUL,STRONG_CANDIDATE,"Estamos analisando contratos públicos de obras com interregno anual já transcorrido e identificamos que este instrumento merece conferência da cláusula de reajuste. Para confirmar eventual valor, seria necessário examinar contrato, orçamento, medições e apostilas.","Estamos analisando contratos públicos de obras com interregno anual já transcorrido e identificamos que este instrumento merece conferência da cláusula de reajuste. Para confirmar eventual valor, seria necessário examinar contrato, orçamento, medições e apostilas.","Baixar contrato e apostilas; confirmar data-base, índice e saldo antes da abordagem.","ausencia_de_apostila_no_pncp_nao_prova_que_reajuste_nao_foi_concedido | Saldo/medições indisponíveis — valor sobre total é teto teórico, não valor devido. | indice_contratual_ausente — não aplicar IPCA/INCC/SINAPI por plausibilidade",,,,False
5,DOCUMENT_REQUEST_CANDIDATE,NACIONAL,47.72,19758842000135,LCM CONSTRUCAO E COMERCIO S.A,***********,BELO HORIZONTE,MG,False,4211101 - Construção de rodovias e ferrovias,ATIVA,,118,"AGENCIA GOIANA DE INFRAEST.E TRANSPORTES/GO | AGESUL-Agência Estadual de Gestão de Empreendimentos de Campo Grande/MS | DEPART.NACIONAL DE INFRA-ESTR. DE TRANSPORTE | DEPARTAMENTO AUTÔNOMO DE ESTRADAS DE RODAGEM | DEPARTAMENTO NACIONAL INFRAEST.DE TRANSPORTES | DER - Departamento de Estradas de Rodagem do Estado do Paraná | DER/DI/GAO - COMPRAS | DER/DM/GMR | PREFEITURA MUNICIPAL DE MARICA - RJ | PREFEITURA SÃO GONÇALO DO RIO ABAIXO | Prefeitura Municipal de Magé | SECRETARIA DE ESTADO DE INFRA-ESTRUTURA | SECRETARIA MUNICIPAL DE PLANEJAMENTO, DESENVOLVIME | SUP. REG. DO DNIT NO EST. DO RIO G. DO NORTE | SUP. REG. DO DNIT NO EST.DO RIO GRANDE DO SUL | SUP. REG. DO DNIT NO ESTADO DE MATO GROSSO | SUP. REG. DO DNIT NO ESTADO DE MINAS GERAIS | SUP. REG. DO DNIT NO ESTADO DE SANTA CATARINA | SUP. REG. DO DNIT NO ESTADO DO ESPIRITO SANTO | SUP. REG. DO DNIT NO ESTADO DO MARANHÃO | SUP. REG. DO DNIT NO ESTADO DO PARANA | SUP. REG. DO DNIT NO ESTADO DO PIAUI | SUP. REG. DO DNIT NO ESTADO DO RIO DE JANEIRO | SUP. REG. DO DNIT NO ESTADO DO TOCANTINS | SUP. REG. DO DNIT NOS ESTADOS DE GOIAS E DF | SUP. REG. DO DNIT NOS ESTADOS DO AM E RR | SUP. REGIONAL DO DNIT NO ESTADO DA BAHIA | SUP. REGIONAL DO DNIT NO ESTADO DE PERNAMBUCO | SUP. REGIONAL DO DNIT NO ESTADO DO CEARA | SUPERINT. REG. DO DNIT NO EST. DE RONDONIA | SUPERINTENDENCIA REG.NO ESTADO DO AMAPA/DNIT | SUPERINTENDENCIA REGIONAL DO DNIT - AC | SUPERINTENDÊNCIA REGIONAL DO DNIT - MG | SUPERINTENDÊNCIA REGIONAL DO DNIT - PA | SUPERINTENDÊNCIA REGIONAL DO DNIT - RO | SUPERINTENDêNCIA REGIONAL NO ESTADO DO PARA | Secretaria de Estado da Infraestrutura e Mobilidade | Unidade Única",7180220091.080001,04892707000100-2-000350/2024,SUP. REG. DO DNIT NO EST.DO RIO GRANDE DO SUL,STRONG_CANDIDATE,"Estamos analisando contratos públicos de obras com interregno anual já transcorrido e identificamos que este instrumento merece conferência da cláusula de reajuste. Para confirmar eventual valor, seria necessário examinar contrato, orçamento, medições e apostilas.","Estamos analisando contratos públicos de obras com interregno anual já transcorrido e identificamos que este instrumento merece conferência da cláusula de reajuste. Para confirmar eventual valor, seria necessário examinar contrato, orçamento, medições e apostilas.","Baixar contrato e apostilas; confirmar data-base, índice e saldo antes da abordagem.","ausencia_de_apostila_no_pncp_nao_prova_que_reajuste_nao_foi_concedido | Saldo/medições indisponíveis — valor sobre total é teto teórico, não valor devido. | indice_contratual_ausente — não aplicar IPCA/INCC/SINAPI por plausibilidade",,,,False
6,DOCUMENT_REQUEST_CANDIDATE,SUL_SC_PRIORITY,47.31,92190503000195,CONSTRUTORA PELOTENSE LTDA,CONSTRUTORA PELOTENSE,PORTO ALEGRE,RS,True,4211101 - Construção de rodovias e ferrovias,ATIVA,,2,ERS-DEPARTAMENTO AUT. DE ESTRADAS DE RODAGEM | SUP. REG. DO DNIT NO EST.DO RIO GRANDE DO SUL,92756919.13,04892707000100-2-000567/2024,SUP. REG. DO DNIT NO EST.DO RIO GRANDE DO SUL,STRONG_CANDIDATE,"Estamos analisando contratos públicos de obras com interregno anual já transcorrido e identificamos que este instrumento merece conferência da cláusula de reajuste. Para confirmar eventual valor, seria necessário examinar contrato, orçamento, medições e apostilas.","Estamos analisando contratos públicos de obras com interregno anual já transcorrido e identificamos que este instrumento merece conferência da cláusula de reajuste. Para confirmar eventual valor, seria necessário examinar contrato, orçamento, medições e apostilas.","Baixar contrato e apostilas; confirmar data-base, índice e saldo antes da abordagem.","ausencia_de_apostila_no_pncp_nao_prova_que_reajuste_nao_foi_concedido | Saldo/medições indisponíveis — valor sobre total é teto teórico, não valor devido. | indice_contratual_ausente — não aplicar IPCA/INCC/SINAPI por plausibilidade",,,,False
7,DOCUMENT_REQUEST_CANDIDATE,SUL_SC_PRIORITY,47.14,92779503000125,CASTILHO ENGENHARIA E EMPREENDIMENTOS S/A,,CURITIBA,PR,True,4211101 - Construção de rodovias e ferrovias,ATIVA,,14,DEPARTAMENTO DE ESTRADAS DE RODAGEM | DEPARTAMENTO ESTADUAL DE INFRAESTRUTURA RODOVIÁRIA DE SERGIPE | DER - Departamento de Estradas de Rodagem do Estado do Paraná | SUP. REG. DO DNIT NO EST.DO RIO GRANDE DO SUL | SUP. REG. DO DNIT NO ESTADO DE SERGIPE | SUP. REG. DO DNIT NO ESTADO DO PARANA | SUP. REGIONAL DO DNIT NO ESTADO DA BAHIA | UNIDADE ADMINISTRATIVA,1292520581.6100001,04892707000100-2-000579/2024,SUP. REG. DO DNIT NO EST.DO RIO GRANDE DO SUL,STRONG_CANDIDATE,"Estamos analisando contratos públicos de obras com interregno anual já transcorrido e identificamos que este instrumento merece conferência da cláusula de reajuste. Para confirmar eventual valor, seria necessário examinar contrato, orçamento, medições e apostilas.","Estamos analisando contratos públicos de obras com interregno anual já transcorrido e identificamos que este instrumento merece conferência da cláusula de reajuste. Para confirmar eventual valor, seria necessário examinar contrato, orçamento, medições e apostilas.","Baixar contrato e apostilas; confirmar data-base, índice e saldo antes da abordagem.","ausencia_de_apostila_no_pncp_nao_prova_que_reajuste_nao_foi_concedido | Saldo/medições indisponíveis — valor sobre total é teto teórico, não valor devido. | indice_contratual_ausente — não aplicar IPCA/INCC/SINAPI por plausibilidade",,,,False
8,DOCUMENT_REQUEST_CANDIDATE,SUL_SC_PRIORITY,46.59,75911438000120,ARTELESTE CONSTRUCOES LIMITADA,,Porto Alegre,RS,True,,,,4,SECRETARIA DE ESTADO DE INFRA-ESTRUTURA | SUP. REG. DO DNIT NO EST.DO RIO GRANDE DO SUL,265180457.74,04892707000100-2-000508/2024,SUP. REG. DO DNIT NO EST.DO RIO GRANDE DO SUL,STRONG_CANDIDATE,"Estamos analisando contratos públicos de obras com interregno anual já transcorrido e identificamos que este instrumento merece conferência da cláusula de reajuste. Para confirmar eventual valor, seria necessário examinar contrato, orçamento, medições e apostilas.","Estamos analisando contratos públicos de obras com interregno anual já transcorrido e identificamos que este instrumento merece conferência da cláusula de reajuste. Para confirmar eventual valor, seria necessário examinar contrato, orçamento, medições e apostilas.","Baixar contrato e apostilas; confirmar data-base, índice e saldo antes da abordagem.","ausencia_de_apostila_no_pncp_nao_prova_que_reajuste_nao_foi_concedido | Saldo/medições indisponíveis — valor sobre total é teto teórico, não valor devido. | indice_contratual_ausente — não aplicar IPCA/INCC/SINAPI por plausibilidade",,,,False
9,DOCUMENT_REQUEST_CANDIDATE,SUL_SC_PRIORITY,45.89,02955426000124,NEOVIA INFRAESTRUTURA RODOVIARIA LTDA,,Porto Alegre,RS,True,,,,15,DEPART.NACIONAL DE INFRA-ESTR. DE TRANSPORTE | SUP. REG. DO DNIT NO EST.DO RIO GRANDE DO SUL | SUP. REG. DO DNIT NO ESTADO DE SANTA CATARINA | SUP. REG. DO DNIT NO ESTADO DO PARANA | Secretaria de Estado da Infraestrutura e Mobilidade,806209961.7299999,04892707000100-2-000561/2024,SUP. REG. DO DNIT NO EST.DO RIO GRANDE DO SUL,STRONG_CANDIDATE,"Estamos analisando contratos públicos de obras com interregno anual já transcorrido e identificamos que este instrumento merece conferência da cláusula de reajuste. Para confirmar eventual valor, seria necessário examinar contrato, orçamento, medições e apostilas.","Estamos analisando contratos públicos de obras com interregno anual já transcorrido e identificamos que este instrumento merece conferência da cláusula de reajuste. Para confirmar eventual valor, seria necessário examinar contrato, orçamento, medições e apostilas.","Baixar contrato e apostilas; confirmar data-base, índice e saldo antes da abordagem.","ausencia_de_apostila_no_pncp_nao_prova_que_reajuste_nao_foi_concedido | Saldo/medições indisponíveis — valor sobre total é teto teórico, não valor devido. | indice_contratual_ausente — não aplicar IPCA/INCC/SINAPI por plausibilidade",,,,False
10,DOCUMENT_REQUEST_CANDIDATE,SUL_SC_PRIORITY,45.85,92943398000118,CONSTRUTORA CIDADE LIMITADA,,PORTO ALEGRE,RS,True,4212000 - Construção de obras de arte especiais,ATIVA,,4,PREFEITURA MUNICIPAL DE SÃO LUÍS - MA | SUP. REG. DO DNIT NO EST.DO RIO GRANDE DO SUL,365323312.35999995,04892707000100-2-000620/2024,SUP. REG. DO DNIT NO EST.DO RIO GRANDE DO SUL,STRONG_CANDIDATE,"Estamos analisando contratos públicos de obras com interregno anual já transcorrido e identificamos que este instrumento merece conferência da cláusula de reajuste. Para confirmar eventual valor, seria necessário examinar contrato, orçamento, medições e apostilas.","Estamos analisando contratos públicos de obras com interregno anual já transcorrido e identificamos que este instrumento merece conferência da cláusula de reajuste. Para confirmar eventual valor, seria necessário examinar contrato, orçamento, medições e apostilas.","Baixar contrato e apostilas; confirmar data-base, índice e saldo antes da abordagem.","ausencia_de_apostila_no_pncp_nao_prova_que_reajuste_nao_foi_concedido | Saldo/medições indisponíveis — valor sobre total é teto teórico, não valor devido. | indice_contratual_ausente — não aplicar IPCA/INCC/SINAPI por plausibilidade",,,,False
11,DOCUMENT_REQUEST_CANDIDATE,SUL_SC_PRIORITY,45.8,00061493000170,ENCOPAV ENGENHARIA LTDA,,SAO LEOPOLDO,RS,True,4211101,Ativa,,19,DEPARTAMENTO AUTÔNOMO DE ESTRADAS DE RODAGEM | Executivo Administração Direta | SUP. REG. DO DNIT NO EST.DO RIO GRANDE DO SUL | Unidades Administrativas  Subordinadas,722356141.67,92883834000100-2-000007/2025,DEPARTAMENTO AUTÔNOMO DE ESTRADAS DE RODAGEM,STRONG_CANDIDATE,"Estamos analisando contratos públicos de obras com interregno anual já transcorrido e identificamos que este instrumento merece conferência da cláusula de reajuste. Para confirmar eventual valor, seria necessário examinar contrato, orçamento, medições e apostilas.","Estamos analisando contratos públicos de obras com interregno anual já transcorrido e identificamos que este instrumento merece conferência da cláusula de reajuste. Para confirmar eventual valor, seria necessário examinar contrato, orçamento, medições e apostilas.","Baixar contrato e apostilas; confirmar data-base, índice e saldo antes da abordagem.","ausencia_de_apostila_no_pncp_nao_prova_que_reajuste_nao_foi_concedido | Saldo/medições indisponíveis — valor sobre total é teto teórico, não valor devido. | indice_contratual_ausente — não aplicar IPCA/INCC/SINAPI por plausibilidade",,,,False
12,DOCUMENT_REQUEST_CANDIDATE,NACIONAL,45.65,72030927000185,SEEL SERVICOS ESPECIAIS DE ENGENHARIA LTDA,,RIO DE JANEIRO,RJ,False,4399199 - Serviços especializados para construção não especificados anteriormente,ATIVA,,2,SUP. REG. DO DNIT NO EST.DO RIO GRANDE DO SUL,138486067.07999998,04892707000100-2-000596/2024,SUP. REG. DO DNIT NO EST.DO RIO GRANDE DO SUL,STRONG_CANDIDATE,"Estamos analisando contratos públicos de obras com interregno anual já transcorrido e identificamos que este instrumento merece conferência da cláusula de reajuste. Para confirmar eventual valor, seria necessário examinar contrato, orçamento, medições e apostilas.","Estamos analisando contratos públicos de obras com interregno anual já transcorrido e identificamos que este instrumento merece conferência da cláusula de reajuste. Para confirmar eventual valor, seria necessário examinar contrato, orçamento, medições e apostilas.","Baixar contrato e apostilas; confirmar data-base, índice e saldo antes da abordagem.","ausencia_de_apostila_no_pncp_nao_prova_que_reajuste_nao_foi_concedido | Saldo/medições indisponíveis — valor sobre total é teto teórico, não valor devido. | indice_contratual_ausente — não aplicar IPCA/INCC/SINAPI por plausibilidade",,,,False
13,DOCUMENT_REQUEST_CANDIDATE,NACIONAL,45.53,15800344000152,CL ENGENHARIA E CONSTRUCAO LTDA,,NOVA LIMA,MG,False,4299599 - Outras obras de engenharia civil não especificadas anteriormente,ATIVA,,3,FUNDO MUNICIPAL DE HABITAÇÃO POPULAR | GEPRO,32046205.89,21154554000113-2-000605/2024,GEPRO,STRONG_CANDIDATE,"Estamos analisando contratos públicos de obras com interregno anual já transcorrido e identificamos que este instrumento merece conferência da cláusula de reajuste. Para confirmar eventual valor, seria necessário examinar contrato, orçamento, medições e apostilas.","Estamos analisando contratos públicos de obras com interregno anual já transcorrido e identificamos que este instrumento merece conferência da cláusula de reajuste. Para confirmar eventual valor, seria necessário examinar contrato, orçamento, medições e apostilas.","Baixar contrato e apostilas; confirmar data-base, índice e saldo antes da abordagem.","ausencia_de_apostila_no_pncp_nao_prova_que_reajuste_nao_foi_concedido | Saldo/medições indisponíveis — valor sobre total é teto teórico, não valor devido. | indice_contratual_ausente — não aplicar IPCA/INCC/SINAPI por plausibilidade",,,,False
14,DOCUMENT_REQUEST_CANDIDATE,SUL_SC_PRIORITY,45.5,67156943000260,SOTRAM - CONSTR. E TERRAPLENAGEM LTDA.,SOTRAM,PEROBAL,PR,True,4211101 - Construção de rodovias e ferrovias,ATIVA,,11,Diretoria de Obras | PREFEITURA MUNICIPAL | Unidade administrativa,120563230.52000001,76247378000156-2-000324/2024,Unidade administrativa,STRONG_CANDIDATE,"Estamos analisando contratos públicos de obras com interregno anual já transcorrido e identificamos que este instrumento merece conferência da cláusula de reajuste. Para confirmar eventual valor, seria necessário examinar contrato, orçamento, medições e apostilas.","Estamos analisando contratos públicos de obras com interregno anual já transcorrido e identificamos que este instrumento merece conferência da cláusula de reajuste. Para confirmar eventual valor, seria necessário examinar contrato, orçamento, medições e apostilas.","Baixar contrato e apostilas; confirmar data-base, índice e saldo antes da abordagem.","ausencia_de_apostila_no_pncp_nao_prova_que_reajuste_nao_foi_concedido | Saldo/medições indisponíveis — valor sobre total é teto teórico, não valor devido. | indice_contratual_ausente — não aplicar IPCA/INCC/SINAPI por plausibilidade",,,,False
15,DOCUMENT_REQUEST_CANDIDATE,NACIONAL,45.39,17620199000153,AVANTI SOLUCOES E TECNOLOGIA LTDA,,Ibirité,MG,False,,,,1,DEPTO DE LIC. E CONT/DPGF/GLM,16638693.82,16789398000127-2-000057/2024,DEPTO DE LIC. E CONT/DPGF/GLM,STRONG_CANDIDATE,"Estamos analisando contratos públicos de obras com interregno anual já transcorrido e identificamos que este instrumento merece conferência da cláusula de reajuste. Para confirmar eventual valor, seria necessário examinar contrato, orçamento, medições e apostilas.","Estamos analisando contratos públicos de obras com interregno anual já transcorrido e identificamos que este instrumento merece conferência da cláusula de reajuste. Para confirmar eventual valor, seria necessário examinar contrato, orçamento, medições e apostilas.","Baixar contrato e apostilas; confirmar data-base, índice e saldo antes da abordagem.","ausencia_de_apostila_no_pncp_nao_prova_que_reajuste_nao_foi_concedido | Saldo/medições indisponíveis — valor sobre total é teto teórico, não valor devido.",,,,False
16,DOCUMENT_REQUEST_CANDIDATE,NACIONAL,45.29,00456865000167,BETHA SISTEMAS LTDA,,Atibaia,SP,False,,,,2,Prefeitura Municipal da Estância de Atibaia,69700000.0,45279635000108-2-000337/2025,Prefeitura Municipal da Estância de Atibaia,STRONG_CANDIDATE,"Estamos analisando contratos públicos de obras com interregno anual já transcorrido e identificamos que este instrumento merece conferência da cláusula de reajuste. Para confirmar eventual valor, seria necessário examinar contrato, orçamento, medições e apostilas.","Estamos analisando contratos públicos de obras com interregno anual já transcorrido e identificamos que este instrumento merece conferência da cláusula de reajuste. Para confirmar eventual valor, seria necessário examinar contrato, orçamento, medições e apostilas.","Baixar contrato e apostilas; confirmar data-base, índice e saldo antes da abordagem.","ausencia_de_apostila_no_pncp_nao_prova_que_reajuste_nao_foi_concedido | Saldo/medições indisponíveis — valor sobre total é teto teórico, não valor devido.",,,,False
17,DOCUMENT_REQUEST_CANDIDATE,NACIONAL,45.08,32371059000182,HORUS ENGENHARIA LTDA,,São José de Ribamar,MA,False,,,,3,"Secretaria Municipal de Administração | Secretaria Municipal de Obras, Habitação, Serviços Públicos e Urbanismo",32142769.240000002,06351514000178-2-000005/2024,"Secretaria Municipal de Obras, Habitação, Serviços Públicos e Urbanismo",STRONG_CANDIDATE,"Estamos analisando contratos públicos de obras com interregno anual já transcorrido e identificamos que este instrumento merece conferência da cláusula de reajuste. Para confirmar eventual valor, seria necessário examinar contrato, orçamento, medições e apostilas.","Estamos analisando contratos públicos de obras com interregno anual já transcorrido e identificamos que este instrumento merece conferência da cláusula de reajuste. Para confirmar eventual valor, seria necessário examinar contrato, orçamento, medições e apostilas.","Baixar contrato e apostilas; confirmar data-base, índice e saldo antes da abordagem.","ausencia_de_apostila_no_pncp_nao_prova_que_reajuste_nao_foi_concedido | Saldo/medições indisponíveis — valor sobre total é teto teórico, não valor devido. | indice_contratual_ausente — não aplicar IPCA/INCC/SINAPI por plausibilidade",,,,False
18,DOCUMENT_REQUEST_CANDIDATE,SUL_SC_PRIORITY,44.6,59470520000100,CONSÓRCIO PARANAMAP,,Curitiba,PR,True,,,,1,IAT - Instituto Água e Terra (Antigo IAP),118447000.0,68596162000178-2-000022/2025,IAT - Instituto Água e Terra (Antigo IAP),STRONG_CANDIDATE,"Estamos analisando contratos públicos de obras com interregno anual já transcorrido e identificamos que este instrumento merece conferência da cláusula de reajuste. Para confirmar eventual valor, seria necessário examinar contrato, orçamento, medições e apostilas.","Estamos analisando contratos públicos de obras com interregno anual já transcorrido e identificamos que este instrumento merece conferência da cláusula de reajuste. Para confirmar eventual valor, seria necessário examinar contrato, orçamento, medições e apostilas.","Baixar contrato e apostilas; confirmar data-base, índice e saldo antes da abordagem.","ausencia_de_apostila_no_pncp_nao_prova_que_reajuste_nao_foi_concedido | Saldo/medições indisponíveis — valor sobre total é teto teórico, não valor devido.",,,,False
19,DOCUMENT_REQUEST_CANDIDATE,NACIONAL,44.42,00472805000138,TRACADO CONSTRUCOES E SERVICOS LTDA,,SAO PAULO,SP,False,7112000,Ativa,,13,DEPARTAMENTO AUTÔNOMO DE ESTRADAS DE RODAGEM | DEPARTAMENTO DE OBRAS E SERVIÇOS | Executivo Administração Direta | MUNICÍPIO DE CRUZALTENSE | MUNICÍPIO DE PASSO FUNDO | Municipio de Alpestre | OBRAS E SERVICOS PUBLICOS | PM Jacutinga | PREFEITURA MUNICIPAL DE CONGONHINHAS - PR | PREFEITURA MUNICIPAL DE ERECHIM | Prefeitura Municipal de Quatro Irmãos,469024271.43999994,92883834000100-2-000001/2025,DEPARTAMENTO AUTÔNOMO DE ESTRADAS DE RODAGEM,STRONG_CANDIDATE,"Estamos analisando contratos públicos de obras com interregno anual já transcorrido e identificamos que este instrumento merece conferência da cláusula de reajuste. Para confirmar eventual valor, seria necessário examinar contrato, orçamento, medições e apostilas.","Estamos analisando contratos públicos de obras com interregno anual já transcorrido e identificamos que este instrumento merece conferência da cláusula de reajuste. Para confirmar eventual valor, seria necessário examinar contrato, orçamento, medições e apostilas.","Baixar contrato e apostilas; confirmar data-base, índice e saldo antes da abordagem.","ausencia_de_apostila_no_pncp_nao_prova_que_reajuste_nao_foi_concedido | Saldo/medições indisponíveis — valor sobre total é teto teórico, não valor devido. | indice_contratual_ausente — não aplicar IPCA/INCC/SINAPI por plausibilidade",,,,False
20,DOCUMENT_REQUEST_CANDIDATE,NACIONAL,44.35,35793134000191,GML ENGENHARIA LTDA,,BELO HORIZONTE,MG,False,7112000 - Serviços de engenharia,ATIVA,,4,PREFEITURA MUNICIPAL DE ROCHEDO DE MINAS - MG | PREFEITURA MUNICIPAL DE VITORIA | SECRETARIA M. ADMINISTRAÇÃO/PREF M.UBERLÂNDIA | SECRETARIA MUNICIPAL DE ADMINISTRACAO,29644902.11,18558080000160-2-000081/2024,PREFEITURA MUNICIPAL DE ROCHEDO DE MINAS - MG,STRONG_CANDIDATE,"Estamos analisando contratos públicos de obras com interregno anual já transcorrido e identificamos que este instrumento merece conferência da cláusula de reajuste. Para confirmar eventual valor, seria necessário examinar contrato, orçamento, medições e apostilas.","Estamos analisando contratos públicos de obras com interregno anual já transcorrido e identificamos que este instrumento merece conferência da cláusula de reajuste. Para confirmar eventual valor, seria necessário examinar contrato, orçamento, medições e apostilas.","Baixar contrato e apostilas; confirmar data-base, índice e saldo antes da abordagem.","ausencia_de_apostila_no_pncp_nao_prova_que_reajuste_nao_foi_concedido | Saldo/medições indisponíveis — valor sobre total é teto teórico, não valor devido. | indice_contratual_ausente — não aplicar IPCA/INCC/SINAPI por plausibilidade",,,,False
21,DOCUMENT_REQUEST_CANDIDATE,NACIONAL,44.19,20501854000169,ALCANCE ENGENHARIA E CONSTRUCAO LTDA,CONSTRUTORA ALCANCE,TEOFILO OTONI,MG,False,4120400 - Construção de edifícios,ATIVA,,22,AGESUL-Agência Estadual de Gestão de Empreendimentos de Campo Grande/MS | Agência Estadual de Gestão de Empreendimentos | DEPEN - DIRETORIA EXECUTIVA | DISTRITO SANIT.ESP.INDÍGENA - YANOMAMI | ESP-ESCOLA DE ENGENHARIA DE SÃO CARLOS | ESP-UNIVERSIDADE ESTADUAL DE CAMPINAS | GEPRO | MEC-UFRJ-UNIVERSID.FED.DO RIO DE JANEIRO/RJ | MUNICIPIO DE BATAGUASSU | PREFEITURA MUNICIPAL DE RONDONÓPOLIS - MT | SUPERINTENDENCIA REG.DEP.POLICIA FEDERAL - TO | UNIVERSIDADE FEDERAL DE VICOSA | UNIVERSIDADE FEDERAL DO CEARA | Universidade Estadual do Tocantins,991441979.33,21154554000113-2-000166/2025,GEPRO,STRONG_CANDIDATE,"Estamos analisando contratos públicos de obras com interregno anual já transcorrido e identificamos que este instrumento merece conferência da cláusula de reajuste. Para confirmar eventual valor, seria necessário examinar contrato, orçamento, medições e apostilas.","Estamos analisando contratos públicos de obras com interregno anual já transcorrido e identificamos que este instrumento merece conferência da cláusula de reajuste. Para confirmar eventual valor, seria necessário examinar contrato, orçamento, medições e apostilas.","Baixar contrato e apostilas; confirmar data-base, índice e saldo antes da abordagem.","ausencia_de_apostila_no_pncp_nao_prova_que_reajuste_nao_foi_concedido | Saldo/medições indisponíveis — valor sobre total é teto teórico, não valor devido. | indice_contratual_ausente — não aplicar IPCA/INCC/SINAPI por plausibilidade",,,,False
22,DOCUMENT_REQUEST_CANDIDATE,NACIONAL,43.82,12884672000510,SABARÁ QUÍMICOS E INGREDIENTES S.A.,,Americana,SP,False,,,,1,DAE Americana,8803179.0,46755690000190-2-000007/2024,DAE Americana,STRONG_CANDIDATE,"Estamos analisando contratos públicos de obras com interregno anual já transcorrido e identificamos que este instrumento merece conferência da cláusula de reajuste. Para confirmar eventual valor, seria necessário examinar contrato, orçamento, medições e apostilas.","Estamos analisando contratos públicos de obras com interregno anual já transcorrido e identificamos que este instrumento merece conferência da cláusula de reajuste. Para confirmar eventual valor, seria necessário examinar contrato, orçamento, medições e apostilas.","Baixar contrato e apostilas; confirmar data-base, índice e saldo antes da abordagem.","ausencia_de_apostila_no_pncp_nao_prova_que_reajuste_nao_foi_concedido | Saldo/medições indisponíveis — valor sobre total é teto teórico, não valor devido.",,,,False
23,DOCUMENT_REQUEST_CANDIDATE,SUL_SC_PRIORITY,43.81,22788440000198,ONDA DURA,,Joinville,SC,True,,,,1,Instituto de Previdência Social dos Servidores Públicos de Joinville - IPREVILLE,11761722.0,01280363000190-2-000001/2025,Instituto de Previdência Social dos Servidores Públicos de Joinville - IPREVILLE,STRONG_CANDIDATE,"Estamos analisando contratos públicos de obras com interregno anual já transcorrido e identificamos que este instrumento merece conferência da cláusula de reajuste. Para confirmar eventual valor, seria necessário examinar contrato, orçamento, medições e apostilas.","Estamos analisando contratos públicos de obras com interregno anual já transcorrido e identificamos que este instrumento merece conferência da cláusula de reajuste. Para confirmar eventual valor, seria necessário examinar contrato, orçamento, medições e apostilas.","Baixar contrato e apostilas; confirmar data-base, índice e saldo antes da abordagem.","ausencia_de_apostila_no_pncp_nao_prova_que_reajuste_nao_foi_concedido | Saldo/medições indisponíveis — valor sobre total é teto teórico, não valor devido.",,,,False
24,DOCUMENT_REQUEST_CANDIDATE,NACIONAL,43.73,04348820000120,F FERREIRA LIMA LTDA,,Aripuanã,MT,False,,,,1,PREFEITURA MUNICIPAL DE ARIPUANÃ - MT,6930000.0,03507498000171-2-000072/2024,PREFEITURA MUNICIPAL DE ARIPUANÃ - MT,STRONG_CANDIDATE,"Estamos analisando contratos públicos de obras com interregno anual já transcorrido e identificamos que este instrumento merece conferência da cláusula de reajuste. Para confirmar eventual valor, seria necessário examinar contrato, orçamento, medições e apostilas.","Estamos analisando contratos públicos de obras com interregno anual já transcorrido e identificamos que este instrumento merece conferência da cláusula de reajuste. Para confirmar eventual valor, seria necessário examinar contrato, orçamento, medições e apostilas.","Baixar contrato e apostilas; confirmar data-base, índice e saldo antes da abordagem.","ausencia_de_apostila_no_pncp_nao_prova_que_reajuste_nao_foi_concedido | Saldo/medições indisponíveis — valor sobre total é teto teórico, não valor devido.",,,,False
25,DOCUMENT_REQUEST_CANDIDATE,NACIONAL,43.12,52020629000105,CONSTRUTORA BOA VISTA LTDA,,Ribeira do Pombal,BA,False,,,,1,Prefeitura Municipal de Ribeira do Pombal,7729647.26,13809397000109-2-000011/2024,Prefeitura Municipal de Ribeira do Pombal,STRONG_CANDIDATE,"Estamos analisando contratos públicos de obras com interregno anual já transcorrido e identificamos que este instrumento merece conferência da cláusula de reajuste. Para confirmar eventual valor, seria necessário examinar contrato, orçamento, medições e apostilas.","Estamos analisando contratos públicos de obras com interregno anual já transcorrido e identificamos que este instrumento merece conferência da cláusula de reajuste. Para confirmar eventual valor, seria necessário examinar contrato, orçamento, medições e apostilas.","Baixar contrato e apostilas; confirmar data-base, índice e saldo antes da abordagem.","ausencia_de_apostila_no_pncp_nao_prova_que_reajuste_nao_foi_concedido | Saldo/medições indisponíveis — valor sobre total é teto teórico, não valor devido.",,,,False
26,DOCUMENT_REQUEST_CANDIDATE,NACIONAL,42.75,40331747000147,R J A VICTOR CONSTRUTORA LTDA,R J A CONSTRUTORA,PRESIDENTE PRUDENTE,SP,False,7112000 - Serviços de engenharia,INAPTA,,1,Unidade administrativa,6430000.0,76247378000156-2-000415/2024,Unidade administrativa,STRONG_CANDIDATE,"Estamos analisando contratos públicos de obras com interregno anual já transcorrido e identificamos que este instrumento merece conferência da cláusula de reajuste. Para confirmar eventual valor, seria necessário examinar contrato, orçamento, medições e apostilas.","Estamos analisando contratos públicos de obras com interregno anual já transcorrido e identificamos que este instrumento merece conferência da cláusula de reajuste. Para confirmar eventual valor, seria necessário examinar contrato, orçamento, medições e apostilas.","Baixar contrato e apostilas; confirmar data-base, índice e saldo antes da abordagem.","ausencia_de_apostila_no_pncp_nao_prova_que_reajuste_nao_foi_concedido | Saldo/medições indisponíveis — valor sobre total é teto teórico, não valor devido.",,,,False
27,DOCUMENT_REQUEST_CANDIDATE,SUL_SC_PRIORITY,33.24,00820854000114,QUALIDADE MINERACAO LTDA,,PALHOCA,SC,True,7112000,Ativa,,14,DER - Departamento de Estradas de Rodagem do Estado do Paraná | MUNICÍPIO DE PAULO LOPES | MUNICÍPIO DE SÃO MARTINHO | PREFEITURA MUNICIPAL DE BELA VISTA DO TOLDO - SC | PREFEITURA MUNICIPAL DE NOVA TRENTO | Prefeitura Municipal de Jaraguá do Sul | SECRETARIA DE INFRA-ESTRUTURA | Secretaria de Estado da Infraestrutura e Mobilidade | Unidade Única,369376486.36,82951344000140-2-000031/2024,Secretaria de Estado da Infraestrutura e Mobilidade,REVIEW_REQUIRED,"Estamos analisando contratos públicos de obras com interregno anual já transcorrido e identificamos que este instrumento merece conferência da cláusula de reajuste. Para confirmar eventual valor, seria necessário examinar contrato, orçamento, medições e apostilas.","Estamos analisando contratos públicos de obras com interregno anual já transcorrido e identificamos que este instrumento merece conferência da cláusula de reajuste. Para confirmar eventual valor, seria necessário examinar contrato, orçamento, medições e apostilas.","Revisão documental: regime, data-base, índice e execução.","Saldo/medições indisponíveis — valor sobre total é teto teórico, não valor devido. | indice_contratual_ausente — não aplicar IPCA/INCC/SINAPI por plausibilidade",,,,False
28,DOCUMENT_REQUEST_CANDIDATE,SUL_SC_PRIORITY,32.49,53673938000139,CONSORCIO VALE DO RIBEIRA,CONSORCIO VALE DO RIBEIRA,CURITIBA,PR,True,4211101 - Construção de rodovias e ferrovias,ATIVA,,1,DER - Departamento de Estradas de Rodagem do Estado do Paraná,56919000.0,76669324000189-2-000013/2024,DER - Departamento de Estradas de Rodagem do Estado do Paraná,REVIEW_REQUIRED,"Estamos analisando contratos públicos de obras com interregno anual já transcorrido e identificamos que este instrumento merece conferência da cláusula de reajuste. Para confirmar eventual valor, seria necessário examinar contrato, orçamento, medições e apostilas.","Estamos analisando contratos públicos de obras com interregno anual já transcorrido e identificamos que este instrumento merece conferência da cláusula de reajuste. Para confirmar eventual valor, seria necessário examinar contrato, orçamento, medições e apostilas.","Revisão documental: regime, data-base, índice e execução.","Saldo/medições indisponíveis — valor sobre total é teto teórico, não valor devido. | indice_contratual_ausente — não aplicar IPCA/INCC/SINAPI por plausibilidade",,,,False
29,DOCUMENT_REQUEST_CANDIDATE,NACIONAL,31.19,54788172000109,SERRA LUZ SPE LTDA,,Rio Grande da Serra,SP,False,,,,1,Municipio De Rio Grande Da Serra,29724341.72,46522975000180-2-000051/2024,Municipio De Rio Grande Da Serra,REVIEW_REQUIRED,"Estamos analisando contratos públicos de obras com interregno anual já transcorrido e identificamos que este instrumento merece conferência da cláusula de reajuste. Para confirmar eventual valor, seria necessário examinar contrato, orçamento, medições e apostilas.","Estamos analisando contratos públicos de obras com interregno anual já transcorrido e identificamos que este instrumento merece conferência da cláusula de reajuste. Para confirmar eventual valor, seria necessário examinar contrato, orçamento, medições e apostilas.","Revisão documental: regime, data-base, índice e execução.","Saldo/medições indisponíveis — valor sobre total é teto teórico, não valor devido. | indice_contratual_ausente — não aplicar IPCA/INCC/SINAPI por plausibilidade",,,,False
30,DOCUMENT_REQUEST_CANDIDATE,NACIONAL,30.6,58343745000133,CONSÃ“RCIO A. MADEIRA - STONENGE - COLATINA,,Colatina,ES,False,,,,1,PREFEITURA MUNICIPAL DE COLATINA,57317655.98,27165729000174-2-000134/2024,PREFEITURA MUNICIPAL DE COLATINA,REVIEW_REQUIRED,"Estamos analisando contratos públicos de obras com interregno anual já transcorrido e identificamos que este instrumento merece conferência da cláusula de reajuste. Para confirmar eventual valor, seria necessário examinar contrato, orçamento, medições e apostilas.","Estamos analisando contratos públicos de obras com interregno anual já transcorrido e identificamos que este instrumento merece conferência da cláusula de reajuste. Para confirmar eventual valor, seria necessário examinar contrato, orçamento, medições e apostilas.","Revisão documental: regime, data-base, índice e execução.","Saldo/medições indisponíveis — valor sobre total é teto teórico, não valor devido. | indice_contratual_ausente — não aplicar IPCA/INCC/SINAPI por plausibilidade",,,,False
31,DOCUMENT_REQUEST_CANDIDATE,NACIONAL,30.47,76436849000174,"ENGEFOTO ENGENHARIA E AEROLEVANTAMENTOS LTDA - empresa Líder, , inscrita no CNPJ sob n.º 76.436.849/0001-74 e EVVIA ENGENHARIA E CONSULTORIA LTDA - empresa consorciada, inscrita no CNPJ/MF sob nº 32.612.424/0001-01",,Goiânia,GO,False,,,,3,AGENCIA GOIANA DE INFRAEST.E TRANSPORTES/GO | SUP. REG. DO DNIT NO ESTADO DE MATO GROSSO,171644602.25,01409580000138-2-001237/2024,AGENCIA GOIANA DE INFRAEST.E TRANSPORTES/GO,REVIEW_REQUIRED,"Estamos analisando contratos públicos de obras com interregno anual já transcorrido e identificamos que este instrumento merece conferência da cláusula de reajuste. Para confirmar eventual valor, seria necessário examinar contrato, orçamento, medições e apostilas.","Estamos analisando contratos públicos de obras com interregno anual já transcorrido e identificamos que este instrumento merece conferência da cláusula de reajuste. Para confirmar eventual valor, seria necessário examinar contrato, orçamento, medições e apostilas.","Revisão documental: regime, data-base, índice e execução.","Saldo/medições indisponíveis — valor sobre total é teto teórico, não valor devido. | indice_contratual_ausente — não aplicar IPCA/INCC/SINAPI por plausibilidade",,,,False
32,DOCUMENT_REQUEST_CANDIDATE,NACIONAL,30.42,20466571000123,FMV CONSTRUÇÕES E LOCAÇÕES DE EQUIPAMENTOS LTDA,,SAO GONCALO,RJ,False,4313400 - Obras de terraplenagem,ATIVA,,1,FUND DEP ESTRADAS DE RODAGEM DO ESTADO DO RJ,78654241.37,42498600000171-2-001470/2025,FUND DEP ESTRADAS DE RODAGEM DO ESTADO DO RJ,REVIEW_REQUIRED,"Estamos analisando contratos públicos de obras com interregno anual já transcorrido e identificamos que este instrumento merece conferência da cláusula de reajuste. Para confirmar eventual valor, seria necessário examinar contrato, orçamento, medições e apostilas.","Estamos analisando contratos públicos de obras com interregno anual já transcorrido e identificamos que este instrumento merece conferência da cláusula de reajuste. Para confirmar eventual valor, seria necessário examinar contrato, orçamento, medições e apostilas.","Revisão documental: regime, data-base, índice e execução.","Saldo/medições indisponíveis — valor sobre total é teto teórico, não valor devido. | indice_contratual_ausente — não aplicar IPCA/INCC/SINAPI por plausibilidade",,,,False
33,DOCUMENT_REQUEST_CANDIDATE,NACIONAL,30.36,28955565000141,CONSTRUSAN SERVIÇOS INDUSTRIAIS LTDA.,CONSTRUTORA SANTO ANTONIO,CAMPOS DOS GOYTACAZES,RJ,False,"4213800 - Obras de urbanização - ruas, praças e calçadas",ATIVA,,1,FUND DEP ESTRADAS DE RODAGEM DO ESTADO DO RJ,77132493.72,42498600000171-2-001469/2025,FUND DEP ESTRADAS DE RODAGEM DO ESTADO DO RJ,REVIEW_REQUIRED,"Estamos analisando contratos públicos de obras com interregno anual já transcorrido e identificamos que este instrumento merece conferência da cláusula de reajuste. Para confirmar eventual valor, seria necessário examinar contrato, orçamento, medições e apostilas.","Estamos analisando contratos públicos de obras com interregno anual já transcorrido e identificamos que este instrumento merece conferência da cláusula de reajuste. Para confirmar eventual valor, seria necessário examinar contrato, orçamento, medições e apostilas.","Revisão documental: regime, data-base, índice e execução.","Saldo/medições indisponíveis — valor sobre total é teto teórico, não valor devido. | indice_contratual_ausente — não aplicar IPCA/INCC/SINAPI por plausibilidade",,,,False
34,DOCUMENT_REQUEST_CANDIDATE,NACIONAL,30.24,54967167000155,CONSORCIO ANDORINHAS,,Vitória,ES,False,,,,1,PREFEITURA MUNICIPAL DE VITORIA,49998000.0,27142058002099-2-000018/2024,PREFEITURA MUNICIPAL DE VITORIA,REVIEW_REQUIRED,"Estamos analisando contratos públicos de obras com interregno anual já transcorrido e identificamos que este instrumento merece conferência da cláusula de reajuste. Para confirmar eventual valor, seria necessário examinar contrato, orçamento, medições e apostilas.","Estamos analisando contratos públicos de obras com interregno anual já transcorrido e identificamos que este instrumento merece conferência da cláusula de reajuste. Para confirmar eventual valor, seria necessário examinar contrato, orçamento, medições e apostilas.","Revisão documental: regime, data-base, índice e execução.","Saldo/medições indisponíveis — valor sobre total é teto teórico, não valor devido. | indice_contratual_ausente — não aplicar IPCA/INCC/SINAPI por plausibilidade",,,,False
35,DOCUMENT_REQUEST_CANDIDATE,NACIONAL,30.13,54995043000183,CONSORCIO MERGULHAO NORTE SUL,,Vitória,ES,False,,,,1,PREFEITURA MUNICIPAL DE VITORIA,77500000.0,27142058002099-2-000016/2024,PREFEITURA MUNICIPAL DE VITORIA,REVIEW_REQUIRED,"Estamos analisando contratos públicos de obras com interregno anual já transcorrido e identificamos que este instrumento merece conferência da cláusula de reajuste. Para confirmar eventual valor, seria necessário examinar contrato, orçamento, medições e apostilas.","Estamos analisando contratos públicos de obras com interregno anual já transcorrido e identificamos que este instrumento merece conferência da cláusula de reajuste. Para confirmar eventual valor, seria necessário examinar contrato, orçamento, medições e apostilas.","Revisão documental: regime, data-base, índice e execução.","Saldo/medições indisponíveis — valor sobre total é teto teórico, não valor devido. | indice_contratual_ausente — não aplicar IPCA/INCC/SINAPI por plausibilidade",,,,False
36,DOCUMENT_REQUEST_CANDIDATE,NACIONAL,29.88,28542082000115,"CONSÓRCIO SOLUÇÃO DOR LOTE 8, formado pelas empresas NEOCONSTEC CONSULTORIA TÉCNICA LTDA, CNPJ sob nº 28.542.082/0001-15; PRODEC CONSULTORIA PARA DECISÃO S/S LTDA e SCB SERVIÇOS E CONSULTORIA EM BIM LTDA, CNPJ nº 22.642.758/0001-66",,Goiânia,GO,False,,,,4,AGENCIA GOIANA DE INFRAEST.E TRANSPORTES/GO | EES-DEPARTAMENTO EDIFICAÇÕES E RODOVIAS DO ES,243100230.68999997,01409580000138-2-001032/2024,AGENCIA GOIANA DE INFRAEST.E TRANSPORTES/GO,REVIEW_REQUIRED,"Estamos analisando contratos públicos de obras com interregno anual já transcorrido e identificamos que este instrumento merece conferência da cláusula de reajuste. Para confirmar eventual valor, seria necessário examinar contrato, orçamento, medições e apostilas.","Estamos analisando contratos públicos de obras com interregno anual já transcorrido e identificamos que este instrumento merece conferência da cláusula de reajuste. Para confirmar eventual valor, seria necessário examinar contrato, orçamento, medições e apostilas.","Revisão documental: regime, data-base, índice e execução.","Saldo/medições indisponíveis — valor sobre total é teto teórico, não valor devido. | indice_contratual_ausente — não aplicar IPCA/INCC/SINAPI por plausibilidade",,,,False
37,DOCUMENT_REQUEST_CANDIDATE,NACIONAL,29.86,04769095000163,"CONSÓRCIO NOVO GOIÁS, formado pelas empresas EGETRA ENGENHARIA LTDA (EMPRESA LÍDER); HOUER ENGENHARIA LTDA e ENGEPAVI CONSULTORIA E PROJETOS DE ENGENHARIA LTDA.EPP",,Goiânia,GO,False,,,,1,AGENCIA GOIANA DE INFRAEST.E TRANSPORTES/GO,66093320.36,01409580000138-2-000151/2025,AGENCIA GOIANA DE INFRAEST.E TRANSPORTES/GO,REVIEW_REQUIRED,"Estamos analisando contratos públicos de obras com interregno anual já transcorrido e identificamos que este instrumento merece conferência da cláusula de reajuste. Para confirmar eventual valor, seria necessário examinar contrato, orçamento, medições e apostilas.","Estamos analisando contratos públicos de obras com interregno anual já transcorrido e identificamos que este instrumento merece conferência da cláusula de reajuste. Para confirmar eventual valor, seria necessário examinar contrato, orçamento, medições e apostilas.","Revisão documental: regime, data-base, índice e execução.","Saldo/medições indisponíveis — valor sobre total é teto teórico, não valor devido. | indice_contratual_ausente — não aplicar IPCA/INCC/SINAPI por plausibilidade",,,,False
38,DOCUMENT_REQUEST_CANDIDATE,NACIONAL,29.81,76509686000102,ETEL-ESTUDOS TECNICOS LTDA,,Goiânia,GO,False,,,,1,AGENCIA GOIANA DE INFRAEST.E TRANSPORTES/GO,28064568.71,01409580000138-2-001236/2024,AGENCIA GOIANA DE INFRAEST.E TRANSPORTES/GO,REVIEW_REQUIRED,"Estamos analisando contratos públicos de obras com interregno anual já transcorrido e identificamos que este instrumento merece conferência da cláusula de reajuste. Para confirmar eventual valor, seria necessário examinar contrato, orçamento, medições e apostilas.","Estamos analisando contratos públicos de obras com interregno anual já transcorrido e identificamos que este instrumento merece conferência da cláusula de reajuste. Para confirmar eventual valor, seria necessário examinar contrato, orçamento, medições e apostilas.","Revisão documental: regime, data-base, índice e execução.","Saldo/medições indisponíveis — valor sobre total é teto teórico, não valor devido. | indice_contratual_ausente — não aplicar IPCA/INCC/SINAPI por plausibilidade",,,,False
39,DOCUMENT_REQUEST_CANDIDATE,NACIONAL,29.75,38743357000132,STRATA ENGENHARIA LTDA,,BELO HORIZONTE,MG,False,7112000 - Serviços de engenharia,ATIVA,,11,AGENCIA GOIANA DE INFRAEST.E TRANSPORTES/GO | DEPARTAMENTO NACIONAL INFRAEST.DE TRANSPORTES | DER/DPEI | DG/ASG | EMA - SECRETARIA EST.DA INFRAEST. DE SÃO LUIS | SUP. REG. DO DNIT NO ESTADO DE ALAGOAS | SUP. REG. DO DNIT NO ESTADO DE MATO GROSSO | SUP. REG. DO DNIT NO ESTADO DO MARANHÃO | SUP. REGIONAL DO DNIT NO ESTADO DA BAHIA | SUPERINT. REG. DO DNIT NO EST. DE RONDONIA | SUPERINTENDENCIA REGIONAL DO DNIT - AC,368410899.4,01409580000138-2-001037/2024,AGENCIA GOIANA DE INFRAEST.E TRANSPORTES/GO,REVIEW_REQUIRED,"Estamos analisando contratos públicos de obras com interregno anual já transcorrido e identificamos que este instrumento merece conferência da cláusula de reajuste. Para confirmar eventual valor, seria necessário examinar contrato, orçamento, medições e apostilas.","Estamos analisando contratos públicos de obras com interregno anual já transcorrido e identificamos que este instrumento merece conferência da cláusula de reajuste. Para confirmar eventual valor, seria necessário examinar contrato, orçamento, medições e apostilas.","Revisão documental: regime, data-base, índice e execução.","Saldo/medições indisponíveis — valor sobre total é teto teórico, não valor devido. | indice_contratual_ausente — não aplicar IPCA/INCC/SINAPI por plausibilidade",,,,False
40,DOCUMENT_REQUEST_CANDIDATE,SUL_SC_PRIORITY,29.56,42722865000101,R.J. ENGENHARIA DE MANUTENCAO INDUSTRIAL LTDA,R.J. ENGENHARIA DE MANUTENCAO INDUSTRIAL,CURITIBA,PR,True,3314799 - Manutenção e reparação de outras máquinas e equipamentos para usos industriais não especificados anteriormente,ATIVA,,2,SESA-FUNSAUDE - Fundo Estadual de Saúde do Paraná - FUNSAUDE,36525373.0,08597121000174-2-000506/2024,SESA-FUNSAUDE - Fundo Estadual de Saúde do Paraná - FUNSAUDE,REVIEW_REQUIRED,"Estamos analisando contratos públicos de obras com interregno anual já transcorrido e identificamos que este instrumento merece conferência da cláusula de reajuste. Para confirmar eventual valor, seria necessário examinar contrato, orçamento, medições e apostilas.","Estamos analisando contratos públicos de obras com interregno anual já transcorrido e identificamos que este instrumento merece conferência da cláusula de reajuste. Para confirmar eventual valor, seria necessário examinar contrato, orçamento, medições e apostilas.","Revisão documental: regime, data-base, índice e execução.","Saldo/medições indisponíveis — valor sobre total é teto teórico, não valor devido. | indice_contratual_ausente — não aplicar IPCA/INCC/SINAPI por plausibilidade",,,,False
41,DOCUMENT_REQUEST_CANDIDATE,NACIONAL,29.37,32116154000130,"CONSÓRCIO GERENCIADOR DSHRP, DYNATEST ENGENHARIA LTDA - (EMPRESA LÍDER)",,Goiânia,GO,False,,,,4,AGENCIA GOIANA DE INFRAEST.E TRANSPORTES/GO | DER/DI/GAO - COMPRAS | DER/DPEI | SUP. REG. DO DNIT NO ESTADO DE ALAGOAS,138165415.33,01409580000138-2-000507/2024,AGENCIA GOIANA DE INFRAEST.E TRANSPORTES/GO,REVIEW_REQUIRED,"Estamos analisando contratos públicos de obras com interregno anual já transcorrido e identificamos que este instrumento merece conferência da cláusula de reajuste. Para confirmar eventual valor, seria necessário examinar contrato, orçamento, medições e apostilas.","Estamos analisando contratos públicos de obras com interregno anual já transcorrido e identificamos que este instrumento merece conferência da cláusula de reajuste. Para confirmar eventual valor, seria necessário examinar contrato, orçamento, medições e apostilas.","Revisão documental: regime, data-base, índice e execução.","Saldo/medições indisponíveis — valor sobre total é teto teórico, não valor devido. | indice_contratual_ausente — não aplicar IPCA/INCC/SINAPI por plausibilidade",,,,False
42,DOCUMENT_REQUEST_CANDIDATE,NACIONAL,29.33,31187576000133,ATT – BAN – RECUPERAÇÃO,,Atibaia,SP,False,,,,1,Prefeitura Municipal da Estância de Atibaia,29872500.0,45279635000108-2-000135/2024,Prefeitura Municipal da Estância de Atibaia,REVIEW_REQUIRED,"Estamos analisando contratos públicos de obras com interregno anual já transcorrido e identificamos que este instrumento merece conferência da cláusula de reajuste. Para confirmar eventual valor, seria necessário examinar contrato, orçamento, medições e apostilas.","Estamos analisando contratos públicos de obras com interregno anual já transcorrido e identificamos que este instrumento merece conferência da cláusula de reajuste. Para confirmar eventual valor, seria necessário examinar contrato, orçamento, medições e apostilas.","Revisão documental: regime, data-base, índice e execução.","Saldo/medições indisponíveis — valor sobre total é teto teórico, não valor devido. | indice_contratual_ausente — não aplicar IPCA/INCC/SINAPI por plausibilidade",,,,False
43,DOCUMENT_REQUEST_CANDIDATE,SUL_SC_PRIORITY,29.3,33146648000120,CONCREMAT ENGENHARIA E TECNOLOGIA S/A (EMPRESA LÍDER),CONCREMAT,RIO DE JANEIRO,RJ,True,7112000 - Serviços de engenharia,ATIVA,,6,AGENCIA GOIANA DE INFRAEST.E TRANSPORTES/GO | PMSP - SECRETARIA DAS PREFEITURAS REGIONAIS | SUP. REG. DO DNIT NO EST.DO RIO GRANDE DO SUL | SUP. REG. DO DNIT NO ESTADO DE SERGIPE | SUP. REGIONAL DO DNIT NO ESTADO DA BAHIA | SUPERINTENDENCIA REGIONAL DO DNIT - AC,310557423.56999993,01409580000138-2-001248/2024,AGENCIA GOIANA DE INFRAEST.E TRANSPORTES/GO,REVIEW_REQUIRED,"Estamos analisando contratos públicos de obras com interregno anual já transcorrido e identificamos que este instrumento merece conferência da cláusula de reajuste. Para confirmar eventual valor, seria necessário examinar contrato, orçamento, medições e apostilas.","Estamos analisando contratos públicos de obras com interregno anual já transcorrido e identificamos que este instrumento merece conferência da cláusula de reajuste. Para confirmar eventual valor, seria necessário examinar contrato, orçamento, medições e apostilas.","Revisão documental: regime, data-base, índice e execução.","Saldo/medições indisponíveis — valor sobre total é teto teórico, não valor devido. | indice_contratual_ausente — não aplicar IPCA/INCC/SINAPI por plausibilidade",,,,False
44,DOCUMENT_REQUEST_CANDIDATE,NACIONAL,29.25,18365763000100,"CONSÓRCIO TJW - CAVA, formado pelas empresas: TJW CONSULTORIA PROJETOS ESERVIÇOS LTDA. - ME (Empresa líder), CNPJ: 18.365.763/0001-00 e CAVA ENGENHARIA DE INFRAESTRUTURA LTDA - empresa consorciada, CNPJ: 05.296.490/0001-39.",,Goiânia,GO,False,,,,1,AGENCIA GOIANA DE INFRAEST.E TRANSPORTES/GO,28633148.64,01409580000138-2-001162/2024,AGENCIA GOIANA DE INFRAEST.E TRANSPORTES/GO,REVIEW_REQUIRED,"Estamos analisando contratos públicos de obras com interregno anual já transcorrido e identificamos que este instrumento merece conferência da cláusula de reajuste. Para confirmar eventual valor, seria necessário examinar contrato, orçamento, medições e apostilas.","Estamos analisando contratos públicos de obras com interregno anual já transcorrido e identificamos que este instrumento merece conferência da cláusula de reajuste. Para confirmar eventual valor, seria necessário examinar contrato, orçamento, medições e apostilas.","Revisão documental: regime, data-base, índice e execução.","Saldo/medições indisponíveis — valor sobre total é teto teórico, não valor devido. | indice_contratual_ausente — não aplicar IPCA/INCC/SINAPI por plausibilidade",,,,False
45,DOCUMENT_REQUEST_CANDIDATE,NACIONAL,29.08,27482421000152,W F ENGENHARIA LTDA,,Vitória,ES,False,,,,3,PREFEITURA MUNICIPAL DE VITORIA | PROCURADORIA DA REPUBLICA/ES | UNIVERSIDADE FEDERAL DO ESPIRITO SANTO/ES,38271883.58,27142058002099-2-000026/2023,PREFEITURA MUNICIPAL DE VITORIA,REVIEW_REQUIRED,"Estamos analisando contratos públicos de obras com interregno anual já transcorrido e identificamos que este instrumento merece conferência da cláusula de reajuste. Para confirmar eventual valor, seria necessário examinar contrato, orçamento, medições e apostilas.","Estamos analisando contratos públicos de obras com interregno anual já transcorrido e identificamos que este instrumento merece conferência da cláusula de reajuste. Para confirmar eventual valor, seria necessário examinar contrato, orçamento, medições e apostilas.","Revisão documental: regime, data-base, índice e execução.","Saldo/medições indisponíveis — valor sobre total é teto teórico, não valor devido. | indice_contratual_ausente — não aplicar IPCA/INCC/SINAPI por plausibilidade",,,,False
46,DOCUMENT_REQUEST_CANDIDATE,NACIONAL,29.01,01980404000151,CONTRACTOR ENGENHARIA LTDA,,Vitória,ES,False,,,,4,EES - SECRETARIA ESTADUAL DE MOB. E INFRAEST. | EES-DEPARTAMENTO EDIFICAÇÕES E RODOVIAS DO ES | PREFEITURA MUNICIPAL DE VITORIA,711361706.0,27142058002099-2-000019/2024,PREFEITURA MUNICIPAL DE VITORIA,REVIEW_REQUIRED,"Estamos analisando contratos públicos de obras com interregno anual já transcorrido e identificamos que este instrumento merece conferência da cláusula de reajuste. Para confirmar eventual valor, seria necessário examinar contrato, orçamento, medições e apostilas.","Estamos analisando contratos públicos de obras com interregno anual já transcorrido e identificamos que este instrumento merece conferência da cláusula de reajuste. Para confirmar eventual valor, seria necessário examinar contrato, orçamento, medições e apostilas.","Revisão documental: regime, data-base, índice e execução.","Saldo/medições indisponíveis — valor sobre total é teto teórico, não valor devido. | indice_contratual_ausente — não aplicar IPCA/INCC/SINAPI por plausibilidade",,,,False
47,DOCUMENT_REQUEST_CANDIDATE,NACIONAL,29.01,53272998000140,CONSORCIO REVAMP EBAP'S,,Vitória,ES,False,,,,1,PREFEITURA MUNICIPAL DE VITORIA,93862674.31,27142058002099-2-000020/2024,PREFEITURA MUNICIPAL DE VITORIA,REVIEW_REQUIRED,"Estamos analisando contratos públicos de obras com interregno anual já transcorrido e identificamos que este instrumento merece conferência da cláusula de reajuste. Para confirmar eventual valor, seria necessário examinar contrato, orçamento, medições e apostilas.","Estamos analisando contratos públicos de obras com interregno anual já transcorrido e identificamos que este instrumento merece conferência da cláusula de reajuste. Para confirmar eventual valor, seria necessário examinar contrato, orçamento, medições e apostilas.","Revisão documental: regime, data-base, índice e execução.","Saldo/medições indisponíveis — valor sobre total é teto teórico, não valor devido. | indice_contratual_ausente — não aplicar IPCA/INCC/SINAPI por plausibilidade",,,,False
48,DOCUMENT_REQUEST_CANDIDATE,NACIONAL,28.97,09121931000112,R SIMBRA DISTRIBUIDORA CONSTRUÇÕES E REFORMAS LTDA,R SIMBRA,MAGE,RJ,False,4299599 - Outras obras de engenharia civil não especificadas anteriormente,ATIVA,,2,MRJ-AUTARQUIA DE SERVIÇOS DE OBRAS DE MARICÁ | SECRETARIA MUNICIPAL DE OBRAS PÚBLICAS,48349341.53,17947581000176-2-000041/2024,SECRETARIA MUNICIPAL DE OBRAS PÚBLICAS,REVIEW_REQUIRED,"Estamos analisando contratos públicos de obras com interregno anual já transcorrido e identificamos que este instrumento merece conferência da cláusula de reajuste. Para confirmar eventual valor, seria necessário examinar contrato, orçamento, medições e apostilas.","Estamos analisando contratos públicos de obras com interregno anual já transcorrido e identificamos que este instrumento merece conferência da cláusula de reajuste. Para confirmar eventual valor, seria necessário examinar contrato, orçamento, medições e apostilas.","Revisão documental: regime, data-base, índice e execução.","Saldo/medições indisponíveis — valor sobre total é teto teórico, não valor devido. | indice_contratual_ausente — não aplicar IPCA/INCC/SINAPI por plausibilidade",,,,False
49,DOCUMENT_REQUEST_CANDIDATE,NACIONAL,28.9,28503894000151,CETURB/ES,,Vitória,ES,False,,,,1,SECRETARIA DE ESTADO DE MOB. E INFRAESTRUTURA,95469997.7,27080530000143-2-000437/2024,SECRETARIA DE ESTADO DE MOB. E INFRAESTRUTURA,REVIEW_REQUIRED,"Estamos analisando contratos públicos de obras com interregno anual já transcorrido e identificamos que este instrumento merece conferência da cláusula de reajuste. Para confirmar eventual valor, seria necessário examinar contrato, orçamento, medições e apostilas.","Estamos analisando contratos públicos de obras com interregno anual já transcorrido e identificamos que este instrumento merece conferência da cláusula de reajuste. Para confirmar eventual valor, seria necessário examinar contrato, orçamento, medições e apostilas.","Revisão documental: regime, data-base, índice e execução.","Saldo/medições indisponíveis — valor sobre total é teto teórico, não valor devido. | indice_contratual_ausente — não aplicar IPCA/INCC/SINAPI por plausibilidade",,,,False
50,DOCUMENT_REQUEST_CANDIDATE,NACIONAL,28.74,57456805000161,CONSORCIO RIO GRANJEIRO,,Fortaleza,CE,False,,,,1,SUPERINTENDÊNCIA DE OBRAS PÚBLICAS,104400000.0,07954480000179-2-017283/2024,SUPERINTENDÊNCIA DE OBRAS PÚBLICAS ,REVIEW_REQUIRED,"Estamos analisando contratos públicos de obras com interregno anual já transcorrido e identificamos que este instrumento merece conferência da cláusula de reajuste. Para confirmar eventual valor, seria necessário examinar contrato, orçamento, medições e apostilas.","Estamos analisando contratos públicos de obras com interregno anual já transcorrido e identificamos que este instrumento merece conferência da cláusula de reajuste. Para confirmar eventual valor, seria necessário examinar contrato, orçamento, medições e apostilas.","Revisão documental: regime, data-base, índice e execução.","Saldo/medições indisponíveis — valor sobre total é teto teórico, não valor devido. | indice_contratual_ausente — não aplicar IPCA/INCC/SINAPI por plausibilidade",,,,False
51,DOCUMENT_REQUEST_CANDIDATE,NACIONAL,28.69,52919328000100,CONSORCIO MONTE AZUL AMBIENTAL,CONSORCIO MONTE AZUL AMBIENTAL,ARACATUBA,SP,False,7112000 - Serviços de engenharia,ATIVA,,1,Prefeitura Municipal de Araçatuba,24155000.0,45511847000179-2-000001/2023,Prefeitura Municipal de Araçatuba,REVIEW_REQUIRED,"Estamos analisando contratos públicos de obras com interregno anual já transcorrido e identificamos que este instrumento merece conferência da cláusula de reajuste. Para confirmar eventual valor, seria necessário examinar contrato, orçamento, medições e apostilas.","Estamos analisando contratos públicos de obras com interregno anual já transcorrido e identificamos que este instrumento merece conferência da cláusula de reajuste. Para confirmar eventual valor, seria necessário examinar contrato, orçamento, medições e apostilas.","Revisão documental: regime, data-base, índice e execução.","Saldo/medições indisponíveis — valor sobre total é teto teórico, não valor devido. | indice_contratual_ausente — não aplicar IPCA/INCC/SINAPI por plausibilidade",,,,False
52,DOCUMENT_REQUEST_CANDIDATE,NACIONAL,28.57,07112529000146,"CONSÓRCIO SUPERVISÃO GOIÁS EM MOVIMENTO SB, constituído pelas empresas STRATA ENGENHARIA LTDA (EMPRESA LÍDER) E BASITEC PROJETOS E CONSTRUÇÕES LTDA.",,Goiânia,GO,False,,,,1,AGENCIA GOIANA DE INFRAEST.E TRANSPORTES/GO,87765165.33,01409580000138-2-001153/2024,AGENCIA GOIANA DE INFRAEST.E TRANSPORTES/GO,REVIEW_REQUIRED,"Estamos analisando contratos públicos de obras com interregno anual já transcorrido e identificamos que este instrumento merece conferência da cláusula de reajuste. Para confirmar eventual valor, seria necessário examinar contrato, orçamento, medições e apostilas.","Estamos analisando contratos públicos de obras com interregno anual já transcorrido e identificamos que este instrumento merece conferência da cláusula de reajuste. Para confirmar eventual valor, seria necessário examinar contrato, orçamento, medições e apostilas.","Revisão documental: regime, data-base, índice e execução.","Saldo/medições indisponíveis — valor sobre total é teto teórico, não valor devido. | indice_contratual_ausente — não aplicar IPCA/INCC/SINAPI por plausibilidade",,,,False
53,DOCUMENT_REQUEST_CANDIDATE,NACIONAL,28.45,57565805000108,CONSORCIO GESTOR SPU - GOIAS,,Goiânia,GO,False,,,,1,AGENCIA GOIANA DE INFRAEST.E TRANSPORTES/GO,81351601.49,01409580000138-2-000241/2024,AGENCIA GOIANA DE INFRAEST.E TRANSPORTES/GO,REVIEW_REQUIRED,"Estamos analisando contratos públicos de obras com interregno anual já transcorrido e identificamos que este instrumento merece conferência da cláusula de reajuste. Para confirmar eventual valor, seria necessário examinar contrato, orçamento, medições e apostilas.","Estamos analisando contratos públicos de obras com interregno anual já transcorrido e identificamos que este instrumento merece conferência da cláusula de reajuste. Para confirmar eventual valor, seria necessário examinar contrato, orçamento, medições e apostilas.","Revisão documental: regime, data-base, índice e execução.","Saldo/medições indisponíveis — valor sobre total é teto teórico, não valor devido. | indice_contratual_ausente — não aplicar IPCA/INCC/SINAPI por plausibilidade",,,,False
54,DOCUMENT_REQUEST_CANDIDATE,NACIONAL,28.36,07195191000133,CORAL CONSTRUTORA RODOVALHO ALENCAR LTDA,,Fortaleza,CE,False,,,,8,PREFEITURA MUNICIPAL DE CRATO - CE | PREFEITURA MUNICIPAL DE JUAZEIRO DO NORTE - CE | SUPERINTENDÊNCIA DE OBRAS PÚBLICAS,208740496.82999998,07954480000179-2-006654/2025,SUPERINTENDÊNCIA DE OBRAS PÚBLICAS ,REVIEW_REQUIRED,"Estamos analisando contratos públicos de obras com interregno anual já transcorrido e identificamos que este instrumento merece conferência da cláusula de reajuste. Para confirmar eventual valor, seria necessário examinar contrato, orçamento, medições e apostilas.","Estamos analisando contratos públicos de obras com interregno anual já transcorrido e identificamos que este instrumento merece conferência da cláusula de reajuste. Para confirmar eventual valor, seria necessário examinar contrato, orçamento, medições e apostilas.","Revisão documental: regime, data-base, índice e execução.","Saldo/medições indisponíveis — valor sobre total é teto teórico, não valor devido. | indice_contratual_ausente — não aplicar IPCA/INCC/SINAPI por plausibilidade",,,,False
55,DOCUMENT_REQUEST_CANDIDATE,NACIONAL,28.33,56194355000113,CONSORCIO MONJARDIM EXATA VITORIA - ES,,Vitória,ES,False,,,,1,PREFEITURA MUNICIPAL DE VITORIA,10000000.0,27142058002099-2-000036/2024,PREFEITURA MUNICIPAL DE VITORIA,REVIEW_REQUIRED,"Estamos analisando contratos públicos de obras com interregno anual já transcorrido e identificamos que este instrumento merece conferência da cláusula de reajuste. Para confirmar eventual valor, seria necessário examinar contrato, orçamento, medições e apostilas.","Estamos analisando contratos públicos de obras com interregno anual já transcorrido e identificamos que este instrumento merece conferência da cláusula de reajuste. Para confirmar eventual valor, seria necessário examinar contrato, orçamento, medições e apostilas.","Revisão documental: regime, data-base, índice e execução.","Saldo/medições indisponíveis — valor sobre total é teto teórico, não valor devido. | indice_contratual_ausente — não aplicar IPCA/INCC/SINAPI por plausibilidade",,,,False
56,DOCUMENT_REQUEST_CANDIDATE,SUL_SC_PRIORITY,28.31,81188542000131,"CONSÓRCIO STCP-PROSUL, formado pelas empresas: STCP ENGENHARIA DE PROJETOS LTDA- STCP (Empresa Líder) CNPJ sob nº 81.188.542/0001-31 e empresa PROSUL PROJETOS, SUPERVISÃO E PLANEJAMENTO LTDA, CNPJ sob nº 80.996.861/0001-00",,CURITIBA,PR,True,7112000 - Serviços de engenharia,ATIVA,,1,AGENCIA GOIANA DE INFRAEST.E TRANSPORTES/GO,74007274.14,01409580000138-2-000225/2025,AGENCIA GOIANA DE INFRAEST.E TRANSPORTES/GO,REVIEW_REQUIRED,"Estamos analisando contratos públicos de obras com interregno anual já transcorrido e identificamos que este instrumento merece conferência da cláusula de reajuste. Para confirmar eventual valor, seria necessário examinar contrato, orçamento, medições e apostilas.","Estamos analisando contratos públicos de obras com interregno anual já transcorrido e identificamos que este instrumento merece conferência da cláusula de reajuste. Para confirmar eventual valor, seria necessário examinar contrato, orçamento, medições e apostilas.","Revisão documental: regime, data-base, índice e execução.","Saldo/medições indisponíveis — valor sobre total é teto teórico, não valor devido. | indice_contratual_ausente — não aplicar IPCA/INCC/SINAPI por plausibilidade",,,,False
57,DOCUMENT_REQUEST_CANDIDATE,NACIONAL,28.15,05764427000180,ENGEVIL ENGENHARIA LTDA,,Vila Velha,ES,False,,,,2,Cariacica | PREFEITURA MUNICIPAL DE VILA VELHA,40598000.0,27165554000952-2-000024/2024,PREFEITURA MUNICIPAL DE VILA VELHA,REVIEW_REQUIRED,"Estamos analisando contratos públicos de obras com interregno anual já transcorrido e identificamos que este instrumento merece conferência da cláusula de reajuste. Para confirmar eventual valor, seria necessário examinar contrato, orçamento, medições e apostilas.","Estamos analisando contratos públicos de obras com interregno anual já transcorrido e identificamos que este instrumento merece conferência da cláusula de reajuste. Para confirmar eventual valor, seria necessário examinar contrato, orçamento, medições e apostilas.","Revisão documental: regime, data-base, índice e execução.","Saldo/medições indisponíveis — valor sobre total é teto teórico, não valor devido. | indice_contratual_ausente — não aplicar IPCA/INCC/SINAPI por plausibilidade",,,,False
58,DOCUMENT_REQUEST_CANDIDATE,NACIONAL,28.07,03467321000199,ENERGISA MATO GROSSO - DISTRIBUIDORA DE ENERGIA S.A.,,Pontes e Lacerda,MT,False,,,,1,INST.FED.MATO GROSSO/CAMPUS PONTES LACERDA,33949656.0,10784782000150-2-000400/2024,INST.FED.MATO GROSSO/CAMPUS PONTES LACERDA,REVIEW_REQUIRED,"Estamos analisando contratos públicos de obras com interregno anual já transcorrido e identificamos que este instrumento merece conferência da cláusula de reajuste. Para confirmar eventual valor, seria necessário examinar contrato, orçamento, medições e apostilas.","Estamos analisando contratos públicos de obras com interregno anual já transcorrido e identificamos que este instrumento merece conferência da cláusula de reajuste. Para confirmar eventual valor, seria necessário examinar contrato, orçamento, medições e apostilas.","Revisão documental: regime, data-base, índice e execução.","Saldo/medições indisponíveis — valor sobre total é teto teórico, não valor devido. | indice_contratual_ausente — não aplicar IPCA/INCC/SINAPI por plausibilidade",,,,False
59,DOCUMENT_REQUEST_CANDIDATE,NACIONAL,27.98,00237518000143,"CONSÓRCIO BTB-TECCON, constituído pelas empresas BTB CONSTUÇÕES E PARTICIPAÇÕES LTDA. (empresa líder) e TECCON S/A CONSTRUÇÃO E PAVIMENTAÇÃO",,Goiânia,GO,False,,,,19,AGENCIA GOIANA DE INFRAEST.E TRANSPORTES/GO | Agência Estadual de Gestão de Empreendimentos | DEPART.NACIONAL DE INFRA-ESTR. DE TRANSPORTE | SECRETARIA DE ESTADO DE INFRA-ESTRUTURA | SUP. REG. DO DNIT NO ESTADO DO TOCANTINS | SUP. REG. DO DNIT NOS ESTADOS DE GOIAS E DF,1645008239.77,01409580000138-2-000013/2025,AGENCIA GOIANA DE INFRAEST.E TRANSPORTES/GO,REVIEW_REQUIRED,"Estamos analisando contratos públicos de obras com interregno anual já transcorrido e identificamos que este instrumento merece conferência da cláusula de reajuste. Para confirmar eventual valor, seria necessário examinar contrato, orçamento, medições e apostilas.","Estamos analisando contratos públicos de obras com interregno anual já transcorrido e identificamos que este instrumento merece conferência da cláusula de reajuste. Para confirmar eventual valor, seria necessário examinar contrato, orçamento, medições e apostilas.","Revisão documental: regime, data-base, índice e execução.","Saldo/medições indisponíveis — valor sobre total é teto teórico, não valor devido. | indice_contratual_ausente — não aplicar IPCA/INCC/SINAPI por plausibilidade",,,,False
60,DOCUMENT_REQUEST_CANDIDATE,SUL_SC_PRIORITY,27.93,03928516000199,VERDI SISTEMAS CONSTRUTIVOS LTDA,,Porto Alegre,RS,True,,,,3,BRIGADA MILITAR - DEPARTAMENTO DE LOGÍSTICA E PATRIMÔNIO | SUPERINTENDÊNCIA DOS SERVIÇOS PENITENCIÁRIOS,532624021.82,17176399000169-2-000036/2024,SUPERINTENDÊNCIA DOS SERVIÇOS PENITENCIÁRIOS,REVIEW_REQUIRED,"Estamos analisando contratos públicos de obras com interregno anual já transcorrido e identificamos que este instrumento merece conferência da cláusula de reajuste. Para confirmar eventual valor, seria necessário examinar contrato, orçamento, medições e apostilas.","Estamos analisando contratos públicos de obras com interregno anual já transcorrido e identificamos que este instrumento merece conferência da cláusula de reajuste. Para confirmar eventual valor, seria necessário examinar contrato, orçamento, medições e apostilas.","Revisão documental: regime, data-base, índice e execução.","Saldo/medições indisponíveis — valor sobre total é teto teórico, não valor devido. | indice_contratual_ausente — não aplicar IPCA/INCC/SINAPI por plausibilidade",,,,False
61,DOCUMENT_REQUEST_CANDIDATE,NACIONAL,27.91,13506294000170,UNIAO PAVIMENTACAO E SERVICOS LTDA,,Boa Vista,RR,False,,,,3,ERR-SECRETARIA DE ESTADO DA INFRAESTRUTURA,101702502.91,53576563000199-2-000069/2024,ERR-SECRETARIA DE ESTADO DA INFRAESTRUTURA,REVIEW_REQUIRED,"Estamos analisando contratos públicos de obras com interregno anual já transcorrido e identificamos que este instrumento merece conferência da cláusula de reajuste. Para confirmar eventual valor, seria necessário examinar contrato, orçamento, medições e apostilas.","Estamos analisando contratos públicos de obras com interregno anual já transcorrido e identificamos que este instrumento merece conferência da cláusula de reajuste. Para confirmar eventual valor, seria necessário examinar contrato, orçamento, medições e apostilas.","Revisão documental: regime, data-base, índice e execução.","Saldo/medições indisponíveis — valor sobre total é teto teórico, não valor devido. | indice_contratual_ausente — não aplicar IPCA/INCC/SINAPI por plausibilidade",,,,False
62,DOCUMENT_REQUEST_CANDIDATE,NACIONAL,27.64,01773463000159,OMNISYS ENGENHARIA LTDA,,Alcântara,MA,False,,,,1,MAER-GR.IMP.CENT.DE LANCAM.DE ALCANTARA/MA,41018141.02,00394429000100-2-001347/2024,MAER-GR.IMP.CENT.DE LANCAM.DE ALCANTARA/MA,REVIEW_REQUIRED,"Estamos analisando contratos públicos de obras com interregno anual já transcorrido e identificamos que este instrumento merece conferência da cláusula de reajuste. Para confirmar eventual valor, seria necessário examinar contrato, orçamento, medições e apostilas.","Estamos analisando contratos públicos de obras com interregno anual já transcorrido e identificamos que este instrumento merece conferência da cláusula de reajuste. Para confirmar eventual valor, seria necessário examinar contrato, orçamento, medições e apostilas.","Revisão documental: regime, data-base, índice e execução.","Saldo/medições indisponíveis — valor sobre total é teto teórico, não valor devido. | indice_contratual_ausente — não aplicar IPCA/INCC/SINAPI por plausibilidade",,,,False
63,DOCUMENT_REQUEST_CANDIDATE,NACIONAL,27.49,01618204000153,ENGEPAR ENGENHARIA E PARTICIPAÇÕES LTDA,,Campo Grande,MS,False,,,,4,AGESUL-Agência Estadual de Gestão de Empreendimentos de Campo Grande/MS | Agência Estadual de Gestão de Empreendimentos,172279323.5,15457856000168-2-000007/2025,AGESUL-Agência Estadual de Gestão de Empreendimentos de Campo Grande/MS,REVIEW_REQUIRED,"Estamos analisando contratos públicos de obras com interregno anual já transcorrido e identificamos que este instrumento merece conferência da cláusula de reajuste. Para confirmar eventual valor, seria necessário examinar contrato, orçamento, medições e apostilas.","Estamos analisando contratos públicos de obras com interregno anual já transcorrido e identificamos que este instrumento merece conferência da cláusula de reajuste. Para confirmar eventual valor, seria necessário examinar contrato, orçamento, medições e apostilas.","Revisão documental: regime, data-base, índice e execução.","Saldo/medições indisponíveis — valor sobre total é teto teórico, não valor devido. | indice_contratual_ausente — não aplicar IPCA/INCC/SINAPI por plausibilidade",,,,False
64,DOCUMENT_REQUEST_CANDIDATE,NACIONAL,27.45,33150830000154,CONSTRUTORA SUMARÉ LTDA,,NATIVIDADE,RJ,False,4313400 - Obras de terraplenagem,ATIVA,,1,Secretaria de Estado de Habitação de Interesse Social,31181117.07,42498600000171-2-002885/2025,Secretaria de Estado de Habitação de Interesse Social,REVIEW_REQUIRED,"Estamos analisando contratos públicos de obras com interregno anual já transcorrido e identificamos que este instrumento merece conferência da cláusula de reajuste. Para confirmar eventual valor, seria necessário examinar contrato, orçamento, medições e apostilas.","Estamos analisando contratos públicos de obras com interregno anual já transcorrido e identificamos que este instrumento merece conferência da cláusula de reajuste. Para confirmar eventual valor, seria necessário examinar contrato, orçamento, medições e apostilas.","Revisão documental: regime, data-base, índice e execução.","Saldo/medições indisponíveis — valor sobre total é teto teórico, não valor devido. | indice_contratual_ausente — não aplicar IPCA/INCC/SINAPI por plausibilidade",,,,False
65,DOCUMENT_REQUEST_CANDIDATE,NACIONAL,27.44,49681778000100,COPLAN CONSTRUTORA PLANALTO LTDA,PLANALTO,SAO PAULO,SP,False,4211101 - Construção de rodovias e ferrovias,ATIVA,,4,AGENCIA GOIANA DE INFRAEST.E TRANSPORTES/GO | DER/DI/GAO - COMPRAS,164696010.46,01409580000138-2-000070/2025,AGENCIA GOIANA DE INFRAEST.E TRANSPORTES/GO,REVIEW_REQUIRED,"Estamos analisando contratos públicos de obras com interregno anual já transcorrido e identificamos que este instrumento merece conferência da cláusula de reajuste. Para confirmar eventual valor, seria necessário examinar contrato, orçamento, medições e apostilas.","Estamos analisando contratos públicos de obras com interregno anual já transcorrido e identificamos que este instrumento merece conferência da cláusula de reajuste. Para confirmar eventual valor, seria necessário examinar contrato, orçamento, medições e apostilas.","Revisão documental: regime, data-base, índice e execução.","Saldo/medições indisponíveis — valor sobre total é teto teórico, não valor devido. | indice_contratual_ausente — não aplicar IPCA/INCC/SINAPI por plausibilidade",,,,False
66,DOCUMENT_REQUEST_CANDIDATE,SUL_SC_PRIORITY,27.25,79485892000118,PACOPEDRA PAVIMENTADORA E COMERCIO DE PEDRAS LTDA,PACOPEDRA OBRAS DE INFRAESTRUTURA,GASPAR,SC,True,"4213800 - Obras de urbanização - ruas, praças e calçadas",ATIVA,,3,PREFEITURA MUNICIPAL DE ITAJAÍ - SC | Prefeitura de Gaspar - SC,65478355.32,83102244000102-2-000717/2024,Prefeitura de Gaspar - SC,REVIEW_REQUIRED,"Estamos analisando contratos públicos de obras com interregno anual já transcorrido e identificamos que este instrumento merece conferência da cláusula de reajuste. Para confirmar eventual valor, seria necessário examinar contrato, orçamento, medições e apostilas.","Estamos analisando contratos públicos de obras com interregno anual já transcorrido e identificamos que este instrumento merece conferência da cláusula de reajuste. Para confirmar eventual valor, seria necessário examinar contrato, orçamento, medições e apostilas.","Revisão documental: regime, data-base, índice e execução.","Saldo/medições indisponíveis — valor sobre total é teto teórico, não valor devido. | indice_contratual_ausente — não aplicar IPCA/INCC/SINAPI por plausibilidade",,,,False
67,DOCUMENT_REQUEST_CANDIDATE,NACIONAL,27.2,55160008000107,CONSORCIO TRANSBORDO VIX,,Vitória,ES,False,,,,1,PREFEITURA MUNICIPAL DE VITORIA,50300000.0,27142058002099-2-000010/2025,PREFEITURA MUNICIPAL DE VITORIA,REVIEW_REQUIRED,"Estamos analisando contratos públicos de obras com interregno anual já transcorrido e identificamos que este instrumento merece conferência da cláusula de reajuste. Para confirmar eventual valor, seria necessário examinar contrato, orçamento, medições e apostilas.","Estamos analisando contratos públicos de obras com interregno anual já transcorrido e identificamos que este instrumento merece conferência da cláusula de reajuste. Para confirmar eventual valor, seria necessário examinar contrato, orçamento, medições e apostilas.","Revisão documental: regime, data-base, índice e execução.","Saldo/medições indisponíveis — valor sobre total é teto teórico, não valor devido. | indice_contratual_ausente — não aplicar IPCA/INCC/SINAPI por plausibilidade",,,,False
68,DOCUMENT_REQUEST_CANDIDATE,NACIONAL,27.19,02108681000131,ATTUS PROCURADORIA DIGITAL LTDA,,Recife,PE,False,,,,1,PROCURADORIA GERAL DO ESTADO,26117639.79,35329242000108-2-000014/2025,PROCURADORIA GERAL DO ESTADO,REVIEW_REQUIRED,"Estamos analisando contratos públicos de obras com interregno anual já transcorrido e identificamos que este instrumento merece conferência da cláusula de reajuste. Para confirmar eventual valor, seria necessário examinar contrato, orçamento, medições e apostilas.","Estamos analisando contratos públicos de obras com interregno anual já transcorrido e identificamos que este instrumento merece conferência da cláusula de reajuste. Para confirmar eventual valor, seria necessário examinar contrato, orçamento, medições e apostilas.","Revisão documental: regime, data-base, índice e execução.","Saldo/medições indisponíveis — valor sobre total é teto teórico, não valor devido. | indice_contratual_ausente — não aplicar IPCA/INCC/SINAPI por plausibilidade",,,,False
69,DOCUMENT_REQUEST_CANDIDATE,SUL_SC_PRIORITY,27.1,07903213000172,DE PIERI CONSTRUCOES LTDA - EPP,,Espigão Alto do Iguaçu,PR,True,,,,2,DEPARTAMENTO DE EDUCACAO E CULTURA | PREFEITURA MUNICIPAL DE RIO BONITO DO IGUAÇU - PR,18747782.259999998,01612634000168-2-000202/2024,DEPARTAMENTO DE EDUCACAO E CULTURA,REVIEW_REQUIRED,"Estamos analisando contratos públicos de obras com interregno anual já transcorrido e identificamos que este instrumento merece conferência da cláusula de reajuste. Para confirmar eventual valor, seria necessário examinar contrato, orçamento, medições e apostilas.","Estamos analisando contratos públicos de obras com interregno anual já transcorrido e identificamos que este instrumento merece conferência da cláusula de reajuste. Para confirmar eventual valor, seria necessário examinar contrato, orçamento, medições e apostilas.","Revisão documental: regime, data-base, índice e execução.","Saldo/medições indisponíveis — valor sobre total é teto teórico, não valor devido. | indice_contratual_ausente — não aplicar IPCA/INCC/SINAPI por plausibilidade",,,,False
70,DOCUMENT_REQUEST_CANDIDATE,NACIONAL,27.01,55814605000108,CONSORCIO REURBANIZA VITORIA - ES,,Vitória,ES,False,,,,1,PREFEITURA MUNICIPAL DE VITORIA,6166000.0,27142058002099-2-000021/2024,PREFEITURA MUNICIPAL DE VITORIA,REVIEW_REQUIRED,"Estamos analisando contratos públicos de obras com interregno anual já transcorrido e identificamos que este instrumento merece conferência da cláusula de reajuste. Para confirmar eventual valor, seria necessário examinar contrato, orçamento, medições e apostilas.","Estamos analisando contratos públicos de obras com interregno anual já transcorrido e identificamos que este instrumento merece conferência da cláusula de reajuste. Para confirmar eventual valor, seria necessário examinar contrato, orçamento, medições e apostilas.","Revisão documental: regime, data-base, índice e execução.","Saldo/medições indisponíveis — valor sobre total é teto teórico, não valor devido. | indice_contratual_ausente — não aplicar IPCA/INCC/SINAPI por plausibilidade",,,,False
71,DOCUMENT_REQUEST_CANDIDATE,SUL_SC_PRIORITY,26.97,07340993000190,WEBTRIP AGENCIA DE VIAGENS E TURISMO EIRELI,,Curitiba,PR,True,,,,3,CASA CIVIL | FAPPR - Fundação Araucária,32400000.0,03579617000100-2-000005/2024,FAPPR - Fundação Araucária,REVIEW_REQUIRED,"Estamos analisando contratos públicos de obras com interregno anual já transcorrido e identificamos que este instrumento merece conferência da cláusula de reajuste. Para confirmar eventual valor, seria necessário examinar contrato, orçamento, medições e apostilas.","Estamos analisando contratos públicos de obras com interregno anual já transcorrido e identificamos que este instrumento merece conferência da cláusula de reajuste. Para confirmar eventual valor, seria necessário examinar contrato, orçamento, medições e apostilas.","Revisão documental: regime, data-base, índice e execução.","Saldo/medições indisponíveis — valor sobre total é teto teórico, não valor devido. | indice_contratual_ausente — não aplicar IPCA/INCC/SINAPI por plausibilidade",,,,False
72,DOCUMENT_REQUEST_CANDIDATE,NACIONAL,26.67,12647362000158,OMEGA CONSTRUTORA E SERVIÇOS LTDA,OMEGA CONSTRUTORA,DUQUE DE CAXIAS,RJ,False,4313400 - Obras de terraplenagem,ATIVA,,7,FUND DEP ESTRADAS DE RODAGEM DO ESTADO DO RJ | MRJ-AUTARQUIA DE SERVIÇOS DE OBRAS DE MARICÁ | Prefeitura Municipal de Belford Roxo | SECRETARIA DE ESTADO DAS CIDADES | SECRETARIA DE ESTADO DE TRANSPORTES,453275907.71999997,42498600000171-2-001583/2025,SECRETARIA DE ESTADO DE TRANSPORTES,REVIEW_REQUIRED,"Estamos analisando contratos públicos de obras com interregno anual já transcorrido e identificamos que este instrumento merece conferência da cláusula de reajuste. Para confirmar eventual valor, seria necessário examinar contrato, orçamento, medições e apostilas.","Estamos analisando contratos públicos de obras com interregno anual já transcorrido e identificamos que este instrumento merece conferência da cláusula de reajuste. Para confirmar eventual valor, seria necessário examinar contrato, orçamento, medições e apostilas.","Revisão documental: regime, data-base, índice e execução.","Saldo/medições indisponíveis — valor sobre total é teto teórico, não valor devido. | indice_contratual_ausente — não aplicar IPCA/INCC/SINAPI por plausibilidade",,,,False
73,DOCUMENT_REQUEST_CANDIDATE,NACIONAL,26.39,00000000000191,BANCO DO BRASIL S A,DIRECAO GERAL,BRASILIA,DF,False,6422100,Ativa,,1,FUC - URBANIZAÇÃO DE CURITIBA S/A - URBS,8524497.78,14682109000160-2-000004/2024,FUC - URBANIZAÇÃO DE CURITIBA S/A - URBS,REVIEW_REQUIRED,"Estamos analisando contratos públicos de obras com interregno anual já transcorrido e identificamos que este instrumento merece conferência da cláusula de reajuste. Para confirmar eventual valor, seria necessário examinar contrato, orçamento, medições e apostilas.","Estamos analisando contratos públicos de obras com interregno anual já transcorrido e identificamos que este instrumento merece conferência da cláusula de reajuste. Para confirmar eventual valor, seria necessário examinar contrato, orçamento, medições e apostilas.","Revisão documental: regime, data-base, índice e execução.","Saldo/medições indisponíveis — valor sobre total é teto teórico, não valor devido. | indice_contratual_ausente — não aplicar IPCA/INCC/SINAPI por plausibilidade",,,,False
74,DOCUMENT_REQUEST_CANDIDATE,NACIONAL,25.92,04613668000165,LA VIAGENS E TURISMO LTDA,TRAVEL & TOURS,BRASILIA,DF,False,7911200 - Agências de viagens,ATIVA,,1,TCEPR - Tribunal do Contas do Estado do Paraná,6997165.0,77996312000121-2-000066/2024,TCEPR - Tribunal do Contas do Estado do Paraná,REVIEW_REQUIRED,"Estamos analisando contratos públicos de obras com interregno anual já transcorrido e identificamos que este instrumento merece conferência da cláusula de reajuste. Para confirmar eventual valor, seria necessário examinar contrato, orçamento, medições e apostilas.","Estamos analisando contratos públicos de obras com interregno anual já transcorrido e identificamos que este instrumento merece conferência da cláusula de reajuste. Para confirmar eventual valor, seria necessário examinar contrato, orçamento, medições e apostilas.","Revisão documental: regime, data-base, índice e execução.","Saldo/medições indisponíveis — valor sobre total é teto teórico, não valor devido. | indice_contratual_ausente — não aplicar IPCA/INCC/SINAPI por plausibilidade",,,,False
75,DOCUMENT_REQUEST_CANDIDATE,NACIONAL,25.55,00360305000104,CAIXA ECONOMICA FEDERAL,CEF MATRIZ,BRASILIA,DF,False,6423900,Ativa,,4,Encargos Gerais do Município | MUNICÍPIO DE PASSO FUNDO | PMSP - SECRETARIA MUNICIPAL DE LICENCIAMENTO | SMAP/SMF - SMAP/SMF,115957221.39,76417005000186-2-000006/2024,SMAP/SMF - SMAP/SMF,REVIEW_REQUIRED,"Estamos analisando contratos públicos de obras com interregno anual já transcorrido e identificamos que este instrumento merece conferência da cláusula de reajuste. Para confirmar eventual valor, seria necessário examinar contrato, orçamento, medições e apostilas.","Estamos analisando contratos públicos de obras com interregno anual já transcorrido e identificamos que este instrumento merece conferência da cláusula de reajuste. Para confirmar eventual valor, seria necessário examinar contrato, orçamento, medições e apostilas.","Revisão documental: regime, data-base, índice e execução.","Saldo/medições indisponíveis — valor sobre total é teto teórico, não valor devido. | indice_contratual_ausente — não aplicar IPCA/INCC/SINAPI por plausibilidade",,,,False
76,DOCUMENT_REQUEST_CANDIDATE,NACIONAL,23.08,12203244000150,CONSTRUTORA IPANEMA DO TOCANTINS,,Araguaína,TO,False,,,,2,SECRETARIA MUNICIPAL DA INFRAESTRUTURA | SECRETARIA MUNICIPAL DE INFRA ESTRUTURA,63602000.0,17387437000122-2-000013/2024,SECRETARIA MUNICIPAL DA INFRAESTRUTURA,REVIEW_REQUIRED,"Estamos analisando contratos públicos de obras com interregno anual já transcorrido e identificamos que este instrumento merece conferência da cláusula de reajuste. Para confirmar eventual valor, seria necessário examinar contrato, orçamento, medições e apostilas.","Estamos analisando contratos públicos de obras com interregno anual já transcorrido e identificamos que este instrumento merece conferência da cláusula de reajuste. Para confirmar eventual valor, seria necessário examinar contrato, orçamento, medições e apostilas.","Revisão documental: regime, data-base, índice e execução.","Saldo/medições indisponíveis — valor sobre total é teto teórico, não valor devido. | indice_contratual_ausente — não aplicar IPCA/INCC/SINAPI por plausibilidade",,,,False
77,DOCUMENT_REQUEST_CANDIDATE,SUL_SC_PRIORITY,22.94,00779059000120,CONSTRUTORA LUIZ COSTA LTDA,CLC - CONSTRUTORA LUIZ COSTA,MOSSORO,RN,True,4212000,Ativa,,22,DEPARTAMENTO DE ESTRADAS DE RODAGEM | DEPARTAMENTO NACIONAL INFRAEST.DE TRANSPORTES | DER - Departamento de Estradas de Rodagem do Estado do Paraná | DIRETORIA DA PRESIDÊNCIA | ERN - SECRETARA DE ESTADO DA INFRAESTRUTURA | Prefeitura | SECRETARIA DE ESTADO DA INFRAESTRUTURA RN | SUP. REG. DO DNIT NO ESTADO DE MINAS GERAIS | SUP. REG. DO DNIT NO ESTADO DO MARANHÃO | SUP. REG. DO DNIT NOS ESTADOS DE GOIAS E DF | Secretaria de Estado da Infraestrutura e Mobilidade,4021855589.3099995,11554474000100-2-000005/2026,DIRETORIA DA PRESIDÊNCIA,REVIEW_REQUIRED,"Estamos analisando contratos públicos de obras com interregno anual já transcorrido e identificamos que este instrumento merece conferência da cláusula de reajuste. Para confirmar eventual valor, seria necessário examinar contrato, orçamento, medições e apostilas.","Estamos analisando contratos públicos de obras com interregno anual já transcorrido e identificamos que este instrumento merece conferência da cláusula de reajuste. Para confirmar eventual valor, seria necessário examinar contrato, orçamento, medições e apostilas.","Revisão documental: regime, data-base, índice e execução.","Saldo/medições indisponíveis — valor sobre total é teto teórico, não valor devido. | indice_contratual_ausente — não aplicar IPCA/INCC/SINAPI por plausibilidade",,,,False
78,DOCUMENT_REQUEST_CANDIDATE,NACIONAL,22.63,07689002000855,EMBRAER S.A.,,CAMPINAS,SP,False,3299099 - Fabricação de produtos diversos não especificados anteriormente,ATIVA,,1,CENTRO TECNOLOGICO DO EXERCITO/RJ,43412082.99,00394452000103-2-022055/2023,CENTRO TECNOLOGICO DO EXERCITO/RJ,REVIEW_REQUIRED,"Estamos analisando contratos públicos de obras com interregno anual já transcorrido e identificamos que este instrumento merece conferência da cláusula de reajuste. Para confirmar eventual valor, seria necessário examinar contrato, orçamento, medições e apostilas.","Estamos analisando contratos públicos de obras com interregno anual já transcorrido e identificamos que este instrumento merece conferência da cláusula de reajuste. Para confirmar eventual valor, seria necessário examinar contrato, orçamento, medições e apostilas.","Revisão documental: regime, data-base, índice e execução.","Saldo/medições indisponíveis — valor sobre total é teto teórico, não valor devido. | indice_contratual_ausente — não aplicar IPCA/INCC/SINAPI por plausibilidade",,,,False
79,DOCUMENT_REQUEST_CANDIDATE,SUL_SC_PRIORITY,21.16,61381943000104,CONSTRUTORA CONTINENTAL DE SAO PAULO LTDA,CONSTRUTORA CONTINENTAL DE SAO PAULO,SANTA MARIA,RS,True,4211101 - Construção de rodovias e ferrovias,ATIVA,,6,DEPARTAMENTO AUTÔNOMO DE ESTRADAS DE RODAGEM | PREFEITURA MUNICIPAL DE CRUZ ALTA - RS | PREFEITURA MUNICIPAL DE SANTA MARIA/RS,125501978.85999998,92883834000100-2-000057/2025,DEPARTAMENTO AUTÔNOMO DE ESTRADAS DE RODAGEM,REVIEW_REQUIRED,"Estamos analisando contratos públicos de obras com interregno anual já transcorrido e identificamos que este instrumento merece conferência da cláusula de reajuste. Para confirmar eventual valor, seria necessário examinar contrato, orçamento, medições e apostilas.","Estamos analisando contratos públicos de obras com interregno anual já transcorrido e identificamos que este instrumento merece conferência da cláusula de reajuste. Para confirmar eventual valor, seria necessário examinar contrato, orçamento, medições e apostilas.","Revisão documental: regime, data-base, índice e execução.","Saldo/medições indisponíveis — valor sobre total é teto teórico, não valor devido. | indice_contratual_ausente — não aplicar IPCA/INCC/SINAPI por plausibilidade",,,,False
80,DOCUMENT_REQUEST_CANDIDATE,NACIONAL,21.09,10715077000100,ARKO CONSTRUÇÕES LTDA,,João Pessoa,PB,False,,,,6,PREFEITURA MUNICIPAL DE CONDE-PB | PREFEITURA MUNICIPAL DE JOAO PESSOA - PB | Secretaria de Planejamento da Prefeitura Municipal de João Pessoa,78680930.85,08778326000156-2-000001/2024,Secretaria de Planejamento da Prefeitura Municipal de João Pessoa,REVIEW_REQUIRED,"Estamos analisando contratos públicos de obras com interregno anual já transcorrido e identificamos que este instrumento merece conferência da cláusula de reajuste. Para confirmar eventual valor, seria necessário examinar contrato, orçamento, medições e apostilas.","Estamos analisando contratos públicos de obras com interregno anual já transcorrido e identificamos que este instrumento merece conferência da cláusula de reajuste. Para confirmar eventual valor, seria necessário examinar contrato, orçamento, medições e apostilas.","Revisão documental: regime, data-base, índice e execução.","Saldo/medições indisponíveis — valor sobre total é teto teórico, não valor devido. | indice_contratual_ausente — não aplicar IPCA/INCC/SINAPI por plausibilidade",,,,False
81,DOCUMENT_REQUEST_CANDIDATE,NACIONAL,21.06,17161464000182,CIMCOP S/A ENGENHARIA E CONSTRUCOES,,Belo Horizonte,MG,False,,,,3,DER/DI/GAO - COMPRAS | DER/DM/GMR,120572750.3,17309790000194-2-000093/2024,DER/DM/GMR,REVIEW_REQUIRED,"Estamos analisando contratos públicos de obras com interregno anual já transcorrido e identificamos que este instrumento merece conferência da cláusula de reajuste. Para confirmar eventual valor, seria necessário examinar contrato, orçamento, medições e apostilas.","Estamos analisando contratos públicos de obras com interregno anual já transcorrido e identificamos que este instrumento merece conferência da cláusula de reajuste. Para confirmar eventual valor, seria necessário examinar contrato, orçamento, medições e apostilas.","Revisão documental: regime, data-base, índice e execução.","Saldo/medições indisponíveis — valor sobre total é teto teórico, não valor devido. | indice_contratual_ausente — não aplicar IPCA/INCC/SINAPI por plausibilidade",,,,False
82,DOCUMENT_REQUEST_CANDIDATE,SUL_SC_PRIORITY,21.05,06699043000193,PROJEPOWER - CONSTRUCOES E EMPREENDIMENTOS LTDA,,Florianópolis,SC,True,,,,1,TRIBUNAL DE JUSTIÇA DO EST. DE SANTA CATARINA,16501704.54,83845701000159-2-000002/2023,TRIBUNAL DE JUSTIÇA DO EST. DE SANTA CATARINA,REVIEW_REQUIRED,"Estamos analisando contratos públicos de obras com interregno anual já transcorrido e identificamos que este instrumento merece conferência da cláusula de reajuste. Para confirmar eventual valor, seria necessário examinar contrato, orçamento, medições e apostilas.","Estamos analisando contratos públicos de obras com interregno anual já transcorrido e identificamos que este instrumento merece conferência da cláusula de reajuste. Para confirmar eventual valor, seria necessário examinar contrato, orçamento, medições e apostilas.","Revisão documental: regime, data-base, índice e execução.","Saldo/medições indisponíveis — valor sobre total é teto teórico, não valor devido. | indice_contratual_ausente — não aplicar IPCA/INCC/SINAPI por plausibilidade",,,,False
83,DOCUMENT_REQUEST_CANDIDATE,SUL_SC_PRIORITY,20.58,03430585000178,ENDEAL ENGENHARIA E CONSTRUÇÕES LTDA,,Palhoça,SC,True,,,,1,Fundo Municipal de Saúde,118876086.76,12092636000190-2-000005/2024,Fundo Municipal de Saúde,REVIEW_REQUIRED,"Estamos analisando contratos públicos de obras com interregno anual já transcorrido e identificamos que este instrumento merece conferência da cláusula de reajuste. Para confirmar eventual valor, seria necessário examinar contrato, orçamento, medições e apostilas.","Estamos analisando contratos públicos de obras com interregno anual já transcorrido e identificamos que este instrumento merece conferência da cláusula de reajuste. Para confirmar eventual valor, seria necessário examinar contrato, orçamento, medições e apostilas.","Revisão documental: regime, data-base, índice e execução.","Saldo/medições indisponíveis — valor sobre total é teto teórico, não valor devido. | indice_contratual_ausente — não aplicar IPCA/INCC/SINAPI por plausibilidade",,,,False
84,DOCUMENT_REQUEST_CANDIDATE,NACIONAL,20.58,04746603000198,OESTE CONSTRUTORA LTDA,,Cuiabá,MT,False,,,,3,PREFEITURA MUNICIPAL DE CAMPOS DE JULIO | SECRETARIA DE ESTADO DE INFRA-ESTRUTURA,159849685.01999998,03507415002279-2-000006/2025,SECRETARIA DE ESTADO DE INFRA-ESTRUTURA,REVIEW_REQUIRED,"Estamos analisando contratos públicos de obras com interregno anual já transcorrido e identificamos que este instrumento merece conferência da cláusula de reajuste. Para confirmar eventual valor, seria necessário examinar contrato, orçamento, medições e apostilas.","Estamos analisando contratos públicos de obras com interregno anual já transcorrido e identificamos que este instrumento merece conferência da cláusula de reajuste. Para confirmar eventual valor, seria necessário examinar contrato, orçamento, medições e apostilas.","Revisão documental: regime, data-base, índice e execução.","Saldo/medições indisponíveis — valor sobre total é teto teórico, não valor devido. | indice_contratual_ausente — não aplicar IPCA/INCC/SINAPI por plausibilidade",,,,False
85,DOCUMENT_REQUEST_CANDIDATE,NACIONAL,20.4,01848660000190,CORDENG EMPREENDIMENTOS E CONSTRUCOES LTDA,,Macapá,AP,False,,,,3,SECRETARIA DE ESTADO DA INFRA-ESTRUTURA,59244877.11,11762179000130-2-000001/2026,SECRETARIA DE ESTADO DA INFRA-ESTRUTURA ,REVIEW_REQUIRED,"Estamos analisando contratos públicos de obras com interregno anual já transcorrido e identificamos que este instrumento merece conferência da cláusula de reajuste. Para confirmar eventual valor, seria necessário examinar contrato, orçamento, medições e apostilas.","Estamos analisando contratos públicos de obras com interregno anual já transcorrido e identificamos que este instrumento merece conferência da cláusula de reajuste. Para confirmar eventual valor, seria necessário examinar contrato, orçamento, medições e apostilas.","Revisão documental: regime, data-base, índice e execução.","Saldo/medições indisponíveis — valor sobre total é teto teórico, não valor devido. | indice_contratual_ausente — não aplicar IPCA/INCC/SINAPI por plausibilidade",,,,False
86,DOCUMENT_REQUEST_CANDIDATE,SUL_SC_PRIORITY,20.37,19368227000112,RGS ENGENHARIA S.A.,RGS,PORTO ALEGRE,RS,True,4211101 - Construção de rodovias e ferrovias,ATIVA,,9,DEPARTAMENTO AUTÔNOMO DE ESTRADAS DE RODAGEM | MUNICÍPIO DE MAXIMILIANO DE ALMEIDA - RS | SMOI - GABINETE DO SECRETARIO,245516971.09000003,92883834000100-2-000012/2024,DEPARTAMENTO AUTÔNOMO DE ESTRADAS DE RODAGEM,REVIEW_REQUIRED,"Estamos analisando contratos públicos de obras com interregno anual já transcorrido e identificamos que este instrumento merece conferência da cláusula de reajuste. Para confirmar eventual valor, seria necessário examinar contrato, orçamento, medições e apostilas.","Estamos analisando contratos públicos de obras com interregno anual já transcorrido e identificamos que este instrumento merece conferência da cláusula de reajuste. Para confirmar eventual valor, seria necessário examinar contrato, orçamento, medições e apostilas.","Revisão documental: regime, data-base, índice e execução.","Saldo/medições indisponíveis — valor sobre total é teto teórico, não valor devido. | indice_contratual_ausente — não aplicar IPCA/INCC/SINAPI por plausibilidade",,,,False
87,DOCUMENT_REQUEST_CANDIDATE,NACIONAL,20.37,53368393000157,CONSORCIO AMAPA,,Macapá,AP,False,,,,1,SECRETARIA DE ESTADO DA INFRA-ESTRUTURA,130416547.3,11762179000130-2-000019/2025,SECRETARIA DE ESTADO DA INFRA-ESTRUTURA ,REVIEW_REQUIRED,"Estamos analisando contratos públicos de obras com interregno anual já transcorrido e identificamos que este instrumento merece conferência da cláusula de reajuste. Para confirmar eventual valor, seria necessário examinar contrato, orçamento, medições e apostilas.","Estamos analisando contratos públicos de obras com interregno anual já transcorrido e identificamos que este instrumento merece conferência da cláusula de reajuste. Para confirmar eventual valor, seria necessário examinar contrato, orçamento, medições e apostilas.","Revisão documental: regime, data-base, índice e execução.","Saldo/medições indisponíveis — valor sobre total é teto teórico, não valor devido. | indice_contratual_ausente — não aplicar IPCA/INCC/SINAPI por plausibilidade",,,,False
88,DOCUMENT_REQUEST_CANDIDATE,NACIONAL,20.32,56943390000198,CONSÓRCIO SINAL MT,,Cuiabá,MT,False,,,,3,SECRETARIA DE ESTADO DE INFRA-ESTRUTURA,112942432.55,03507415002279-2-000055/2024,SECRETARIA DE ESTADO DE INFRA-ESTRUTURA,REVIEW_REQUIRED,"Estamos analisando contratos públicos de obras com interregno anual já transcorrido e identificamos que este instrumento merece conferência da cláusula de reajuste. Para confirmar eventual valor, seria necessário examinar contrato, orçamento, medições e apostilas.","Estamos analisando contratos públicos de obras com interregno anual já transcorrido e identificamos que este instrumento merece conferência da cláusula de reajuste. Para confirmar eventual valor, seria necessário examinar contrato, orçamento, medições e apostilas.","Revisão documental: regime, data-base, índice e execução.","Saldo/medições indisponíveis — valor sobre total é teto teórico, não valor devido. | indice_contratual_ausente — não aplicar IPCA/INCC/SINAPI por plausibilidade",,,,False
89,DOCUMENT_REQUEST_CANDIDATE,NACIONAL,20.3,21681150000188,CONSTRUTORA TERRAYAMA LIMITADA,,Belo Horizonte,MG,False,,,,2,DER/DM/GMR | SECRETARIA MUNICIPAL DE OBRAS E INFRAESTRUTURA,58459258.92999999,17309790000194-2-000124/2024,DER/DM/GMR,REVIEW_REQUIRED,"Estamos analisando contratos públicos de obras com interregno anual já transcorrido e identificamos que este instrumento merece conferência da cláusula de reajuste. Para confirmar eventual valor, seria necessário examinar contrato, orçamento, medições e apostilas.","Estamos analisando contratos públicos de obras com interregno anual já transcorrido e identificamos que este instrumento merece conferência da cláusula de reajuste. Para confirmar eventual valor, seria necessário examinar contrato, orçamento, medições e apostilas.","Revisão documental: regime, data-base, índice e execução.","Saldo/medições indisponíveis — valor sobre total é teto teórico, não valor devido. | indice_contratual_ausente — não aplicar IPCA/INCC/SINAPI por plausibilidade",,,,False
90,DOCUMENT_REQUEST_CANDIDATE,NACIONAL,20.22,25708348000169,SEISAN ENGENHARIA E CONSTRUCOES LTDA,,Belo Horizonte,MG,False,,,,1,DER/DM/GMR,47556790.26,17309790000194-2-000129/2024,DER/DM/GMR,REVIEW_REQUIRED,"Estamos analisando contratos públicos de obras com interregno anual já transcorrido e identificamos que este instrumento merece conferência da cláusula de reajuste. Para confirmar eventual valor, seria necessário examinar contrato, orçamento, medições e apostilas.","Estamos analisando contratos públicos de obras com interregno anual já transcorrido e identificamos que este instrumento merece conferência da cláusula de reajuste. Para confirmar eventual valor, seria necessário examinar contrato, orçamento, medições e apostilas.","Revisão documental: regime, data-base, índice e execução.","Saldo/medições indisponíveis — valor sobre total é teto teórico, não valor devido. | indice_contratual_ausente — não aplicar IPCA/INCC/SINAPI por plausibilidade",,,,False
91,DOCUMENT_REQUEST_CANDIDATE,NACIONAL,20.18,01744153000106,PAVIDEZ ENGENHARIA LTDA,,Belo Horizonte,MG,False,,,,8,DEPARTAMENTO DE ASSUNTOS RURAIS | DER/DI/GAO - COMPRAS | DER/DM/GMR | MUNICIPIO DE IBIÁ/MG,166581737.69,17309790000194-2-000122/2024,DER/DM/GMR,REVIEW_REQUIRED,"Estamos analisando contratos públicos de obras com interregno anual já transcorrido e identificamos que este instrumento merece conferência da cláusula de reajuste. Para confirmar eventual valor, seria necessário examinar contrato, orçamento, medições e apostilas.","Estamos analisando contratos públicos de obras com interregno anual já transcorrido e identificamos que este instrumento merece conferência da cláusula de reajuste. Para confirmar eventual valor, seria necessário examinar contrato, orçamento, medições e apostilas.","Revisão documental: regime, data-base, índice e execução.","Saldo/medições indisponíveis — valor sobre total é teto teórico, não valor devido. | indice_contratual_ausente — não aplicar IPCA/INCC/SINAPI por plausibilidade",,,,False
92,DOCUMENT_REQUEST_CANDIDATE,NACIONAL,20.18,19256565000162,HWN ENGENHARIA LTDA,,BELO HORIZONTE,MG,False,4211101 - Construção de rodovias e ferrovias,ATIVA,,26,DER/DI/GAO - COMPRAS | DER/DM/GMR | SUP. REG. DO DNIT NO EST.DO RIO GRANDE DO SUL | SUP. REG. DO DNIT NO ESTADO DE MINAS GERAIS | SUP. REG. DO DNIT NO ESTADO DO MARANHÃO | SUP. REG. DO DNIT NO ESTADO DO PARANA | SUP. REG. DO DNIT NO ESTADO DO PIAUI | SUP. REG. DO DNIT NO ESTADO DO TOCANTINS | SUPERINTENDÊNCIA REGIONAL DO DNIT - GO | SUPERINTENDÊNCIA REGIONAL DO DNIT - MG,974386622.2899998,17309790000194-2-000125/2024,DER/DM/GMR,REVIEW_REQUIRED,"Estamos analisando contratos públicos de obras com interregno anual já transcorrido e identificamos que este instrumento merece conferência da cláusula de reajuste. Para confirmar eventual valor, seria necessário examinar contrato, orçamento, medições e apostilas.","Estamos analisando contratos públicos de obras com interregno anual já transcorrido e identificamos que este instrumento merece conferência da cláusula de reajuste. Para confirmar eventual valor, seria necessário examinar contrato, orçamento, medições e apostilas.","Revisão documental: regime, data-base, índice e execução.","Saldo/medições indisponíveis — valor sobre total é teto teórico, não valor devido. | indice_contratual_ausente — não aplicar IPCA/INCC/SINAPI por plausibilidade",,,,False
93,DOCUMENT_REQUEST_CANDIDATE,NACIONAL,20.18,78134194000105,HORIZONTE CONSTRUTORA LTDA,,Belo Horizonte,MG,False,,,,2,DER/DM/GMR | SUP. REG. DO DNIT NO ESTADO DE MINAS GERAIS,109610192.22,17309790000194-2-000126/2024,DER/DM/GMR,REVIEW_REQUIRED,"Estamos analisando contratos públicos de obras com interregno anual já transcorrido e identificamos que este instrumento merece conferência da cláusula de reajuste. Para confirmar eventual valor, seria necessário examinar contrato, orçamento, medições e apostilas.","Estamos analisando contratos públicos de obras com interregno anual já transcorrido e identificamos que este instrumento merece conferência da cláusula de reajuste. Para confirmar eventual valor, seria necessário examinar contrato, orçamento, medições e apostilas.","Revisão documental: regime, data-base, índice e execução.","Saldo/medições indisponíveis — valor sobre total é teto teórico, não valor devido. | indice_contratual_ausente — não aplicar IPCA/INCC/SINAPI por plausibilidade",,,,False
94,DOCUMENT_REQUEST_CANDIDATE,SUL_SC_PRIORITY,20.17,27097119000180,C S MAGON CONSTRUTORA LTDA,GLOCON SOLUCOES EM ENGENHARIA,CAMBIRA,PR,True,4120400 - Construção de edifícios,ATIVA,,4,FUNDEPAR - Instituto Paranaense de Desenvolvimento Educacional | FUNDO MUNICIPAL DE SAÚDE | TRIBUNAL DE JUSTIÇA DO EST. DE SANTA CATARINA,69135971.19,01613765000160-2-000067/2024,FUNDO MUNICIPAL DE SAÚDE,REVIEW_REQUIRED,"Estamos analisando contratos públicos de obras com interregno anual já transcorrido e identificamos que este instrumento merece conferência da cláusula de reajuste. Para confirmar eventual valor, seria necessário examinar contrato, orçamento, medições e apostilas.","Estamos analisando contratos públicos de obras com interregno anual já transcorrido e identificamos que este instrumento merece conferência da cláusula de reajuste. Para confirmar eventual valor, seria necessário examinar contrato, orçamento, medições e apostilas.","Revisão documental: regime, data-base, índice e execução.","Saldo/medições indisponíveis — valor sobre total é teto teórico, não valor devido. | indice_contratual_ausente — não aplicar IPCA/INCC/SINAPI por plausibilidade",,,,False
95,DOCUMENT_REQUEST_CANDIDATE,NACIONAL,20.16,22026959000139,LOMAE MAQUINAS E EMPREENDIMENTOS LTDA,,Belo Horizonte,MG,False,,,,3,DER/DM/GMR,148909885.32,17309790000194-2-000121/2024,DER/DM/GMR,REVIEW_REQUIRED,"Estamos analisando contratos públicos de obras com interregno anual já transcorrido e identificamos que este instrumento merece conferência da cláusula de reajuste. Para confirmar eventual valor, seria necessário examinar contrato, orçamento, medições e apostilas.","Estamos analisando contratos públicos de obras com interregno anual já transcorrido e identificamos que este instrumento merece conferência da cláusula de reajuste. Para confirmar eventual valor, seria necessário examinar contrato, orçamento, medições e apostilas.","Revisão documental: regime, data-base, índice e execução.","Saldo/medições indisponíveis — valor sobre total é teto teórico, não valor devido. | indice_contratual_ausente — não aplicar IPCA/INCC/SINAPI por plausibilidade",,,,False
96,DOCUMENT_REQUEST_CANDIDATE,NACIONAL,20.16,25955246000148,IPE ENGENHARIA LTDA,,Belo Horizonte,MG,False,,,,1,DER/DM/GMR,49131721.25,17309790000194-2-000130/2024,DER/DM/GMR,REVIEW_REQUIRED,"Estamos analisando contratos públicos de obras com interregno anual já transcorrido e identificamos que este instrumento merece conferência da cláusula de reajuste. Para confirmar eventual valor, seria necessário examinar contrato, orçamento, medições e apostilas.","Estamos analisando contratos públicos de obras com interregno anual já transcorrido e identificamos que este instrumento merece conferência da cláusula de reajuste. Para confirmar eventual valor, seria necessário examinar contrato, orçamento, medições e apostilas.","Revisão documental: regime, data-base, índice e execução.","Saldo/medições indisponíveis — valor sobre total é teto teórico, não valor devido. | indice_contratual_ausente — não aplicar IPCA/INCC/SINAPI por plausibilidade",,,,False
97,DOCUMENT_REQUEST_CANDIDATE,NACIONAL,20.11,19758779000137,ETHOS ENGENHARIA DE INFRAESTRUTURA S/A,,BELO HORIZONTE,MG,False,4211101 - Construção de rodovias e ferrovias,ATIVA,,16,DER - Departamento de Estradas de Rodagem do Estado do Paraná | DER/DM/GMR | SECRETARIA MUNICIPAL DE OBRAS E INFRAESTRUTURA | SUP. REG. DO DNIT NO ESTADO DE MINAS GERAIS | SUP. REG. DO DNIT NO ESTADO DE SANTA CATARINA | SUP. REG. DO DNIT NO ESTADO DO MARANHÃO | SUP. REG. DO DNIT NO ESTADO DO PARANA | SUP. REG. DO DNIT NO ESTADO DO TOCANTINS | SUP. REG. DO DNIT NOS ESTADOS DE GOIAS E DF | SUPERINTENDÊNCIA REGIONAL DO DNIT - BA | SUPERINTENDÊNCIA REGIONAL DO DNIT - PA | SUPERINTENDêNCIA REGIONAL NO ESTADO DO PARA,1007206804.17,17309790000194-2-000127/2024,DER/DM/GMR,REVIEW_REQUIRED,"Estamos analisando contratos públicos de obras com interregno anual já transcorrido e identificamos que este instrumento merece conferência da cláusula de reajuste. Para confirmar eventual valor, seria necessário examinar contrato, orçamento, medições e apostilas.","Estamos analisando contratos públicos de obras com interregno anual já transcorrido e identificamos que este instrumento merece conferência da cláusula de reajuste. Para confirmar eventual valor, seria necessário examinar contrato, orçamento, medições e apostilas.","Revisão documental: regime, data-base, índice e execução.","Saldo/medições indisponíveis — valor sobre total é teto teórico, não valor devido. | indice_contratual_ausente — não aplicar IPCA/INCC/SINAPI por plausibilidade",,,,False
98,DOCUMENT_REQUEST_CANDIDATE,NACIONAL,20.11,66418765000154,CONSTRUTORA CENTRO LESTE ENGENHARIA LTDA,,BELO HORIZONTE,MG,False,4211101 - Construção de rodovias e ferrovias,ATIVA,,10,DER/DI/GAO - COMPRAS | DER/DM/GMR | SUP. REG. DO DNIT NO ESTADO DE MINAS GERAIS | SUP. REGIONAL DO DNIT NO ESTADO DA BAHIA,409458784.32,17309790000194-2-000128/2024,DER/DM/GMR,REVIEW_REQUIRED,"Estamos analisando contratos públicos de obras com interregno anual já transcorrido e identificamos que este instrumento merece conferência da cláusula de reajuste. Para confirmar eventual valor, seria necessário examinar contrato, orçamento, medições e apostilas.","Estamos analisando contratos públicos de obras com interregno anual já transcorrido e identificamos que este instrumento merece conferência da cláusula de reajuste. Para confirmar eventual valor, seria necessário examinar contrato, orçamento, medições e apostilas.","Revisão documental: regime, data-base, índice e execução.","Saldo/medições indisponíveis — valor sobre total é teto teórico, não valor devido. | indice_contratual_ausente — não aplicar IPCA/INCC/SINAPI por plausibilidade",,,,False
99,DOCUMENT_REQUEST_CANDIDATE,SUL_SC_PRIORITY,20.0,57155076000103,CONSORCIO - ITAX SUDOESTE,,Curitiba,PR,True,,,,1,DER - Departamento de Estradas de Rodagem do Estado do Paraná,90850000.0,76669324000189-2-000080/2024,DER - Departamento de Estradas de Rodagem do Estado do Paraná,REVIEW_REQUIRED,"Estamos analisando contratos públicos de obras com interregno anual já transcorrido e identificamos que este instrumento merece conferência da cláusula de reajuste. Para confirmar eventual valor, seria necessário examinar contrato, orçamento, medições e apostilas.","Estamos analisando contratos públicos de obras com interregno anual já transcorrido e identificamos que este instrumento merece conferência da cláusula de reajuste. Para confirmar eventual valor, seria necessário examinar contrato, orçamento, medições e apostilas.","Revisão documental: regime, data-base, índice e execução.","Saldo/medições indisponíveis — valor sobre total é teto teórico, não valor devido. | indice_contratual_ausente — não aplicar IPCA/INCC/SINAPI por plausibilidade",,,,False
100,DOCUMENT_REQUEST_CANDIDATE,NACIONAL,19.95,22888990000189,FABMIX CONCRETOS LTDA,FAB MIX,NOVA IGUACU,RJ,False,4120400 - Construção de edifícios,ATIVA,,8,Fundo de Desenv. da Região Metropolitana do RJ | GERAL | PREFEITURA MUNICIPAL DO RIO DE JANEIRO - RJ | SECRETARIA DE ESTADO DE INFRAESTRUTURA E OBRAS PUBLICAS - SEIOP | Secretaria de Estado de Habitação de Interesse Social,175296762.19,42498600000171-2-001151/2024,Fundo de Desenv. da Região Metropolitana do RJ,REVIEW_REQUIRED,"Estamos analisando contratos públicos de obras com interregno anual já transcorrido e identificamos que este instrumento merece conferência da cláusula de reajuste. Para confirmar eventual valor, seria necessário examinar contrato, orçamento, medições e apostilas.","Estamos analisando contratos públicos de obras com interregno anual já transcorrido e identificamos que este instrumento merece conferência da cláusula de reajuste. Para confirmar eventual valor, seria necessário examinar contrato, orçamento, medições e apostilas.","Revisão documental: regime, data-base, índice e execução.","Saldo/medições indisponíveis — valor sobre total é teto teórico, não valor devido. | indice_contratual_ausente — não aplicar IPCA/INCC/SINAPI por plausibilidade",,,,False
101,DOCUMENT_REQUEST_CANDIDATE,SUL_SC_PRIORITY,19.94,13646540000199,SANTANA E CIA LTDA,,Porto Alegre,RS,True,,,,1,DEPARTAMENTO AUTÔNOMO DE ESTRADAS DE RODAGEM,39485880.85,92883834000100-2-000019/2024,DEPARTAMENTO AUTÔNOMO DE ESTRADAS DE RODAGEM,REVIEW_REQUIRED,"Estamos analisando contratos públicos de obras com interregno anual já transcorrido e identificamos que este instrumento merece conferência da cláusula de reajuste. Para confirmar eventual valor, seria necessário examinar contrato, orçamento, medições e apostilas.","Estamos analisando contratos públicos de obras com interregno anual já transcorrido e identificamos que este instrumento merece conferência da cláusula de reajuste. Para confirmar eventual valor, seria necessário examinar contrato, orçamento, medições e apostilas.","Revisão documental: regime, data-base, índice e execução.","Saldo/medições indisponíveis — valor sobre total é teto teórico, não valor devido. | indice_contratual_ausente — não aplicar IPCA/INCC/SINAPI por plausibilidade",,,,False
102,DOCUMENT_REQUEST_CANDIDATE,SUL_SC_PRIORITY,19.93,13137265000188,MAK SERVICOS E PAVIMENTACOES LTDA,,SANTA MARIA,RS,True,"4930201 - Transporte rodoviário de carga, exceto produtos perigosos e mudanças, municipal.",ATIVA,,5,"Prefeitura Municipal de São Gabriel | SECRETARIA DA AGRICULTURA, PECUÁRIA, PRODUÇÃO SUSTENTÁVEL E IRRIGAÇÃO",172189775.79,93021632000112-2-000039/2024,"SECRETARIA DA AGRICULTURA, PECUÁRIA, PRODUÇÃO SUSTENTÁVEL E IRRIGAÇÃO",REVIEW_REQUIRED,"Estamos analisando contratos públicos de obras com interregno anual já transcorrido e identificamos que este instrumento merece conferência da cláusula de reajuste. Para confirmar eventual valor, seria necessário examinar contrato, orçamento, medições e apostilas.","Estamos analisando contratos públicos de obras com interregno anual já transcorrido e identificamos que este instrumento merece conferência da cláusula de reajuste. Para confirmar eventual valor, seria necessário examinar contrato, orçamento, medições e apostilas.","Revisão documental: regime, data-base, índice e execução.","Saldo/medições indisponíveis — valor sobre total é teto teórico, não valor devido. | indice_contratual_ausente — não aplicar IPCA/INCC/SINAPI por plausibilidade",,,,False
103,DOCUMENT_REQUEST_CANDIDATE,NACIONAL,19.89,22544134000106,VEREDA ENGENHARIA LTDA,,BELO HORIZONTE,MG,False,4110700 - Incorporação de empreendimentos imobiliários,ATIVA,,5,AGENCIA GOIANA DE INFRAEST.E TRANSPORTES/GO | DEPARTAMENTO AUTÔNOMO DE ESTRADAS DE RODAGEM | DER/DI/GAO - COMPRAS | SECRETARIA DE ESTADO DE INFRA-ESTRUTURA,110586225.17,92883834000100-2-000002/2024,DEPARTAMENTO AUTÔNOMO DE ESTRADAS DE RODAGEM,REVIEW_REQUIRED,"Estamos analisando contratos públicos de obras com interregno anual já transcorrido e identificamos que este instrumento merece conferência da cláusula de reajuste. Para confirmar eventual valor, seria necessário examinar contrato, orçamento, medições e apostilas.","Estamos analisando contratos públicos de obras com interregno anual já transcorrido e identificamos que este instrumento merece conferência da cláusula de reajuste. Para confirmar eventual valor, seria necessário examinar contrato, orçamento, medições e apostilas.","Revisão documental: regime, data-base, índice e execução.","Saldo/medições indisponíveis — valor sobre total é teto teórico, não valor devido. | indice_contratual_ausente — não aplicar IPCA/INCC/SINAPI por plausibilidade",,,,False
104,DOCUMENT_REQUEST_CANDIDATE,SUL_SC_PRIORITY,19.88,57155217000198,CONSORCIO CONSTRUTOR ESTRADAS RURAIS,,Curitiba,PR,True,,,,1,AMEP - Agência de Assuntos Metropolitanos do Paraná (Antigo COMEC),96850536.0,07820337000194-2-000010/2024,AMEP - Agência de Assuntos Metropolitanos do Paraná (Antigo COMEC),REVIEW_REQUIRED,"Estamos analisando contratos públicos de obras com interregno anual já transcorrido e identificamos que este instrumento merece conferência da cláusula de reajuste. Para confirmar eventual valor, seria necessário examinar contrato, orçamento, medições e apostilas.","Estamos analisando contratos públicos de obras com interregno anual já transcorrido e identificamos que este instrumento merece conferência da cláusula de reajuste. Para confirmar eventual valor, seria necessário examinar contrato, orçamento, medições e apostilas.","Revisão documental: regime, data-base, índice e execução.","Saldo/medições indisponíveis — valor sobre total é teto teórico, não valor devido. | indice_contratual_ausente — não aplicar IPCA/INCC/SINAPI por plausibilidade",,,,False
105,DOCUMENT_REQUEST_CANDIDATE,NACIONAL,19.56,54474530000109,CONSORCIO HECA/CAMEL- DRENAGEM ZONA DE EXPANSAO,,Aracaju,SE,False,,,,1,SEMINFRA-Secretaria Municipal da Infraestrutura de Aracaju-SE,165687366.18,13128780010083-2-000006/2024,SEMINFRA-Secretaria Municipal da Infraestrutura de Aracaju-SE,REVIEW_REQUIRED,"Estamos analisando contratos públicos de obras com interregno anual já transcorrido e identificamos que este instrumento merece conferência da cláusula de reajuste. Para confirmar eventual valor, seria necessário examinar contrato, orçamento, medições e apostilas.","Estamos analisando contratos públicos de obras com interregno anual já transcorrido e identificamos que este instrumento merece conferência da cláusula de reajuste. Para confirmar eventual valor, seria necessário examinar contrato, orçamento, medições e apostilas.","Revisão documental: regime, data-base, índice e execução.","Saldo/medições indisponíveis — valor sobre total é teto teórico, não valor devido. | indice_contratual_ausente — não aplicar IPCA/INCC/SINAPI por plausibilidade",,,,False
106,DOCUMENT_REQUEST_CANDIDATE,SUL_SC_PRIORITY,19.53,58617019000161,CONSORCIO NOVO IVAI,,CURITIBA,PR,True,4212000 - Construção de obras de arte especiais,ATIVA,,1,DER - Departamento de Estradas de Rodagem do Estado do Paraná,71592000.0,76669324000189-2-000004/2025,DER - Departamento de Estradas de Rodagem do Estado do Paraná,REVIEW_REQUIRED,"Estamos analisando contratos públicos de obras com interregno anual já transcorrido e identificamos que este instrumento merece conferência da cláusula de reajuste. Para confirmar eventual valor, seria necessário examinar contrato, orçamento, medições e apostilas.","Estamos analisando contratos públicos de obras com interregno anual já transcorrido e identificamos que este instrumento merece conferência da cláusula de reajuste. Para confirmar eventual valor, seria necessário examinar contrato, orçamento, medições e apostilas.","Revisão documental: regime, data-base, índice e execução.","Saldo/medições indisponíveis — valor sobre total é teto teórico, não valor devido. | indice_contratual_ausente — não aplicar IPCA/INCC/SINAPI por plausibilidade",,,,False
107,DOCUMENT_REQUEST_CANDIDATE,NACIONAL,19.46,54900375000137,Consorcio Cavalca / Agrimat / Projecta,,Cuiabá,MT,False,,,,1,SECRETARIA DE ESTADO DE INFRA-ESTRUTURA,145274434.05,03507415002279-2-000034/2024,SECRETARIA DE ESTADO DE INFRA-ESTRUTURA,REVIEW_REQUIRED,"Estamos analisando contratos públicos de obras com interregno anual já transcorrido e identificamos que este instrumento merece conferência da cláusula de reajuste. Para confirmar eventual valor, seria necessário examinar contrato, orçamento, medições e apostilas.","Estamos analisando contratos públicos de obras com interregno anual já transcorrido e identificamos que este instrumento merece conferência da cláusula de reajuste. Para confirmar eventual valor, seria necessário examinar contrato, orçamento, medições e apostilas.","Revisão documental: regime, data-base, índice e execução.","Saldo/medições indisponíveis — valor sobre total é teto teórico, não valor devido. | indice_contratual_ausente — não aplicar IPCA/INCC/SINAPI por plausibilidade",,,,False
108,DOCUMENT_REQUEST_CANDIDATE,NACIONAL,19.46,54943401000104,Consorcio Vale do Canama,,Cuiabá,MT,False,,,,2,SECRETARIA DE ESTADO DE INFRA-ESTRUTURA,315318794.73,03507415002279-2-000037/2024,SECRETARIA DE ESTADO DE INFRA-ESTRUTURA,REVIEW_REQUIRED,"Estamos analisando contratos públicos de obras com interregno anual já transcorrido e identificamos que este instrumento merece conferência da cláusula de reajuste. Para confirmar eventual valor, seria necessário examinar contrato, orçamento, medições e apostilas.","Estamos analisando contratos públicos de obras com interregno anual já transcorrido e identificamos que este instrumento merece conferência da cláusula de reajuste. Para confirmar eventual valor, seria necessário examinar contrato, orçamento, medições e apostilas.","Revisão documental: regime, data-base, índice e execução.","Saldo/medições indisponíveis — valor sobre total é teto teórico, não valor devido. | indice_contratual_ausente — não aplicar IPCA/INCC/SINAPI por plausibilidade",,,,False
109,DOCUMENT_REQUEST_CANDIDATE,NACIONAL,19.46,79201539000169,CAVALCA CONSTRUCOES E MINERACAO LTDA,,Cuiabá,MT,False,,,,4,DEPARTAMENTO ESTADUAL ESTRADAS E RODAGEM - RO | PREFEITURA MUNICIPAL DE SORRISO - MT | SECRETARIA DE ESTADO DE INFRA-ESTRUTURA,190515870.49,03507415002279-2-000031/2024,SECRETARIA DE ESTADO DE INFRA-ESTRUTURA,REVIEW_REQUIRED,"Estamos analisando contratos públicos de obras com interregno anual já transcorrido e identificamos que este instrumento merece conferência da cláusula de reajuste. Para confirmar eventual valor, seria necessário examinar contrato, orçamento, medições e apostilas.","Estamos analisando contratos públicos de obras com interregno anual já transcorrido e identificamos que este instrumento merece conferência da cláusula de reajuste. Para confirmar eventual valor, seria necessário examinar contrato, orçamento, medições e apostilas.","Revisão documental: regime, data-base, índice e execução.","Saldo/medições indisponíveis — valor sobre total é teto teórico, não valor devido. | indice_contratual_ausente — não aplicar IPCA/INCC/SINAPI por plausibilidade",,,,False
110,DOCUMENT_REQUEST_CANDIDATE,NACIONAL,19.38,15062243000121,SEMEC SERVIÇOS DE ENGENHARIA E CONSTRUÇÕES LTDA,,Cuiabá,MT,False,,,,3,SECRETARIA DE ESTADO DE INFRA-ESTRUTURA,100551037.72,57356434000146-2-000003/2024,SECRETARIA DE ESTADO DE INFRA-ESTRUTURA,REVIEW_REQUIRED,"Estamos analisando contratos públicos de obras com interregno anual já transcorrido e identificamos que este instrumento merece conferência da cláusula de reajuste. Para confirmar eventual valor, seria necessário examinar contrato, orçamento, medições e apostilas.","Estamos analisando contratos públicos de obras com interregno anual já transcorrido e identificamos que este instrumento merece conferência da cláusula de reajuste. Para confirmar eventual valor, seria necessário examinar contrato, orçamento, medições e apostilas.","Revisão documental: regime, data-base, índice e execução.","Saldo/medições indisponíveis — valor sobre total é teto teórico, não valor devido. | indice_contratual_ausente — não aplicar IPCA/INCC/SINAPI por plausibilidade",,,,False
111,DOCUMENT_REQUEST_CANDIDATE,SUL_SC_PRIORITY,19.36,03716753000196,LONGUINI INDUSTRIA E COMERCIO DE PAVIMENTAÇOES LTDA,LONGUINI PAVIMENTACOES,CRUZEIRO DO OESTE,PR,True,"4213800 - Obras de urbanização - ruas, praças e calçadas",ATIVA,,3,PREFEITURA MUNICIPAL DE TUNEIRAS DO OESTE | UNIDADE ADMINISTRATIVA | Unidade administrativa,18650900.0,95640553000115-2-000036/2024,UNIDADE ADMINISTRATIVA,REVIEW_REQUIRED,"Estamos analisando contratos públicos de obras com interregno anual já transcorrido e identificamos que este instrumento merece conferência da cláusula de reajuste. Para confirmar eventual valor, seria necessário examinar contrato, orçamento, medições e apostilas.","Estamos analisando contratos públicos de obras com interregno anual já transcorrido e identificamos que este instrumento merece conferência da cláusula de reajuste. Para confirmar eventual valor, seria necessário examinar contrato, orçamento, medições e apostilas.","Revisão documental: regime, data-base, índice e execução.","Saldo/medições indisponíveis — valor sobre total é teto teórico, não valor devido. | indice_contratual_ausente — não aplicar IPCA/INCC/SINAPI por plausibilidade",,,,False
112,DOCUMENT_REQUEST_CANDIDATE,SUL_SC_PRIORITY,19.31,80359771000109,SIAL CONSTRUCOES CIVIS LTDA.,,Porto Alegre,RS,True,,,,1,TRIBUNAL DE JUSTIÇA DO ESTADO DO RIO G.DO SUL,28148000.0,89522064000166-2-000317/2024,TRIBUNAL DE JUSTIÇA DO ESTADO DO RIO G.DO SUL,REVIEW_REQUIRED,"Estamos analisando contratos públicos de obras com interregno anual já transcorrido e identificamos que este instrumento merece conferência da cláusula de reajuste. Para confirmar eventual valor, seria necessário examinar contrato, orçamento, medições e apostilas.","Estamos analisando contratos públicos de obras com interregno anual já transcorrido e identificamos que este instrumento merece conferência da cláusula de reajuste. Para confirmar eventual valor, seria necessário examinar contrato, orçamento, medições e apostilas.","Revisão documental: regime, data-base, índice e execução.","Saldo/medições indisponíveis — valor sobre total é teto teórico, não valor devido. | indice_contratual_ausente — não aplicar IPCA/INCC/SINAPI por plausibilidade",,,,False
113,DOCUMENT_REQUEST_CANDIDATE,NACIONAL,19.26,22782061000190,TECPAV ENGENHARIA LTDA,,Valparaíso de Goiás,GO,False,,,,1,"SECRETARIA MUNICIPAL  DE INFRAESTRUTURA, HABITACAO E SERVICOS URBANOS",79294676.71,01616319000109-2-000031/2024,"SECRETARIA MUNICIPAL  DE INFRAESTRUTURA, HABITACAO E SERVICOS URBANOS",REVIEW_REQUIRED,"Estamos analisando contratos públicos de obras com interregno anual já transcorrido e identificamos que este instrumento merece conferência da cláusula de reajuste. Para confirmar eventual valor, seria necessário examinar contrato, orçamento, medições e apostilas.","Estamos analisando contratos públicos de obras com interregno anual já transcorrido e identificamos que este instrumento merece conferência da cláusula de reajuste. Para confirmar eventual valor, seria necessário examinar contrato, orçamento, medições e apostilas.","Revisão documental: regime, data-base, índice e execução.","Saldo/medições indisponíveis — valor sobre total é teto teórico, não valor devido. | indice_contratual_ausente — não aplicar IPCA/INCC/SINAPI por plausibilidade",,,,False
114,DOCUMENT_REQUEST_CANDIDATE,SUL_SC_PRIORITY,19.22,79957791000100,CONSTRUTORA ABAPAN LTDA.,,Porto Alegre,RS,True,,,,2,TRIBUNAL DE JUSTIÇA DO ESTADO DO RIO G.DO SUL,214039998.22,89522064000166-2-000357/2024,TRIBUNAL DE JUSTIÇA DO ESTADO DO RIO G.DO SUL,REVIEW_REQUIRED,"Estamos analisando contratos públicos de obras com interregno anual já transcorrido e identificamos que este instrumento merece conferência da cláusula de reajuste. Para confirmar eventual valor, seria necessário examinar contrato, orçamento, medições e apostilas.","Estamos analisando contratos públicos de obras com interregno anual já transcorrido e identificamos que este instrumento merece conferência da cláusula de reajuste. Para confirmar eventual valor, seria necessário examinar contrato, orçamento, medições e apostilas.","Revisão documental: regime, data-base, índice e execução.","Saldo/medições indisponíveis — valor sobre total é teto teórico, não valor devido. | indice_contratual_ausente — não aplicar IPCA/INCC/SINAPI por plausibilidade",,,,False
115,DOCUMENT_REQUEST_CANDIDATE,NACIONAL,19.16,07522669000192,NEOENERGIA DISTRIBUICAO BRASILIA S.A.,,Brasília,DF,False,,,,3,CNPQ - ADMINISTRACAO CENTRAL | EDF - DEPARTAMENTO DE ESTRADAS DE RODAGEM | TRIBUNAL DE JUSTICA DO DISTRITO FEDERAL,156568829.55,33654831000136-2-000056/2024,CNPQ - ADMINISTRACAO CENTRAL,REVIEW_REQUIRED,"Estamos analisando contratos públicos de obras com interregno anual já transcorrido e identificamos que este instrumento merece conferência da cláusula de reajuste. Para confirmar eventual valor, seria necessário examinar contrato, orçamento, medições e apostilas.","Estamos analisando contratos públicos de obras com interregno anual já transcorrido e identificamos que este instrumento merece conferência da cláusula de reajuste. Para confirmar eventual valor, seria necessário examinar contrato, orçamento, medições e apostilas.","Revisão documental: regime, data-base, índice e execução.","Saldo/medições indisponíveis — valor sobre total é teto teórico, não valor devido. | indice_contratual_ausente — não aplicar IPCA/INCC/SINAPI por plausibilidade",,,,False
116,DOCUMENT_REQUEST_CANDIDATE,NACIONAL,19.08,14657562000117,MCS ENGENHARIA E CONSTRUCAO LTDA,,João Pessoa,PB,False,,,,2,CIA DE DESENV. DO VALE DO SAO FRANCISCO-DF | DEPARTAMENTO DE ESTRADAS DE RODAGEM,54005000.0,09122706000109-2-000012/2024,DEPARTAMENTO DE ESTRADAS DE RODAGEM,REVIEW_REQUIRED,"Estamos analisando contratos públicos de obras com interregno anual já transcorrido e identificamos que este instrumento merece conferência da cláusula de reajuste. Para confirmar eventual valor, seria necessário examinar contrato, orçamento, medições e apostilas.","Estamos analisando contratos públicos de obras com interregno anual já transcorrido e identificamos que este instrumento merece conferência da cláusula de reajuste. Para confirmar eventual valor, seria necessário examinar contrato, orçamento, medições e apostilas.","Revisão documental: regime, data-base, índice e execução.","Saldo/medições indisponíveis — valor sobre total é teto teórico, não valor devido. | indice_contratual_ausente — não aplicar IPCA/INCC/SINAPI por plausibilidade",,,,False
117,DOCUMENT_REQUEST_CANDIDATE,NACIONAL,18.91,47342104000148,BRUCKE ENGENHARIA LTDA,,Ananindeua,PA,False,,,,3,Secretaria Municipal de Saneamento e Infraestrutura,140649682.26,05058441000168-2-000018/2024,Secretaria Municipal de Saneamento e Infraestrutura,REVIEW_REQUIRED,"Estamos analisando contratos públicos de obras com interregno anual já transcorrido e identificamos que este instrumento merece conferência da cláusula de reajuste. Para confirmar eventual valor, seria necessário examinar contrato, orçamento, medições e apostilas.","Estamos analisando contratos públicos de obras com interregno anual já transcorrido e identificamos que este instrumento merece conferência da cláusula de reajuste. Para confirmar eventual valor, seria necessário examinar contrato, orçamento, medições e apostilas.","Revisão documental: regime, data-base, índice e execução.","Saldo/medições indisponíveis — valor sobre total é teto teórico, não valor devido. | indice_contratual_ausente — não aplicar IPCA/INCC/SINAPI por plausibilidade",,,,False
118,DOCUMENT_REQUEST_CANDIDATE,NACIONAL,18.91,57978943000100,CONSÓRCIO CONSTRUTOR JUAZEIRO I,,Juazeiro do Norte,CE,False,,,,1,PREFEITURA MUNICIPAL DE JUAZEIRO DO NORTE - CE,172243340.1,07974082000114-2-000201/2024,PREFEITURA MUNICIPAL DE JUAZEIRO DO NORTE - CE,REVIEW_REQUIRED,"Estamos analisando contratos públicos de obras com interregno anual já transcorrido e identificamos que este instrumento merece conferência da cláusula de reajuste. Para confirmar eventual valor, seria necessário examinar contrato, orçamento, medições e apostilas.","Estamos analisando contratos públicos de obras com interregno anual já transcorrido e identificamos que este instrumento merece conferência da cláusula de reajuste. Para confirmar eventual valor, seria necessário examinar contrato, orçamento, medições e apostilas.","Revisão documental: regime, data-base, índice e execução.","Saldo/medições indisponíveis — valor sobre total é teto teórico, não valor devido. | indice_contratual_ausente — não aplicar IPCA/INCC/SINAPI por plausibilidade",,,,False
119,DOCUMENT_REQUEST_CANDIDATE,SUL_SC_PRIORITY,18.88,46124583000163,INTELICITY INFORMATICA RASTREAMENTO E TELEMETRIA LTDA,,Porto Alegre,RS,True,,,,3,PMSP - SECRETARIA DAS PREFEITURAS REGIONAIS | PMSP- SECRETARIA MUNICIPAL DAS SUBPREFEITURAS | SMSURB - Secretaria Municipal de Serviços Urbanos,20489567.04,92963560000160-2-000177/2024,SMSURB - Secretaria Municipal de Serviços Urbanos,REVIEW_REQUIRED,"Estamos analisando contratos públicos de obras com interregno anual já transcorrido e identificamos que este instrumento merece conferência da cláusula de reajuste. Para confirmar eventual valor, seria necessário examinar contrato, orçamento, medições e apostilas.","Estamos analisando contratos públicos de obras com interregno anual já transcorrido e identificamos que este instrumento merece conferência da cláusula de reajuste. Para confirmar eventual valor, seria necessário examinar contrato, orçamento, medições e apostilas.","Revisão documental: regime, data-base, índice e execução.","Saldo/medições indisponíveis — valor sobre total é teto teórico, não valor devido. | indice_contratual_ausente — não aplicar IPCA/INCC/SINAPI por plausibilidade",,,,False
120,DOCUMENT_REQUEST_CANDIDATE,SUL_SC_PRIORITY,18.84,40099403000154,RCM CONSTRUÇÕES LTDA,,Forquilhinha,SC,True,,,,1,PREFEITURA MUNICIPAL DE FORQUILHINHA - SC,9000000.0,81531162000158-2-000231/2025,PREFEITURA MUNICIPAL DE FORQUILHINHA - SC,REVIEW_REQUIRED,"Estamos analisando contratos públicos de obras com interregno anual já transcorrido e identificamos que este instrumento merece conferência da cláusula de reajuste. Para confirmar eventual valor, seria necessário examinar contrato, orçamento, medições e apostilas.","Estamos analisando contratos públicos de obras com interregno anual já transcorrido e identificamos que este instrumento merece conferência da cláusula de reajuste. Para confirmar eventual valor, seria necessário examinar contrato, orçamento, medições e apostilas.","Revisão documental: regime, data-base, índice e execução.","Saldo/medições indisponíveis — valor sobre total é teto teórico, não valor devido. | indice_contratual_ausente — não aplicar IPCA/INCC/SINAPI por plausibilidade",,,,False
121,DOCUMENT_REQUEST_CANDIDATE,NACIONAL,18.82,03998919000104,SINDATA,,Atibaia,SP,False,,,,1,Prefeitura Municipal da Estância de Atibaia,22350000.0,45279635000108-2-000534/2023,Prefeitura Municipal da Estância de Atibaia,REVIEW_REQUIRED,"Estamos analisando contratos públicos de obras com interregno anual já transcorrido e identificamos que este instrumento merece conferência da cláusula de reajuste. Para confirmar eventual valor, seria necessário examinar contrato, orçamento, medições e apostilas.","Estamos analisando contratos públicos de obras com interregno anual já transcorrido e identificamos que este instrumento merece conferência da cláusula de reajuste. Para confirmar eventual valor, seria necessário examinar contrato, orçamento, medições e apostilas.","Revisão documental: regime, data-base, índice e execução.","Saldo/medições indisponíveis — valor sobre total é teto teórico, não valor devido. | indice_contratual_ausente — não aplicar IPCA/INCC/SINAPI por plausibilidade",,,,False
122,DOCUMENT_REQUEST_CANDIDATE,SUL_SC_PRIORITY,18.69,02491558000142,LOCALIZA VEICULOS ESPECIAIS S.A.,,Florianópolis,SC,True,,,,2,Policia Civil | Unidade Administrativa,11086079.25,07188579000107-2-000059/2024,Unidade Administrativa,REVIEW_REQUIRED,"Estamos analisando contratos públicos de obras com interregno anual já transcorrido e identificamos que este instrumento merece conferência da cláusula de reajuste. Para confirmar eventual valor, seria necessário examinar contrato, orçamento, medições e apostilas.","Estamos analisando contratos públicos de obras com interregno anual já transcorrido e identificamos que este instrumento merece conferência da cláusula de reajuste. Para confirmar eventual valor, seria necessário examinar contrato, orçamento, medições e apostilas.","Revisão documental: regime, data-base, índice e execução.","Saldo/medições indisponíveis — valor sobre total é teto teórico, não valor devido. | indice_contratual_ausente — não aplicar IPCA/INCC/SINAPI por plausibilidade",,,,False
123,DOCUMENT_REQUEST_CANDIDATE,NACIONAL,18.66,08439201000100,S N SINALIZADORA NACIONAL E SERVIÇOS LTDA,,Cuiabá,MT,False,,,,2,DEPARTAMENTO DE ESTRADAS DE RODAGEM | SECRETARIA DE ESTADO DE INFRA-ESTRUTURA,38109514.17,03507415002279-2-000052/2024,SECRETARIA DE ESTADO DE INFRA-ESTRUTURA,REVIEW_REQUIRED,"Estamos analisando contratos públicos de obras com interregno anual já transcorrido e identificamos que este instrumento merece conferência da cláusula de reajuste. Para confirmar eventual valor, seria necessário examinar contrato, orçamento, medições e apostilas.","Estamos analisando contratos públicos de obras com interregno anual já transcorrido e identificamos que este instrumento merece conferência da cláusula de reajuste. Para confirmar eventual valor, seria necessário examinar contrato, orçamento, medições e apostilas.","Revisão documental: regime, data-base, índice e execução.","Saldo/medições indisponíveis — valor sobre total é teto teórico, não valor devido. | indice_contratual_ausente — não aplicar IPCA/INCC/SINAPI por plausibilidade",,,,False
124,DOCUMENT_REQUEST_CANDIDATE,NACIONAL,18.65,04295026000165,POROS CONSTRUTORA LTDA,,Araguari,MG,False,,,,3,SECRETARIA DE INFRAESTRUTURA | SECRETARIA MUNICIPAL DE EDU. CULTURA - MG | SECRETARIA MUNICIPAL DE OBRAS E INFRAESTRUTURA,93407806.7,16829640000149-2-000002/2025,SECRETARIA DE INFRAESTRUTURA,REVIEW_REQUIRED,"Estamos analisando contratos públicos de obras com interregno anual já transcorrido e identificamos que este instrumento merece conferência da cláusula de reajuste. Para confirmar eventual valor, seria necessário examinar contrato, orçamento, medições e apostilas.","Estamos analisando contratos públicos de obras com interregno anual já transcorrido e identificamos que este instrumento merece conferência da cláusula de reajuste. Para confirmar eventual valor, seria necessário examinar contrato, orçamento, medições e apostilas.","Revisão documental: regime, data-base, índice e execução.","Saldo/medições indisponíveis — valor sobre total é teto teórico, não valor devido. | indice_contratual_ausente — não aplicar IPCA/INCC/SINAPI por plausibilidade",,,,False
125,DOCUMENT_REQUEST_CANDIDATE,SUL_SC_PRIORITY,18.62,00028986000108,ELEVADORES ATLAS SCHINDLER LTDA.,,Porto Alegre,RS,True,,,,1,UNIVERSIDADE FED. DE CIENCIAS DA SAUDE/RS,12848933.35,92967595000177-2-000003/2024,UNIVERSIDADE FED. DE CIENCIAS DA SAUDE/RS,REVIEW_REQUIRED,"Estamos analisando contratos públicos de obras com interregno anual já transcorrido e identificamos que este instrumento merece conferência da cláusula de reajuste. Para confirmar eventual valor, seria necessário examinar contrato, orçamento, medições e apostilas.","Estamos analisando contratos públicos de obras com interregno anual já transcorrido e identificamos que este instrumento merece conferência da cláusula de reajuste. Para confirmar eventual valor, seria necessário examinar contrato, orçamento, medições e apostilas.","Revisão documental: regime, data-base, índice e execução.","Saldo/medições indisponíveis — valor sobre total é teto teórico, não valor devido. | indice_contratual_ausente — não aplicar IPCA/INCC/SINAPI por plausibilidade",,,,False
126,DOCUMENT_REQUEST_CANDIDATE,SUL_SC_PRIORITY,18.54,12947501000169,PREVIBRAS SOLUCOES INDUSTRIAIS LTDA,PREVENCAO BRASIL,GRAVATAI,RS,True,4120400 - Construção de edifícios,ATIVA,,6,DIVISÃO DE COMPRAS E CONTRATOS | Departamento de Habitação | Município de Tapejara | Prefeitura Municipal de Esteio | SMPH -  DEPARTAMENTO DE HABITAÇÃO | SUPERINTENDÊNCIA DOS SERVIÇOS PENITENCIÁRIOS,57959512.0,17176399000169-2-000034/2024,SUPERINTENDÊNCIA DOS SERVIÇOS PENITENCIÁRIOS,REVIEW_REQUIRED,"Estamos analisando contratos públicos de obras com interregno anual já transcorrido e identificamos que este instrumento merece conferência da cláusula de reajuste. Para confirmar eventual valor, seria necessário examinar contrato, orçamento, medições e apostilas.","Estamos analisando contratos públicos de obras com interregno anual já transcorrido e identificamos que este instrumento merece conferência da cláusula de reajuste. Para confirmar eventual valor, seria necessário examinar contrato, orçamento, medições e apostilas.","Revisão documental: regime, data-base, índice e execução.","Saldo/medições indisponíveis — valor sobre total é teto teórico, não valor devido. | indice_contratual_ausente — não aplicar IPCA/INCC/SINAPI por plausibilidade",,,,False
127,DOCUMENT_REQUEST_CANDIDATE,SUL_SC_PRIORITY,18.23,79382412000193,CONSTRUTORA NUNES LTDA,,Forquilhinha,SC,True,,,,5,PREFEITURA MUNICIPAL DE CRICIÚMA - SC | PREFEITURA MUNICIPAL DE FORQUILHINHA - SC | PREFEITURA MUNICIPAL DE URUSSANGA - SC,32915000.0,81531162000158-2-000139/2024,PREFEITURA MUNICIPAL DE FORQUILHINHA - SC,REVIEW_REQUIRED,"Estamos analisando contratos públicos de obras com interregno anual já transcorrido e identificamos que este instrumento merece conferência da cláusula de reajuste. Para confirmar eventual valor, seria necessário examinar contrato, orçamento, medições e apostilas.","Estamos analisando contratos públicos de obras com interregno anual já transcorrido e identificamos que este instrumento merece conferência da cláusula de reajuste. Para confirmar eventual valor, seria necessário examinar contrato, orçamento, medições e apostilas.","Revisão documental: regime, data-base, índice e execução.","Saldo/medições indisponíveis — valor sobre total é teto teórico, não valor devido. | indice_contratual_ausente — não aplicar IPCA/INCC/SINAPI por plausibilidade",,,,False
128,DOCUMENT_REQUEST_CANDIDATE,NACIONAL,18.19,11655258000142,KONPAX CONSTRUCOES LTDA,KONPAX,FORTALEZA,CE,False,4120400 - Construção de edifícios,ATIVA,,2,DEPEN - DIRETORIA EXECUTIVA | SUPERINTENDÊNCIA DOS SERVIÇOS PENITENCIÁRIOS,60247614.510000005,17176399000169-2-000031/2024,SUPERINTENDÊNCIA DOS SERVIÇOS PENITENCIÁRIOS,REVIEW_REQUIRED,"Estamos analisando contratos públicos de obras com interregno anual já transcorrido e identificamos que este instrumento merece conferência da cláusula de reajuste. Para confirmar eventual valor, seria necessário examinar contrato, orçamento, medições e apostilas.","Estamos analisando contratos públicos de obras com interregno anual já transcorrido e identificamos que este instrumento merece conferência da cláusula de reajuste. Para confirmar eventual valor, seria necessário examinar contrato, orçamento, medições e apostilas.","Revisão documental: regime, data-base, índice e execução.","Saldo/medições indisponíveis — valor sobre total é teto teórico, não valor devido. | indice_contratual_ausente — não aplicar IPCA/INCC/SINAPI por plausibilidade",,,,False
129,DOCUMENT_REQUEST_CANDIDATE,SUL_SC_PRIORITY,18.18,00369046000182,BEL CONSTRUÇÕES - EPP,,Porto Alegre,RS,True,,,,1,TRIBUNAL DE JUSTIÇA DO ESTADO DO RIO G.DO SUL,7180000.0,89522064000166-2-000306/2024,TRIBUNAL DE JUSTIÇA DO ESTADO DO RIO G.DO SUL,REVIEW_REQUIRED,"Estamos analisando contratos públicos de obras com interregno anual já transcorrido e identificamos que este instrumento merece conferência da cláusula de reajuste. Para confirmar eventual valor, seria necessário examinar contrato, orçamento, medições e apostilas.","Estamos analisando contratos públicos de obras com interregno anual já transcorrido e identificamos que este instrumento merece conferência da cláusula de reajuste. Para confirmar eventual valor, seria necessário examinar contrato, orçamento, medições e apostilas.","Revisão documental: regime, data-base, índice e execução.","Saldo/medições indisponíveis — valor sobre total é teto teórico, não valor devido. | indice_contratual_ausente — não aplicar IPCA/INCC/SINAPI por plausibilidade",,,,False
130,DOCUMENT_REQUEST_CANDIDATE,NACIONAL,18.16,16502551000193,SITRAN SINALIZAÇÃO DE TRÂNSITO INDUSTRIAL LTDA.,SITRAN SIN DE TRANSITO IND LTDA ESTAB UNIFICADO,BELO HORIZONTE,MG,False,"4329104 - Montagem e instalação de sistemas e equipamentos de iluminação e sinalização em vias públicas, portos e aeroportos",ATIVA,,3,DER-MG/DG/CAMG | ESP - DEPTO. ESTRADAS DE RODAGEM-DER | SECRETARIA DE ESTADO DE INFRA-ESTRUTURA,65535436.349999994,03507415002279-2-000054/2024,SECRETARIA DE ESTADO DE INFRA-ESTRUTURA,REVIEW_REQUIRED,"Estamos analisando contratos públicos de obras com interregno anual já transcorrido e identificamos que este instrumento merece conferência da cláusula de reajuste. Para confirmar eventual valor, seria necessário examinar contrato, orçamento, medições e apostilas.","Estamos analisando contratos públicos de obras com interregno anual já transcorrido e identificamos que este instrumento merece conferência da cláusula de reajuste. Para confirmar eventual valor, seria necessário examinar contrato, orçamento, medições e apostilas.","Revisão documental: regime, data-base, índice e execução.","Saldo/medições indisponíveis — valor sobre total é teto teórico, não valor devido. | indice_contratual_ausente — não aplicar IPCA/INCC/SINAPI por plausibilidade",,,,False
131,DOCUMENT_REQUEST_CANDIDATE,NACIONAL,18.13,04879275000106,CONSTRUTORA TRIPOLO LTDA,,Cuiabá,MT,False,,,,5,AGESUL-Agência Estadual de Gestão de Empreendimentos de Campo Grande/MS | SECRETARIA DE ESTADO DE INFRA-ESTRUTURA,407593027.73999995,57356434000146-2-000004/2024,SECRETARIA DE ESTADO DE INFRA-ESTRUTURA,REVIEW_REQUIRED,"Estamos analisando contratos públicos de obras com interregno anual já transcorrido e identificamos que este instrumento merece conferência da cláusula de reajuste. Para confirmar eventual valor, seria necessário examinar contrato, orçamento, medições e apostilas.","Estamos analisando contratos públicos de obras com interregno anual já transcorrido e identificamos que este instrumento merece conferência da cláusula de reajuste. Para confirmar eventual valor, seria necessário examinar contrato, orçamento, medições e apostilas.","Revisão documental: regime, data-base, índice e execução.","Saldo/medições indisponíveis — valor sobre total é teto teórico, não valor devido. | indice_contratual_ausente — não aplicar IPCA/INCC/SINAPI por plausibilidade",,,,False
132,DOCUMENT_REQUEST_CANDIDATE,NACIONAL,18.12,60332319000146,S A PAULISTA DE CONSTRUCOES E COMERCIO,S.A. PAULISTA,SAO PAULO,SP,False,4211101 - Construção de rodovias e ferrovias,ATIVA,,1,DER/DI/GAO - COMPRAS,158500000.0,17309790000194-2-000157/2024,DER/DI/GAO - COMPRAS,REVIEW_REQUIRED,"Estamos analisando contratos públicos de obras com interregno anual já transcorrido e identificamos que este instrumento merece conferência da cláusula de reajuste. Para confirmar eventual valor, seria necessário examinar contrato, orçamento, medições e apostilas.","Estamos analisando contratos públicos de obras com interregno anual já transcorrido e identificamos que este instrumento merece conferência da cláusula de reajuste. Para confirmar eventual valor, seria necessário examinar contrato, orçamento, medições e apostilas.","Revisão documental: regime, data-base, índice e execução.","Saldo/medições indisponíveis — valor sobre total é teto teórico, não valor devido. | indice_contratual_ausente — não aplicar IPCA/INCC/SINAPI por plausibilidade",,,,False
133,DOCUMENT_REQUEST_CANDIDATE,NACIONAL,17.81,00507949000182,JATOBETON ENGENHARIA LTDA,,Recife,PE,False,,,,8,DEPARTAMENTO NACIONAL INFRAEST.DE TRANSPORTES | EMLURB - AUTARQUIA DE MANUTENÇÃO E LIMPEZA URBANA | SECRETARIA DE ESTADO DE INFRA-ESTRUTURA | SUP. REG. DO DNIT NO ESTADO DA PARAIBA | URB - AUTARQUIA DE URBANIZACAO DO RECIFE,90562252.05000001,11497013000134-2-000013/2024,EMLURB - AUTARQUIA DE MANUTENÇÃO E LIMPEZA URBANA,REVIEW_REQUIRED,"Estamos analisando contratos públicos de obras com interregno anual já transcorrido e identificamos que este instrumento merece conferência da cláusula de reajuste. Para confirmar eventual valor, seria necessário examinar contrato, orçamento, medições e apostilas.","Estamos analisando contratos públicos de obras com interregno anual já transcorrido e identificamos que este instrumento merece conferência da cláusula de reajuste. Para confirmar eventual valor, seria necessário examinar contrato, orçamento, medições e apostilas.","Revisão documental: regime, data-base, índice e execução.","Saldo/medições indisponíveis — valor sobre total é teto teórico, não valor devido. | indice_contratual_ausente — não aplicar IPCA/INCC/SINAPI por plausibilidade",,,,False
134,DOCUMENT_REQUEST_CANDIDATE,NACIONAL,17.8,42534963000115,FUNCHAL CONSTRUÇAO E SERVIÇOS LTDA.,,Campo Grande,MS,False,,,,3,AGESUL-Agência Estadual de Gestão de Empreendimentos de Campo Grande/MS | MUNICIPIO DE DOURADOS | PREFEITURA MUNICIPAL DE PORTO MURTINHO,47641085.97,15457856000168-2-000035/2025,AGESUL-Agência Estadual de Gestão de Empreendimentos de Campo Grande/MS,REVIEW_REQUIRED,"Estamos analisando contratos públicos de obras com interregno anual já transcorrido e identificamos que este instrumento merece conferência da cláusula de reajuste. Para confirmar eventual valor, seria necessário examinar contrato, orçamento, medições e apostilas.","Estamos analisando contratos públicos de obras com interregno anual já transcorrido e identificamos que este instrumento merece conferência da cláusula de reajuste. Para confirmar eventual valor, seria necessário examinar contrato, orçamento, medições e apostilas.","Revisão documental: regime, data-base, índice e execução.","Saldo/medições indisponíveis — valor sobre total é teto teórico, não valor devido. | indice_contratual_ausente — não aplicar IPCA/INCC/SINAPI por plausibilidade",,,,False
135,DOCUMENT_REQUEST_CANDIDATE,NACIONAL,17.73,17723933000100,SENGEL CONSTRUCOES LTDA E ST UNIF,,Belo Horizonte,MG,False,,,,2,SECRETARIA MUNICIPAL DE OBRAS E INFRAESTRUTURA,31928406.43,18715383000140-2-000439/2025,SECRETARIA MUNICIPAL DE OBRAS E INFRAESTRUTURA,REVIEW_REQUIRED,"Estamos analisando contratos públicos de obras com interregno anual já transcorrido e identificamos que este instrumento merece conferência da cláusula de reajuste. Para confirmar eventual valor, seria necessário examinar contrato, orçamento, medições e apostilas.","Estamos analisando contratos públicos de obras com interregno anual já transcorrido e identificamos que este instrumento merece conferência da cláusula de reajuste. Para confirmar eventual valor, seria necessário examinar contrato, orçamento, medições e apostilas.","Revisão documental: regime, data-base, índice e execução.","Saldo/medições indisponíveis — valor sobre total é teto teórico, não valor devido. | indice_contratual_ausente — não aplicar IPCA/INCC/SINAPI por plausibilidade",,,,False
136,DOCUMENT_REQUEST_CANDIDATE,NACIONAL,17.44,08594071000171,ENGELEC - ENGENHARIA ELÉTRICA E CIVIL LTDA,ENGELEC - ENGENHARIA ELETRICA E CIVIL - LTDA-ME,CAMPO GRANDE,MS,False,7112000 - Serviços de engenharia,ATIVA,,3,SENADO FEDERAL | UEM - Universidade Estadual de Maringá | UTFPR - CAMPUS PONTA GROSSA,49037258.42,79151312000156-2-000168/2024,UEM - Universidade Estadual de Maringá,REVIEW_REQUIRED,"Estamos analisando contratos públicos de obras com interregno anual já transcorrido e identificamos que este instrumento merece conferência da cláusula de reajuste. Para confirmar eventual valor, seria necessário examinar contrato, orçamento, medições e apostilas.","Estamos analisando contratos públicos de obras com interregno anual já transcorrido e identificamos que este instrumento merece conferência da cláusula de reajuste. Para confirmar eventual valor, seria necessário examinar contrato, orçamento, medições e apostilas.","Revisão documental: regime, data-base, índice e execução.","Saldo/medições indisponíveis — valor sobre total é teto teórico, não valor devido. | indice_contratual_ausente — não aplicar IPCA/INCC/SINAPI por plausibilidade",,,,False
137,DOCUMENT_REQUEST_CANDIDATE,NACIONAL,17.42,03006548000137,COSAMPA CONSTRUÇÕES LTDA,COSAMPA CONSTRUCOES,MARACANAU,CE,False,4211101 - Construção de rodovias e ferrovias,ATIVA,,15,AGESUL-Agência Estadual de Gestão de Empreendimentos de Campo Grande/MS | DEPARTAMENTO DE ESTRADAS DE RODAGEM | DER - Departamento de Estradas de Rodagem do Estado do Paraná | ERN - SECRETARA DE ESTADO DA INFRAESTRUTURA | PROMORAR RECIFE | SECRETARIA DE ESTADO DA INFRAESTRUTURA RN | SECRETARIA DE INFRAESTRUTURA | SUP. REGIONAL DO DNIT NO ESTADO DO CEARA,954281216.71,09122706000109-2-000006/2025,DEPARTAMENTO DE ESTRADAS DE RODAGEM,REVIEW_REQUIRED,"Estamos analisando contratos públicos de obras com interregno anual já transcorrido e identificamos que este instrumento merece conferência da cláusula de reajuste. Para confirmar eventual valor, seria necessário examinar contrato, orçamento, medições e apostilas.","Estamos analisando contratos públicos de obras com interregno anual já transcorrido e identificamos que este instrumento merece conferência da cláusula de reajuste. Para confirmar eventual valor, seria necessário examinar contrato, orçamento, medições e apostilas.","Revisão documental: regime, data-base, índice e execução.","Saldo/medições indisponíveis — valor sobre total é teto teórico, não valor devido. | indice_contratual_ausente — não aplicar IPCA/INCC/SINAPI por plausibilidade",,,,False
138,DOCUMENT_REQUEST_CANDIDATE,NACIONAL,17.4,23877567000146,FORTIZ ENGENHARIA LTDA,FORTIZ ENGENHARIA,SANTO ANDRE,SP,False,4120400 - Construção de edifícios,ATIVA,,1,CÂMARA MUNICIPAL DE ARAÇARIGUAMA,12413360.0,58987637000101-2-000007/2024,CÂMARA MUNICIPAL DE ARAÇARIGUAMA,REVIEW_REQUIRED,"Estamos analisando contratos públicos de obras com interregno anual já transcorrido e identificamos que este instrumento merece conferência da cláusula de reajuste. Para confirmar eventual valor, seria necessário examinar contrato, orçamento, medições e apostilas.","Estamos analisando contratos públicos de obras com interregno anual já transcorrido e identificamos que este instrumento merece conferência da cláusula de reajuste. Para confirmar eventual valor, seria necessário examinar contrato, orçamento, medições e apostilas.","Revisão documental: regime, data-base, índice e execução.","Saldo/medições indisponíveis — valor sobre total é teto teórico, não valor devido. | indice_contratual_ausente — não aplicar IPCA/INCC/SINAPI por plausibilidade",,,,False
139,DOCUMENT_REQUEST_CANDIDATE,NACIONAL,17.23,27406174000105,MEXUM ENGENHARIA E CONSTRUCOES LTDA,,Cuiabá,MT,False,,,,1,SECRETARIA DE ESTADO DE EDUCAÇÃO,8892424.8,03507415000810-2-000011/2025,SECRETARIA DE ESTADO DE EDUCAÇÃO,REVIEW_REQUIRED,"Estamos analisando contratos públicos de obras com interregno anual já transcorrido e identificamos que este instrumento merece conferência da cláusula de reajuste. Para confirmar eventual valor, seria necessário examinar contrato, orçamento, medições e apostilas.","Estamos analisando contratos públicos de obras com interregno anual já transcorrido e identificamos que este instrumento merece conferência da cláusula de reajuste. Para confirmar eventual valor, seria necessário examinar contrato, orçamento, medições e apostilas.","Revisão documental: regime, data-base, índice e execução.","Saldo/medições indisponíveis — valor sobre total é teto teórico, não valor devido. | indice_contratual_ausente — não aplicar IPCA/INCC/SINAPI por plausibilidade",,,,False
140,DOCUMENT_REQUEST_CANDIDATE,SUL_SC_PRIORITY,17.16,50391649000159,J. M. D. CONSTRUTORA LTDA,,Lupionópolis,PR,True,,,,1,PREFEITURA MUNICIPAL LUPIONÓPOLIS - PR,5385000.0,75845511000103-2-000002/2024,PREFEITURA MUNICIPAL LUPIONÓPOLIS - PR,REVIEW_REQUIRED,"Estamos analisando contratos públicos de obras com interregno anual já transcorrido e identificamos que este instrumento merece conferência da cláusula de reajuste. Para confirmar eventual valor, seria necessário examinar contrato, orçamento, medições e apostilas.","Estamos analisando contratos públicos de obras com interregno anual já transcorrido e identificamos que este instrumento merece conferência da cláusula de reajuste. Para confirmar eventual valor, seria necessário examinar contrato, orçamento, medições e apostilas.","Revisão documental: regime, data-base, índice e execução.","Saldo/medições indisponíveis — valor sobre total é teto teórico, não valor devido. | indice_contratual_ausente — não aplicar IPCA/INCC/SINAPI por plausibilidade",,,,False
141,DOCUMENT_REQUEST_CANDIDATE,NACIONAL,17.01,00091707000150,INTERVIA CONSULTORIA E PROJETOS LTDA,,Aracaju,SE,False,,,,2,SEMINFRA-Secretaria Municipal da Infraestrutura de Aracaju-SE | SUP. REG. DO DNIT NO ESTADO DE MINAS GERAIS,60293406.160000004,13128780010083-2-000015/2024,SEMINFRA-Secretaria Municipal da Infraestrutura de Aracaju-SE,REVIEW_REQUIRED,"Estamos analisando contratos públicos de obras com interregno anual já transcorrido e identificamos que este instrumento merece conferência da cláusula de reajuste. Para confirmar eventual valor, seria necessário examinar contrato, orçamento, medições e apostilas.","Estamos analisando contratos públicos de obras com interregno anual já transcorrido e identificamos que este instrumento merece conferência da cláusula de reajuste. Para confirmar eventual valor, seria necessário examinar contrato, orçamento, medições e apostilas.","Revisão documental: regime, data-base, índice e execução.","Saldo/medições indisponíveis — valor sobre total é teto teórico, não valor devido. | indice_contratual_ausente — não aplicar IPCA/INCC/SINAPI por plausibilidade",,,,False
142,DOCUMENT_REQUEST_CANDIDATE,NACIONAL,16.71,04855314000127,FULL TEC ENGENHARIA LTDA,,NITEROI,RJ,False,4399103 - Obras de alvenaria,ATIVA,,2,ASSEMBLEIA LEG DO EST DO RIO GRANDE DO SUL | ASSEMBLEIA LEGISLATIVA DO ESTADO DO RIO GRANDE DO SUL ASSEMBLEIA LEGISLATIVA DO ESTADO DO RIO GRANDE,16240055.620000001,88243688000181-2-000016/2024,ASSEMBLEIA LEG DO EST DO RIO GRANDE DO SUL,REVIEW_REQUIRED,"Estamos analisando contratos públicos de obras com interregno anual já transcorrido e identificamos que este instrumento merece conferência da cláusula de reajuste. Para confirmar eventual valor, seria necessário examinar contrato, orçamento, medições e apostilas.","Estamos analisando contratos públicos de obras com interregno anual já transcorrido e identificamos que este instrumento merece conferência da cláusula de reajuste. Para confirmar eventual valor, seria necessário examinar contrato, orçamento, medições e apostilas.","Revisão documental: regime, data-base, índice e execução.","Saldo/medições indisponíveis — valor sobre total é teto teórico, não valor devido. | indice_contratual_ausente — não aplicar IPCA/INCC/SINAPI por plausibilidade",,,,False
143,DOCUMENT_REQUEST_CANDIDATE,NACIONAL,16.59,17210063000175,CONSOL - ENGENHEIROS CONSULTORES LTDA,CONSOL,BELO HORIZONTE,MG,False,7112000 - Serviços de engenharia,ATIVA,,3,COMPRAS | SECRETARIA DE ESTADO DE INFRA-ESTRUTURA,17432802.25,03507415002279-2-000049/2024,SECRETARIA DE ESTADO DE INFRA-ESTRUTURA,REVIEW_REQUIRED,"Estamos analisando contratos públicos de obras com interregno anual já transcorrido e identificamos que este instrumento merece conferência da cláusula de reajuste. Para confirmar eventual valor, seria necessário examinar contrato, orçamento, medições e apostilas.","Estamos analisando contratos públicos de obras com interregno anual já transcorrido e identificamos que este instrumento merece conferência da cláusula de reajuste. Para confirmar eventual valor, seria necessário examinar contrato, orçamento, medições e apostilas.","Revisão documental: regime, data-base, índice e execução.","Saldo/medições indisponíveis — valor sobre total é teto teórico, não valor devido. | indice_contratual_ausente — não aplicar IPCA/INCC/SINAPI por plausibilidade",,,,False
144,DOCUMENT_REQUEST_CANDIDATE,NACIONAL,16.45,66748955000130,ALMEIDA SAPATA ENGENHARIA E CONSTRUCOES LTDA,,SAO PAULO,SP,False,4120400 - Construção de edifícios,ATIVA,,6,"ESP-COORD. DE ADMINIST,CONTRATOS E CONVENIO | FUNDACAO C.A.S.A. - SEDE ADMINISTRACAO | MUNICIPIO DE CARAPICUIBA | PMSP - SUBPREFEITURA PARELHEIROS | PREFEITURA MUNICIPAL DE JUIZ DE FORA - MG",95460189.92999999,44892693000140-2-000011/2025,MUNICIPIO DE CARAPICUIBA,REVIEW_REQUIRED,"Estamos analisando contratos públicos de obras com interregno anual já transcorrido e identificamos que este instrumento merece conferência da cláusula de reajuste. Para confirmar eventual valor, seria necessário examinar contrato, orçamento, medições e apostilas.","Estamos analisando contratos públicos de obras com interregno anual já transcorrido e identificamos que este instrumento merece conferência da cláusula de reajuste. Para confirmar eventual valor, seria necessário examinar contrato, orçamento, medições e apostilas.","Revisão documental: regime, data-base, índice e execução.","Saldo/medições indisponíveis — valor sobre total é teto teórico, não valor devido. | indice_contratual_ausente — não aplicar IPCA/INCC/SINAPI por plausibilidade",,,,False
145,DOCUMENT_REQUEST_CANDIDATE,NACIONAL,16.37,01994654000140,HAFID CONSTRUTORA LTDA,,SAO PAULO,SP,False,4120400 - Construção de edifícios,ATIVA,,1,DEPARTAMENTO DE SAUDE,5880000.0,76169879000161-2-000064/2024,DEPARTAMENTO DE SAUDE,REVIEW_REQUIRED,"Estamos analisando contratos públicos de obras com interregno anual já transcorrido e identificamos que este instrumento merece conferência da cláusula de reajuste. Para confirmar eventual valor, seria necessário examinar contrato, orçamento, medições e apostilas.","Estamos analisando contratos públicos de obras com interregno anual já transcorrido e identificamos que este instrumento merece conferência da cláusula de reajuste. Para confirmar eventual valor, seria necessário examinar contrato, orçamento, medições e apostilas.","Revisão documental: regime, data-base, índice e execução.","Saldo/medições indisponíveis — valor sobre total é teto teórico, não valor devido. | indice_contratual_ausente — não aplicar IPCA/INCC/SINAPI por plausibilidade",,,,False
146,DOCUMENT_REQUEST_CANDIDATE,SUL_SC_PRIORITY,16.36,43630854000164,TEKENGE ENGENHARIA E CONSTRUCOES LTDA,TEKENGE,LONDRINA,PR,True,4120400 - Construção de edifícios,ATIVA,,3,Diretoria de Gestao de Licitacoes e Contratos -SMGP | SECID - Secretaria de Estado das Cidades (Antigo SEDU) | UEL - Universidade Estadual de Londrina,17351630.5,78640489000153-2-000121/2024,UEL - Universidade Estadual de Londrina,REVIEW_REQUIRED,"Estamos analisando contratos públicos de obras com interregno anual já transcorrido e identificamos que este instrumento merece conferência da cláusula de reajuste. Para confirmar eventual valor, seria necessário examinar contrato, orçamento, medições e apostilas.","Estamos analisando contratos públicos de obras com interregno anual já transcorrido e identificamos que este instrumento merece conferência da cláusula de reajuste. Para confirmar eventual valor, seria necessário examinar contrato, orçamento, medições e apostilas.","Revisão documental: regime, data-base, índice e execução.","Saldo/medições indisponíveis — valor sobre total é teto teórico, não valor devido. | indice_contratual_ausente — não aplicar IPCA/INCC/SINAPI por plausibilidade",,,,False
147,DOCUMENT_REQUEST_CANDIDATE,SUL_SC_PRIORITY,16.23,61112028000105,CONSORCIO ZANCANARO/DALBA/DUOVIAS,,PATO BRANCO,PR,True,4211101 - Construção de rodovias e ferrovias,ATIVA,,1,DER - Departamento de Estradas de Rodagem do Estado do Paraná,148900000.0,76669324000189-2-000106/2025,DER - Departamento de Estradas de Rodagem do Estado do Paraná,REVIEW_REQUIRED,"Estamos analisando contratos públicos de obras com interregno anual já transcorrido e identificamos que este instrumento merece conferência da cláusula de reajuste. Para confirmar eventual valor, seria necessário examinar contrato, orçamento, medições e apostilas.","Estamos analisando contratos públicos de obras com interregno anual já transcorrido e identificamos que este instrumento merece conferência da cláusula de reajuste. Para confirmar eventual valor, seria necessário examinar contrato, orçamento, medições e apostilas.","Revisão documental: regime, data-base, índice e execução.","Saldo/medições indisponíveis — valor sobre total é teto teórico, não valor devido. | indice_contratual_ausente — não aplicar IPCA/INCC/SINAPI por plausibilidade",,,,False
148,DOCUMENT_REQUEST_CANDIDATE,NACIONAL,16.11,35467604000127,ESTRATEGICA ENGENHARIA LTDA,ESTRATEGICA ENGENHARIA,SAO PAULO,SP,False,7112000 - Serviços de engenharia,ATIVA,,5,DEPARTAMENTO DE ESTRADAS DE RODAGEM | SECRETARIA DE ESTADO DO DESENVOLVIMENTO URBANO E INFRAESTRUTURA | SUP. REG. DO DNIT NO ESTADO DE SERGIPE | SUP. REG. DO DNIT NO ESTADO DO PIAUI | SUP. REGIONAL DO DNIT NO ESTADO DE PERNAMBUCO,127441379.32000001,34841267000123-2-000003/2024,SECRETARIA DE ESTADO DO DESENVOLVIMENTO URBANO E INFRAESTRUTURA,REVIEW_REQUIRED,"Estamos analisando contratos públicos de obras com interregno anual já transcorrido e identificamos que este instrumento merece conferência da cláusula de reajuste. Para confirmar eventual valor, seria necessário examinar contrato, orçamento, medições e apostilas.","Estamos analisando contratos públicos de obras com interregno anual já transcorrido e identificamos que este instrumento merece conferência da cláusula de reajuste. Para confirmar eventual valor, seria necessário examinar contrato, orçamento, medições e apostilas.","Revisão documental: regime, data-base, índice e execução.","Saldo/medições indisponíveis — valor sobre total é teto teórico, não valor devido. | indice_contratual_ausente — não aplicar IPCA/INCC/SINAPI por plausibilidade",,,,False
149,DOCUMENT_REQUEST_CANDIDATE,NACIONAL,10.43,07689002000189,EMBRAER S.A.,,SAO JOSE DOS CAMPOS,SP,False,3041500 - Fabricação de aeronaves,ATIVA,,1,CENTRO TECNOLOGICO DO EXERCITO/RJ,102007992.0,00394452000103-2-007358/2024,CENTRO TECNOLOGICO DO EXERCITO/RJ,REVIEW_REQUIRED,"Estamos analisando contratos públicos de obras com interregno anual já transcorrido e identificamos que este instrumento merece conferência da cláusula de reajuste. Para confirmar eventual valor, seria necessário examinar contrato, orçamento, medições e apostilas.","Estamos analisando contratos públicos de obras com interregno anual já transcorrido e identificamos que este instrumento merece conferência da cláusula de reajuste. Para confirmar eventual valor, seria necessário examinar contrato, orçamento, medições e apostilas.","Revisão documental: regime, data-base, índice e execução.","Saldo/medições indisponíveis — valor sobre total é teto teórico, não valor devido. | indice_contratual_ausente — não aplicar IPCA/INCC/SINAPI por plausibilidade",,,,False
