contract_id,object_original,agency,uf,publication_date,snapshot_id,source_row_hash,stratum,reviewer_1_label,reviewer_1_reason,reviewer_2_label,reviewer_2_reason,adjudicated_label,adjudicator,reviewed_at
15609787000160-2-000003/2026,CONSTRUÇÃO DA EDIFICAÇÃO DO CEU DA CULTURA DO NOVO PAC NO MUNICÍPIO DE LARANJEIRAS/SE,FUNDAÇÃO DE CULTURA E ARTE APERIPÊ DE SERGIPE,SE,2026-07-03,confenge_commercial_pncp_supplier_contracts,02b3796cfbec08e06b209f2a765f9c1a095cf50ca45755ec76a797065061d602,engenharia_obras_claras,,,,,,,
83102293000145-2-000716/2026,"CONTRATAÇÃO DE EMPRESA, VIA REGISTRO DE PREÇOS, PARA PRESTAÇÃO DE SERVIÇOS DE CALCETEIRO, VISANDO A EXECUÇÃO DE REPAROS EM CALÇAMENTOS NAS DIVERSAS RUAS DO MUNICÍPIO (LAJOTA SEXTAVADA, PAVER INTERTRAVADO DE CONCRETO, PEDRA PARALELEPÍPEDO E MEIO-FIO CONCRETO) E PAVIMENTAÇÃO DE PEQUENAS ÁREAS NAS VIAS PÚBLICAS DO MUNICÍPIO DE CAMBORIÚ, CONFORME QUANTIDADES, NECESSIDADES E ESPECIFICAÇÕES CONSTANTES NO ESTUDO TÉCNICO PRELIMINAR, NO TERMO DE REFERÊNCIA E NOS DEMAIS DOCUMENTOS QUE CONSTITUEM O PROC...",SECRETARIA DE OBRAS E SERVIÇOS URBANOS,SC,2026-03-17,confenge_commercial_pncp_supplier_contracts,757cf364ed6cb2d5ce8ea97a68b14cd823d11b4dc6175a2602a506d6a8f185e3,engenharia_obras_claras,,,,,,,
07954480000179-2-011392/2026,AQUISIÇÃO - MATERIAL DE CONSUMO - MATERIAL QUÍMICO - EEMTI AYRES DE SOUSA - SOBRAL - CREDE 6,EEM AYRES DE SOUSA,CE,2026-04-29,confenge_commercial_pncp_supplier_contracts,6ff92f19e43d7243f2f380373c0a7348f5e42f2f432f1a22e912512377bf99da,engenharia_obras_claras,,,,,,,
12846471000102-2-000002/2026,"CONTRATACAO DE EMPRESA ESPECIALIZADA EM CONSTRUCAO CIVIL, OBJETIVANDO A REFORMA DA UNIDADE BASICA DE SAUDE PALMERA, LOCALIZADA NO DISTRITO CANAA, ZONA RURAL DO MUNICIPIO DE IPIXUNA DO PARA, EM CONFORMIDADE COM OS PROJETOS BASICOS, PLANILHAS ORCAMENTARIAS, MEMORIAIS DESCRITIVOS E CRONOGRAMAS FISICOS-FINANCEIROS.",FUNDO MUNICIPAL DE SAUDE DE IPIXUNA DO PARA,PA,2026-07-09,confenge_commercial_pncp_supplier_contracts,d2d090abb192fbee90574d3dc7b4474d5ed7e820e76f2e77ba4ca3fa3b9275a6,engenharia_obras_claras,,,,,,,
08173502000126-2-000011/2026,"Locação de uma máquina do tipo retroescavadeira hidráulica, sobre rodas, com carregadeira, acompanhada de operador devidamente habilitado e qualificado, destinada à execução de serviços de escavação, carga, transporte e movimentação de materiais diversos, a serem utilizados em obras e intervenções de infraestrutura, drenagem, terraplenagem e demais atividades correlatas, visando atender às necessidades da Prefeitura Municipal de Cerro Corá/RN, por meio da Secretaria Municipal de Agricultura e...",MUNICIPIO DE CERRO CORÁ,RN,2026-03-19,confenge_commercial_pncp_supplier_contracts,0024920ee360f967d48777c945539495fb79e12314c6002010460ee3b78daca6,engenharia_obras_claras,,,,,,,
64037815000128-2-000752/2026,"Aquisição de materiais de construção para uso em manutenções emergenciais de prédios públicos, obras de alvenaria entre outras necessidades da Secretaria Municipal de Serviços Públicos, através de SRP (Sistema de Registro de Preços).",SECRETARIA MUNICIPAL DE SERVIÇOS PÚBLICOS MUNICIPAIS,SP,2026-02-25,confenge_commercial_pncp_supplier_contracts,bacef0a8db738f101347d46deae9a77b232e0f064f678e82ca292ccd163ef9a2,engenharia_obras_claras,,,,,,,
76920800000192-2-000017/2026,"Contratação de empresa especializada para fornecimento de licença de uso (assinatura), implantação, treinamento, manutenção e suporte técnico de Sistema Informatizado de Pesquisa e Comparação de Preços de Mercado, denominado comercialmente SISTEMA TRAZ VALOR, em plataforma web (SaaS), a ser utilizado de forma integrada à Tabela/Tempário do SINDIREPA (Sistema “SOLUÇÕES AUTOMOTIVAS BSW LTDA), para fins de composição de preços de peças, insumos e mão de obra nos serviços de manutenção da frota m...",PREFEITURA MUNICIPAL DE WENCESLAU BRAZ - PR,PR,2026-02-25,confenge_commercial_pncp_supplier_contracts,bf19d857b920e3f796acc63e10f6bb5ce6d0168f46e4e06a86cc224573cb7dbd,engenharia_obras_claras,,,,,,,
09034960000147-2-000051/2026,EXECUÇÃO DOS SERVIÇOS DE PAVIMENTAÇÃO EM PARALELEPÍPEDO EM VIAS PÚBLICAS NO MUNICÍPIO DE PIO IX – PI.,EPI-INSTITUTO DE DESENVOLVIMENTO DO PIAUI,PI,2026-05-20,confenge_commercial_pncp_supplier_contracts,28a625947ba6dac1d5bdcdf6e8cc40c6f8c0967274d05399ddfede8cda7e8832,engenharia_obras_claras,,,,,,,
45371820000128-2-001280/2026,"REGISTRO DE PREÇOS PARA CONTRATAÇÃO DE EMPRESA ESPECIALIZADA PARA MANUTENÇÃO MECÂNICA DE TRATORES E IMPLEMENTOS ROÇADEIRAS, COM O FORNECIMENTO DE COMPONENTES, ACESSÓRIOS PEÇAS E PARTES E MÃO DE OBRA",PREFEITURA MUNICIPAL SERTÃOZINHO,SP,2026-04-27,confenge_commercial_pncp_supplier_contracts,14a0a1a4ac97f3e53855f1d939a5e60431ad4eadc9dc5f0e425989b9119f3e47,engenharia_obras_claras,,,,,,,
00396895000125-2-000366/2026,"O OBJETO DO PRESENTE INSTRUMENTO É A CONTRATAÇÃO DE SERVIÇOS CONTÍNUOS DE LIMPEZA E CONSERVAÇÃO PREDIAL COM FORNECIMENTO DE MATERIAIS E EQUIPAMENTOS NECESSÁRIOS AO DESEMPENHO DAS ATIVIDADES, A SEREM EXECUTADOS COM REGIME DE DEDICAÇÃO EXCLUSIVA DE MÃO DE OBRA, NAS CONDIÇÕES ESTABELECIDAS NO TERMO DE REFERÊNCIA.",SUPERINT.FEDERAL DE AGRIC.PECUARIA E ABASTEC.,TO,2026-06-25,confenge_commercial_pncp_supplier_contracts,b65b4f62f4f32a6fb74b3f8499573ce608a601cc7bcace7f92281a1453e2d80b,engenharia_obras_claras,,,,,,,
18094813000153-2-000001/2026,"CONTRATAÇÃO DE EMPRESA ESPECIALIZADA NO RAMO DA CONSTRUÇÃO CIVIL PARA EXECUÇÃO DA FASE DE ACABAMENTOS DA RODOVIÁRIA MUNICIPAL, COMPREENDENDO A REALIZAÇÃO DE TODOS OS SERVIÇOS NECESSÁRIOS À CONCLUSÃO DA OBRA",Unidade Única,MG,2026-03-30,confenge_commercial_pncp_supplier_contracts,3f50d43f8d3463772c997dced69addca029fb9796f78697aef4e001fffd8017a,engenharia_obras_claras,,,,,,,
09444530000101-2-000018/2026,"O objeto deste Instrumento consiste na Contratação de Pessoa Jurídica para a Prestação de Serviços Contínuos de Limpeza, Conservação e Jardinagem, com Regime de Dedicação Exclusiva de Mão de Obra (DEMO), incluindo o Fornecimento de Materiais, Insumos, Utensílios e Equipamentos necessários à perfeita execução das atividades, a serem executadas nas dependências dos imóveis utilizados pelo Tribunal de Justiça do Estado do Ceará (TJCE), na Capital e no Interior do Estado, no período de 12 (doze) ...",TRIBUNAL DE JUSTIÇA DO ESTADO DO CEARÁ,CE,2026-03-06,confenge_commercial_pncp_supplier_contracts,4c55e5f76125184a80ae6b0025fca29ff98403d3f36de02bef8e8fff6c64c410,engenharia_obras_claras,,,,,,,
00394460000141-2-000201/2026,"O OBJETO DO PRESENTE INSTRUMENTO É A CONTRATAÇÃO DE SERVIÇOS CONTINUADOS DE ASSINATURA DIGITAL DE SOLUÇÃO DE TECNOLOGIA DE ORGANIZAÇÃO E DISPONIBILIZAÇÃO DE INFORMAÇÕES JURÍDICAS PÚBLICAS E ABERTAS, DO PORTAL JUSBRASIL NO PLANO AVANÇADO, QUE PERMITE, ATRAVÉS DO ACESSO À PLATAFORMA JUSBRASIL (JUSBRASIL.COM.BR) (“PLATAFORMA”), CONSULTA, CÓPIA E DOWNLOAD DE JURISPRUDÊNCIAS, DIÁRIOS OFICIAIS, MODELOS E PEÇAS, ASSIM COMO A LEITURA DE OBRAS DOUTRINÁRIAS, A BUSCA POR CONTEÚDO DENTRO DAS OBRAS E A CÓ...",SUP.REGIONAL RECEITA FEDERAL DA 8A.RF/SP,SP,2026-04-17,confenge_commercial_pncp_supplier_contracts,0dfa086d84caa2b94b2f098ac2e5620a26840fc05caf3b0e82b03abfb0517198,engenharia_obras_claras,,,,,,,
04892707000100-2-000281/2026,"SUPERVISÃO DA ELABORAÇÃO DE PROJETOS BÁSICO E EXECUTIVO DE ENGENHARIA E A EXECUÇÃO DAS OBRAS DE IMPLANTAÇÃO E PAVIMENTAÇÃO DA RODOVIA BR-030/BA, LOTES 1 E 2 - LOTE 2.",DEPARTAMENTO NACIONAL INFRAEST.DE TRANSPORTES,DF,2026-05-15,confenge_commercial_pncp_supplier_contracts,423b0344cad24637f60a116093b6e29a329c230ff0f46441d9259afc62662553,engenharia_obras_claras,,,,,,,
28909604000174-2-000162/2026,"Reforma e ampliação da Unidade Básica de Saúde – UBS da Ponta do Ambrósio, localizada na Rua Antônio Luiz Araújo, nº 120, no
bairro Ponta do Ambrósio, em São Pedro da Aldeia, com o fornecimento de material e mão de obra",MRJ-PREFEITURA MUNICIPAL SÃO PEDRO DA ALDEIA,RJ,2026-06-25,confenge_commercial_pncp_supplier_contracts,ff55e7a90de800e7d0e7df8d582c0f947780d6b463291f0d9ed2165ca977ccea,engenharia_obras_claras,,,,,,,
76105576000185-2-000032/2026,"Contratação de empresa especializada para realizar a execução de obra de engenharia da implantação do BOSQUE DOS TROVADORES no bairro Nodari I, em Rio Branco do Sul.",DEPARTAMENTO DE ESPORTE E LAZER,PR,2026-03-27,confenge_commercial_pncp_supplier_contracts,538c4be3367dec19f1e1c5427cc0e298470ddb620169f09e2185b408f9853523,engenharia_obras_claras,,,,,,,
18585570000156-2-000051/2026,"[LICITANET] - CONTRATAÇÃO DO CIMINAS ATRAVÉS DO PROCESSO Nº 001/2026, CREDENCIAMENTO Nº 001/2026. CREDENCIAMENTO DE EMPRESAS , ENTIDADES E/OU INSTITUIÇÕES DE UTILIDADE PÚBLICA, SEM FINS LUCRATIVOS PARA PRESTAÇÃO DE SERVIÇOS DE ESTERILIZAÇÃO DE CÃES E GATOS EM CENTRO CIRURGICO MÓVEL (CASTRAMÓVEL) EM ATENDIMENTO  AOS ENTES CONSORCIADOS AO CIMINAS - CONSORCIO INTERFEDERATIVO DE MINAS GERAIS, EM ATENDIMENTO AS NECESSIDADES DO DEPARTAMENTO DE OBRAS E MEIO AMBIENTE DE PRATINHA/MG.",MUNICÍPIO DE PRATINHA/MG,MG,2026-06-23,confenge_commercial_pncp_supplier_contracts,33b8f7cf89e72bebd9bfa175472eaae8e73104d173b85af8aee78725f2399897,engenharia_obras_claras,,,,,,,
10783898000175-2-000057/2026,"CONTRATAÇÃO DE EMPRESA ESPECIALIZADA EM OBRAS E SERVIÇOS DE ENGENHARIA PARA A EXECUÇÃO DA CONSTRUÇÃO DO RESTAURANTE ESTUDANTIL DO CAMPUS SANTA LUZIA DO IFPB, NAS CONDIÇÕES ESTABELECIDAS NO INSTRUMENTO CONVOCATÓRIO.","INST.FED.DE EDUC.,CIENC.E TEC.DA PARAIBA",PB,2026-03-18,confenge_commercial_pncp_supplier_contracts,5ed1d0dfbacc5be04393f8a59cbc3627bdc1698e2bdedb0b47d79cc4f6d8ab9f,engenharia_obras_claras,,,,,,,
02296325000199-2-000420/2026,"A IMPORTANCIA QUE SE EMPENHA AQUISIÇÃO DE LUBRIFICANTES AUTOMOTIVOS PARA ATENDER A MOTONIVELADORA CATERPILLAR 120K E O CAMINHÃO PRENSA, PLACA NGE-5C85, PERTENCENTES À FROTA DA SECRETARIA MUNICIPAL DE TRANSPORTES, OBRAS, LIMPEZA E URBANISMO.",MUNICIPIO DE BRITANIA,GO,2026-03-09,confenge_commercial_pncp_supplier_contracts,89014d41be7cd28a4311a256d97fe32c1b574c33508675e0cc5f1d3096c22828,engenharia_obras_claras,,,,,,,
46068425000133-2-002100/2026,"- 15 latas com 18 litros de TINTA PARA PISOS E PAVIMENTOS; TIPO ACRILICA COM POLIMEROS, CONFORME NBR 12935; RESISTENTE A ABRASAO E INTEMPERIES; ACABAMENTO FOSCO, ANTIDERRAPANTE; PARA DEMARCACAO VIARIA; INDICADA PARA APLICACAO EM PAVIMENTOS BETUMINOSOS E DE CONCRETO; NA COR AMARELO NOTACAO MUNSELL 10 YR 7,5/14; COM TEMPO DE SECAGEM MAXIMO NO PICK-UP TIME (NBR 12033) DE 20 MINUTOS; FORNECIDA EM LATA OU GALAO;
- 16 latas com 18 litros de TINTA LATEX; DESEMPENHO PREMIUM, TIPO LATEX VINIL ACRILICA...",ESP-UNIVERSIDADE ESTADUAL DE CAMPINAS,SP,2026-03-16,confenge_commercial_pncp_supplier_contracts,05c0000de435f5641a287a01b3fdeb17acc2eed5bf40906dd5e104d93f3daa20,engenharia_obras_claras,,,,,,,
08095283000104-2-000013/2026,CONTRATAÇÃO DE PESSOAS JURÍDICAS VISANDO A PRESTAÇÃO DE SERVIÇOS DE MÃO DE OBRA NO ÂMBITO DA CONSTRUÇÃO CIVIL E SERVIÇOS URBANOS DESTINADOS AOS DIVERSOS SETORES DAS SECRETARIAS DA PREFEITURA MUNICIPAL DE JUCURUTU,PREFEITURA MUNICIPAL DE JUCURUTU,RN,2026-03-11,confenge_commercial_pncp_supplier_contracts,7e3e0ea50f6fe201df6a9c3f6d427ee1870e9b1b2381d101329eab8f325dd5c2,engenharia_obras_claras,,,,,,,
88199971000153-2-000235/2026,Contratacao dos servicos de manutencao predial  preventiva e corretiva para os Predios Municipais e infraestrutura urbana  como vias publicas  calcadas e equipamentos urbanos conforme a demanda e sem direito a exclusividade das empresas.,PREFEITURA MUNICIPAL,RS,2026-03-11,confenge_commercial_pncp_supplier_contracts,0d29076600887ac3a37d299229e9802ddf3faf884a5f6033d86214c7124916f1,engenharia_ambigua,,,,,,,
00697295007967-2-000007/2024,"Por força deste Contrato a CONTRATADA obriga-se a prestar ao CONTRATANTE os serviços de  Manutenção Predial, envolvendo reparo, adaptação e reforma em geral de acordo com o edital e seus anexos, o Projeto Básico e a proposta, constantes do PROCESSO, os quais estão rubricados pelas partes e passam a integrar o presente instrumento, como se nele estivessem transcritos.",MATERNIDADE DE REFERÃŠNCIA DA ZONA LESTE DE MANAUS _ ANA BRAGA,AM,2026-06-11,confenge_commercial_pncp_supplier_contracts,0580d74f3934781ce44367bcc9ca1d1a9a4b1901b9919288bb4a861a7ee20f2f,engenharia_ambigua,,,,,,,
88199971000153-2-000237/2026,Contratacao dos servicos de manutencao predial  preventiva e corretiva para os Predios Municipais e infraestrutura urbana  como vias publicas  calcadas e equipamentos urbanos conforme a demanda e sem direito a exclusividade das empresas.,PREFEITURA MUNICIPAL,RS,2026-03-11,confenge_commercial_pncp_supplier_contracts,1e256b368dd3071b4f9b042bd3f7323bb635c983d5947689cb4708915dbc3c4c,engenharia_ambigua,,,,,,,
01763614000198-2-002773/2026,"VALOR QUE SE EMPENHA PARA OCORRER COM DESPESA PRESTAÇÃO DE SERVIÇOS TÉCNICOS EM INFRAESTRUTURA DE REDE PARA MANUTENÇÃO DA REDE ESCOLAR INFANTIL - CMEI MANOELA ROSA, DECORRENTE DO PREGÃO ELETRÔNICO Nº016/2025 E ATA REGISTRO DE PREÇOS Nº015/2025.",FUNDO MUNICIPAL DE EDUCAÇÃO DE CAMPO ALE,GO,2026-07-10,confenge_commercial_pncp_supplier_contracts,ddd7a8d8e2da15222e0c8def750ce4dd62b96dd3c0a01722f6483dac68177332,engenharia_ambigua,,,,,,,
96291141000180-2-004680/2026,AQUISIÇÃO DE MATERIAIS PARA MANUTENÇÃO PREDIAL - COM ENTREGA IMEDIATA PARA REFORMA DO PRÉDIO DA SEDE DA COORDENADORIA DE EXECUÇÃO PENAL DA REGIÃO NORTE,ESP-DIVISÃO DE ADM. DA C.E.P.R. NORTE ESTADO,SP,2026-05-07,confenge_commercial_pncp_supplier_contracts,fa2986f71c0ad0b39ca9c1778c3db374e99457fa4e8e3085575de9b302b14a05,engenharia_ambigua,,,,,,,
96291141000180-2-004737/2026,AQUISIÇÃO DE MATERIAIS PARA MANUTENÇÃO PREDIAL - COM ENTREGA IMEDIATA PARA REFORMA DO PRÉDIO DA SEDE DA COORDENADORIA DE EXECUÇÃO PENAL DA REGIÃO NORTE.,ESP-DIVISÃO DE ADM. DA C.E.P.R. NORTE ESTADO,SP,2026-05-07,confenge_commercial_pncp_supplier_contracts,6ffdf09b960218a17ab775310099c5b80febaaf17c2b74a2e8d132dd04e388c5,engenharia_ambigua,,,,,,,
80874100000186-2-000051/2026,contratacao de servicos tecnicos especializados de assessoria e consultoria juridica destinados a revisao  atualizacao  reestruturacao e elaboracao do Codigo Tributario do Municipio de Bom Sucesso do Sul  com a finalidade de promover sua adequacao as diretrizes da reforma tributaria nacional  especialmente aquelas introduzidas pela Emenda Constitucional n  132 2023 e regulamentadas pela legislacao complementar subsequente  bem como de aperfeicoar os instrumentos de arrecadacao  fiscalizacao  cob,PREFEITURA MUNICIPAL,PR,2026-05-29,confenge_commercial_pncp_supplier_contracts,4c8ce5ba1f6ebd79f66456068feed703d63204a71a803f1dd3e2d6966c01cb7c,engenharia_ambigua,,,,,,,
20267427000168-2-000101/2026,"1.1.	Contratação de empresa especializada em aquisição de materiais para infraestrutura e manutenção predial destinados a suprir as necessidades das Unidades do Hospital da Vida e Unidade de Pronto Atendimento Dr. Afrânio Martins – UPA 24, geridas pela Fundação de Serviços de Saúde de Dourados – FUNSAUD conforme condições e exigências estabelecidas neste instrumento e nas condições estabelecidas no Termo de Referência.",MMS-FUNDAÇÃO SERVIÇOS DE SAÚDE DE DOURADOS,MS,2026-04-10,confenge_commercial_pncp_supplier_contracts,b266b5b7eaeaa523685e2b2295cc5ab36e3e8a506b7ce22418631f2bca408b81,engenharia_ambigua,,,,,,,
96291141000180-2-004693/2026,AQUISIÇÃO DE MATERIAIS PARA MANUTENÇÃO PREDIAL - COM ENTREGA IMEDIATA PARA REFORMA DO PRÉDIO DA SEDE DA COORDENADORIA DE EXECUÇÃO PENAL DA REGIÃO NORTE.,ESP-DIVISÃO DE ADM. DA C.E.P.R. NORTE ESTADO,SP,2026-05-07,confenge_commercial_pncp_supplier_contracts,2676e0833db55ff2395096bb82c0d5dcf6a80f7a93203bc967f509ec6b714ee9,engenharia_ambigua,,,,,,,
96291141000180-2-004684/2026,AQUISIÇÃO DE MATERIAIS PARA MANUTENÇÃO PREDIAL - COM ENTREGA IMEDIATA PARA REFORMA DO PRÉDIO DA SEDE DA COORDENADORIA DE EXECUÇÃO PENAL DA REGIÃO NORTE.,ESP-DIVISÃO DE ADM. DA C.E.P.R. NORTE ESTADO,SP,2026-05-07,confenge_commercial_pncp_supplier_contracts,1aa3900549ce466623067731ad81de8aefd31cb5759dc3be80486a6fd2c4c805,engenharia_ambigua,,,,,,,
06553861000183-2-000024/2026,"Contratação de empresa especializada para a prestação contínua de serviços técnicos de infraestrutura de telecomunicações, consistindo na recepção e retransmissão local de sinal digital de televisão aberta via satélite (padrão ISDB-T - Full HD), com programação de conteúdo informativo, campanhas de utilidade pública e abrangência regional para a população do Município de Piripiri - PI.",PREFEITURA MUNICIPAL DE PIRIPIRI - PI,PI,2026-07-23,confenge_commercial_pncp_supplier_contracts,2634a9d22b367a43d75cd16813ef7a280c76a765e4119fdf88e79057449dcf61,engenharia_ambigua,,,,,,,
01763606000141-2-000752/2025,"PRESTACAO DE SERVICOS TECNICOS ESPECIALIZADOS PARA AVALIACAO, MANUTENCAO E RECUPERACAO DE INFRAESTRUTURAS SUBTERRANEAS URBANAS, EM IPAMERI E SEUS DISTRITOS CONFORME A ATA DE REGISTRO DE PRECOS N.. 019/2025 DO PREGAO ELETRONICO N. 030/2025.","SEC MUN GESTAO ADM., FINANC PLANEJAMENTO",GO,2026-04-13,confenge_commercial_pncp_supplier_contracts,c7422038054feda15bc86d8cfc280223c36800b047d6687863d0c69ca07771eb,engenharia_ambigua,,,,,,,
01763606000141-2-000104/2026,"PRESTACAO DE SERVICOS TECNICOS ESPECIALIZADOS PARA AVALIACAO, MANUTENCAO E RECUPERACAO DE INFRAESTRUTURAS SUBTERRANEAS URBANAS, EM IPAMERI E SEUS DISTRITOS CONFORME A ATA DE REGISTRO DE PRECOS N.. 019/2025 DO PREGAO ELETRONICO N. 030/2025.","SEC MUN GESTAO ADM., FINANC PLANEJAMENTO",GO,2026-06-24,confenge_commercial_pncp_supplier_contracts,83e18e9ed6c7c0dc7953e42c4cffcf47a2a268ac1b26999443cc317965b7801d,engenharia_ambigua,,,,,,,
00509968000148-2-001258/2026,"CONTRATAÇÃO DE SERVIÇOS DE MANUTENÇÃO PREDIAL DE IMPERMEABILIZAÇÃO DE LAJES E RESERVATÓRIOS DAS EDIFICAÇÕES DO TRT 7ª REGIÃO NO ESTADO DO CEARÁ, POR EMPREITADA POR PREÇO UNITÁRIO, MEDIANTE SISTEMA DE REGISTRO DE PREÇOS VISANDO EVENTUAL CONTRATAÇÃO DE EMPRESA, REFERENTE À 2ª UTILIZAÇÃO DA ARP Nº 39/2025, GRUPO 1 – ITEM 2, VARA DO TRABALHO DE MARACANAÚ, NOS TERMOS E CONDIÇÕES ESTABELECIDAS NO EDITAL E SEUS ANEXOS.",TRIBUNAL REGIONAL DO TRABALHO DA 7A.REGIAO,CE,2026-05-27,confenge_commercial_pncp_supplier_contracts,3c81c6bc086923a2f391bdf8e8641347b3893f12824e3d3730b4d4fc49c48de3,engenharia_ambigua,,,,,,,
17516113000147-2-000120/2026,aquisição de materiais para realização de reformas e manutenção predial e reposição de estoque.,REG. PRECOS,MG,2026-05-06,confenge_commercial_pncp_supplier_contracts,71476f62581d34d34b9e3660d37a05c14f684bafdc1e4a506e4c45a012d3dc2b,engenharia_ambigua,,,,,,,
07598691000116-2-000571/2025,"CONTRATAÇÃO DA PRESTAÇÃO DE SERVIÇOS TÉCNICOS DE ASSESSORIA E CONSULTORIA PARA PRESTAÇÃO DE SERVIÇOS ADVOCATÍCIOS DE NATUREZA JURÍDICA VISANDO AUXILIAR NAS DEMANDAS DE ATUAÇÃO JUNTO AO SUPREMO TRIBUNAL FEDERAL - STF, SUPERIOR TRIBUNAL DE JUSTIÇA - STJ, TRIBUNAL SUPERIOR DO TRABALHO - TST, MINISTÉRIO PÚBLICO FEDERAL - MPF E TRIBUNAL DE CONTAS DA UNIÃO - TCU, JUNTO A SECRETARIA DE INFRAESTRUTURA E MEIO AMBIENTE DO MUNICÍPIO DE MASSAPÊ/CE",SECRETARIA DE INFRAESTRUTURA E MEIO AMBIENTE ,CE,2026-03-12,confenge_commercial_pncp_supplier_contracts,9fe63da04fe233efb3994ef7d606c7b3b3ee1aff107ee71ee21fc9c985b0fbb7,engenharia_ambigua,,,,,,,
03238631000131-2-000059/2026,"DISPENSA DE LICITAÇÃO PARA CONTRATAÇÃO DE PRESTAÇÃO DE SERVIÇOS TÉCNICOS ESPECIALIZADO, VISANDO DIAGNOSTICO, SANEAMENTO, REGULARIZAÇÃO E CONCILIAÇÃO DAS INFORMAÇÕES DO ESOCIAL DA PREF. MUN. DE PEIXOTO DE AZEVEDO-MT, REF. AO ANO-CALENDÁRIO 2025. EM ATEN. A",PREFEITURA MUNICIPAL DE PEIXOTO DE AZEVEDO - MT,MT,2026-06-18,confenge_commercial_pncp_supplier_contracts,f3e3373cdb148f0f41004e8fcc10fe20901edc06e3c78666cd0ad160ad0198d0,engenharia_ambigua,,,,,,,
96291141000180-2-004665/2026,AQUISIÇÃO DE MATERIAIS PARA MANUTENÇÃO PREDIAL - COM ENTREGA IMEDIATA PARA REFORMA DO PRÉDIO DA SEDE DA COORDENADORIA DE EXECUÇÃO PENAL DA REGIÃO NORTE.,ESP-DIVISÃO DE ADM. DA C.E.P.R. NORTE ESTADO,SP,2026-05-07,confenge_commercial_pncp_supplier_contracts,87e1a8a8d2d92636299c3e4ff7d42713d1b01a93a61f0b179a57cac281289af3,engenharia_ambigua,,,,,,,
07628844000120-2-000011/2026,"Prestação de serviços técnicos especializados de cerimonial com infraestrutura e apoio logístico necessário à organização do evento DPE Mulher, a ser realizado no dia 14 de março de 2026, no Núcleo Sede de Natal - Anexo I, em alusão ao Dia da Mulher, abrangendo os itens 09, 12 e 14 da Ata de Registro de Preços nº 28/2024-DPE/RN.",DEFENSORIA PÚBLICA DO ESTADO DO RN,RN,2026-03-16,confenge_commercial_pncp_supplier_contracts,1de161548602ff81cb0e9683d170a996475b5c75d07b0b3ea812185048d54bc5,engenharia_ambigua,,,,,,,
11408812000197-2-000001/2026,"Contratação de empresa especializada para a prestação de serviços técnicos de Auditoria em Tecnologia da Informação (TI), compreendendo a avaliação dos sistemas informatizados, da infraestrutura tecnológica, da segurança da informação, da governança de TI, dos controles internos, no âmbito da Autarquia Municipal de Ensino Superior de Goiana - AMESG",AUTARQUIA DO ENSINO SUPERIOR DE GOIANA - AMESG,PE,2026-03-17,confenge_commercial_pncp_supplier_contracts,f1150f6ef02d69a27abd8a3dbd54c55cd038cad087711bc78643eb9bbf51d298,engenharia_ambigua,,,,,,,
83026138000197-2-000143/2026,"CONTRATAÇÃO DE CARGAS DE ÁGUA PARA O ABASTECIMENTO DAS FAMÍLIAS RURAIS DO MUNICÍPIO, CONFORME A NECESSIDADE, COM A FINALIDADE DE GARANTIR O ACESSO A ÁGUA POTÁVEL, DEVIDO A AUSÊNCIA E DIFICULDADE NA OBTENÇÃO DE RECURSOS HÍDRICOS POTÁVEIS, EM FAMÍLIAS DE LINHA SÃO VALENTIM E NO DISTRITO DE ITAJUBÁ, E OUTRAS LOCALIDADES, ONDE NÃO HÁ ATENDIMENTO DA COMPANHIA CATARINENSE DE ÁGUAS E SANEAMENTO – CASAN, ASSIM É INDISPENSÁVEL O FORNECIMENTO PARA MANUTENÇÃO E GARANTIA DO RECURSO HÍDRICO AS FAMÍLIAS DE...",PREFEITURA MUNICIPAL DE DESCANSO - SC,SC,2026-03-23,confenge_commercial_pncp_supplier_contracts,263814ca36d856573b579fb1b8f0a067cbaa2928f4e37993628d357914e028e6,infraestrutura_urbana,,,,,,,
05853163000130-2-000697/2026,"AQUISIÇÃO DE MOTOCICLETAS PARA
ATENDER AS NECESSIDADES DO SERVIÇO DE SANEAMENTO AMBIENTAL DE MARABÁ",SERVIÇO DE SANEAMENTO AMBIENTAL DE MARABA-PA,PA,2026-07-09,confenge_commercial_pncp_supplier_contracts,f2ae3eab99f6c6509d6613e140cba6dc487d25b54df4a83ea40115e15d2c7bc1,infraestrutura_urbana,,,,,,,
44919918000104-2-000401/2026,"Registro de preços pelo prazo de 12 (doze) meses para aquisição de medicamentos (genéricos, similares ou éticos), de acordo com a requisição da secretaria municipal de saúde e saneamento, cujas quantidades e especificações constam do termo de referência (ANEXO I) do presente edital.",FUNDO MUNICIPAL DE SAÚDE,SP,2026-03-19,confenge_commercial_pncp_supplier_contracts,ac761f188c70607ac907d61872221442714bc2b4c9d5afc806437f6d8d8e721c,infraestrutura_urbana,,,,,,,
18295303000144-2-000034/2026,"CONTRATAÇÃO DE EMPRESA PARA PRESTAÇÃO DE SERVIÇOS DE ASSESSORAMENTO TÉCNICO E ADMINISTRATIVO ESPECIALIZADO, VISANDO Á ANÁLISE, RECLASSIFICAÇÃO E CORREÇÃO DAS UNIDADES CONSUMIDORAS DE ENERGIA ELÉTRICA, ÁGUA, ESGOTO E SANEAMENTO VIINCULADOS Á PREFEITURA MUNICIPAL DE MARIANA.",Unidade Única,MG,2026-04-22,confenge_commercial_pncp_supplier_contracts,5c1ec8bffe44897071b0b5f5e2b497370d230d5e9ff7de96fce3232231bafb6d,infraestrutura_urbana,,,,,,,
44919918000104-2-000133/2026,"Registro de preços pelo prazo de 12 (doze) meses para aquisição de medicamentos (genéricos, similares ou éticos), de acordo com a requisição da secretaria municipal de saúde e saneamento, cujas quantidades e especificações constam do termo de referência (ANEXO I) do presente edital.",FUNDO MUNICIPAL DE SAÚDE,SP,2026-03-19,confenge_commercial_pncp_supplier_contracts,b0c69c8a8c3dc68638bd157cf7335774e3233704712d6c74298d3355c8c19add,infraestrutura_urbana,,,,,,,
46476131000140-2-000061/2026,"AQUISIÇÃO DE DE HIDRÔMETROS, BOMBAS DE ÁGUA E DE ESGOTO PARA 
SECRETARIA DE SANEAMENTO BÁSICO. CONFORME ANEXO I. ENTREGA 
PARCELADA",Unidade Única,SP,2026-04-30,confenge_commercial_pncp_supplier_contracts,8a710a657e728ad94a78dfe0a0983438eb1259766e1898fc6cef123a55f379d9,infraestrutura_urbana,,,,,,,
12472734000152-2-000012/2026,Serviços de abastecimento de água e esgotamento sanitário prestados pela CASAL - COMPANHIA DE SANEAMENTO DE ALAGOAS,PROCURADORIA GERAL DE JUSTIÇA DE ALAGOAS,AL,2026-03-02,confenge_commercial_pncp_supplier_contracts,8ed530aad44390c06f1ef5fad257cd3ec608f380511ad6fdfd32131327fabb29,infraestrutura_urbana,,,,,,,
10277035000126-2-000003/2026,"Credenciamento de pessoas jurídicas e/ou físicas para prestação de serviços de Pedreiro, para atender as necessidades da Secretaria  municipal de Saúde e Saneamento deste município.",Fundo Municipal de Saúde,RN,2026-03-06,confenge_commercial_pncp_supplier_contracts,ad162e8cdc32a2db2383b68b82c8ef8675834dacdc0629500fed289a868c5779,infraestrutura_urbana,,,,,,,
45774064000188-2-000172/2024,CONTRATACAO DE EMPRESA PARA REVISAO DO PLANO MUNICIPAL DE SANEAMENTO,Prefeitura Municipal de Rio Claro,SP,2026-03-12,confenge_commercial_pncp_supplier_contracts,3d63aa0ac3db3fe3935d8718d9cdc60c564073602b1dcfb288eb60c3594f4e5f,infraestrutura_urbana,,,,,,,
60509015000101-2-000358/2026,"REFORMA DA REDE DE ESGOTO, INCLUINDO SUPRESSÃO DE ÁRVORES, CUJAS RAÍZES ESTÃO OBSTRUINDO A REDE EXISTENTE",ESP-PRESTACAO DE SERVICOS FDE/SEE,SP,2026-04-13,confenge_commercial_pncp_supplier_contracts,31790ddf047042ae68ef7fd9ca945bcefaa73a8bfbd2db772772a45c6d830e6b,infraestrutura_urbana,,,,,,,
60509015000101-2-000613/2026,"REFORMA DA COBERTURA, EXECUÇÃO DE ALVENARIA E DE DRENAGEM",ESP-PRESTACAO DE SERVICOS FDE/SEE,SP,2026-05-12,confenge_commercial_pncp_supplier_contracts,43cf41969de20e8d5660223e0d9003dfa5dd72eb6541595eb98000dd6ac83782,infraestrutura_urbana,,,,,,,
44919918000104-2-001159/2026,"Registro de preços para aquisição de materiais de enfermagem para atender todas as Unidades de Saúde do Município, conforme DFD nº 400/2024 da Secretaria de Saúde e Saneamento, condições, quantidades e exigências estabelecidas no Termo de Referência, conforme Anexo I.",FUNDO MUNICIPAL DE SAÚDE,SP,2026-05-27,confenge_commercial_pncp_supplier_contracts,ff6d409986869a5d8af6c5168a169c07758ef7290a9f4bbd22d7c2d3bc64e95f,infraestrutura_urbana,,,,,,,
88830609000139-2-002392/2026,AQUISIÇÃO DE ÓCULOS DE PROTEÇÃO COM LENTES CORRETIVAS PARA O SERVIDOR ROBERTO GERALDINO ESPÍNDOLA DE MORAES - MATRÍCULA: 35.129  - LOTAÇÃO: GERÊNCIA DE DRENAGEM - SMO - CARGO: AUXILIAR DE INFRAESTRUTURA.,MRS-PREFEITURA MUNICIPAL DE CAXIAS DO SUL,RS,2026-07-09,confenge_commercial_pncp_supplier_contracts,61e97afd00b01c2b7ee41f8225865c7ecd44dc9caeeb629b626467b48e353ba2,infraestrutura_urbana,,,,,,,
60509015000101-2-000875/2026,"REFORMA GERAL DA COZINHA E DESPENSA, DAS INSTALAÇÕES ELÉTRICAS, DA COBERTURA, DOS SANITÁRIOS, DOS REVESTIMENTOS E DA REDE DE ESGOTO",ESP-PRESTACAO DE SERVICOS FDE/SEE,SP,2026-05-22,confenge_commercial_pncp_supplier_contracts,8cf8f6923cf268e8d0610522c33ac07ee620a63f36a2144a24330302020d6da6,infraestrutura_urbana,,,,,,,
29178233000160-2-000012/2026,"Contratação de empresa especializada para a revisão e elaboração de Plano Diretor do município de Resende e para a revisão do Plano Municipal de Saneamento Básico (PMSB) do município de Resende/RJ, pelo período de 12 (doze) meses.",MUNICIPIO DE RESENDE,RJ,2026-03-17,confenge_commercial_pncp_supplier_contracts,f939f61cdbdd5712a929b643ee2fb55a9317cb710b71fd30d3ca3008e0ad6b4d,infraestrutura_urbana,,,,,,,
44919918000104-2-000443/2026,"Registro de preços para aquisição de materiais de enfermagem para atender todas as Unidades de Saúde do Município, conforme DFD nº 400/2024 da Secretaria de Saúde e Saneamento, condições, quantidades e exigências estabelecidas no Termo de Referência, conforme Anexo I.",FUNDO MUNICIPAL DE SAÚDE,SP,2026-03-19,confenge_commercial_pncp_supplier_contracts,e08607d7106b8c63b09ec97116253b9a10d7162532aaa9b46797d1857866559c,infraestrutura_urbana,,,,,,,
26989350000892-2-000002/2026,"PARA ATENDER DESPACHO/Nº 367/2026/DIADM, RFERENTE A PARTICIPAÇÃO DE SERVIDORAS NO 54º CONGRESSO NACIONAL DE SANEAMENTO DA ASSEMAE-CNSA 2026, EM CAXIAS DO SUL/RS.",EPI-SUPERINTENDENCIA ESTAD-FUND. NAC. SAÚDE,PI,2026-06-24,confenge_commercial_pncp_supplier_contracts,70f43a73b495180614dcfe21d93278e0a348f5a236b8fdfd656fbc6225ce1474,infraestrutura_urbana,,,,,,,
06108854000172-2-000023/2025,"AQUISIÇÃO DE TUBO CONCRETO APLICAÇÃO: SISTEMA SANEAMENTO BÁSICO ÁGUAS PLUVIAIS, COMPRIMENTO: 1,5 M, ESPESSURA: 72 MM, TIPO: VIBRO-PRENSAGEM, CARACTERÍSTICAS ADICIONAIS: COM FERRO E BOLSA, DIÂMETRO NOMINAL: 800 MM",PMSP - SUBPREFEITURA FREGUESIA/BRASILÂNDIA,SP,2026-02-18,confenge_commercial_pncp_supplier_contracts,52224877c8386aa903e621ebc317e1bb9955a58a711f151256f6d1e3b887eb47,infraestrutura_urbana,,,,,,,
10914290000132-2-000004/2026,Contratação de laboratório especializado na prestação de serviços para realização de coletas e análise de águas e efluentes para atender o Departamento operacional do Consórcio Intermunicipal de Saneamento da Região Central de Rondônia (CISAN CENTRAL/RO).,MRO-CONSORCIO INTERM. SAN. R. CENT. RONDÔNIA,RO,2026-05-14,confenge_commercial_pncp_supplier_contracts,ebf1c3c7611ae915767c54bfb7e9bc12c0f2c2212a4b81812cca057f25fbb676,infraestrutura_urbana,,,,,,,
60509015000101-2-000954/2026,REFORMA DA REDE DE ÁGUAS PLUVIAIS E DRENAGEM SUPERFICIAL.,ESP-PRESTACAO DE SERVICOS FDE/SEE,SP,2026-05-25,confenge_commercial_pncp_supplier_contracts,7f73433a62cc7750a79d0761d612fe7f4c2d42cda665cabadc25addabbbae3bc,infraestrutura_urbana,,,,,,,
60509015000101-2-001752/2026,"REFORMA DOS SANITÁRIOS, DAS INSTALAÇÕES HIDRAULICAS, DA MINI QUADRA DE ESPORTES, DO RESERVATÓRIO, DA REDE DE ESGOTO,",ESP-PRESTACAO DE SERVICOS FDE/SEE,SP,2026-07-14,confenge_commercial_pncp_supplier_contracts,f0233cd01f320ab9e93ceb1a63377d6c19b9d64425ab5a14d1ecc151fee63e78,infraestrutura_urbana,,,,,,,
83811307000108-2-000067/2026,CONTRATAÇÃO DE PESSOA JURÍDICA (TUBARÃO SANEAMENTO S.A.) PARA FORNECIMENTO DE AGUA TRATADA E COLETA/TRATAMENTO DE ESGOTO PARA A CÂMARA DE VEREADRES DE TUBARÃO.,TUBARAO CAMARA MUNICIPAL PODER LEGISLATIVO,SC,2026-07-23,confenge_commercial_pncp_supplier_contracts,3350f366e05ebe991430a1285146a6afc42b94715c1db872340cfe666141a19b,infraestrutura_urbana,,,,,,,
00394502000144-2-000125/2026,"1.
A finalidade deste Contrato é garantir, aos militares da ativa, da reserva ou reformados,
pensionistas e seus dependentes e Servidores Civis da Marinha do Brasil (ativos e inativos) e dependentes
diretos e indiretos, nas condições especificadas neste instrumento e no edital, por intermédio de
Hospitais, assistência médico-hospitalar, ambulatorial, atendimento de emergência/urgência em regime
de 24 (vinte e quatro) horas diárias.
1.1.
O objeto contratual abrange as seguintes especialidades:...",CAPITANIA FLUVIAL DO ARAGUAIA - TOCANTINS,TO,2026-02-26,confenge_commercial_pncp_supplier_contracts,2b68b17fa43fb304ef91216fa636f3f12ea52a916c10ba77418d30c80c89d519,infraestrutura_ti,,,,,,,
01263896000164-2-000453/2026,PRESTAÇÃO DE SERVIÇOS DE ASSISTÊNCIA TÉCNICA PARA MANUTENÇÃO DA INFRAESTRUTURA DE TI DO INSTITUTO NACIONAL DA MATA ATLÂNTICA - INMA E CONSULTORIA EM TECNOLOGIA DA INFORMAÇÃO,INSTITUTO NACIONAL DA MATA ATLÂNTICA,ES,2026-07-16,confenge_commercial_pncp_supplier_contracts,edc6ef0c064fdf9066826ee787dae9ced76843ac133f19a729eedbf7bf6ad072,infraestrutura_ti,,,,,,,
10635424000186-2-000655/2026,AQUISICAO DE MATERIAL ELETRICO PARA O IFC CAMPUS CONCORIA. PE 90059/2025. SOLICITACAO 23351.004122/2026-38. SETOR SOLICITANTE: INFRAESTRUTURA. SERVIDOR REQUISITANTE: GIOVANI GIODA.,INST.FED.CATARINENSE/CAMPUS CONCORDIA,SC,2026-06-18,confenge_commercial_pncp_supplier_contracts,de913ddb3dd1104ee83e422e75eb4869450020b7abf7d63a2917f2de0a648146,infraestrutura_ti,,,,,,,
00394452000103-2-003293/2026,"GARANTIR AOS MILITARES DA ATIVA, DA RESERVA OU REFORMADOS, PENSIONISTAS E SEUS DEPENDENTES E SERVIDORES CIVIS DO EXÉRCITO BRASILEIRO (ATIVOS E INATIVOS) E DEPENDENTES, NAS CONDIÇÕES ESPECIFICADAS NESTE INSTRUMENTO E NO EDITAL, POR INTERMÉDIO DE CLÍNICAS MÉDICAS ESPECIALIZADAS, ASSISTÊNCIA MÉDICO-HOSPITALAR, AMBULATORIAL, ATENDIMENTO DE EMERGÊNCIA/URGÊNCIA EM REGIME DE 24 HORAS DIÁRIA",HOSPITAL GERAL DE SANTA MARIA,RS,2026-05-22,confenge_commercial_pncp_supplier_contracts,8a50c7ddff5901b6f45c7e2be55b070280a23f5d7f29fd64daa2dcf2924b6ec8,infraestrutura_ti,,,,,,,
00394452000103-2-004376/2026,"A FINALIDADE DESTE CONTRATO É GARANTIR AOS MILITARES DA ATIVA, DA RESERVA OU REFORMADOS, PENSIONISTAS E SEUS DEPENDENTES E SERVIDORES CIVIS DO EXÉRCITO BRASILEIRO (ATIVOS E INATIVOS) E DEPENDENTES DIRETOS E INDIRETOS, NAS CONDIÇÕES ESPECIFICADAS NESTE INSTRUMENTO E NO EDITAL, POR INTERMÉDIO DE CLÍNICAS, PRESTAÇÃO DE SERVIÇO DE REABILITAÇÃO.",35 BATALHAO DE INFANTARIA,BA,2026-06-15,confenge_commercial_pncp_supplier_contracts,ded6e21756951411176291ee629e296609a7611740fd7ff9626ac58c6549420c,infraestrutura_ti,,,,,,,
00488478000102-2-000100/2026,"Participação de servidoras e servidores do Gabinete do Ministro Afrânio Vilela na ação externa de educação Sistema Tributário Brasileiro e a Lógica da Reforma: Normas gerais, regra-matriz do IBS, da CBS e do Imposto Seletivo e o Processo Tributário, a ser realizada na modalidade online, no período de 27 de maio a 1º de julho de 2026.",STJ _ SUPERIOR TRIBUNAL DE JUSTICA/DF,DF,2026-06-08,confenge_commercial_pncp_supplier_contracts,e7078c33be163f3f558f16a20f7478dcad07383934b0e8604effcf0d9c078a81,infraestrutura_ti,,,,,,,
10635424000186-2-000612/2026,AQUISICAO DE MATERIAL PARA MANUTENCAO DE BENS PARA O IFC CAMPUS CONCORIA. PE 90027/2025. SOLICITACAO 23351.004171/2026-71. SETOR SOLICITANTE: INFRAESTRUTURA. SERVIDOR REQUISITANTE: GIOVANI GIODA.,INST.FED.CATARINENSE/CAMPUS CONCORDIA,SC,2026-06-18,confenge_commercial_pncp_supplier_contracts,86846216816733d6d515ff2a03155c61804f8a6ba4ded3e0c2fd81d4b4a4c738,infraestrutura_ti,,,,,,,
04153748000185-2-000007/2026,"Execução de reforma do datacenter do Prédio Anexo Administrativo integrante deste Parquet, utilizando a Ata de Registro de Preços 14.2025.CPL.1689170.2024.028448, decorrente do Pregão Eletrônico 94.005/2025-CPL/MP/PGJ-SRP.",EAM-PROCURADORIA G. DE JUSTICA E. DO AMAZONAS,AM,2026-03-19,confenge_commercial_pncp_supplier_contracts,424c077ec580950ef6d7ea834ca8142f2e1e85bd26433c08e46574dbe9f70ecf,infraestrutura_ti,,,,,,,
63606479000124-2-001314/2026,"O presente Contrato tem por objeto a contratação de empresa especializada para realização de Curso In Company sobre Reforma Tributária, em formato presencial, no município de Rio Branco/AC, personalizado para a Secretaria de Estado da Fazenda do Acre - SEFAZ/AC, com carga horária total de 12 (doze) horas/aula, distribuída em 3 (três) dias, destinado a até 80 (oitenta) servidores indicados pela CONTRATANTE.",SECRETARIA DA FAZENDA,AC,2026-07-08,confenge_commercial_pncp_supplier_contracts,04dd09d73cc5bb5e7af02ef70a4a3b5adebc871f6eed43b2ba787199f856da04,infraestrutura_ti,,,,,,,
07684756000146-2-000217/2026,"Contratacao de empresa especializada para fornecimento de Sistema Informatizado Integrado de Gestao Tributaria Municipal, disponibilizado mediante licenca de uso, em ambiente web, incluindo servicos de implantacao, migracao de dados, customizacao, parametrizacao, treinamento, suporte tecnico, manutencao corretiva e evolutiva, bem como hospedagem em infraestrutura de Datacenter (computacao em nuvem), destinado a atender as necessidades da Secretaria Municipal de Financas do Municipio de Aracat...",PREFEITURA MUNICIPAL DE ARACATI - CE,CE,2026-07-23,confenge_commercial_pncp_supplier_contracts,f11a2f94b985975103a85eeb159f294d3674444662df26dff0a40b64ababf76f,infraestrutura_ti,,,,,,,
42354068000119-2-000032/2026,"AQUISIÇÃO DE MOBILIÁRIO, FORNOS MICRO-ONDAS E BEBEDOUROS (PURIFICADORES), POR REGISTRO DE PREÇOS, INCLUINDO MONTAGEM, INSTALAÇÃO E CONFIGURAÇÃO, QUANDO APLICÁVEL, DESTINADOS A ATENDER ÀS DEMANDAS OPERACIONAIS E DE INFRAESTRUTURA DA SUPERINTENDÊNCIA DE SEGUROS PRIVADOS (SUSEP), ESPECIALMENTE NOS AMBIENTES ADMINISTRATIVOS E DE APOIO AOS SERVIDORES, CONFORME CONDIÇÕES E EXIGÊNCIAS ESTABELECIDAS NO EDITAL Nº 90002/2026 E EM SEUS ANEXO",MF-SUSEP-SUPERINT.DE SEGUROS PRIVADOS/RJ,RJ,2026-05-15,confenge_commercial_pncp_supplier_contracts,24051679a916bb6c9a0483902a46d733519b088f312a0c5ede4987432297aa45,infraestrutura_ti,,,,,,,
10121515000101-2-000103/2025,"O objeto do presente Contrato é a contratação de empresa(s) para O FORNECIMENTO DE EQUIPAMENTO DE PROTEÇÃO INDIVIDUAL (EPI), para os Servidores da Secretaria Municipal de Infraestrutura do Município de Bonito/PE., a fim de atender às necessidades, durante o período de 12 (doze) meses, conforme as especificações, quantidades e condições estabelecidas neste Termo de Referência.",Prefeitura Municipal de Bonito,PE,2026-04-27,confenge_commercial_pncp_supplier_contracts,0e24e02fc363e877315505378af489f2e09d647b7d63f36ca63cb1cc060cd74b,infraestrutura_ti,,,,,,,
00394452000103-2-005073/2026,"A FINALIDADE DESTE CONTRATO É GARANTIR AOS MILITARES DA ATIVA, DA RESERVA OU REFORMADOS, PENSIONISTAS E SEUS
DEPENDENTES E SERVIDORES CIVIS DO EXÉRCITO BRASILEIRO (ATIVOS E INATIVOS) E DEPENDENTES DIRETOS E INDIRETOS, NAS
CONDIÇÕES ESPECIFICADAS NESTE INSTRUMENTO E NO EDITAL, POR INTERMÉDIO DE LABORATÓRIO DE ANÁLISES CLÍNICAS E/OU
CITOPATOLOGIA E ANATOMIA PATOLÓGICA, A PRESTAÇÃO DE SERVIÇOS LABORATORIAIS.",35 BATALHAO DE INFANTARIA,BA,2026-07-08,confenge_commercial_pncp_supplier_contracts,83d5e436f6fc8c0b464d6f91fce972c952e2db40f29337a39d76e93dbe32a753,infraestrutura_ti,,,,,,,
13880257000127-2-000050/2026,"Contratação de empresa especializada para inscrição de 03 (três) servidores da Prefeitura Municipal de Xique-Xique/BA no Curso de Atualização em Reforma Tributária, com duração de 05 (cinco) meses e carga horária total de 360 horas, composto por 06 (seis) módulos presenciais e 03 (três) módulos na modalidade Ensino a Distância (EAD), com início em 28 de fevereiro de 2026 e término em 05 de julho de 2026, a ser realizado na Rua do Salete, nº 50, Barris (Faculdade Cairu), Salvador/Ba.","SECRETARIA MUNICIPAL DE ADMINISTRAÇÃO, PLANEJAMENTO E FINANÇAS - SMA",BA,2026-04-24,confenge_commercial_pncp_supplier_contracts,a1bd2248e3aa2762df93013a060e4c1c74ba5d79ca3108afe94755912a2b79c4,infraestrutura_ti,,,,,,,
09490144000148-2-000005/2026,"Aquisição de vagas para participar nos Cursos de Reforma Tributária e Gestão Fiscalização de Contratos para servidores da Fundação Nova Chance, que será realizado em Cuiabá-MT - na Modalidade Presencial",FUNDAÇÃO NOVA CHANCE,MT,2026-03-16,confenge_commercial_pncp_supplier_contracts,a116f2dd47df233c797739a145525368cde16077aadb783e41f347d9a9219b6b,infraestrutura_ti,,,,,,,
18239608000139-2-000101/2026,"Contratação de empresa especializada para fornecimento de Servidor Virtual Privado — VPS corporativo gerenciado, com recursos computacionais, armazenamento, conectividade, segurança, backup, suporte técnico e monitoramento, destinado à instalação, hospedagem e operação do sistema e-SUS APS com Prontuário Eletrônico do Cidadão — PEC, incluindo banco de dados PostgreSQL, serviço de aplicação, acesso seguro via internetVPN e suporte técnico à infraestrutura.",Unidade Única,MG,2026-07-08,confenge_commercial_pncp_supplier_contracts,4842120632f16b0e2d7b6237f8420e1007336cad233ada2b31368cb6bfdd23d2,infraestrutura_ti,,,,,,,
07684756000146-2-000222/2026,"CONTRATACAO DE EMPRESA ESPECIALIZADA PARA FORNECIMENTO DE SISTEMA INFORMATIZADO INTEGRADO DE GESTAO TRIBUTARIA MUNICIPAL, DISPONIBILIZADO MEDIANTE LICENCA DE USO, EM AMBIENTE WEB, INCLUINDO SERVICOS DE IMPLANTACAO, MIGRACAO DE DADOS, CUSTOMIZACAO, PARAMETRIZACAO, TREINAMENTO, SUPORTE TECNICO, MANUTENCAO CORRETIVA E EVOLUTIVA, BEM COMO HOSPEDAGEM EM INFRAESTRUTURA DE DATACENTER (COMPUTACAO EM NUVEM), DESTINADO A ATENDER AS NECESSIDADES DA SECRETARIA MUNICIPAL DE FINANCAS DO MUNICIPIO DE ARACAT...",PREFEITURA MUNICIPAL DE ARACATI - CE,CE,2026-07-23,confenge_commercial_pncp_supplier_contracts,9311f7a814d41f04a1833113f7913d168f1f15dec84e07ad85a2acbc281f98cd,infraestrutura_ti,,,,,,,
42498600000171-2-001283/2026,"CONTRATAÇÃO DE SERVIÇOS DE HOSPEDAGEM EM SERVIDORES VIRTUAIS PRIVADOS (VPS) PARA ATENDER AS NECESSIDADES DE CRIAÇÃO DE INFRAESTRUTURA DE SERVIÇOS DE SERVIÇO DE DIRETÓRIO PRIMÁRIO (MICROSOFT ACTIVE DIRECTORY), FILE SERVER (SERVIDOR DE ARQUIVOS) E SERVIÇOS DE GERENCIAMENTO DO AMBIENTE COMPUTACIONAL HOSPEDADO,",Secretaria de Estado de Habitação de Interesse Social,RJ,2026-04-06,confenge_commercial_pncp_supplier_contracts,de06349e804a79e7494833448b23554bfdf1e65dcacaa750b64c1106428f53df,infraestrutura_ti,,,,,,,
44880060000111-2-001263/2026,"Pedido de EPIs para os servidores da Secretaria de Infraestrutura, Habitação e Assuntos Viários.",PREFEITURA MUNICIPAL DE DRACENA,SP,2026-05-21,confenge_commercial_pncp_supplier_contracts,5b08adb1b23e84154a93cbb47fbcae38815028a0f8537bb313ec0a6f9a7ff3ed,infraestrutura_ti,,,,,,,
02270669000129-2-000061/2026,"VALOR QUE SE EMPENHA PARA  CONTRATAÇÃO DA EMPRESA DLS TREINAMENTOS LTDA, CNPJ Nº 29.300.259/0001-30, PARA A PARTICIPAÇÃO DE 02 (DOIS) SERVIDORES, NA AÇÃO DE CAPACITAÇÃO ABERTA IMPACTOS DA REFORMA TRIBUTÁRIA PARA A GESTÃO PÚBLICA NA MODALIDADE PRESENCIAL, EM JOÃO PESSOA/PB, NOS DIAS 18 E 19 DE MAIO DE 2026, COM CARGA HORÁRIA DE 16 (DEZESSEIS) HORAS
CONFORME DESPACHO DE MERO EXPEDIENTE Nº 762/2026 - SGA/ANEEL   SEI 351143",AGENCIA NACIONAL DE ENERGIA ELETRICA - DF,DF,2026-06-15,confenge_commercial_pncp_supplier_contracts,4d92af990b2e265a00dbe2d549f1e4ccbd4a6e399d33732a5e4b6651144eb757,infraestrutura_ti,,,,,,,
00394452000103-2-003065/2026,"GARANTIR AOS MILITARES DA ATIVA, DA RESERVA OU REFORMADOS, PENSIONISTAS E SEUS DEPENDENTES E SERVIDORES CIVIS DO EXÉRCITO BRASILEIRO (ATIVOS E INATIVOS) E DEPENDENTES, NAS CONDIÇÕES ESPECIFICADAS NESTE INSTRUMENTO E NO EDITAL, POR INTERMÉDIO DE CLÍNICAS ODONTOLÓGICAS, A PRESTAÇÃO DE SERVIÇOS ODONTOLÓGICOS.",HOSPITAL GERAL DE SANTA MARIA,RS,2026-05-18,confenge_commercial_pncp_supplier_contracts,92d54acb381e32d89188314d9f17160fac384ebb83ad9753c84eb3ba1a3d164b,infraestrutura_ti,,,,,,,
18715581000103-2-000015/2026,"Aquisição de 01 (uma) vaga no curso ""Liderança para Transformação 2.0"" visando à capacitação de 01 (uma) servidora da Secretaria de Estado de Infraestrutura, Mobilidade e Parcerias - SEINFRA/MG.",COMPRAS,MG,2026-06-01,confenge_commercial_pncp_supplier_contracts,ac9d665f5641dc36f1751ee537ada3cfcca4429b8e60d70b626dadca75f39492,infraestrutura_ti,,,,,,,
56319882000107-2-000005/2026,"contratação de serviços para a elaboração de projetos completos e detalhados de adequação, bem como demais peças e ações necessárias para subsidiar a
execução, incluindo o acompanhamento da reforma da sede do Conselho Regional de Fonoaudiologia da 2ª Região (CREFONO-2), situada na Rua Dr. Samuel Porto, nº 351, 7º e 10º andares, Bairro Saúde, São Paulo/SP, CEP 04054-010, nas condições estabelecidas no Termo de Referência.",CONSELHO REGIONAL DE FONOAUDIOLOGIA 2 - SP,SP,2026-05-19,confenge_commercial_pncp_supplier_contracts,11f8f36904cf513ac10b7f2ba085f2c1c53610b384d9799a3ba459714431a86d,projetos_engenharia,,,,,,,
21087648000117-2-000024/2026,"Elaboração de projeto de reforma do plenário João Mayrink, da Câmara Municipal de Ponte Nova, total de 104 horas.",CAMARA MUNICIPAL DE PONTE NOVA - MG,MG,2026-05-08,confenge_commercial_pncp_supplier_contracts,c8d2288963c22dad4c137769c325032f35049b1667030818289a6b3b5744b077,projetos_engenharia,,,,,,,
05483912000185-2-000089/2026,"Contratação de 01 (uma) licença de uso do software TQS PLENO + SISES GEO + PROTENSÃO-LV versão V26, específico para elaboração de projetos estruturais de edificações em concreto armado e protendido com integração ao fluxo BIM institucional, incluindo serviços de suporte técnico e atualizações.",PROCURADORIA GERAL DE JUSTIÇA DO MARANHÃO,MA,2026-06-17,confenge_commercial_pncp_supplier_contracts,360b011891790f38ad26530afade6f583f1924ad5fda7430a8b3bed6b0a26df5,projetos_engenharia,,,,,,,
54724802000173-2-000014/2026,"CONTRATAÇÃO DE EMPRESA ESPECIALIZADA NA ÁREA DE ARQUITETURA PARA APROVAÇÃO DE PROJETOS, ELABORAÇÃO DE LAUDOS EMERGENCIAIS E ELABORAÇÃO DE PROJETOS DE INFRAESTRUTURA PARA A PREFEITURA MUNICIPAL DE BOREBI/SP.",Prefeitura Municipal de Borebi,SP,2026-03-04,confenge_commercial_pncp_supplier_contracts,3d3add112630ed89591b2df7b8cdc68db7e39f83dcb0abf8963c4e9e2dd72632,projetos_engenharia,,,,,,,
02668317000126-2-000088/2025,"CONTRATACAO DE EMPRESA ESPECIALIZADA PARA A ELABORACAO DE PROJETO ARQUITETONICO COMPLETO, COM RESPECTIVOS MEMORIAIS E DETALHAMENTOS TECNICOS, VISANDO A REFORMA E AMPLIACAO DAS INSTALACOES DA CAMARA MUNICIPAL DE BOM JESUS DE GOIAS - GO.",CAMARA MUNICIPAL,GO,2026-02-25,confenge_commercial_pncp_supplier_contracts,e29bb512d7cfb1c7927ad0290f64d4534a8803af037e05fbe97fbbb64e6fedf5,projetos_engenharia,,,,,,,
46613196000190-2-000006/2026,"CONTRATAÇÃO DE EMPRESA ESPECIALIZADA PARA ELABORAÇÃO DE PROJETOS EXECUTIVOS DE INFRAESTRUTURA URBANA EM ÁREA PARCIAL DO LOTEAMENTO JARDIM DAS ACÁCIAS E DE 02 (DOIS) BANHEIROS PÚBLICOS EM DIFERENTES LOCAIS DESTE MUNICÍPIO DE SALES/SP, CONFORME AVISO, TERMO DE REFERÊNCIA E ESPECIFICAÇÕES ANEXAS.",PREFEITURA MUNICIPAL DE SALES,SP,2026-03-25,confenge_commercial_pncp_supplier_contracts,22727002426033f26ca6f1ba112025abd2ccc0b6b95619e330ad064e4a75a2fc,projetos_engenharia,,,,,,,
82777228000157-2-000202/2026,"O objeto da presente licitação é a contratação de empresa especializada para elaboração de projeto elétrico, aprovação junto à concessionária de energia elétrica (CELESC), fornecimento de materiais, execução, montagem, instalação, testes, energização e acompanhamento técnico da infraestrutura elétrica do Centro de Eventos Sidnei Paulo Facin, destinada ao atendimento da 41ª Festa do Colono do Município de Ouro/SC.",Departamento de Cultura,SC,2026-07-14,confenge_commercial_pncp_supplier_contracts,11758f77e1668d7e1d148f6bcb22d68218f5adca96c82f33aee177a29c455b69,projetos_engenharia,,,,,,,
02056729000105-2-001034/2026,"DISPENSA ELETRÔNICA VISANDO A CONTRATAÇÃO DE EMPRESA ESPECIALIZADA PARA A ELABORAÇÃO DE PROJETO EXECUTIVO INTEGRADO CONTEMPLANDO A INFRAESTRUTURA E SISTEMA DE CÂMERAS DE SEGURANÇA E MONITORAMENTO ELETRÔNICO (CFTV IP), PARA ATENDER NECESSIDADES DO FEMBOM/RIO VERDE, CONFORME QUANTITATIVO E ESPECIFICAÇÕES CONTIDAS NO EDITAL E SEUS ANEXOS.",F ESPECIAL M CORPO DE BOMBEIRO DE RIO VERDE,GO,2026-06-08,confenge_commercial_pncp_supplier_contracts,f0b29c699cc1ea6b79596d98746f7c7a874d9d50d8285d2a93d3ef22b2f4292f,projetos_engenharia,,,,,,,
83279448000113-2-000036/2026,"Contratação de empresa especializada para a elaboração de projetos executivos complementares utilizando a metodologia BIM (Building Information Modeling) e orçamentação completa, destinados à reforma da Biblioteca do edifício sede do Tribunal de 
Contas de Santa Catarina, abrangendo as disciplinas de Instalações Elétricas e Telecomunicações, Climatização, e Projeto Preventivo Contra Incêndio (PPCI).",TRIBUNAL DE CONTAS DO ESTADO DE SANTA CATARINA,SC,2026-05-27,confenge_commercial_pncp_supplier_contracts,f55c83b3eca036fa63caba8c0f88b94ddaeaf0957e922ea4ec9aeadd31ad0cdf,projetos_engenharia,,,,,,,
21087648000117-2-000023/2026,"Elaboração de projeto de reforma do Espaço Multiuso José Silva, da Câmara Municipal de Ponte Nova.",CAMARA MUNICIPAL DE PONTE NOVA - MG,MG,2026-05-08,confenge_commercial_pncp_supplier_contracts,f582504b089acaff0f99b605851af2000002eb7ab081a05e4d60e99d925c7148,projetos_engenharia,,,,,,,
27142686000101-2-000092/2026,"CONTRATACAO DE EMPRESA ESPECIALIZADA ELABORACAO DE PROJETOS DE PREVENCAO E COMBATE A INCENDIO E PANICO (PPCI), VISANDO A REGULARIZACAO DOS ALVARAS DAS EDIFICACOES PUBLICAS DO MUNICIPIO DE ALFREDO CHAVES/ES, EM CONFORMIDADE COM AS NORMAS VIGENTES DO CORPO DE BOMBEIROS MILITAR DO ESPIRITO SANTO, CONFORME ESPECIFICACOES ESTABELECIDAS NESTE TERMO DE REFERENCIA.",Prefeitura Municipal de Alfredo Chaves,ES,2026-05-21,confenge_commercial_pncp_supplier_contracts,c5610b059e92873d17f38cfa9ff3a4c33e23639f202abc7839eb9378a58d022d,projetos_engenharia,,,,,,,
10215176000114-2-000091/2026,Contratação de empresa para elaboração de Projeto Executivo para reforma e ampliação do Prédio onde irá funcionar a nova Escola Municipal de Boca da Mata.,PREFEITURA MUNICIPAL DE PANELAS,PE,2026-07-23,confenge_commercial_pncp_supplier_contracts,b3fd196b8d776224b8d78bce39e59ffc3d46236977868f4318d8ed607f6b7cbf,projetos_engenharia,,,,,,,
63025530000104-2-009557/2025,SERVIÇO DE ELABORAÇÃO DE PROJETO EXECUTIVO PARA REFORMA DO AUDITÓRIO DO MZUSP.,ESP-MUSEU DE ZOOLOGIA - USP,SP,2026-07-14,confenge_commercial_pncp_supplier_contracts,cde283ad33fef7a9fe49d6eff4e6a2f0611aa206b4e42645ff3d33986edfb657,projetos_engenharia,,,,,,,
31443526000170-2-000023/2026,"Serviços especializados para instalação, reforma e manutenção da infraestrutura de cabeamento estruturado e elétrico, com pagamento por demanda, incluindo o fornecimento de todos os materiais necessários e a elaboração de projeto executivo para instalações elétricas e de rede lógica, a serem executados no interior do Rio de Janeiro (Item 2)",DEFENSORIA PÚBLICA DO EST DO RIO DE JANEIRO,RJ,2026-07-21,confenge_commercial_pncp_supplier_contracts,1dcdbc0eba075a9de637fec94d60ac3cd4d2f1cf6802af22e5a721380631614b,projetos_engenharia,,,,,,,
13650403000128-2-000063/2026,"Contratação de empresa especializada no fornecimento de MATERIAL ASFÁLTICO DO TIPO CONCRETO BETUMINOSO USINADO A QUENTE (CBUQ), preparado com agregados pétreos e cimento asfáltico de petróleo – CAP 50/70, para aplicação a frio (material de consumo), a fim de atender as demandas da Secretaria Municipal de Infraestrutura e Serviços Urbanos.",Prefeitura Municipal de Teixeira de Freitas,BA,2026-02-24,confenge_commercial_pncp_supplier_contracts,abacb92807b10bc0464000b035a0d2da70b183325c56dede90df0b1d72bab2ac,materiais_construcao,,,,,,,
13650403000128-2-000070/2026,"Contratação de empresa especializada no fornecimento de CIMENTO PORTLAND DO TIPO CP-III SACO COM 50KG (material de consumo), a fim de atender as demandas da Secretaria Municipal de Infraestrutura e Serviços Urbanos.",Prefeitura Municipal de Teixeira de Freitas,BA,2026-02-24,confenge_commercial_pncp_supplier_contracts,b17c38c2649c3f1272cd0396af74c21b418936ccd9f5dd19ee5a608be870a0f3,materiais_construcao,,,,,,,
90895905000160-2-000156/2026,"Prestação de serviço de hora máquina com operador, escavadeira hidráulica para manutenção de infraestrutura, destinado à SMVSU.",PREFEITURA MUNICIPAL DE MONTENEGRO,RS,2026-05-27,confenge_commercial_pncp_supplier_contracts,43c004c9a2cd83b7653b0190037c2f82730cd18795e6424b5a4db6267556ae15,locacao_com_operador,,,,,,,
02056729000105-2-001111/2026,"CONTRATO Nº 142/2026, PROTOCOLO 48770/2026. TEM COMO OBJETO A CONTRATAÇÃO EMERGENCIAL DE EMPRESA ESPECIALIZADA PARA PRESTAÇÃO DE SERVIÇO COM DISPONIBILIDADE DE RETROESCAVADEIRA, COM OPERADOR, INCLUSA MANUTENÇÃO (PREVENTIVA E CORRETIVA) E SEGURO COM COBERTURA DE DANOS MATERIAIS E CORPORAIS A TERCEIRO E COBERTURA DE ASSISTÊNCIA 24 HORAS, PARA ATENDER AS NECESSIDADES DA SECRETARIA DE INFRAESTRUTURA URBANA DA PREFEITURA MUNICIPAL DE RIO VERDE-GO",PREFEITURA MUNICIPAL DE RIO VERDE,GO,2026-06-18,confenge_commercial_pncp_supplier_contracts,90104687467b48fb12212618a3fa1a16e59467f2b46a094aefa686b1f8b006d1,locacao_com_operador,,,,,,,
25223850000180-2-000034/2026,"Credenciamento de pessoas jurídicas para locação de máquinas pesadas, caminhões e veículo utilitário para transporte de passageiros e cargas, com disponibilização de operador ou motorista habilitado, conforme o caso, para atendimento das demandas operacionais, de infraestrutura, manutenção urbana e rural, apoio logístico e ações do Município de Urucuia/MG",Setor de Compras e Licitações,MG,2026-07-01,confenge_commercial_pncp_supplier_contracts,4f98355c53261a7d98db651b2230ca71f6a266902bebb083ebd760b436839d2b,locacao_com_operador,,,,,,,
77003424000134-2-000082/2026,"Pelo presente instrumento, credenciam-se empresa (s) para prestação de serviços de retroescavadeira, com operador, para utilização em trabalhos orientados pela Secretaria Municipal de Transportes e Infraestrutura, na região norte do Município.",SECRETARIA DE TRANSPORTES E INFRAESTRUTURA,PR,2026-03-04,confenge_commercial_pncp_supplier_contracts,03e5fc3f8e8e8742679311a0f8ed55e42189830f4edbfde243cb996a48ef5b54,locacao_com_operador,,,,,,,
01303221000100-2-000152/2026,"LOCAÇÃO DE CAMINHÃO MUNCK COM CARROCERIA PRANCHA E GUINDASTE HIDRÁULICO, OPERADOR E TODOS OS INSUMOS NECESSÁRIOS PARA A EXECUÇÃO DO SERVIÇO, DESTINADAS A ATENDER AS DIVERSAS DEMANDAS DA SECRETARIA MUNICIPAL DE INFRAESTRUTURA DE GOIANDIRA/GO, PARA MANUTENÇÃO DAS ATIVIDADES DO DMER.",GABINETE DO PREFEITO,GO,2026-07-15,confenge_commercial_pncp_supplier_contracts,7a182f67f97c6ae8a65cabc2be0626fc44fd542e15f0a237e9fefa3b6e960c20,locacao_com_operador,,,,,,,
77003424000134-2-000090/2026,"Pelo presente instrumento, credenciam-se empresa (s) para prestação de serviços de retroescavadeira, com operador, para utilização em trabalhos orientados pela Secretaria Municipal de Transportes e Infraestrutura, na região norte do Município.",SECRETARIA DE TRANSPORTES E INFRAESTRUTURA,PR,2026-03-04,confenge_commercial_pncp_supplier_contracts,11a5b826f7edfc62cc50c9b3bdff12e18a157e7a95c5ee83053bc95360f0e8de,locacao_com_operador,,,,,,,
90895905000160-2-000105/2026,"Prestação de serviço de hora máquina com operador, para acesso, terraplanagem, reformas e manutenção das estradas em diversas localidades, destino à SMDR.",Prefeitura Municipal de Montenegro,RS,2026-04-06,confenge_commercial_pncp_supplier_contracts,5ff36b85aefb7d1b857c74d7209c00b6ddcb9c8fb235ecf369e87d04de8a85d2,locacao_com_operador,,,,,,,
25223850000180-2-000040/2026,"Credenciamento de pessoas jurídicas para locação de máquinas pesadas, caminhões e veículo utilitário para transporte de passageiros e cargas, com disponibilização de operador ou motorista habilitado, conforme o caso, para atendimento das demandas operacionais, de infraestrutura, manutenção urbana e rural, apoio logístico e ações do Município de Urucuia/MG",Setor de Compras e Licitações,MG,2026-07-15,confenge_commercial_pncp_supplier_contracts,e2771a8ab163d4688983a63e696cb6acc809a55768ef18ba9634f6cf63dd6e56,locacao_com_operador,,,,,,,
01303221000100-2-000157/2026,"LOCAÇÃO DE CAMINHÃO EQUIPADO COM POLIGUINDASTE, OPERADOR E TODOS OS INSUMOS NECESSÁRIOS PARA A EXECUÇÃO DO SERVIÇO, DESTINADAS A ATENDER AS DIVERSAS DEMANDAS DA SECRETARIA MUNICIPAL DE INFRAESTRUTURA DE GOIANDIRA/GO, PARA MANUTENÇÃO DAS ATIVIDADES DO DMER.",GABINETE DO PREFEITO,GO,2026-07-21,confenge_commercial_pncp_supplier_contracts,3583c75966f26f6e93373f7554963d6b62c0aa8c477c6768006e0f22326a44ab,locacao_com_operador,,,,,,,
13798574000107-2-000014/2026,"A Celebração de Contrato de Locação de Patrulha Mecanizada do Consórcio de Desenvolvimento Sustentável do Velho Chico a Preço de Custo, com ou sem operador de acordo com as regras e responsabilidades definidas em assembieia, tendo em vista o Programa de Infraestrutura do CDS Velho Chico e finalidades de gestão compartilhada de serviços públicos, a fim de atenderas necessidades da Secretaria Municipal de Infraestrutura deste Município de Morpará-Ba",Prefeitura Municipal de Morpará,BA,2026-03-17,confenge_commercial_pncp_supplier_contracts,e32ff1ceae3bbe4076c2570eedaf2484cf5cbe07c0420fcfc91ac978ea410331,locacao_com_operador,,,,,,,
77003424000134-2-000085/2026,"Pelo presente instrumento, credenciam-se empresa (s) para prestação de serviços de retroescavadeira, com operador, para utilização em trabalhos orientados pela Secretaria Municipal de Transportes e Infraestrutura, na região norte do Município.",SECRETARIA DE TRANSPORTES E INFRAESTRUTURA,PR,2026-03-04,confenge_commercial_pncp_supplier_contracts,e80e1d2a227c51db28d37dc3d0285e82382dcea5d1606a04e51e9905bdea51fe,locacao_com_operador,,,,,,,
25223850000180-2-000037/2026,"Credenciamento de pessoas jurídicas para locação de máquinas pesadas, caminhões e veículo utilitário para transporte de passageiros e cargas, com disponibilização de operador ou motorista habilitado, conforme o caso, para atendimento das demandas operacionais, de infraestrutura, manutenção urbana e rural, apoio logístico e ações do Município de Urucuia/MG",Setor de Compras e Licitações,MG,2026-07-14,confenge_commercial_pncp_supplier_contracts,89a78507213a9a6cfc1d1cf0e554cb3b5a1eb6658f03ed5b79cc917715019852,locacao_com_operador,,,,,,,
92698471000133-2-000002/2026,"Contratação de  empresa para a locação de equipamentos de som para o evento institucional denominado “PAINEL DA REFORMA TRIBUTÁRIA – CRCRS”, a ocorrer no dia 26 de março de 2026, em Porto Alegre/RS.",CONSELHO REGIONAL DE CONTABILIDADE - RS,RS,2026-04-08,confenge_commercial_pncp_supplier_contracts,dad4fd6ee96889ccb228d37045d273dcbcd8ee388536090c782dffd3d1e9abf7,locacao_sem_operador,,,,,,,
51642635000123-2-000011/2026,"Execução do Projeto de Sistema de Videomonitoramento Inteligente, prestação de serviço de locação de equipamento, incluindo toda a infraestrutura física e interligação dos prédios Sede, anexo e arredores da Câmara Municipal de Cubatão.",CAMARA MUNICIPAL DE CUBATAO - SP,SP,2026-06-01,confenge_commercial_pncp_supplier_contracts,dd1210e18d6d796bd96830c633b9461815fe1f83dda32260f559f14a9f4060c7,locacao_sem_operador,,,,,,,
01219807000182-2-000059/2026,"Contratação de empresa para locação de maquinaria tipo mini carregadeira, equipada com fresadora e vassoura hidráulica rotativa, destinado a Secretaria Municipal de Infraestrutura Rural e Urbana de Uruaçu-GO.",PREFEITURA MUNICIPAL DE URUAÇU,GO,2026-03-12,confenge_commercial_pncp_supplier_contracts,85bf9a5c97fd3eb56638075626ec04f1bfcbe8f66ef473b439ce791aa7873212,locacao_sem_operador,,,,,,,
07615750000117-2-000114/2025,"CONTRATAÇÃO DE EMPRESA ESPECIALIZADA NA LOCAÇÃO DE MÁQUINAS PESADAS, PARA ATENDER AS NECESSIDADES DA SECRETARIA DE INFRAESTRUTURA E SERVIÇOS PÚBLICOS DO MUNICÍPIO DE JAGUARUANA.",Prefeitura Municipal de Jaguaruana,CE,2026-04-22,confenge_commercial_pncp_supplier_contracts,7fb9795aad8946d42c5a682b3779de1bbe6cd22ed81a03c6fbb2d001f853e65f,locacao_sem_operador,,,,,,,
21154554000113-2-000282/2026,"CT TJMG 136/2026 EXO COMPANY PARTICIPAÇÕES LTDA.

Prestação de serviços de planejamento, coordenação, operacionalização, fornecimento de infraestrutura, locação de equipamentos, disponibilização de profissionais especializados e demais elementos necessários à realização da Sessão Solene de Posse da Direção do Tribunal de Justiça do Estado de Minas Gerais  Biênio 2026/2028, a ser realizada no Palácio das Artes, Belo Horizonte/MG.

SEI 0095837-40.2026.8.13.0000",DIRCOM,MG,2026-06-03,confenge_commercial_pncp_supplier_contracts,a2cf1ef17da57c0171534f5c385d51c2e8d1371e0237f16bc14f9aed877fdb59,locacao_sem_operador,,,,,,,
01153030000109-2-000590/2026,"CONTRATAÇÃO DE EMPRESA ESPECIALIZADA PARA A PRESTAÇÃO DE SERVIÇOS CONTÍNUOS DE VIGILÂNCIA ELETRÔNICA POR MEIO DE SISTEMA DE CIRCUITO FECHADO DE TELEVISÃO (CFTV), COM MONITORAMENTO 24 (VINTE E QUATRO) HORAS, INCLUINDO A LOCAÇÃO DE EQUIPAMENTOS, FORNECIMENTO, INSTALAÇÃO, CONFIGURAÇÃO, MANUTENÇÃO PREVENTIVA E CORRETIVA, SUPORTE TÉCNICO E TODA A INFRAESTRUTURA NECESSÁRIA AO PLENO FUNCIONAMENTO DO SISTEMA, CONTEMPLANDO 10 (DEZ) PONTOS DE MONITORAMENTO.",SECRETARIA DA FAZENDA ,GO,2026-06-26,confenge_commercial_pncp_supplier_contracts,8b03c620d2abbf166fc0ca937ec585bac4ed3614a03cf727685532576f98ba1d,locacao_sem_operador,,,,,,,
44573087000161-2-001111/2026,"CONTRATAÇÃO DE EMPRESA ESPECIALIZADA PARA PRESTAÇÃO DE SERVIÇOS DE LOCAÇÃO DE EQUIPAMENTOS TECNOLÓGICOS, COMPREENDENDO CHROMEBOOKS COM GERENCIAMENTO EM NUVEM, GABINETES DE CARREGAMENTO, PAINÉIS INTERATIVOS EDUCACIONAIS E DEMAIS EQUIPAMENTOS NECESSÁRIOS À INFRAESTRUTURA DE CONECTIVIDADE E GESTÃO DE REDE, DESTINADOS A ATENDER ÀS DEMANDAS DA SECRETARIA MUNICIPAL DE EDUCAÇÃO DO MUNICÍPIO DE TUPÃ/SP, PELO PERÍODO DE 12 (DOZE) MESES",PREF. DA ESTANCIA TURISTICA DE TUPA,SP,2026-04-10,confenge_commercial_pncp_supplier_contracts,e7ff47003ded351370ad65cf25fb49761a3748cc815ed7d0f8f04cc33382b5c0,locacao_sem_operador,,,,,,,
07598691000116-2-000003/2026,REGISTRO DE PREÇOS PARA FUTURAS E EVENTUAIS PRESTAÇÕES DE SERVIÇOS DE LOCAÇÃO DE MÁQUINAS E EQUIPAMENTOS PESADOS DIVERSOS PARA ATENDER AS NECESSIDADES DA SECRETARIA DE INFRAESTRUTURA E DEMAIS UNIDADES ADMINISTRATIVAS PARTICIPANTES/INTERESSADAS DO MUNICÍPIO DE MASSAPÊ/CE,"SECRETARIA DE PRODUÇÃO RURAL, RECURSOS HÍDRICOS E MEIO AMBIENTE",CE,2026-02-27,confenge_commercial_pncp_supplier_contracts,f7caca60490e6fdf0b6315760394f4e075e80434a1aa2f85eda158e5ea2e6ddb,locacao_sem_operador,,,,,,,
07438187000159-2-000065/2025,LOCAÇÃO DE MÁQUINAS PESADAS DESTINADAS AS ATIVIDADES DA SECRETARIA DE INFRAESTRUTURA E SECRETARIA DE AGRICULTURA DO MUNICÍPIO DE PORANGA-CE,PREFEITURA MUNICIPAL DE PORANGA,CE,2026-05-19,confenge_commercial_pncp_supplier_contracts,0d615bd973efee4fd044a302c63e7d9d8bb6c1535e6bce75d39d1c9be8baef9a,locacao_sem_operador,,,,,,,
01612474000157-2-000057/2026,"REGISTRO DE PREÇOS PARA FUTURA E EVENTUAL CONTRATAÇÃO DE EMPRESA PARA PRESTAÇÃO DE SERVIÇO DE LOCAÇÃO DE EQUIPAMENTOS DE SONORIZAÇÃO, ILUMINAÇÃO, PALCO E DEMAIS ITENS DE INFRAESTRUTURA E LOGÍSTICA PARA REALIZAÇÃO DE SHOWS E EVENTOS A SEREM PROMOVIDOS PELO MUNICÍPIO DE SÃO JOÃO DO PACUÍMG.",MUNICIPIO DE SAO JOAO DO PACUI,MG,2026-07-02,confenge_commercial_pncp_supplier_contracts,43de66b86567949b46558322f72e95985fc11dbf8297f3729a3c26790237930c,locacao_sem_operador,,,,,,,
07598691000116-2-000002/2026,"CONTRATAÇÃO DA PRESTAÇÃO DE SERVIÇOS DE LOCAÇÃO DE MÁQUINAS E EQUIPAMENTOS PESADOS DIVERSOS PARA ATENDER AS NECESSIDADES DA SECRETARIA DE INFRAESTRUTURA DO MUNICÍPIO DE MASSAPÊ/CE, CONFORME ATA DE REGISTRO DE PREÇOS Nº 2025.07.03.001",SECRETARIA DE INFRAESTRUTURA,CE,2026-02-27,confenge_commercial_pncp_supplier_contracts,1b863ab690ff7deab82b8161e2ee3202cfdb1cabfc3955efc63b10661553a6fd,locacao_sem_operador,,,,,,,
18017392000167-2-000096/2026,"Contratação de empresa especializada para locação de máquinas pesadas, com a finalidade de atender ás demandas operacionais de todas as Secretarias do Município de JanaúbaMG, abrangendo serviços de infraestrutura, manutenção urbana e rural, transporte de materiais, limpeza pública, apoio logístico e demais atividades correlatas.",MUNICIPIO DE JANAUBA,MG,2026-06-01,confenge_commercial_pncp_supplier_contracts,536947671c99dc5973d4e0cb56727024ef573285f3c8167fb9348b6af8759c8e,locacao_sem_operador,,,,,,,
46634572000123-2-000123/2026,"Registro de preços para a contratação de solução integrada para a locação de equipamentos e serviços de impressão, cópia e digitalização de documentos, com atendimento necessário de infraestrutura, assistência técnica especializada e disponibilização de profissionais capacitados para suporte operacional, atendendo às demandas do Município de Cesário Lange/SP.",Secretaria Mun. de Saúde,SP,2026-03-13,confenge_commercial_pncp_supplier_contracts,fdf6eb63a73dca4beb7060b1524033845075c234bdd8895da813996efc4dc660,locacao_sem_operador,,,,,,,
76972082000106-2-000045/2026,"Prestação de serviços de telefonia em nuvem e locação de equipamentos de telecomunicação, com fornecimento de infraestrutura, suporte técnico e manutenção.",Unidade administrativa,PR,2026-06-22,confenge_commercial_pncp_supplier_contracts,872cd474700d9bd8e3517efb2321e3a3513b5e11685d02a21db7de4faa47f9ff,locacao_sem_operador,,,,,,,
07000268000172-2-000229/2026,"contratação de serviços de locação de máquinas (apoio e terraplanagem) com condutor, a fim de atender às necessidades da Secretaria de Infraestrutura e Urbanismo do Município de Açailândia – MA.",Secretaria Municipal de Agricultura e Pesca,MA,2026-05-19,confenge_commercial_pncp_supplier_contracts,0cfb87d79263aac52342e3aa678c2356a9b0bf123892fd2b6e72d28559dddea1,locacao_sem_operador,,,,,,,
13133909000160-2-000060/2026,"CONTRATAÇÃO DE EMPRESA PARA LOCAÇÃO DE EQUIPAMENTOS DE CLIMATIZAÇÃO E ESTRUTURA MODULAR PARA EVENTOS, DESTINADOS À MONTAGEM DA INFRAESTRUTURA NECESSÁRIA PARA A REALIZAÇÃO DO EVENTO INSTITUCIONAL “CARPINA MULHER – EDIÇÃO II”, PROMOVIDO PELA SECRETARIA MUNICIPAL DE SAÚDE DO MUNICÍPIO DE CARPINA/PE, A SER REALIZADO NO PERÍODO DE 25 A 27 DE MARÇO DE 2026.",FUNDO MUNICIPAL DE SAUDE DE CARPINA,PE,2026-03-31,confenge_commercial_pncp_supplier_contracts,51e605d9ea61ce5d45df73b85d58d77fdd67f46901d6612377a8615f4352a94f,locacao_sem_operador,,,,,,,
60509015000101-2-000978/2026,"REFORMA: DA COBERTURA, DOS SANITÁRIOS, DO LABORATÓRIO, DAS INSTALAÇÕES ELÉTRICAS, CAIXA ELEVADA, EXECUÇÃO DE PISO, CAIXILHOS E TRATAMENTO DE FERROS",ESP-PRESTACAO DE SERVICOS FDE/SEE,SP,2026-05-25,confenge_commercial_pncp_supplier_contracts,2cbacad6f7088dae810216d9a6000c002bf28e96caa5da7c005c85de322ffbee,instalacoes_prediais,,,,,,,
07623069000110-2-000051/2026,"CONTRATAÇÃO DOS SERVIÇOS DE ORGANIZAÇÃO, PLANEJAMENTO E EXECUÇÃO DE EVENTOS, LOCAÇÃO DE INFRAESTRUTURA COM MOBILIÁRIO NECESSÁRIO E ADEQUADO, COMPREENDENDO A MONTAGEM, DESMONTAGEM, LIMPEZA, MANUTENÇÃO, INSTALAÇÕES ELÉTRICAS, HIDRÁULICAS, DE EQUIPAMENTOS E OUTROS SERVIÇOS CORRELATOS, PARA ATENDER AS DEMANDAS DA SECRETARIA DE GOVERNO E SECRETARIA DE EDUCAÇÃO DO MUNICÍPIO DE URUBURETAMA.",Secretaria de Educação - SME,CE,2026-04-14,confenge_commercial_pncp_supplier_contracts,d0075920a99342510cdee8a608d9b09c7ef61eba5ea1ec60e608ae3ff9218fb3,instalacoes_prediais,,,,,,,
60509015000101-2-001514/2026,"REFORMA DA COBERTURA, DAS INSTALAÇÕES ELÉTRICAS, SPDA, DO RESERVATÓRIO",ESP-PRESTACAO DE SERVICOS FDE/SEE,SP,2026-06-29,confenge_commercial_pncp_supplier_contracts,07607ade90de3ec21ba99746c01130849a83fabb01b321ed17fa49a9c43af8a4,instalacoes_prediais,,,,,,,
60509015000101-2-001857/2026,"REFORMA DA COZINHA/DESPENSA, DA COBERTURA, DAS INSTALAÇÕES ELÉTRICAS",ESP-PRESTACAO DE SERVICOS FDE/SEE,SP,2026-07-20,confenge_commercial_pncp_supplier_contracts,421caa858816679c678474e8557e5ee4157f9eebb3386670c213a90f9e35377f,instalacoes_prediais,,,,,,,
60509015000101-2-000967/2026,"REFORMA DAS INSTALAÇÕES ELÉTRICAS, DA COBERTURA, EXECUÇÃO DE SPDA E DO MURO",ESP-PRESTACAO DE SERVICOS FDE/SEE,SP,2026-05-25,confenge_commercial_pncp_supplier_contracts,c9ae3178805e9a0b243a8210214967a1ddff4613da4aaf5e45d32230bb9596ee,instalacoes_prediais,,,,,,,
60509015000101-2-000873/2026,"REFORMA DA COBERTURA. DAS INSTALAÇÕES ELÉTRICAS, EXECUÇÃO DE PISOS E FORROS",ESP-PRESTACAO DE SERVICOS FDE/SEE,SP,2026-05-21,confenge_commercial_pncp_supplier_contracts,1c7aeb7cfbad88c80c85266098439b2f35d359b2e811a378c8205170819950f7,instalacoes_prediais,,,,,,,
60509015000101-2-000968/2026,"REFORMA GERAL DA QUADRA DE ESPORTES COBERTA E DESCOBERTA, DO RESERVATÓRIO, DO SISTEMA SPDA, DAS INSTALAÇÕES ELÉTRICAS E DA COBERTURA DO PRÉDIO",ESP-PRESTACAO DE SERVICOS FDE/SEE,SP,2026-05-25,confenge_commercial_pncp_supplier_contracts,099d3c87f91dc98afa374a03d1a3d3ee3a92eb0541a2d52352470bda4a9d5a58,instalacoes_prediais,,,,,,,
60509015000101-2-000531/2026,"REFORMA DA COBERTURA, DAS INSTALAÇÕES HIDRÁULICAS E EXECUÇÃO DE MURO DE DIVISA",ESP-PRESTACAO DE SERVICOS FDE/SEE,SP,2026-05-12,confenge_commercial_pncp_supplier_contracts,560c7166ae7ad12b409c2710256ddb0dfa2dce1314a3fb4f27aace850d1cd099,instalacoes_prediais,,,,,,,
87612800000141-2-000070/2026,"PRESTAÇÃO DE SERVIÇO  COM FORNECIMENTO DE TODO MATERIAL NECESSÁRIO PARA REALIZAÇÃO DA REFORMA (PINTURA, FORRO,PISO DE TACO DE MADEIRA, ILUMINAÇÃO E INSTALAÇÕES ELÉTRICAS) NA SALA ONDE FUNCIONA A SECRETARIA MUNICIPAL DE AGRICULTURA, NO PALÁCIO MUNICIPAL WAL",MUNICIPIO DE TRES DE MAIO/RS,RS,2026-03-10,confenge_commercial_pncp_supplier_contracts,03ebb58428c54b359058fb2e11dec620858ae395b0727eb1ed6edaa2590fe93d,instalacoes_prediais,,,,,,,
60509015000101-2-001512/2026,"REFORMA GERAL DA COBERTURA, DOS SANITÁRIOS, COZINHA/DESPENSA, INSTALAÇÕES ELÉTRICAS E DA QUADRA DE ESPORTES",ESP-PRESTACAO DE SERVICOS FDE/SEE,SP,2026-06-29,confenge_commercial_pncp_supplier_contracts,66e31da7d5e690b6bc40639eeda13c66eed823e0594ec0fbfa83184468551e34,instalacoes_prediais,,,,,,,
60509015000101-2-000566/2026,"RECUPERAÇÃO ESTRUTURAL, REFORMA DA COBERTURA, COZINHA, INSTALAÇÕES ELÉTRICAS E SANITÁRIOS",ESP-PRESTACAO DE SERVICOS FDE/SEE,SP,2026-05-12,confenge_commercial_pncp_supplier_contracts,a6f87128d6871ec5e9062b9fcaeb1a686ef701f26cd20b061a567dc0c355c721,instalacoes_prediais,,,,,,,
60509015000101-2-000845/2026,"REFORMA DA COBERTURA, SANITÁRIOS, PISOS EXTERNOS, QUADRA DE ESPORTES, MINI QUADRA, MURO, REVISÃO DAS INSTALAÇÕES ELÉTRICAS E HIDRÁULICAS.",ESP-PRESTACAO DE SERVICOS FDE/SEE,SP,2026-05-21,confenge_commercial_pncp_supplier_contracts,2d1bba5dd61d1308e66c6a1626308d3572abfaaf05a541f8ea7db8f73824c124,instalacoes_prediais,,,,,,,
60509015000101-2-000869/2026,"REFORMA GERAL DA COBERTURA, DAS INSTALAÇÕES ELÉTRICAS, SPDA E RESERVATÓRIO INFERIOR E ELEVADO E ADEQUAÇÃO DA COZINHA",ESP-PRESTACAO DE SERVICOS FDE/SEE,SP,2026-05-21,confenge_commercial_pncp_supplier_contracts,17ad5ad27365fe633b7afc6854afc1556e54df80bd6e7b0210dd6ea64e3b2dc3,instalacoes_prediais,,,,,,,
60509015000101-2-000522/2026,"REFORMA DA COZINHA E DESPENSA, DA COBERTURA, DOS SANITÁRIOS, DAS INSTALAÇÕES ELÉTRICAS E EXECUÇÃO DE PISOS",ESP-PRESTACAO DE SERVICOS FDE/SEE,SP,2026-05-12,confenge_commercial_pncp_supplier_contracts,074d5912122763533876a89118c0c65987d30cb05be301e387a4c1045a5123e1,instalacoes_prediais,,,,,,,
60509015000101-2-000867/2026,"REFORMA DA COBERTURA, DOS SANITÁRIOS, DA COZINHA E DESPENSA, DAS INSTALAÇÕES ELÉTRICAS, DA QUADRA DE ESPORTES, SUBSTITUIÇÃO DE PISOS, CAIXILHOS, ADEQUAÇÕES DE AMBIENTES,",ESP-PRESTACAO DE SERVICOS FDE/SEE,SP,2026-05-21,confenge_commercial_pncp_supplier_contracts,432f8d5924b96a369cf56223441fb090851b300777c527bf154c773a5b791d5a,instalacoes_prediais,,,,,,,
60509015000101-2-001728/2026,"REFORMA DA COBERTURA, CAIXILHOS, INSTALAÇÕES ELÉTRICAS, DOS SANITÁRIOS, COZINHA/DESPENSA, JUNTAS DE DILATAÇÃO",ESP-PRESTACAO DE SERVICOS FDE/SEE,SP,2026-07-13,confenge_commercial_pncp_supplier_contracts,d1d81318a67b59f859ae37423eff3a4f03fc5fe085e62b3d968c353fa8204148,instalacoes_prediais,,,,,,,
60509015000101-2-001736/2026,"REFORMA DA QUADRA DE ESPORTES, DA COBERTURA, DAS INSTALAÇÕES ELÉTRICAS, DA CALÇADA,",ESP-PRESTACAO DE SERVICOS FDE/SEE,SP,2026-07-13,confenge_commercial_pncp_supplier_contracts,e563a0dcd6b2d3c702500d6e7fdef7a3e7155ae8e4153b2a5a7846393f082676,instalacoes_prediais,,,,,,,
60509015000101-2-000605/2026,"REFORMA DE: COBERTURA, COZINHA E DESPENSA, SANITÁRIOS, INSTALAÇÕES ELÉTRICAS, QUADRA DE ESPORTES, RECOMPOSIÇÃO DE TRECHO DE MURO DE DIVISA, PINTURA E SERVIÇOS COMPLEMENTARES",ESP-PRESTACAO DE SERVICOS FDE/SEE,SP,2026-05-12,confenge_commercial_pncp_supplier_contracts,b83d769c572bfd4c60420b672c9bbfae6cee269b256fdd1856a37404f6ce20b0,instalacoes_prediais,,,,,,,
60509015000101-2-000279/2026,"REFORMA DO MUROS E ESTRUTURA DO PRÉDIO, REVISÃO DAS INSTALAÇÕES ELÉTRICAS E REATIVAÇÃO DO SISTEMA DO RESERVATÓRIO DE ÁGUA SERVIDA",ESP-PRESTACAO DE SERVICOS FDE/SEE,SP,2026-03-30,confenge_commercial_pncp_supplier_contracts,88f3d36db059a24ad5a045783fec07647bf5bcf677f3ecb366f37174a5d3734d,instalacoes_prediais,,,,,,,
60509015000101-2-001209/2026,EXECUÇÃO DE INFRAESTRUTURA ELÉTRICA E DE CLIMATIZAÇÃO.,ESP-PRESTACAO DE SERVICOS FDE/SEE,SP,2026-06-11,confenge_commercial_pncp_supplier_contracts,626759842013ff66e197ac806c50ab084ee4730366085b45d40f5b6016da7e56,climatizacao,,,,,,,
60509015000101-2-000563/2026,EXECUÇÃO DE INFRAESTRUTURA ELÉTRICA E DE CLIMATIZAÇÃO.,ESP-PRESTACAO DE SERVICOS FDE/SEE,SP,2026-05-12,confenge_commercial_pncp_supplier_contracts,e4f73674c6032a03b30f70912b6e30662dce658538abcb9db4938b8372296114,climatizacao,,,,,,,
07954480000179-2-008185/2026,"RECUPERAÇÃO ESTRUTURAL, REFORMA DO MURO, REFORAM DA GRADE FRONTAL, REFORAM DO PORTÃO DE VEÍCULOS, PAISAGISMO E BASES PARA MÁQUINAS DE ÁR-CONDICIONADOS - EEEP PAULO VI - (SEFOR 3)",EEEP PAULO VI,CE,2026-04-09,confenge_commercial_pncp_supplier_contracts,e9b4e460f69a914be725693fdaa6b4f3f2ec017e7ee3eb5f697eb62b007f3a73,climatizacao,,,,,,,
83900969000146-2-000022/2026,"Contratação de espaço físico em ambiente de Coworking, localizado em Joinville/SC, com disponibilização de sala privativa destinada ao funcionamento da Seccional Norte do CRF/SC, com infraestrutura completa e adequada ao desempenho das atividades institucionais, incluindo mobiliário, climatização, internet de alta velocidade, energia elétrica, serviços de recepção, limpeza, segurança, bem como demais facilidades necessárias ao atendimento ao público e ao funcionamento administrativo da unidad...",CONSELHO REG. DE FARMACIA DE SANTA CATARINA,SC,2026-05-18,confenge_commercial_pncp_supplier_contracts,1e80daa7824272a8835f0928f7299d7e16f3545b17ad3b43f17224e1d5fb0524,climatizacao,,,,,,,
60509015000101-2-001304/2026,EXECUÇÃO DE INFRAESTRUTURA ELÉTRICA E DE CLIMATIZAÇÃO.,ESP-PRESTACAO DE SERVICOS FDE/SEE,SP,2026-06-15,confenge_commercial_pncp_supplier_contracts,e6b7214181a2f452b07095fab65885067599119cfdcb85d6866d8d0ec27867a6,climatizacao,,,,,,,
60509015000101-2-001118/2026,EXECUÇÃO DE INFRAESTRUTURA ELÉTRICA E DE CLIMATIZAÇÃO.,ESP-PRESTACAO DE SERVICOS FDE/SEE,SP,2026-06-01,confenge_commercial_pncp_supplier_contracts,578ca64a7e0404a7f2de79ca60ea62c2e41b345c5e8fcc7b2695793a7cc3a107,climatizacao,,,,,,,
60509015000101-2-001220/2026,EXECUÇÃO DE INFRAESTRUTURA ELÉTRICA E DE CLIMATIZAÇÃO.,ESP-PRESTACAO DE SERVICOS FDE/SEE,SP,2026-06-11,confenge_commercial_pncp_supplier_contracts,3dc0b8ff00fc9f4f29ca1ac6e5146dbd54de1aa58e12104ccffb93c7a7560b25,climatizacao,,,,,,,
60509015000101-2-001421/2026,EXECUÇÃO DE INFRAESTRUTURA ELÉTRICA E DE CLIMATIZAÇÃO.,ESP-PRESTACAO DE SERVICOS FDE/SEE,SP,2026-06-25,confenge_commercial_pncp_supplier_contracts,fa93ba9980e82663fa807271a806894776c6a5314ebcf303ab1ac6650591ef5f,climatizacao,,,,,,,
60509015000101-2-001072/2026,EXECUÇÃO DE INFRAESTRUTURA ELÉTRICA E DE CLIMATIZAÇÃO.,ESP-PRESTACAO DE SERVICOS FDE/SEE,SP,2026-05-29,confenge_commercial_pncp_supplier_contracts,1c3cdaa35f662de3a2b5f3a868413f948412fa156a19a350407227751f416881,climatizacao,,,,,,,
88847082000155-2-000207/2026,"Contratação de empresa especializada para a reforma emergencial de conserto, limpeza, desobstrução e impermeabilização de calhas, além da reestruturação de drenos em 5 (cinco) aparelhos de ar-condicionado localizados no Prédio Administrativo da Prefeitura Municipal de Gramado (RS), com fornecimento de material.",SECRETARIA DA ADMINISTRAÇÃO,RS,2026-07-22,confenge_commercial_pncp_supplier_contracts,699b9eb078665d1acb8386883961d195f1260158bdbb64ad17e25431e51129a1,climatizacao,,,,,,,
14999490000196-2-000026/2026,"[LICITANET] - AQUISIÇÃO DE MATERIAIS PERMANENTES (Mobiliário Hospitalar, Eletrodomésticos, Equipamentos de Climatização e Apoio Logístico) destinados ao aparelhamento e modernização da infraestrutura do Hospital Municipal de Itaocara, visando a melhoria do conforto, segurança e humanização do atendimento aos usuários do SUS, conforme as condições, quantitativos e especificações técnicas detalhadas no Termo de Referência (Anexo I) deste Edital.",FUNDO MUNICIPAL DE SAÚDE DE ITAOCARA/RJ,RJ,2026-04-08,confenge_commercial_pncp_supplier_contracts,f42bf33a0b746748a70b8430130530b6577b140eb2270d93853f8af4c97467fb,climatizacao,,,,,,,
60509015000101-2-001785/2026,EXECUÇÃO DE INFRAESTRUTURA ELÉTRICA E DE CLIMATIZAÇÃO.,ESP-PRESTACAO DE SERVICOS FDE/SEE,SP,2026-07-15,confenge_commercial_pncp_supplier_contracts,4a709b7ac4145417cc6999e8d3ebd50efe38b794d04286ab5a0b1e2d28c3149d,climatizacao,,,,,,,
60509015000101-2-000145/2026,"REVISÃO DO SISTEMA DE CLIMATIZAÇÃO, INCLUINDO INFRAESTRUTURA E APARELHOS",ESP-PRESTACAO DE SERVICOS FDE/SEE,SP,2026-03-09,confenge_commercial_pncp_supplier_contracts,d402932a56087260f84607c918351f964b030eb9232ee247c86195406106106b,climatizacao,,,,,,,
60509015000101-2-001761/2026,EXECUÇÃO DE INFRAESTRUTURA ELÉTRICA E DE CLIMATIZAÇÃO.,ESP-PRESTACAO DE SERVICOS FDE/SEE,SP,2026-07-14,confenge_commercial_pncp_supplier_contracts,f105fbcdca5cc9bad4ce98e5c53335c9d0421cb38f777626d226ef381a1494b6,climatizacao,,,,,,,
46137410000180-2-002375/2026,"AQUISIÇÃO DE APARELHOS DE AR CONDICIONADO E CORTINAS DE AR, DEVIDAMENTE ESPECIFICADOS NO ANEXO I DO EDITAL PARA SECRETARIA MUNICIPAL DE SAÚDE (SMS), SECRETARIA MUNICIPAL DE APROVAÇÃO DE PROJETOS (SEAP) E SECRETARIA MUNICIPAL DE INFRAESTRUTURA (SEINFRA), ATRAVÉS DO SISTEMA DE REGISTRO DE PREÇOS",PREFEITURA MUNICIPAL DE BAURU/SP,SP,2026-06-23,confenge_commercial_pncp_supplier_contracts,605ac5946ed8438cbbf6ec951272b4e8c00ed77e39b9befec52116cdda69e53e,climatizacao,,,,,,,
60509015000101-2-000974/2026,EXECUÇÃO DE INFRAESTRUTURA ELÉTRICA E DE CLIMATIZAÇÃO.,ESP-PRESTACAO DE SERVICOS FDE/SEE,SP,2026-05-25,confenge_commercial_pncp_supplier_contracts,f5153f3a006cdbd583fb7e169f86f50700edfa32223b6f219334a443415e51cb,climatizacao,,,,,,,
78686557000115-2-000002/2026,"Aquisição e instalação de aparelhos de ar-condicionado (incluindo o fornecimento de todos os materiais e serviços necessários à instalação completa e funcional), destinados exclusivamente ao Plenário da Câmara Municipal de Francisco Beltrão – PR, visando à melhoria das condições de infraestrutura e conforto térmico do ambiente.",CAMARA MUNICIPAL DE FRANCISCO BELTRÃO - PR,PR,2026-02-13,confenge_commercial_pncp_supplier_contracts,43ea4a27904da8391d0ed69a59dd6cbb1f2f344b4e4ce4e3739eb6df5238327a,climatizacao,,,,,,,
60509015000101-2-001685/2026,EXECUÇÃO DE INFRAESTRUTURA ELÉTRICA E DE CLIMATIZAÇÃO.,ESP-PRESTACAO DE SERVICOS FDE/SEE,SP,2026-07-08,confenge_commercial_pncp_supplier_contracts,20c19d1916a512f297dd50702c26dcaece47a2d8720a632697e034c8f4b21efd,climatizacao,,,,,,,
60509015000101-2-001107/2026,EXECUÇÃO DE INFRAESTRUTURA ELÉTRICA E DE CLIMATIZAÇÃO.,ESP-PRESTACAO DE SERVICOS FDE/SEE,SP,2026-05-29,confenge_commercial_pncp_supplier_contracts,a2b98b32c8f5e97f8b235c93f2c08dde86f3e1e954f52eb7d9f011b2118e9e9d,climatizacao,,,,,,,
60509015000101-2-001066/2026,EXECUÇÃO DE INFRAESTRUTURA ELÉTRICA E DE CLIMATIZAÇÃO.,ESP-PRESTACAO DE SERVICOS FDE/SEE,SP,2026-05-29,confenge_commercial_pncp_supplier_contracts,cf1eaea494dd91dccdb44bc79dcebe831688e1ec1ba88347d69860d9fd2d9984,climatizacao,,,,,,,
46137410000180-2-000893/2026,"AQUISIÇÃO DE APARELHOS DE AR CONDICIONADO E CORTINAS DE AR, DEVIDAMENTE ESPECIFICADOS NO ANEXO I DO EDITAL PARA SECRETARIA MUNICIPAL DE SAÚDE (SMS), SECRETARIA MUNICIPAL DE APROVAÇÃO DE PROJETOS (SEAP) E SECRETARIA MUNICIPAL DE INFRAESTRUTURA (SEINFRA), ATRAVÉS DO SISTEMA DE REGISTRO DE PREÇOS",PREFEITURA MUNICIPAL DE BAURU/SP,SP,2026-03-24,confenge_commercial_pncp_supplier_contracts,6bb69385d9de7e11e03681b7183977b1bec255715f228ac4e55ab2764ea779bf,climatizacao,,,,,,,
09284001000180-2-000008/2026,"Contratação do Uso do Sistema de Distribuição (CUSD) e Compra de Energia Elétrica no Ambiente de Contratação Regulada (CCER) , junto à concessionária fornecedora da localidade, visando garantir o atendimento seguro, contínuo e adequado às cargas atualmente instaladas na edificação que abriga a Promotoria de justiça de João Pessoa.",EPB-PROCURADORIA-GERAL DE JUSTIÇA DA PARAIBA,PB,2026-03-10,confenge_commercial_pncp_supplier_contracts,cc33fc350d5c63f50aa627d31e15cf3d6c53cf91c829c33614366ab5882c7d05,energia,,,,,,,
20207783000196-2-000028/2026,"Contratação de espaço institucional (estande) junto à entidade organizadora da Exposição Agropecuária de Curvelo/MG (ExpoCurvelo), para instalação de unidade temporária da Casa do Cidadão da Câmara Municipal de Curvelo, durante o período de realização do evento, com área compatível com a execução das atividades institucionais, com infraestrutura mínima necessária ao funcionamento, tais como fornecimento de energia elétrica, mobiliário básico e demais condições indispensáveis à execução dos se...",Câmara Municipal de Curvelo,MG,2026-05-18,confenge_commercial_pncp_supplier_contracts,07a2ca5b76584fa694ee82049e94d20585e6c569440374ba8bd7d6f987a32e1c,energia,,,,,,,
88227764000165-2-000156/2026,Aquisicao de materiais eletricos e poste de fibra de vidro bifasico  padrao RGE completo  destinados a regularizacao e reforma do padrao de entrada de energia eletrica da EMEI Mario Gomes Lago  SME,PREFEITURA MUNICIPAL,RS,2026-03-20,confenge_commercial_pncp_supplier_contracts,8a472702ea752c9e1c5b19b8fe4d162ba453aa4103d3f9a34eea6681344ee573,energia,,,,,,,
89421259000110-2-000026/2026,"O presente contrato tem por objeto a prestação de serviços de restruturação das estruturas solares, que incluem:
a) Retirada completa das estruturas atuais;
b) Reformas, ajustes ou substituição de partes necessárias das estruturas dos módulos fotovoltaicos;
c) Reinstalação e alinhamento das estruturas e dos módulos fotovoltaicos;
d) Lavagem completa dos módulos fotovoltaicos, utilizando técnicas adequadas e materiais específicos para não causar danos.",Fundação Hospitalar Santa Terezinha de Erechim,RS,2026-03-24,confenge_commercial_pncp_supplier_contracts,67514a03903de5a7d78ba9732552cfbe15e1a0461f7a0870a4b5db2bfa2c2154,energia,,,,,,,
76247352000108-2-000059/2026,"Contratação de empresa especializada para a prestação de serviços de locação de gerador de energia elétrica, incluindo o transporte (entrega e retirada), instalação, cabos, acessórios e a respectiva manutenção preventiva e corretiva necessária para o seu perfeito funcionamento, visando atender as demandas de infraestrutura, fomento e apoio à realização do evento ""Festa do Padroeiro Santo Antônio"" no Município de Alto Piquiri/PR. A presente contratação dar-se-á em regime de mútua cooperação e ...",Unidade administrativa,PR,2026-06-15,confenge_commercial_pncp_supplier_contracts,3b62679382eb611357ecf0694b4dfbe52d406104843e660cb5da04f0e8eac340,energia,,,,,,,
47842836000105-2-000778/2026,"CONTRATAÇÃO DE EMPRESA ESPECIALIZADA EM SERVIÇOS DE ELETRICIDADE, PARA EFETUAR A REFORMA E READEQUAÇÃO DA CABINE DE ENTRADA DE ENERGIA ELÉTRICA DO RECINTO DE EXPOSIÇÕES PERCY WALDIR SEMEGUINI",PREFEITURA MUNICIPAL DE FERNANDOPOLIS - SP,SP,2026-04-22,confenge_commercial_pncp_supplier_contracts,5ce88fdb977b688242682bc694a5634045f274626ee3e95cba6a4b7bd1fedb99,energia,,,,,,,
00394494010441-2-001530/2025,"O OBJETO DO PRESENTE INSTRUMENTO É A CONTRATAÇÃO DE PESSOA JURÍDICA ESPECIALIZADA NA DISPONIBILIZAÇÃO ONEROSA DE ESPAÇOS FÍSICOS EM SÍTIOS DE TELECOMUNICAÇÕES, INCLUINDO CONECTIVIDADE DE REDE, SEGURANÇA E FORNECIMENTO DE ENERGIA ELÉTRICA, PERTINENTES À IMPLANTAÇÃO DA INFRAESTRUTURA DE RADIOCOMUNICAÇÃO DIGITAL.",SUPERINTENDENCIA REG. POL. RODV. FEDERAL-RN,RN,2026-02-23,confenge_commercial_pncp_supplier_contracts,93b34b6056bd1e5ea36478aaf75e215e2de306679524cd74c905bff19b23bc42,energia,,,,,,,
89522064000166-2-000101/2026,"Contratação, em regime de empreitada por preços unitários, de serviços de reforma da subestação elétrica e dos sistemas de automação e controle de acesso do Tribunal de Justiça do Estado do RS.",TRIBUNAL DE JUSTIÇA DO ESTADO DO RIO G.DO SUL,RS,2026-06-18,confenge_commercial_pncp_supplier_contracts,6db41fa3b4f244c26dc1a436c8164702c013b68157483aee58476a03887908ef,energia,,,,,,,
76639384000159-2-000065/2026,"PRESTAÇÃO DE SERVIÇOS DE INSTALAÇÃO DE SISTEMAS FOTOVOLTAICOS EM EDIFICAÇÕES DO CREA NAS LOCALIDADES DE APUCARANA, LONDRINA, MARINGÁ, PATO BRANCO E PONTA GROSSA, COM O FORNECIMENTO DOS EQUIPAMENTOS E MATERIAIS, CONFORME SOLICITAÇÃO.",CONSELHO REG.DE ENGENHARIA E AGRONOMIA DO PR,PR,2026-04-07,confenge_commercial_pncp_supplier_contracts,a02adb7453d9f53123e0e3e23d6cda07840c04f44af35f3dd7b313c1ed65f667,energia,,,,,,,
08883951000168-2-000104/2026,"Aquisicao de transformadores de distribuicao trifasico, materiais eletricos e equipamentos correlatos, destinados a implantacao de subestacao de energia eletrica e adequacao de infraestrutura eletrica dos predios da Rede Municipal de Ensino de...",Prefeitura Municipal de Teixeira,PB,2026-06-18,confenge_commercial_pncp_supplier_contracts,4ad2fa6eb8bef1134382dbfbd20e0f721b9e3a081858e2bda575474763019f13,energia,,,,,,,
82892316000108-2-000263/2026,Abertura de licitação para contratação de empresa para execução de edificação para abrigar Sala de Informática e a execução de Subestação de Energia Elétrica na Escola Básica Municipal Prefeito Reinaldo Weingartner.,Secretaria Municipal de Educação,SC,2026-04-13,confenge_commercial_pncp_supplier_contracts,ebe9d33a0a23492dd3cfdbe000bd0c1b830da1d2f4f60c5e8092974716bbfcc4,energia,,,,,,,
04914925000107-2-000018/2026,"Contratação de empresa especializada para a prestação de serviços de transporte de dados e conexão com a internet, por meio de infraestrutura em fibra óptica, destinados a atender às metas de videomonitoramento urbano e disponibilização de Wi-Fi público no âmbito do Projeto Cidades Inteligentes Cerejeiras, utilizando Recursos Próprios.",PREFEITURA MUNICIPAL DE CEREJEIRAS,RO,2026-03-05,confenge_commercial_pncp_supplier_contracts,00251b1e313fb0bf4639ec131dd6b39f37471fc76dbcf7e7155555eef31913a6,telecom,,,,,,,
46634531000137-2-000335/2026,"Aquisição de equipamentos de informática, rede estruturada e fibra óptica, incluindo componentes de hardware, periféricos e ferramentas técnicas, com a finalidade de implantação, manutenção e expansão da infraestrutura tecnológica, para atender as necessidades da Secretaria Municipal de Administração",SECRETARIA MUNICIPAL DE ADMINISTRAÇÃO,SP,2026-04-01,confenge_commercial_pncp_supplier_contracts,f660e4ab205e9e99ca6eff323a5847b5ece14979a464cece0ef2b431379739d7,telecom,,,,,,,
01254422000156-2-000009/2026,"[LICITANET] - CONTRATAÇÃO DE EMPRESA ESPECIALIZADA  NA PRESTAÇÃO DE SERVIÇOS DE TELECOMUNICAÇÕES, visando à implantação, operação, suporte e manutenção de infraestrutura integrada de conectividade de dados, compreendendo o fornecimento de link dedicado de acesso à internet em nível governamental, por meio de fibra óptica, com proteção contra ataques do tipo DDoS, a interligação de dados entre as unidades administrativas por meio de rede privada MPLS/L2L, com disponibilização de concentrador c...",MUNICÍPIO DE SÃO FRANCISCO DO GUAPORÉ/RO,RO,2026-05-20,confenge_commercial_pncp_supplier_contracts,efe4b9bea7942bed4fce0220a929a2cdd85252354b0f0b54295d27da142b1808,telecom,,,,,,,
10779511000107-2-000121/2026,"VALOR QUE SE EMPENHA PARA ATENDER DESPESAS COM AQUISIÇÃO DE CONSUMÍVEIS DE LABORATÓRIO E OUTROS PARA ATENDER ÀS DEMANDAS DO CURSOS TÉCNICOS EM MECÂNICA, EDIFICAÇÕES, ESTRADAS E TELECOMUNICAÇÕES DO CAMPUS CAMPOS CENTRO DO INSTITUTO FEDERAL FLUMINENSE. PEN 0105665.00000029/2025-92  PROC.  23318.003783.2025-71 PREGAO 90037/2025",INST.FEDERAL FLUMINENSE/CAMPUS CAMPOS-CENTRO,RJ,2026-05-21,confenge_commercial_pncp_supplier_contracts,4c59d7cfb38e2ad82c9ccd8c258831c1589f0ec2bb29afef47d6fcaf303e1a62,telecom,,,,,,,
82548983000160-2-000812/2026,"Serviços de acesso à internet e fornecimento de serviço de PABX virtual (telefone), visando atender às necessidades de conectividade e infraestrutura digital da Administração Municipal e Fundo Municipal de Saúde de Turvo/SC, conforme especificações constantes do Termo de Referência e demais documentos e anexos que integram este edital.
O acesso à internet deverá ser 100% fibra óptica.
Os serviços, objeto do presente edital, deverá incluir links de alta disponibilidade e equipamentos em comoda...",Prefeitura Municipal de Turvo,SC,2026-07-03,confenge_commercial_pncp_supplier_contracts,c8e2f7383aa3273552876e2ff4522882636bc7821539e6bcf9c71f03b7e6b58c,telecom,,,,,,,
73966913000130-2-000007/2026,CONTRATAÇÃO DE SERVIÇO DE ACESSO À INTERNET BANDA LARGA VIA FIBRA ÓPTICA PARA AMPLIAÇÃO DA INFRAESTRUTURA DE CONECTIVIDADE DO AMBULATÓRIO MÉDICO DE ESPECIALIDADES DE PARANAVAÍ/PR.,CONSORCIO INTERMUNICIPAL DE SAUDE - SEDE,PR,2026-04-14,confenge_commercial_pncp_supplier_contracts,cef7e84d27e72e57bd53ea6b07d854914988e64056478cd2669ec6d44c614257,telecom,,,,,,,
10838653000106-2-001767/2025,"CONTRATAÇÃO DE EMPRESA ESPECIALIZADA PARA EXECUÇÃO DE SERVIÇOS DE REESTRUTURAÇÃO, MODERNIZAÇÃO E EXPANSÃO DA INFRAESTRUTURA DE REDE DE FIBRA ÓPTICA, INTERLIGANDO OS DIVERSOS BLOCOS E LOCALIDADES AO CENTRO DE PROCESSAMENTO DE DADOS (CPD). DISPENSA 095/2025. PROCESSO 23150.003266/2025-52.",IFES - CAMPUS ARACRUZ,ES,2026-02-18,confenge_commercial_pncp_supplier_contracts,b6d5add35684a4e4a20c4325cc2ebba9f5d85540b7f68152bbe105773a9464e3,telecom,,,,,,,
46522983000127-2-000143/2026,"REGISTRO DE PRECOS para prestacao de servicos de INSTALACOES E PROJETOS DE INFRAESTRUTURA DE REDE E TELEFONIA, em atendimento a Prefeitura do Municipio de Santana de Parnaiba, pelo periodo de 01 (um) ano.",Prefeitura Municipal de Santana de Parnaíba,SP,2026-06-23,confenge_commercial_pncp_supplier_contracts,e777b6c82c0e985d4bffe31472ef89c551bbaeddd29c60130a0b825408d76a30,telecom,,,,,,,
00508903000188-2-000239/2026,O OBJETO DESTE CONTRATO COMPREENDE A PRESTAÇÃO DE SERVIÇOS ESPECIALIZADOS DE MANUTENÇÃO PREVENTIVA E CORRETIVA DA INFRAESTRUTURA DE TELEFONIA IP DA CONTRATANTE.,JUSTICA FEDERAL DE 1A. INSTANCIA - CE,CE,2026-03-12,confenge_commercial_pncp_supplier_contracts,ae44426b2035902e62659c503a778da9fe08674305dc1956184ab95d26a4b828,telecom,,,,,,,
44229813000123-2-000131/2026,"CONTRATAÇÃO EMERGENCIAL DE EMPRESA ESPECIALIZADA PARA EXECUÇÃO DE SERVIÇOS DE RECUPERAÇÃO DE CABO ÓPTICO 48 FO, INCLUINDO LOCALIZAÇÃO DA FALHA, REPARO DA INFRAESTRUTURA DANIFICADA, FUSÃO DE FIBRAS, TESTES DE CONECTIVIDADE, REORGANIZAÇÃO DA REDE E RESTABELECIMENTO INTEGRAL DO ENLANCE DA REDE MUNICIPAL DE FIBRA ÓPTICA.",PREFEITURA MUNICIPAL DE SERRANA - SP,SP,2026-07-14,confenge_commercial_pncp_supplier_contracts,b3c3a3dd7e260db3c894520e8d38ad13711c38e2d66f1ad67a945264bce4260a,telecom,,,,,,,
18591149000158-2-000052/2026,[Publicenter] - CONTRATAÇÃO DE EMPRESA ESPECIALIZADA PARA PRESTAÇÃO DE SERVIÇOS DE TELEFONIA PARA A ATENDER A GESTÃO DE INFRAESTRUTURA RURAL. TELEFONE: 38413768.FICHA ORÇAMENTÁRIA: 598,DIRETORIA DE INFRAESTRUTURA RURAL,MG,2026-02-27,confenge_commercial_pncp_supplier_contracts,6b0a7cd38eb73283a4874b744d700a540ed09de8102f536505eef244f039d8c4,telecom,,,,,,,
46374500000194-2-021079/2025,AQUISIÇÃO DE MATERIAIS DE INFRAESTRUTURA DE TELECOMUNICAÇÕES E APARELHOS TELEFÔNICOS,ESP-CTO.ATENCAO INTEGRADA SAUDE MENTAL-P.PINE,SP,2026-02-18,confenge_commercial_pncp_supplier_contracts,c3f04cb320139bdfeece53a77192237ae801a19adc9aeda603f5f418e593d906,telecom,,,,,,,
11188015000141-2-000302/2025,"CONTRATAÇÃO DE EMPRESA ESPECIALIZADA PARA PRESTAÇÃO DE SERVIÇOS DE SOLUÇÃO DE GESTÃO DE INFRAESTRUTURA DE TELEFONIA DIGITAL IP COM FORNECIMENTO DE CENTRAL TELEFÔNICA (PABX) IP, SOFTWARE DE GERENCIAMENTO DA PLATAFORMA UNIFICADA DE COMUNICAÇÃO, FORNECIMENTO DE APARELHOS/EQUIPAMENTOS EM REGIME DE LOCAÇÃO, MANUTENÇÃO PREVENTIVA E CORRETIVA (SUPORTE TÉCNICO) DESTINADO À PREFEITURA MUNICIPAL DE BRUSQUE/SC.",Fundo Municipal de Saúde,SC,2026-05-20,confenge_commercial_pncp_supplier_contracts,b39e5b0ce7da0ec323233ae9fad6ddcae4192d63ede6e5264406367b3063deeb,telecom,,,,,,,
60746179000152-2-000064/2026,"CONTRATAÇÃO DE EMPRESA ESPECIALIZADA EM ESTRUTURA METÁLICA SOB MEDIDA PARA FABRICAÇÃO, FORNECIMENTO E INSTALAÇÃO DE ESTRUTURAS METÁLICAS SOB MEDIDA DESTINADAS À PASSAGEM DE INFRAESTRUTURA DE REDE LÓGICA, ELÉTRICA E TELECOMUNICAÇÕES.",CONSELHO REG. DOS REP.COMERCIAIS ESTADO DE SP,SP,2026-07-02,confenge_commercial_pncp_supplier_contracts,b305643435bce5f7dcec3a03780afe733a4617def3a444b5079890d5c35d9de1,telecom,,,,,,,
03659166001931-2-000062/2026,"CONTRATAÇÃO DE SERVIÇOS COMUNS DE ACESSO À INTERNET DEDICADO, COM FORNECIMENTO DE LINKS DE COMUNICAÇÃO DE DADOS POR MEIO DE FIBRA ÓPTICA, INCLUINDO INSTALAÇÃO, CONFIGURAÇÃO, SUPORTE TÉCNICO E DISPONIBILIZAÇÃO DE TODOS OS EQUIPAMENTOS, MATERIAIS E INFRAESTRUTURA NECESSÁRIOS AO PLENO FUNCIONAMENTO DA SOLUÇÃO, VISANDO ATENDER ÀS NECESSIDADES DA SUPERINTENDÊNCIA DO IBAMA NO ESTADO DO AMAZONAS.",IBAMA - SUPERINTENDENCIA ESTADUAL/AM,AM,2026-07-15,confenge_commercial_pncp_supplier_contracts,1d183155005ed4f41004e3296670f4a481d859d7e2024e4deaf0b18d6e6dde38,telecom,,,,,,,
82926551000145-2-000893/2026,"“PREGÃO ELETRÔNICO PARA CONTRATAÇÃO DE EMPRESA ESPECIALIZADA PARA FORNECIMENTO DE MATERIAIS, IMPLANTAÇÃO E MANUTENÇÃO DA INFRAESTRUTURA MUNICIPAL DE SUPORTE AO VIDEOMONITORAMENTO URBANO (PROJETO GUARDIÕES DO VALE), INCLUINDO INSTALAÇÃO/ATIVAÇÃO DE 51 PONTOS DE CÂMERA, INTERLIGAÇÃO POR REDE PRIVADA LAN2LAN, FORNECIMENTO DE LINK DE INTERNET EM FIBRA ÓPTICA COM IP FIXO E SUPORTE TÉCNICO (MANUTENÇÃO PREVENTIVA E CORRETIVA).” 1 doc PA297/2026",PREFEITURA MUNICIPAL DE BRAÇO DO NORTE - SC,SC,2026-04-22,confenge_commercial_pncp_supplier_contracts,2223baac5b5da681bd8787aa9eb22301e80016b31d7209e547440384db2d7454,telecom,,,,,,,
16829640000149-2-000096/2026,"CONTRATAÇÃO DE SOLUÇÃO INTEGRADA DE TECNOLOGIA DA INFORMAÇÃO E COMUNICAÇÕES (TICS) PARA A PREFEITURA MUNICIPAL DE ARAGUARI, ENGLOBANDO SERVIÇOS DE TELEFONIA FIXA IP (PABX VIRTUAL), ATUALIZAÇÃO DE ATIVOS DE REDE EM COMODATO E LOCAÇÃO DE INFRAESTRUTURA DE CONECTIVIDADE (INTERNET E VPN) INTEGRALMENTE VIA FIBRA ÓPTICA","SECRETARIA DE LOGISTICA, LICITAÇÕES, COMPRAS, CONTRATOS E TECNOLOGIA DA INFORMAÇÃO",MG,2026-05-20,confenge_commercial_pncp_supplier_contracts,8c8e0ad72c921653a74db369bdd1398c44a11e3f059be500123ab1b4a076a47c,telecom,,,,,,,
01165729000180-2-000242/2026,AQUISIÇÃO DE MATERIAL  DE INFRAESTRUTURA DE FIBRA ÓPTICA,SECRETARIA DE SEGURANÇA PÚBLICA E DEFESA SOCIAL,GO,2026-04-06,confenge_commercial_pncp_supplier_contracts,26f5bd0c38ecdb91bf3a1c05e44a21171ded38243b45286d3280a725a5b88018,telecom,,,,,,,
18279083000165-2-000014/2026,"Contratação de empresa especializada na prestação de serviços de acesso à internet em banda larga, por meio de infraestrutura de fibra óptica, para atender às demandas operacionais e administrativas das diversas Secretarias da Prefeitura Municipal de Jequitaí.",MUNICIPIO DE JEQUITAI,MG,2026-03-25,confenge_commercial_pncp_supplier_contracts,f0800aef5cbe41a8737840520406cb3529e2fe031e1d3baed84bb78ca2acc5bb,telecom,,,,,,,
82548983000160-2-000813/2026,"Serviços de acesso à internet e fornecimento de serviço de PABX virtual (telefone), visando atender às necessidades de conectividade e infraestrutura digital da Administração Municipal e Fundo Municipal de Saúde de Turvo/SC, conforme especificações constantes do Termo de Referência e demais documentos e anexos que integram este edital.
O acesso à internet deverá ser 100% fibra óptica.
Os serviços, objeto do presente edital, deverá incluir links de alta disponibilidade e equipamentos em comoda...",Prefeitura Municipal de Turvo,SC,2026-07-03,confenge_commercial_pncp_supplier_contracts,b2fecfe1e8c1296b77320788b750c1c0120c2345f04255397d4a6a591670edaa,telecom,,,,,,,
01612483000148-2-000022/2026,"CONTRATAÇÃO DE EMRPESA ESPECIALIZADA PARA MANUTENÇÃO DE SERVIÇOS DE TELECOMUNICAÇÕES DESTINADOS A IMPLEMENTAÇÃO, OPERAÇÃO, E MANUTENÇÃO DE LINKS DE CONECTIVIDADE EM REDE CABEADA POR INFRAESTRUTURA ÓPTICA,PARA ATENDIMENTO AS DEMANDAS DAS CECRETARIAS E UNIDADES ADMINISTRATIVAS DA PREFEITURA MUNICIPAL DE FRUTA DE LEITE-MG.",MUNICIPIO DE FRUTA DE LEITE,MG,2026-04-06,confenge_commercial_pncp_supplier_contracts,924853e7b233bba457596571f81b4f94cb64b47b866423c1f425706df96fb008,telecom,,,,,,,
17516113000147-2-000185/2026,CTO/27/2026 - aquisição de equipamentos para montagem de infraestrutura de rede para o novo sistema de telefonia da ALMG.,GSL-ADMINISTRACAO,MG,2026-07-21,confenge_commercial_pncp_supplier_contracts,73eee11375b0462215d18096442d0fdfc26dee8085835cb8fe5958775a52b084,telecom,,,,,,,
82939406000107-2-002075/2025,"Contratação emergencial de empresa especializada para execução do reparo na infraestrutura de telefonia fixa da Secretaria da Educação, Cultura e Esportes.",Prefeitura de Capinzal,SC,2026-03-12,confenge_commercial_pncp_supplier_contracts,04885983b5c6ec50b99e5015cc7b31297ebe77323a2b507c17890680fb657a45,telecom,,,,,,,
53327359000134-2-000007/2026,"Contratação de empresa especializada para fornecimento de serviço de acesso dedicado à internet, com velocidade de 500 Mbps (megabits por segundo), acessível por meio de infraestrutura de fibra óptica, inclusos um range de 6 endereços IPv4 públicos, solução de segurança contra ataques DoS e DDoS, materiais, instalação, ativação, monitoramento e suporte técnico, conforme especificações.",CÂMARA DE VEREADORES DE PINDAMONHANGABA,SP,2026-06-12,confenge_commercial_pncp_supplier_contracts,b02be39f921c50d1c7b99293e1a433892f993c1b57e6771df1995787f0016b5b,telecom,,,,,,,
01612215000126-2-000008/2026,"CREDENCIAMENTO DE PROFISSIONAIS LIBERAIS (PESSOAS FÍSICAS), DE FORMA EVENTUAL E EM CARÁTER SUPLEMENTAR, VISANDO A PRESTAÇÃO SERVIÇOS PARA REALIZAÇÃO DE REPAROS E PEQUENAS REFORMAS EM PRÉDIOS PÚBLICOS, SERVIÇOS MECÂNICOS PARA MANUTENÇÃO DA FROTA DE VEÍCULOS E DE APOIO OPERACIONAL PARA CONSERVAÇÃO E LIMPEZA, PARA ATENDIMENTO DAS NECESSIDADES DAS DIVERSAS UNIDADES ADMINISTRATIVAS DO MUNICÍPIO DE NOVA IPIXUNA – PARÁ",Prefeitura Municipal de Nova Ipixuna,PA,2026-03-09,confenge_commercial_pncp_supplier_contracts,da83b263cbe0e93d6a3363ab855b90787941525eacada199824097bb697a152a,limpeza,,,,,,,
01612215000126-2-000009/2026,"CREDENCIAMENTO DE PROFISSIONAIS LIBERAIS (PESSOAS FÍSICAS), DE FORMA EVENTUAL E EM CARÁTER SUPLEMENTAR, VISANDO A PRESTAÇÃO SERVIÇOS PARA REALIZAÇÃO DE REPAROS E PEQUENAS REFORMAS EM PRÉDIOS PÚBLICOS, SERVIÇOS MECÂNICOS PARA MANUTENÇÃO DA FROTA DE VEÍCULOS E DE APOIO OPERACIONAL PARA CONSERVAÇÃO E LIMPEZA, PARA ATENDIMENTO DAS NECESSIDADES DAS DIVERSAS UNIDADES ADMINISTRATIVAS DO MUNICÍPIO DE NOVA IPIXUNA – PARÁ",Prefeitura Municipal de Nova Ipixuna,PA,2026-03-09,confenge_commercial_pncp_supplier_contracts,caad3025f5b02fd6767a7668e5a8a1e672aaeb3d66df3db40699fdec984460cb,limpeza,,,,,,,
46374500000194-2-021327/2025,"CONTRATAÇÃO DE SERVIÇOS DE HOSPEDAGEM, ALIMENTAÇÃO, LOCAÇÃO DE ESPAÇO FÍSICO E INFRAESTRUTURA NO MUNICÍPIO DE UBATUBA/SP - REUNIÃO DE PLANEJAMENTO DAS ATIVIDADES DO INQUÉRITO EPIDEMIOLÓGICO DE TRACOMA E OUTRAS DOENÇAS OCULARES NA ÁREA INDÍGENA DO ESTADO DE SÃO PAULO.",ESP-CTO.VIGIL. EPIDEMIOL PROF.A.VRANJAC-CVE,SP,2026-05-07,confenge_commercial_pncp_supplier_contracts,d61a8ccc7234e6213b611ef3f715b151de2b8d9e0228ee6efbf5d903aa9ab168,alimentacao,,,,,,,
07647181000191-2-000009/2026,"Serviços de organização e execução de eventos de pequeno e médio porte do Conselho Regional de Enfermagem da Paraíba- Coren/PB, sob demanda, incluindo a locação de espaço físico e infraestrutura (equipamentos/mobiliário, recursos humanos e alimentação) e fornecimento de materiais institucionais e gráficos",CONSELHO REGIONAL DE ENFERMAGEM DA PARAIBA,PB,2026-06-11,confenge_commercial_pncp_supplier_contracts,bbf65d6e95eff86a19f2922963f4c5e02b4a8d0065f193d9a5135fd822ec7f12,alimentacao,,,,,,,
01409580000138-2-000939/2026,"Aquisição de equipamentos, utensílios de copa e cozinha para suprir as necessidade da Superintendência da Escola de Saúde de Goiás/SESG, após a ampliação/reforma.",SECRETARIA DE ESTADO DA SAUDE/GO,GO,2026-06-26,confenge_commercial_pncp_supplier_contracts,db877775aed72be07e68e883dd7a8345771589caea91302862c7d550d42a46dc,alimentacao,,,,,,,
02451938000153-2-000081/2026,"AQUISICAO DE REFEICAO PRONTA TIPO MARMITEX, COM A FINALIDADE DE ATENDER AS NECESSIDADES DA SECRETARIA MUNICIPAL DE EXECUCAO E GESTAO DE GOVERNO; SECRETARIA MUNICIPAL DE INFRAESTRUTURA; FUNDO MUNICIPAL DE ASSISTENCIA SOCIAL; FUNDO MUNICIPAL DE EDUCACAO, FUNDO MUNICIPAL DE SAUDE, SERVICO DE ATENDIMENTO MOVEL DE URGENCIA (SAMU); AGENCIA MUNICIPAL DE MEIO AMBIENTE, TURISMO E CULTURA, SUPERINTENDENCIA MUNICIPAL DE TRANSITO E FUNREBOM.",MUNICIPIO DE ITABERAI GO,GO,2026-04-29,confenge_commercial_pncp_supplier_contracts,2f40526cb146a4f8d29b160f8169ca90201d9b9ddac046143506394e0995061a,alimentacao,,,,,,,
29578957000100-2-000017/2026,"REGISTRO DE PREÇO PARA FUTURA E EVENTUAL AQUISIÇÃO DE GÊNEROS ALIMENTICIOS PERECIVEIS E NÃO PERECIVEIS, DESCARTAVEIS, MATERIAIS PA-RA COPA E COZINHA E FÓRMULA INFANTIL NUTRICIONAL ESPECIAL PARA ATENDER AS NECESSIDADES DA SECRETARIA MUNICIPAL DE SAÚDE-SEMSA, SECRETARIA MUNICIPAL DE AGRICULTURA, ABASTECIMENTO E PESCA- SEMAP, SECRETARIA MUNICIPAL DE INFRAESTRUTURA – SEMINFRA, SECRETARIA MU-NICIPAL DE TRABALHO E DESENVOLVIMENTO SOCIAL – SEMTDES, SECRETARIA MUNICIPAL DE EDUCAÇÃO BÁSICA – SEMEB, SE...","SECRETARIA MUN. DE EDUCAÇÃO, CULTURA E DESPORTO",PA,2026-04-01,confenge_commercial_pncp_supplier_contracts,dd6aa075304347bd7956849a0d5aafbafa4932839373ba430474bed1150b91fb,alimentacao,,,,,,,
01409580000138-2-000455/2026,"Aquisição de eletrodomésticos, móveis de alojamento e artigos de copa e cozinha, destinados ao atendimento das demandas do Comando de Policiamento Rodoviário de Goiás – CPR e da Agência Goiana de Infraestrutura e Transportes – GOINFRA.",AGENCIA GOIANA DE INFRAEST.E TRANSPORTES/GO,GO,2026-04-14,confenge_commercial_pncp_supplier_contracts,afc95da6f656d74aa028ccdfda3cbc08ecd600963b5dc7c45a28fc1f655f37db,alimentacao,,,,,,,
34476101000155-2-000010/2026,"O objeto do presente instrumento é a Contratação, por meio do Sistema de Registro de Preços, de serviços de organização e execução de eventos (Congressos, Seminários, Capacitações e encontros em geral), sob demanda do Coren-RO, incluindo a locação de espaço físico e infraestrutura (equipamentos/mobiliário, recursos humanos, hospedagem e alimentação) e fornecimento de materiais institucionais, gráficos e serviço de transporte, por empresa especializada, conforme especificações e quantitativos ...",CONSELHO REGIONAL DE ENFERMAGEM - RO,RO,2026-05-15,confenge_commercial_pncp_supplier_contracts,56b52dc24cd0f6bb49b46ffca790b1959ca09bb3e2aea7c4527d90c7aec25be1,alimentacao,,,,,,,
80674252000135-2-000013/2026,"Contratação de empresa especializada na prestação de serviços de organização de eventos, compreendendo o fornecimento de decoração, sonorização, iluminação e infraestrutura, alimentação, bebidas, ambientação musical, mestre de cerimônias e serviços de limpeza, destinados à realização da Sessão Solene em comemoração aos 68 (sessenta e oito) anos de Emancipação Político-Administrativa do Município de Santo Amaro da Imperatriz, a ser realizada no dia 9 de julho de 2026. EC324B8933D939D4CE8272DB5...",SANTO AMARO DA IMPERATRIZ CAMARA DE VEREADORES,SC,2026-06-19,confenge_commercial_pncp_supplier_contracts,70e14ff51713306ac7d293a8121eb74bcbc5fe210ab950ab5daf5a89cdd76ed6,alimentacao,,,,,,,
34476101000155-2-000020/2026,"O objeto do presente instrumento é a Contratação, por meio do Sistema de Registro de Preços, de serviços de organização e execução de eventos (Congressos, Seminários, Capacitações e encontros em geral), sob demanda do Coren-RO, incluindo a locação de espaço físico e infraestrutura (equipamentos/mobiliário, recursos humanos, hospedagem e alimentação) e fornecimento de materiais institucionais, gráficos e serviço de transporte, por empresa especializada, conforme especificações e quantitativos ...",CONSELHO REGIONAL DE ENFERMAGEM - RO,RO,2026-05-27,confenge_commercial_pncp_supplier_contracts,80a4398f50562a811b7f03b800a9031a57023151483883a4af0cdce8efc963c7,alimentacao,,,,,,,
84318799000159-2-000002/2026,"Contratação, de serviços de organização e execução de eventos de pequeno e médio porte do Conselho Regional de Enfermagem do Acre por empresa especializada, sob demanda, incluindo a locação de espaço físico e infraestrutura (equipamentos/mobiliário, recursos humanos e alimentação), fornecimento de materiais institucionais e gráficos, bem como a organização e execução de corrida, para atender a realização da Semana da Enfermagem 2026, que ocorrerá de 12 a 29 de maio de 2026.",CONSELHO REGIONAL DE ENFERMAGEM DO ACRE,AC,2026-04-16,confenge_commercial_pncp_supplier_contracts,c6ee029fb0490dd8b0dd73a1eaaeba6d38cbb2c89bfb04c0f78775ab4a61f867,alimentacao,,,,,,,
01409580000138-2-000942/2026,"Aquisição de equipamentos, utensílios de copa e cozinha para suprir as necessidade da Superintendência da Escola de Saúde de Goiás/SESG, após a ampliação/reforma.",SECRETARIA DE ESTADO DA SAUDE/GO,GO,2026-06-26,confenge_commercial_pncp_supplier_contracts,d9add4b9e12df66c08e89f64a517a0baff22ed28e29563a8e0ea45cdae865b17,alimentacao,,,,,,,
01409580000138-2-000937/2026,"Aquisição de equipamentos, utensílios de copa e cozinha para suprir as necessidade da Superintendência da Escola de Saúde de Goiás/SESG, após a ampliação/reforma.",SECRETARIA DE ESTADO DA SAUDE/GO,GO,2026-06-26,confenge_commercial_pncp_supplier_contracts,b85409f24f8de6548288e481ef9b4271c1876d4a5c03e94e5a2c1641e08cd261,alimentacao,,,,,,,
75788349000139-2-000037/2026,"CHAMAMENTO PÚBLICO PARA AQUISIÇÃO DE GÊNEROS ALIMENTÍCIOS DA AGRICULTURA FAMILIAR E/OU EMPREENDEDOR FAMILIAR RURAL OU DE SUAS ORGANIZAÇÕES CONFORME §1º DO ART.14 DA LEI Nº 11.947/2009 E RESOLUÇÕES DO FNDE RELATIVAS AO PNAE ATRAVÉS DA SECRETARIA MUNICIPAL DE EDUCAÇÃO DE JAPURÁ/PR, PRIORIZANDO-SE OS ASSENTAMENTOS DA REFORMA AGRÁRIA, AS COMUNIDADES TRADICIONAIS INDÍGENAS E COMUNIDADES QUILOMBOLAS, A SER DESTINADA A MERENDA ESCOLAR NO ANO LETIVO DE 2026, CONFORME CONDIÇÕES E EXIGÊNCIAS ESTABELECI...",FUNDO MUNICIPAL DE EDUCACAO,PR,2026-05-26,confenge_commercial_pncp_supplier_contracts,296e9b736d124fbecd6f2747277d89db1acf1044988e3c2c967c41d85c9a40c1,alimentacao,,,,,,,
01131713000157-2-000822/2025,"VALOR QUE SE EMPENHA PARA OCORRER DESPESA REFERENTE A PARCELADA/FPRODUTOS DE HIGIENE/LIMPEZA, UTENSILIOS PARA COPA E COZINHA , PARA SUPRIR AS NECESSIDADES DA SECRETARIA MUNICIPAL DE INFRAESTRUTURA DE FEVEREIRO A ABRIL DE 2026 COTACAO N 30785",ADMINISTRAÇAO E MODERNIDADE,GO,2026-04-29,confenge_commercial_pncp_supplier_contracts,5c6625adb6778aeab49efe9e44d89f8753f822b8f6b7da0b4352a5da98e93e5d,alimentacao,,,,,,,
75788349000139-2-000035/2026,"CHAMAMENTO PÚBLICO PARA AQUISIÇÃO DE GÊNEROS ALIMENTÍCIOS DA AGRICULTURA FAMILIAR E/OU EMPREENDEDOR FAMILIAR RURAL OU DE SUAS ORGANIZAÇÕES CONFORME §1º DO ART.14 DA LEI Nº 11.947/2009 E RESOLUÇÕES DO FNDE RELATIVAS AO PNAE ATRAVÉS DA SECRETARIA MUNICIPAL DE EDUCAÇÃO DE JAPURÁ/PR, PRIORIZANDO-SE OS ASSENTAMENTOS DA REFORMA AGRÁRIA, AS COMUNIDADES TRADICIONAIS INDÍGENAS E COMUNIDADES QUILOMBOLAS, A SER DESTINADA A MERENDA ESCOLAR NO ANO LETIVO DE 2026, CONFORME CONDIÇÕES E EXIGÊNCIAS ESTABELECI...",FUNDO MUNICIPAL DE EDUCACAO,PR,2026-05-26,confenge_commercial_pncp_supplier_contracts,a2f71ea6fce27b9bc0033865d3f64333e2a6b5e9df32a8bc0ed974cff5dec9ca,alimentacao,,,,,,,
00394494000136-2-000251/2026,"CONTRATAÇÃO DE EMPRESAS ESPECIALIZADA NA REALIZAÇÃO DE EVENTOS, ENVOLVENDO AS ETAPAS DE PLANEJAMENTO, ORGANIZAÇÃO, COORDENAÇÃO E ACOMPANHAMENTO, FORNECIMENTO DE ALIMENTAÇÃO E BEBIDA, ORNAMENTAÇÃO, CONFECÇÃO E FORNECIMENTO DE IMPRESSOS EM GERAL, CONTEMPLANDO TODOS OS SERVIÇOS INDISPENSÁVEIS À PLENA EXECUÇÃO DOS PROJETOS DE EVENTOS, ABRANGENDO APOIO LOGÍSTICO, MONTAGEM, DESMONTAGEM E MANUTENÇÃO DE TODA INFRAESTRUTURA, CONFORME CONDIÇÕES E EXIGÊNCIAS ESTABELECIDAS NO INSTRUMENTO CONTRATUAL.",COORDENACAO DE ADMINISTRACAO-COAD,DF,2026-03-11,confenge_commercial_pncp_supplier_contracts,5672913bfb509a5c1f1c02a522007276a548abcbad7fff477b1457293419245c,alimentacao,,,,,,,
28163343000196-2-000008/2026,"Contratação de empresa especializada na organização de eventos institucionais e fornecimento de serviços diversos, compreendendo: espaço físico, serviço de alimentação, iluminação cênica, decoração e ornamentação. Os serviços deverão contemplar o planejamento operacional, organização, execução, acompanhamento e fornecimento de bens, infraestrutura e apoio logístico para a “VI Reunião Pública”, que será promovida pelo CRCES, no dia 06/03/2026, atendendo às condições e exigências estabelecidas ...",CONSELHO REGIONAL DE CONTABILIDADE-ES,ES,2026-02-26,confenge_commercial_pncp_supplier_contracts,e351f702ece0cd3e60122c96958c24325b22c4ebaebfb8c31ec5221d8020c1a9,alimentacao,,,,,,,
01409580000138-2-000450/2026,"Aquisição de eletrodomésticos, móveis de alojamento e artigos de copa e cozinha, destinados ao atendimento das demandas do Comando de Policiamento Rodoviário de Goiás – CPR e da Agência Goiana de Infraestrutura e Transportes – GOINFRA.",AGENCIA GOIANA DE INFRAEST.E TRANSPORTES/GO,GO,2026-04-14,confenge_commercial_pncp_supplier_contracts,a2761c4bbe838a8de9e68f38918e8afa0a9ea2b0cdce1a57dec288a42843c726,alimentacao,,,,,,,
01409580000138-2-000944/2026,"Aquisição de equipamentos, utensílios de copa e cozinha para suprir as necessidade da Superintendência da Escola de Saúde de Goiás/SESG, após a ampliação/reforma.",SECRETARIA DE ESTADO DA SAUDE/GO,GO,2026-06-26,confenge_commercial_pncp_supplier_contracts,353025aefac23b75aeed798af61a60cddf5e4f0ac740f064e983132930d6983e,alimentacao,,,,,,,
18602037000155-2-000040/2026,"AQUISICAO DE GENEROS DIRETAMENTE DA AGRICULTURA FAMILIAR E DO EMPREENDEDOR FAMILIAR RURAL OU DE SUAS ORGANIZACOES, PRIORIZANDO,SE OS ASSENTAMENTOS DA REFORMA AGRARIA, AS COMUNIDADES TRADICIONAIS INDIGENAS, AS COMUNIDADES QUILOMBOLAS E OS GRUPOS FORMAIS E INFORMAIS DE MULHERES, PARA ATENDIMENTO AO PROGRAMA NACIONAL DE ALIMENTACAO ESCOLAR , PNAE, EM CONFORMIDADE COM O ESTABELECIDO NA LEI 11 947/2009, ALTERADA PELA LEI Nº 14 660/2023, PELA LEI Nº 15 226/2025, RESOLUCAO CD/FNDE Nº 06/2020",COORD. DE PLAN. PEDAGÓGICO E QUAL. EDUCAÇÃO,MG,2026-04-17,confenge_commercial_pncp_supplier_contracts,1c80fd034a20eaf46ae1f7a949095bfce24105a871a85a2a30ea2f6786788504,alimentacao,,,,,,,
46634044000174-2-000082/2026,REFORMA DO GINASIO PROF EDSON ANTAO SOUZ A - NILTON TORRES,Prefeitura Municipal de Sorocaba,SP,2026-07-01,confenge_commercial_pncp_supplier_contracts,cd893f7a6457f723b07ea685ee17b7f0b794ad69384fd1f59ebc9c124df7b845,sem_keywords_evidentes,,,,,,,
00059311000126-2-000947/2024,"REGISTRO DE PREÇOS PARA A EVENTUAL AQUISIÇÃO DE  MATERIAIS DIVERSOS PARA READEQUAÇÃO E REFORMA DAS BASES DA  TERRA INDÍGENA YANOMAMI, IMPLEMENTAÇÃO DE PROJETOS DE ETNODESENVOLVIMENTO E PARA UTILIZAÇÃO NA CASAI, SOB ORIENTAÇÃO DA COGEN/CGPDS",COORDENAÇÃO REGIONAL RORAIMA,RR,2026-04-01,confenge_commercial_pncp_supplier_contracts,47847950a6edf6c4a2d252d2b16982a84544f67e0dbe86004dbf9170544e63b7,sem_keywords_evidentes,,,,,,,
10635424000186-2-000084/2026,EMPENHO PARA AQUISIÇÃO DE REFLETORES PARA A INFRAESTRUTURA DO IFC-CAMPUS BLUMENAU. PE 90059/2025. SOLICITANTE: VINÍCIUS FERNANDES BOLZAN.,INST.FED.DE EDU.CIEN.ETEC/CAMPUS BLUMENAU,SC,2026-02-26,confenge_commercial_pncp_supplier_contracts,de409f31fee5a8df0fc37c2100731ffdaefa0e4099e5546aa9790706eda98410,sem_keywords_evidentes,,,,,,,
82930181000110-2-000758/2026,MATERIAIS ELÉTRICOS PARA EDIFICAÇÕES - LEI 14.133/2021,MUNICÍPIO DE URUSSANGA,SC,2026-05-24,confenge_commercial_pncp_supplier_contracts,702c006cfc362c027e22fa3516d799f3193e80c1fcb17a745770ba19c020a499,sem_keywords_evidentes,,,,,,,
36862621000121-2-000240/2025,"O OBJETO DO PRESENTE INSTRUMENTO E A PRESTACAO DE SERVICOS PARA FORNECIMENTO DE BUFFET DE CAFE DA MANHA, PARA ATENDER AS DEMANDAS DA SECRETARIA MUNICIPAL DE INFRAESTRUTURA E SERVICOS URBANOS E RURAIS DE CIDADE OCIDENTAL-GO, NAS CONDICOES ESTABELECIDAS NO TERMO DE REFERENCIA.",SEC MUNICIPAL DE INFRAESTRUTURA E SEVIÇOS URB E RURAIS,GO,2026-05-22,confenge_commercial_pncp_supplier_contracts,dc0e4c6427fede2e6a76cf0d3887e1af6b30bca836623199a1c20788cef69d50,sem_keywords_evidentes,,,,,,,
87614269000146-2-000090/2026,"Aquisição de equipamentos e materiais permanentes destinados à Unidade Básica de Saúde (UBS), visando a melhoria da infraestrutura e a qualificação dos serviços prestados à população, conforme Processo: 2026/1809, DFD, ETP E TR SMS nº015/2026 e será custeada com Recursos Federais decorrentes da Proposta de Equipamento nº 12160268000170, Ano 2025, do Fundo Nacional de Saúde, Ministério da Saúde.",MUNICIPIO DE SERTÃO,RS,2026-06-10,confenge_commercial_pncp_supplier_contracts,e7718a235e916fb81bea54e96107ae69de5b1981f4f3b0451b84c3b86465c990,sem_keywords_evidentes,,,,,,,
13650403000128-2-000216/2026,"O objeto do presente Termo é a contratação de infraestrutura para eventos, através de locação de estrutura diversas, visando garantir condições adequadas à realização de atividades institucionais e públicas, promovendo organização, segurança, acessibilidade e qualidade na execução.",Prefeitura Municipal de Teixeira de Freitas,BA,2026-05-22,confenge_commercial_pncp_supplier_contracts,93d4d595506689dde61ae58953da0dda4ce0f28f8aa9baf8ba689ccf10430ecb,sem_keywords_evidentes,,,,,,,
76205657000157-2-000035/2026,"Aquisição de equipamentos destinados à reestruturação da Feira Livre do Produtor Rural do Município de Enéas Marques/PR, através do Termo de Convênio nº 549/2025 - DESAN com a finalidade de modernizar, padronizar e melhorar a infraestrutura disponibilizada aos produtores locais.","DEPARTAMENTO DE AGRICULTURA, MEIO AMBIENTE E RECURSOS HÍDRICOS",PR,2026-05-20,confenge_commercial_pncp_supplier_contracts,a6dcecae24405ab13d7275e376dcaf3d6cd618bd6dda26181e3415b2f7120b4d,sem_keywords_evidentes,,,,,,,
78279981000145-2-000049/2026,"1.1. INSCRIÇÃO NO CURSO ""MANUAL DA REFORMA TRIBUTÁRIA PARA MUNICÍPIOS"",",GABINETE - SECRETARIA DE ADMINISTRACAO E PLANEJAMENTO,PR,2026-05-29,confenge_commercial_pncp_supplier_contracts,c8cfa329277a8371d8d837f00efd8d2be0bf0b34aba19f6dc2f240ab44432e60,sem_keywords_evidentes,,,,,,,
07587983000153-2-000086/2026,"CONTRATAÇÃO DE SERVIÇOS PARA LOCAÇÃO DE VEÍCULOS DESTINADOS A COLETA DE LIXO, ENTULHOS E PODAS, PARA SUPRIR AS NECESSIDADES DA SECRETARIA MUNICIPAL DE INFRAESTRUTURA DE ASSARÉ-CE.",Gabinete do Prefeito,CE,2026-07-22,confenge_commercial_pncp_supplier_contracts,9a4972dbbf65126b3dff71b66d7adeba20ce0fc7a9b2372766d920288c43872a,sem_keywords_evidentes,,,,,,,
01131713000157-2-000210/2026,"VALOR QUE SE EMPENHA PARA OCORRER DESPESA CONTRATACAO DE PESSOA JURIDICA PARA AQUISICAO DE VIGOTAS E TABUAS PARA REFORMA DA CARRETA AGRICOLA DO TRATOR SOLIS 90, PLACA ZZZ- 0048, COM A FINALIDADE DE ATENDER AS DEMANDAS DA SECRETARIA MUNICIPAL DE INFRAESTRUTURA.",SERVIÇOS URBANOS,GO,2026-06-25,confenge_commercial_pncp_supplier_contracts,6a087d3aa1782a48ad150c00ffccd4dce35bec75245c8bf724ce954599f2423a,sem_keywords_evidentes,,,,,,,
45279635000108-2-000374/2026,"Aquisição de switch de rede gerenciável, novo , destinado a ampliação da
infraestrutura de rede da unidade, visando atender demandas de expansão e garantir reserva
técnica de portas para situações inesperadas.",Prefeitura Municipal da Estância de Atibaia,SP,2026-07-16,confenge_commercial_pncp_supplier_contracts,50e0b4d3f477572a985e49fdbf689f02481223c7bedff161cdd0b2cf82232892,sem_keywords_evidentes,,,,,,,
07963051000168-2-000068/2026,CONTRATAÇÃO DE EMPRESA PARA REFORMA DO PRÉDIO DO INSTITUTO DE PREVIDÊNCIA DO MUNICÍPIO DE MARANGUAPE.,MUNICIPIO DE MARANGUAPE,CE,2026-04-10,confenge_commercial_pncp_supplier_contracts,4ba9dd6f038133dbbe30050d3a04974518a8b0b7eda9605d9b725c9cc46643b4,sem_keywords_evidentes,,,,,,,
10877412000168-2-001273/2025,"AQUISIÇÃO DE MATERIAIS DE CONSUMO DE TI E INFRAESTRUTURA DE REDE PARA MANUTENÇÃO, AMPLIAÇÃO E ADEQUADA OPERAÇÃO DA INFRAESTRUTURA DE REDE DE DADOS DO CAMPUS APODI, BEM COMO PARA SUPORTE ÀS ATIVIDADES DE TECNOLOGIA DA INFORMAÇÃO E AULAS PRÁTICAS DOS CURSOS DA ÁREA DE INFORMÁTICA, CONFORME PROCESSO ELETRÔNICO N° 23136.002432.2025-81.",INST.FED.DO R.G.DO NORTE/CAMPUS APODI,RN,2026-04-15,confenge_commercial_pncp_supplier_contracts,de9a68166483a9dfd4346fd2ebfe9952d56d7b4d1f6e5dc02dd5b1a1a0e1b039,sem_keywords_evidentes,,,,,,,
02056729000105-2-000420/2026,"CONTRATAÇÃO DE PESSOA JURÍDICA PARA PRESTAÇÃO DE SERVIÇO DE LOCAÇÃO DE VEÍCULOS PESADOS, COM MOTORISTA, INCLUSO MANUTENÇÃO E SEGURO (COM COBERTURA DE DANOS MATERIAIS E CORPORAIS A TERCEIRO E COBERTURA DE ASSISTÊNCIA 24 HORAS), PARA ATENDER AS NECESSIDADES DA  SECRETARIA DE INFRAESTRUTURA URBANA, E INFRAESTRUTURA RURAL DA PREFEITURA MUNICIPAL DE RIO VERDE – GO",PREFEITURA MUNICIPAL DE RIO VERDE,GO,2026-03-20,confenge_commercial_pncp_supplier_contracts,53da3cc59629b856dff0a8c789463b111e23cfef9141cec64592a7e0394518a7,sem_keywords_evidentes,,,,,,,
07807191000147-2-000058/2026,"AQUISIÇÃO DE BATERIAS DESTINADAS À FROTA DE VEÍCULOS EM GERAL, PARA ATENDER ÀS NECESSIDADES OPERACIONAIS do GABINETE DO PREFEITO E DAS SECRETARIAS DE ADMINISTRAÇÃO; DESENVOLVIMENTO URBANO, MEIO AMBIENTE E INFRAESTRUTURA; EDUCAÇÃO; SAÚDE; TRABALHO E DESENVOLVIMENTO SOCIAL; AGRICULTURA, PECUÁRIA, RECURSOS HÍDRICOS E DESENVOLVIMENTO RURAL; CULTURA, ESPORTE E JUVENTUDE E PLANEJAMENTO E GESTÃO DAS FINANÇAS do MUNICÍPIO DE QUIXERÉ.",Secretaria Municipal de Infra. Desen. Urb. e Meio Ambiente - SEINFRA,CE,2026-04-29,confenge_commercial_pncp_supplier_contracts,613c5f07ca90f02a3873ef2a5633451828cd06ff200da271789372a8bb567550,sem_keywords_evidentes,,,,,,,
83021824000175-2-000475/2026,MATERIAIS ELÉTRICOS PARA EDIFICAÇÕES - LEI 14.133/2021,MUNICÍPIO DE CORONEL FREITAS,SC,2026-05-20,confenge_commercial_pncp_supplier_contracts,b6a06eccf3c04e771107846d5ab57a35e56d61589837d5bfd83e07f5517acdac,sem_keywords_evidentes,,,,,,,
13647185000172-2-000167/2026,"Contratação de empresa especializada fornecimento de bancos para área externa, confeccionados em aço e madeira, suprindo a necessidade da Secretaria de Infraestrutura do município de Inhambupe-BA.",Secretaria Municipal de Infraestrutura e Seviços Públicos,BA,2026-04-24,confenge_commercial_pncp_supplier_contracts,7750f4e3bc09884e9a535321ed79e66aa79b20a2aa117b10dd5505a788474dcb,sem_keywords_evidentes,,,,,,,
04898488000177-2-000012/2026,"CONTRATAÇÃO DE SERVIÇOS DE CONSULTORIA E ASSESSORIA TÉCNICA PARA A REALIZAÇÃO DE LEILÕES DE INFRAESTRUTURA DE TRANSPORTES (RODOVIAS E FERROVIAS), NAS CONDIÇÕES ESTABELECIDAS NO TERMO DE REFERÊNCIA ANEXO A ESTE CONTRATO.",AGENCIA NACIONAL DE TRANSPORTES TERRESTRES,DF,2026-04-10,confenge_commercial_pncp_supplier_contracts,cf4cf16a99bebafb581e7304442d3da1384926a03fee4bbb1e53e8c15aa070ba,sem_keywords_evidentes,,,,,,,
70946009000175-2-000085/2026,O presente documento refere se a aquisicao de uma geladeira e de um micro ondas para equipar a cozinha da Nova Base da Guarda Civil Municipal  GCM  de Sao Roque  em Mailasqui. Tal aquisicao e importante  para que os agentes da GCM tenham a infraestrutura adequada  que garanta a conservacao dos alimentos  o aquecimento das refeicoes e o suporte necessario durante seus periodos de trabalho.,PREFEITURA MUNICIPAL DE SÃO ROQUE,SP,2026-03-04,confenge_commercial_pncp_supplier_contracts,3538b2d42575796a345c67cbc3945521c7e2bd617555701a1a076af47fd61531,sem_keywords_evidentes,,,,,,,
25064072000123-2-000017/2026,CONTRATO DE PRESTAÇÃO DE SERVIÇOS DE LOCAÇÃO DE VEÍCULOS QUE ENTRE SI CELEBRAM A PREFEITURA MUNICIPAL DE DARCINÓPOLIS – TO E A EMPRESA MR CONSULTORIA E CONSTRUCOES LTDA,PREFEITURA MUNICIPAL DE DARCINOPOLIS,TO,2026-04-13,confenge_commercial_pncp_supplier_contracts,c8322795758358341797b9f122156e6b78196428e76aba23cec3bc9afb1d0543,engenharia_obras_claras,,,,,,,
03563335000106-2-000038/2026,"AQUISIÇÃO DE MATERIAIS E FERRAMENTAS DE ITENS FRACASSADOS EM LICITAÇÕES ANTERIORES, INCLUINDO ITEM NOVO, EM ATENDIMENTO AS SECRETARIAS MUNICIPAIS DE MEIO AMBIENTE, DESENVOLVIMENTO, CIÊNCIA, TECNOLOGIA E INOVAÇÃO, EDUCAÇÃO E OBRAS",PREFEITURA MUNICIPAL DE APARECIDA DO TABOADO - MS,MS,2026-03-26,confenge_commercial_pncp_supplier_contracts,d26863559f9a4a4bbb0e5df98de2800af2ad1cc7227e6da555e67c7c0788dc38,engenharia_obras_claras,,,,,,,
46377800000127-2-002804/2026,"Contratação de serviços de limpeza, asseio e conservação predial, a serem prestados, de forma contínua, nas instalações do prédio que abriga a Delegacia Seccional de Policia de Presidente Venceslau, a serem executados com regime de dedicação exclusiva de mão de obra.",ESP-DELEG.SECC.POLICIA DE PRES.VENCESLAU,SP,2026-05-27,confenge_commercial_pncp_supplier_contracts,55830a7595e6e11683fa1d11af37ce5816727e375ea62f3956049b68a713332b,engenharia_obras_claras,,,,,,,
01587887000129-2-000086/2026,"Contratação de empresa especializada na execução de obras e serviços de engenharia para a realização de recapeamento asfáltico em concreto betuminoso usinado a quente (CBUQ) nas vias do município de Chupinguaia/RO, sob responsabilidade da Secretaria Municipal de Obras e Serviços Públicos - SEMOSP, por meio de adesão à Ata de Registro de Preços nº 24/2025, oriunda da Concorrência Eletrônica/SRP nº 04/2025, vinculado ao Processo Administrativo nº 1315/2025, promovido pelo Município de Pimenta B...",PREFEITURA MUNICIPAL DE CHUPINGUAIA,RO,2026-07-08,confenge_commercial_pncp_supplier_contracts,1b41ad3f00230d28ba655fa5b1c9f13339613c281f1da20988957c6bb0999edd,engenharia_obras_claras,,,,,,,
00394452000103-2-003625/2026,"EPARAÇÃO DO SISTEMA DE IMPERMEABILIZAÇÃO DA COBERTURA DO EDIFÍCIO PRAIA DO LEME (EPL), A SEREM EXECUTADOS SEM REGIME DE DEDICAÇÃO EXCLUSIVA DE MÃO DE OBRA.",PREFEITURA MILITAR DA ZONA SUL/RJ,RJ,2026-06-03,confenge_commercial_pncp_supplier_contracts,7374f8e5bce091f755ac28d1e68c0afa27dd3333afe60fd4a17d9b055e168732,engenharia_obras_claras,,,,,,,
92871466000180-2-000466/2026,Despesa visando contratacao de empresa especializada para o fornecimento de pecas e execucao de servicos de manutencao corretiva  consistindo na troca da sapata de giro e das placas de giro da Motoniveladora CASE 845B  placa IVT7531  pertencente a Secretaria Municipal de Obras. Justificativa da despesa  A motoniveladora CASE 845B e equipamento essencial para a execucao de servicos de manutencao de vias urbanas e rurais  patrolamento  nivelamento e apoio as atividades da Secretaria Municipal d...,Prefeitura Municipal de Picada Cafe,RS,2026-06-09,confenge_commercial_pncp_supplier_contracts,d72147d594782eae5a8992bd0c18fcbea1fe6581cbf1237e6b3de512882de6aa,engenharia_obras_claras,,,,,,,
76417005000186-2-001384/2026,"""CONTRATAÇÃO DE EMPRESA ESPECIALIZADA PARA REALIZAÇÃO DE SERVIÇOS DE SERRALHERIA EM GERAL, COM FORNECIMENTO DE MATERIAIS, MÃO DE OBRA E EQUIPAMENTOS NECESSÁRIOS, para atender à SGM, SMELJ, SMDT, SMMA, SMS, SME, FCC, FAS e IMT, através do sistema de registro de preços, pelo período de 1 (um) ano.",SGM - SECRETARIA DO GOVERNO MUNICIPAL,PR,2026-05-06,confenge_commercial_pncp_supplier_contracts,78116cca55e99467a74ff6cf0dbc9024074cbd31bdb6a3416ec5cec064a78370,engenharia_obras_claras,,,,,,,
82892365000132-2-000167/2026,"prestação de serviços técnicos profissionais especializados nas áreas de Arquitetura e Engenharia destinados à elaboração dos Projetos Executivos completos para a CONSTRUÇÃO DE COBERTURA DE CANCHA NO CENTRO DE EVENTOS ABELARDO JUVÊNCIO, com dimensões aproximadas de 36 m x 174 m, no município de Paulo Lopes/SC.",MUNICÍPIO DE PAULO LOPES,SC,2026-03-24,confenge_commercial_pncp_supplier_contracts,3495fd340078ee6d5bf428e0b4050a3b7c41febbf6158a7d887b6817d1e0454a,engenharia_obras_claras,,,,,,,
91566893000192-2-000751/2026,Aquisicao de bobinas termicas  destinadas ao atendimento das necessidades da Secretaria Municipal de Educacao  na EMEF Caminhos do Aprender  UBS da Secretaria Municipal Saude e Assistencia Social  Secretaria Gestao e a Secretaria de Obras e Infraestrutura Urbana.,PREFEITURA MUNICIPAL DE FAGUNDES VARELA,RS,2026-07-13,confenge_commercial_pncp_supplier_contracts,a974503465940763054b5a1aeb1a292d681dc0c8c647cf9aac0b657622c917fe,engenharia_obras_claras,,,,,,,
01614225000109-2-000001/2026,"CONTRATAÇÃO DE EMPRESA ESPECIALIZADA EM OBRAS E SERVIÇO DE ENGENHARIA PARA CONSTRUÇÃO DE ESTAÇÃO DE TRATAMENTO DE ESGOTO PRELIMINAR, a fim de atender a Secretaria Municipal de Desenvolvimento Econômico pertencente ao município de Sapezal/MT.",MUNICÍPIO DE SAPEZAL/MT,MT,2026-03-02,confenge_commercial_pncp_supplier_contracts,f67d0efc8481e7efeb93b3779840aaf68c930bae6e7c2cc3597f52ebd0ba99c2,engenharia_obras_claras,,,,,,,
13692033000191-2-000010/2026,"CONTRATAÇÃO DE EMPRESA ESPECIALIZADA EM ENGENHARIA PARA A EXECUÇÃO DE OBRAS DE PAVIMENTAÇÃO EM PARALELEPÍPEDO NAS RUAS BANDEIRA, BOM PASTOR, FAMÍLIA GUERREIRO E BOM JESUS, NA SEDE DO MUNICÍPIO DE PILÃO ARCADO/BA, EM CONFORMIDADE COM O CONVÊNIO Nº 953892/2023.",Secretaria Municipal de Obras,BA,2026-06-03,confenge_commercial_pncp_supplier_contracts,ca5274cf447410c076f4938758c30b3590cd77a66285721070e791b974245ae1,engenharia_obras_claras,,,,,,,
46634507000106-2-000237/2026,"Contratação de empresa especializada para a fornecimento de peças, destinados à máquina XCMG LW300, visando garantir o pleno funcionamento, a segurança operacional e a continuidade das atividades, a cargo da Secretaria de Obras e Serviços Públicos.",Prefeitura Municipal de Salto - SP,SP,2026-04-13,confenge_commercial_pncp_supplier_contracts,23d5c72075cf65f06a26f5c8ff6eb16d0113713fb66dafd10825e1aa47780532,engenharia_obras_claras,,,,,,,
06089668000133-2-000037/2026,Contratação de empresa para a futura e eventual prestação de serviços de pavimentação (Tapa Buraco) em diversas localidades do munícipio,PREFEITURA MUNICIPAL DE SÃO JOÃO DOS PATOS,MA,2026-02-23,confenge_commercial_pncp_supplier_contracts,e674c697783ba5beee2409b13a5beaddab355da11bb7ca26d8dab21de3e5afba,engenharia_obras_claras,,,,,,,
00360305000104-2-011842/2024,"REGISTRO DE PREÇOS PARA EXECUÇÃO DE SERVIÇOS COMUNS DE ENGENHARIA PARA IMPLANTAÇÃO DE NOVAS UNIDADES, MUDANÇA DE ENDEREÇO E REINVESTIMENTO EM IMÓVEIS DE USO DA CAIXA VINCULADAS ÀS REGIÕES DA SR ALAGOAS, NO ESTADO DE ALAGOAS - AG SAO MIGUEL DOS CAMPOS,SE - SAP 4500718139",CEFOR,DF,2026-02-14,confenge_commercial_pncp_supplier_contracts,5dccfe741e44680f95d707a0c6f0adfd96cb21e96f91970d520e265745f71c10,engenharia_obras_claras,,,,,,,
13717517000148-2-000150/2026,"Contratação de empresa especializada em obras e serviços de engenharia para construção de praças públicas urbanizadas e campo de futebol society, nos povoados de Morro do Chapéu/Ba.","SECRETARIA MUN. DE OBRAS, TRANS. E SER. PUB. - SEO",BA,2026-07-06,confenge_commercial_pncp_supplier_contracts,bb4d18a58806d3c79d65b856ebde7af25c13e6ae31cc69dd83ef532a71c2bf36,engenharia_obras_claras,,,,,,,
13460266000169-2-000004/2026,execução de obras e serviços comuns de engenharia remanescentes para a adequação de estrada vicinais no Município de Varzedo,PREFEITURA MUNICIPAL DE VARZEDO - BA,BA,2026-04-16,confenge_commercial_pncp_supplier_contracts,c09d64306090289f00e1a4753510256b5144592a1c177c366e66ef7bc22c6b7c,engenharia_obras_claras,,,,,,,
00820295000142-2-000049/2026,"O presente contrato tem por objeto a contratação de empresa especializada em engenharia civil para a execução de serviços comuns de engenharia, visando à implantação do novo Núcleo de Atendimento da Defensoria Pública do Estado do Maranhão (DPE/MA), incluindo o fornecimento de toda a mão de obra e dos materiais necessários à construção, contemplando o ambiente externo, conforme as condições e exigências neste instrumento, para o município de Bom Jardim/MA.",DEFENSORIA PÚBLICA DO ESTADO DO MARANHÃO,MA,2026-05-06,confenge_commercial_pncp_supplier_contracts,2a73692a20e4ca1564c31ec1622c25fb24e430c2f7ceda6ff09423ee2062482e,engenharia_obras_claras,,,,,,,
46429379000150-2-000096/2026,"CONTRATAÇÃO DE EMPRESA ESPECIALIZADA PARA PRESTAÇÃO DE SERVIÇOS, SOB DEMANDA, DE CAPTAÇÃO DE IMAGENS EXTERNAS E INTERNAS, TERRESTRES E AÉREAS, DE PONTOS DE INTERESSE DA PREFEITURA DE SÃO JOÃO DA BOA VISTA, ABRANGENDO OBRAS, PRÉDIOS, LOCAIS, EVENTOS, AÇÕES E DEMAIS ATIVIDADES DO MUNICÍPIO.",Prefeitura Municipal de São João da Boa Vista,SP,2026-06-19,confenge_commercial_pncp_supplier_contracts,52970ebb2efd14e7a574f30743af1f95115e12e077278f14215e4de9c55a0cfb,engenharia_obras_claras,,,,,,,
02056729000105-2-001221/2026,"CONTRATO Nº 173/2026, PROTOCOLO 71330/26, PE 90.079/2025, TEM COMO OBJETO  A AQUISIÇÃO DE MATERIAIS, VISANDO A EXECUÇÃO, MANUTENÇÃO E RESTAURAÇÃO DAS OBRAS DE INFRAESTRUTURA URBANA E RURAL DO FUNDO MUNICIPAL DE EDUCAÇÃO DE RIO VERDE - GO",FUNDO MUNICIPAL DE EDUCACAO DE RIO VERDE,GO,2026-07-09,confenge_commercial_pncp_supplier_contracts,44c24a16b9f8dcb9a279b21be47a0c8f258ca4fc56535218ad4a04b6e356cce8,engenharia_obras_claras,,,,,,,
82960758000136-2-000014/2026,"Contratação de empresa para execução das obras de reforma parcial e ampliação da Escola Albino Zanatta, município de Jacinto Machado/SC, tudo de conformidade com estudo técnico preliminar, termo de referência, projeto básico, memorial descritivo, planilha orçamentária, cronograma físico financeiro e demais anexos ao edital.",Departamento de Educação,SC,2026-02-27,confenge_commercial_pncp_supplier_contracts,c131fc4c5c795f02429a03d8d8a1f9c0d38060ba8f2a2844ae549371acf0359e,engenharia_obras_claras,,,,,,,
01614087000150-2-000317/2026,"Contratação de serviços especializados de Assessoria e Consultoria na área de Engenharia Civil/Arquitetura, na elaboração de projetos, orçamentos, estudos técnicos, planejamentos, pareces e demais serviços pertinentes da área.",Município de Brejo Alegre,SP,2026-03-31,confenge_commercial_pncp_supplier_contracts,1f4b70600c33d057acc1b7f8a4e7244af31a6f0ff85fc9430040132accb39489,engenharia_obras_claras,,,,,,,
14126981000122-2-000016/2026,CONTRATAÇÃO DE PESSOA JURÍDICA PARA PRESTAÇÃO DE SERVIÇOS DE ENGENHARIA PARA CONSTRUÇÃO DE DRENAGEM DE ÁGUAS PLUVIAIS DO POLO INDUSTRIAL ÁGUAS DA SERRA - ENTRE RIOS – BA - Nº DO PROCESSO SEI 043.4125.2026.0005021-34,"SECRETARIA MUNICIPAL DE OBRAS E SERVIÇOS PÚBLICOS, ASSUNTOS URBANOS E HABITAÇÃO",BA,2026-07-01,confenge_commercial_pncp_supplier_contracts,5ce92fa577d160f54beb63514a851eb78dc117da98ee5045587d9984143a6376,engenharia_obras_claras,,,,,,,
88227764000165-2-000216/2026,Contratacao de empresa especializada para o fornecimento de pecas e a execucao de servicos de mao de obra destinados a manutencao do veiculo VW Kombi 2007  placa IOJ 8956  pertencente a frota do Municipio de Tupancireta,PREFEITURA MUNICIPAL,RS,2026-03-31,confenge_commercial_pncp_supplier_contracts,4e2f09e79de442e317cac9482747fd999ecd30ff714eda3e3e8975e6cfe53c1e,engenharia_obras_claras,,,,,,,
18591149000158-2-000054/2026,"[Publicenter] - CONTRATAÇÃO DE EMPRESA ESPECIALIZADA PARA PRESTAÇÃO DE SERVIÇOS DE TELEFONIA PARA ATENDER A GESTÃO MUNICIPAL DE OBRAS, SERVIÇOS PÚBLICOS E PLANEJAMENTO URBANOS, TELEFONE: 38413764.FICHA ORÇAMENTÁRIA: 553","GESTAO MUN OBRAS, SERV PUBLICOS E PLANEJ URBA",MG,2026-02-27,confenge_commercial_pncp_supplier_contracts,cd0320624e20f133293c98ba3bfea4ba905246affaa078567149daf87724b401,engenharia_obras_claras,,,,,,,
94705936000161-2-001199/2026,"AQUISIÇÃO DE TUBOS DE CONCRETO SIMPLES E ARMADO, PARA A SECRETARIA DE OBRAS.DEVERÁ CONSTAR NA NF A OPÇÃO PELO SIMPLES NACIONAL OU A ALÍQUOTA DE IR A SER RETIDO. INFORMAR O Nº DO EMPENHO NA NOTA FISCAL.CONFORME PROCESSO ADMINISTRATIVO Nº 1.094/2026.",PREFEITURA MUNICIPAL DE SANTA CLARA DO SUL,RS,2026-06-01,confenge_commercial_pncp_supplier_contracts,7ad0476905d4b145f10388fc4348270de3635f4b41f4e25357b6d995e392128f,engenharia_obras_claras,,,,,,,
04534053000143-2-000029/2025,Contratação de uma empresa especializada para prestação de serviços engenharia para readequações de setores na Fundação de Medicina Tropical Doutor Heitor Vieira Dourado,FUNDAÃ‡ÃƒO DE MEDICINA TROPICAL ``DOUTOR HEITOR VIEIRA DOURADO``,AM,2026-03-18,confenge_commercial_pncp_supplier_contracts,32d93a85d87c238c274682648593761d8a49f5a3327b73040b6384e07806f12a,engenharia_obras_claras,,,,,,,
01612817000183-2-001206/2025,PRESTAÇÃO DE SERVIÇOS/LOCAÇÃO DE QUATRO TENDAS 10X10 PARA ATIVIDADES E EM MANUTENÇÃO AOS TRABALHOS DA SECRETARIA DE TRANSPORTES E OBRAS PUBLICA DESTE MUNICIPIO DE VILA PROPICIO.,PREFEITURA MUNICIPAL DE VILA PROPICIO,GO,2026-03-05,confenge_commercial_pncp_supplier_contracts,488fbe445aca1dd620bd9d6a980fca55c6adba6b320e7b2894bf9eb9a01496da,engenharia_obras_claras,,,,,,,
76417005000186-2-000706/2026,"""CONTRATAÇÃO DE EMPRESA ESPECIALIZADA PARA REALIZAÇÃO DE SERVIÇOS DE SERRALHERIA EM GERAL, COM FORNECIMENTO DE MATERIAIS, MÃO DE OBRA E EQUIPAMENTOS NECESSÁRIOS, para atender à SGM, SMELJ, SMDT, SMMA, SMS, SME, FCC, FAS e IMT, através do sistema de registro de preços, pelo período de 1 (um) ano.",SGM - SECRETARIA DO GOVERNO MUNICIPAL,PR,2026-05-06,confenge_commercial_pncp_supplier_contracts,590f4078850af8926192230926ab56cf203d67c661bbbe08152f3d8412779b39,engenharia_obras_claras,,,,,,,
76105568000139-2-000046/2026,Contratação de empresa especializada para execução de obras de pavimentação asfáltico em Concreto Betuminoso Usinado a Quente (CBUQ) em vias urbanas,UNIDADE ADMINISTRATIVA,PR,2026-06-19,confenge_commercial_pncp_supplier_contracts,c01e7eb153f07de410721425e1c84692ba15c564dd4c2f6d6f5faff5bc0dc04d,engenharia_obras_claras,,,,,,,
87613196000178-2-000039/2026,"CONTRATAÇÃO DE EMPRESA ESPECIALIZADA PARA EXECUÇÃO DE OBRA DE DRENAGEM PLUVIAL, PAVIMENTAÇÃO ASFÁLTICA E SINALIZAÇÃO VIÁRIA NO DISTRITO DE BARRINHA, INTERIOR DO MUNICÍPIO DE SEBERI/RS, ABRANGENDO UMA ÁREA TOTAL DE 1.352,00 M², INCLUINDO FORNECIMENTO DE MATERIAIS, MÃO DE OBRA, EQUIPAMENTOS E DEMAIS SERVIÇOS NECESSÁRIOS À PERFEITA EXECUÇÃO DO OBJETO, CONFORME MEMORIAL TÉCNICO DESCRITIVO, PROJETOS, PLANILHAS ORÇAMENTÁRIAS, CRONOGRAMA FÍSICO-FINANCEIRO E DEMAIS TABELAS E DOCUMENTOS TÉCNICOS QUE I...","Subsecretaria de Obras, Viação, e Serviços Urbanos e Rurais",RS,2026-03-25,confenge_commercial_pncp_supplier_contracts,e8676293b68500db57591b051b25223d03c99c92248dbe8b84f3eaad9c694931,engenharia_obras_claras,,,,,,,
88572748000100-2-000326/2026,Eletrodomesticos e afins para as escolas da Secretaria Municipal de Educacao e departamentos da Secretaria Municipal de Saude  Secretaria de Obras  Secretaria de Turismo e Secretaria da Administracao.,Prefeitura Municipal de Nova Petrópolis,RS,2026-02-13,confenge_commercial_pncp_supplier_contracts,23ae346bc2e1cdc815271ef07279b864ea7a3c57a41bfb68f8e7ce5d57ab821c,engenharia_obras_claras,,,,,,,
46588950000180-2-000113/2026,"PRESTAÇÃO DE SERVIÇO, COM FORNECIMENTO DE MATERIAIS E DE MÃO DE OBRA QUALIFICADA, PARA A RESTAURAÇÃO, RECUPERAÇÃO ESTÉTICA E DE REFORÇO ESTRUTURAL DA ESCULTURA MONUMENTAL DA ""DONA CAPI"", INSTALADA NO LAGO I DA REPRESA MUNICIPAL",PREFEITURA MUNICIPAL DE SAO JOSE DO RIO PRETO,SP,2026-02-26,confenge_commercial_pncp_supplier_contracts,af650e3006af0bdd26af0ffdb26eb979303797a2f384aeb3ed118755a1a8db42,engenharia_obras_claras,,,,,,,
01345537000156-2-000864/2026,"VALOR QUE SE EMPENHA PARA ATENDER DESPESAS COM AQUISIÇÃO DE COPOS DESCARTÁVEIS, PARA ATENDER A SEC. DE OBRAS, CONF. NF 2272.",PREFEITURA MUNICIPAL DE ALOÂNDIA,GO,2026-06-10,confenge_commercial_pncp_supplier_contracts,8508e5d9d6377c9a223dee2a073c9cfe6f02dffec1cd9cccef5b03133aec52f0,engenharia_obras_claras,,,,,,,
00360305000104-2-006132/2023,"SERVIÇOS COMUNS DE ENGENHARIA AV PAULISTA, SP-SAP 4500500064",CEFOR,DF,2026-02-13,confenge_commercial_pncp_supplier_contracts,4256f47b8e865fa7d76cd33a44478f3bdd4342f4e44b874bc60529de50b1c718,engenharia_obras_claras,,,,,,,
00360305000104-2-008459/2025,"REGISTRO DE PREÇOS, COM CONTRATAÇÃO SIMULTÂNEA E RESTRITA AOS PRÉ-QUALIFICADOS NA PRÉ-QUALIFICAÇÃO Nº 1632/2024, PARA4501642567 - AG PARAHYBA PB - EXECUÇÃO DE SERVIÇOS COMUNS DE ENGENHARIA EM UNIDADES DA CAIXA, LOCALIZADAS NO ESTADO DA PARAÍBA.",CEFOR,DF,2026-02-14,confenge_commercial_pncp_supplier_contracts,233f10bcc7d1a31957d1b7fe6da9aae87d919ada61330f7c23fcb4f794f7a82a,engenharia_obras_claras,,,,,,,
06172720000110-2-000222/2026,"AQUISICAO DE COMBUSTIVEIS (DIESEL E GASOLINA), JUNTO AS SECRETARIAS MUNICIPAIS DE ASSISTENCIA SOCIAL, EDUCACAO, OBRAS, HABITACAO E URBANISMO, SAUDE E SANEAMENTO, TRANSITO, TRANSPORTE E MOBILIDADE, PLANEJAMENTO E ADMINISTRACAO E AGRICULTURA, PECUARIA E ABASTECIEMNTO DA PREFEITURA MUNICIPAL DE SANTO ANTONIO DOS LOPES - MARANHAO",SECRETARIA MUNICIPAL DE PLANEJAMENTO E ADMINISTRAÇÃO,MA,2026-07-23,confenge_commercial_pncp_supplier_contracts,4e7eb9ebb993bf5a4847e8214abef73165e8ada5aae01403f32c57c7e99e437c,engenharia_obras_claras,,,,,,,
15088800000183-2-000066/2026,"Contratação de empresa de engenharia para execução de obra de pavimentação da Rua Dr. Adolfo Viana de Castro, no Município de Rio Real – BA.",SECRETARIA MUNICIPAL DE TRANSPORTES,BA,2026-03-04,confenge_commercial_pncp_supplier_contracts,affc5d85d14953db75a5a95fedcc2e46205d6ffd3fd1900f2bdb41da167077f0,engenharia_obras_claras,,,,,,,
91693317000106-2-000016/2026,"Aquisição de 01 (um) caminhão trator (cavalo mecânico) usado, destinado a acoplamento e operação conjunta com prancha semirreboque a ser adquirida pelo Município, visando atender às demandas operacionais da Secretaria Municipal de Obras, Infraestrutura e Mobilidade, especialmente para o transporte de máquinas pesadas, equipamentos e implementos utilizados na execução de serviços de infraestrutura, manutenção viária, apoio à agricultura e demais atividades operacionais da administração municipal.",MUNICÍPIO DE PAVERAMA,RS,2026-03-31,confenge_commercial_pncp_supplier_contracts,f913c1b4eadfdbde442ea37ebd0656d8cf04487a97da8f5a4fe7ee0e711cb7fc,engenharia_obras_claras,,,,,,,
18468033000126-2-000463/2026,"RECURSO ID 5065 - PRESTAÇÃO DE LOCAÇÃO DE CAÇAMBAS ESTACIONÁRIAS E CONTAINERES INCLUINDO A PRESTAÇÃO DE SERVIÇO DE RECOLHIMENTO, TRANSPORTE E DESCARTE DE ENTULHO, SOLICITADO PELA SECRETARIA MUNICIPAL DE OBRAS PÚBLICAS.",SECRETARIA DE COMPRAS E LICITAÇÃO,MG,2026-04-09,confenge_commercial_pncp_supplier_contracts,364334d44b2f343beeb1d840c7577a6f9d25dd114581688c58d64299617cf5fd,engenharia_obras_claras,,,,,,,
46634101000115-2-000495/2026,"Pedido gerado a partir do resultado Solicitação: 07379/26Solicitação gerada a partir do resultado da Licitação: 003333/26 - Ano Mod.: 2026 - Modalidade: CHAMAMENTO PUBLICO Chamamento Público - Nº Mod.: 1 - Mod. Formatada: 1 - CREDENCIAMENTO DE OFICINAS MECÂNICAS E ESTABELECIMENTOS ESPECIALIZADOS PARA MANUTENÇÃO PREVENTIVA E CORRETIVA DA FROTA MUNICIPAL, COM FORNECIMENTO DE PEÇAS, COMPONENTES E MÃO DE OBRA.Banco: 10Referência: OS ML-2026-431Descrição: Aquisição e substituição do interruptor, t...",PREFEITURA MUNICIPAL DE BOTUCATU ,SP,2026-07-22,confenge_commercial_pncp_supplier_contracts,54cd785d97de81821ad88ab70f77310a04435825fb79dc616815a5b5eef33363,engenharia_obras_claras,,,,,,,
46377800000127-2-011132/2025,"CONTRATAÇÃO DE SERVIÇOS A CONTRATAÇÃO EMPRESA ESPECIALIZADA EM SERVIÇOS DE MANUTENÇÃO/CONSERVAÇÃO DE POÇOS E RESERVATÓRIO –LIMPEZA DE FOSSA SÉPTICA/ESGOTO/BOCA DE LOBO, COM FORNECIMENTO TOTAL DE MATERIAL, MÃO DE OBRA E EQUIPAMENTOS NECESSÁRIOS.",ESP - CTO.ALTOS EST.SEG.CEL NELSON F.TERRA,SP,2026-04-22,confenge_commercial_pncp_supplier_contracts,9b9af2f6150d9e5dfa162eb43242d6de55e6f02671ee25c547fb87f8d3bb0f9b,engenharia_obras_claras,,,,,,,
18017376000174-2-000034/2026,"CONTRATAÇÃO CONSORCIADA PARA FORNECIMENTO DE ITENS E EXECUÇÃO DE SERVIÇOS PARA A MANUTENÇÃO, EXTENSÃO E MODERNIZAÇÃO DA REDE DE ENERGIA ELÉTRICA DO MUNICÍPIO DE MIRABELA E ESTÁDIO MUNICIPAL DR. MÁRCIO RABELO EM ATENDIMENTO DA DEMANDA DAS SECRETARIAS MUNICIPAIS DE OBRAS E ESPORTES DESTE MUNICÍPIO DE MIRABELAMG.",MUNICIPIO DE MIRABELA,MG,2026-03-18,confenge_commercial_pncp_supplier_contracts,9f5200bf1fb3a72b78e5c5bc90d1348c903fbb7d133d6bacb9daacaf77b1c836,engenharia_obras_claras,,,,,,,
15126437000305-2-000309/2026,"O OBJETO DO PRESENTE INSTRUMENTO É A CONTRATAÇÃO DE SERVIÇOS CONTÍNUOS DE EMPRESA ESPECIALIZADA NA PRESTAÇÃO DE SERVIÇO DE VIGILÂNCIA ARMADA E DESARMADA PARA A EMPRESA BRASILEIRA DE SERVIÇOS HOSPITALARES - HOSPITAL UNIVERSITÁRIO ONOFRE LOPES - HUOL/UFRN/EBSERH PELO PERÍODO DE 12 (DOZE) MESES, OBSERVADAS AS CONDIÇÕES ESTABELECIDAS NO TERMO DE REFERÊNCIA, A SEREM EXECUTADOS COM REGIME DE DEDICAÇÃO EXCLUSIVA DE MÃO DE OBRA.",HOSPITAL UNIVERSITÁRIO ONOFRE LOPES,RN,2026-07-21,confenge_commercial_pncp_supplier_contracts,2cfbddccf4c57402ac9297ec4b8b9aff43e13d8a17dc481b887c9013ea27f2c9,engenharia_obras_claras,,,,,,,
50314555000186-2-000004/2025,"REGISTRO DE PREÇOS PARA CONTRATAÇÃO EVENTUAL E FUTURA DE EMPRESA DE ENGENHARIA ESPECIALIZADA EM I.P., PARA AMPLIAÇÃO, MELHORIA E EFICIENTIZAÇÃO, COM FORNECIMENTO DE MÃO-DE-OBRA, MATERIAIS E EQUIPAMENTOS, NO MUNICÍPIO DE MACAPÁ/AP",CIPEMAC,AP,2026-05-22,confenge_commercial_pncp_supplier_contracts,37b69f6cfce1230811840cad015df3b8689c55097e3129d05cb8990b97c1e4af,engenharia_obras_claras,,,,,,,
00662270000168-2-000016/2026,"CONTRATAÇÃO DE SERVIÇOS DE ENGENHARIA CONTÍNUOS DE MANUTENÇÃO PREDIAL PREVENTIVA, CORRETIVA E PREDITIVA, NOS IMÓVEIS OCUPADOS PELA SUPERINTENDÊNCIA DO INMETRO NO ESTADO DO RGS, PELO PRAZO DE 20 (VINTE MESES)",SUPERINTENDENCIA DO INMETRO NO ESTADO DO RS,RS,2026-03-03,confenge_commercial_pncp_supplier_contracts,00c2c362907cb91d34be4013458eb007ca6b4993d3ba931197bd139107040cf2,engenharia_obras_claras,,,,,,,
88363189000128-2-000272/2026,Requisicao para Aquisicao de pecas e mao de obra para o veiculo Renault Kwid Zen Placas IZZ0E62  conforme Termo de referencia,PREFEITURA MUNICIPAL,RS,2026-04-15,confenge_commercial_pncp_supplier_contracts,5ae79f9cc93ef81be10c644ebe3ea752fb9c1daef12b982c904f46fe995899a0,engenharia_obras_claras,,,,,,,
10091601000100-2-000008/2026,"Aquisição parcelada de Equipamentos de Proteção Individual (EPI), destinados a atender as necessidades operacionais dos servidores da Secretaria de Obras da Prefeitura Municipal de Tacaimbó/PE, conforme especificações, quantitativos e exigências estabelecidas neste Termo de Referência, devendo os produtos atender integralmente às normas técnicas aplicáveis, especialmente à NR-6 do Ministério do Trabalho e Emprego",PREFEITURA MUNICIPAL DE TACAIMBÓ,PE,2026-05-25,confenge_commercial_pncp_supplier_contracts,cecf230bc264716c7a35517afffa9fca7457196ddd723b6907494a429e70a4b1,engenharia_obras_claras,,,,,,,
81531162000158-2-000196/2026,"O presente termo tem por objetivo a pavimentação asfáltica com a execução da aplicação do revestimento asfáltico, contemplando fornecimento de materiais, mão de obra e equipamentos em aproximadamente 944 metros de extensão da Av. Afonso Forgiarini, 99,65 metros de extensão da Rua 227, ambas ruas situadas na localidade do bairro Saturno e Vila Franca. Ministério da Gestão e da Inovação em Serviços Públicos – Modalidade: Transferência Especial da União – Emenda Parlamentar N° 202639490005 – Pla...",PREFEITURA MUNICIPAL DE FORQUILHINHA - SC,SC,2026-06-15,confenge_commercial_pncp_supplier_contracts,459426d118e60addeed11b3aeb200de9e5f3dcc7f70b33aa4a917ebcd0bc85d9,engenharia_obras_claras,,,,,,,
24212862000146-2-000028/2026,Contratação de empresa para execução de obra de pavimentação de via vicinal na Comunidade Bonfim e construção de ponte na Comunidade de Serra Nova convêniotermo de compromisso instrumento 966278 Ministério da Integração e do Desenvolvimento Regional,MUNICIPIO DE RIO PARDO DE MINAS,MG,2026-04-15,confenge_commercial_pncp_supplier_contracts,bda01822c681cc695ef87420887893d69cb7849b2646476b0b467f674fcb17af,engenharia_obras_claras,,,,,,,
01612155000141-2-000052/2026,"O  objeto  do  presente  instrumento  e a  contratacao  de  empresa  especializada  para fornecimento de mao de obra para assentamento de  bloco  e  meio  fio  pre-moldado,  nas  condicoes estabelecidas no Termo de Referencia",PREFEITURA MUNICIPAL DE SOORETAMA,ES,2026-06-11,confenge_commercial_pncp_supplier_contracts,e1062736dc00c17bc51425fe430601c86b9829481b1aa6dded6f9bb2dea4d1e5,engenharia_obras_claras,,,,,,,
92411156000183-2-000030/2026,Contratação de serviço de mão de obra especializada de eletricista para manutenção corretiva da iluminação pública do município.,MUNICIPIO DE AMETISTA DO SUL,RS,2026-03-03,confenge_commercial_pncp_supplier_contracts,7314b484c114f1be0fb122bf7b7daa362950d7e8c6af2711b1b084c2a2f40779,engenharia_obras_claras,,,,,,,
75449579000173-2-000009/2026,Contratação de empresa especializada para a execução de obras de engenharia destinadas à construção de Pista de Skate.,UNIDADE ADMINISTRATIVA,PR,2026-06-16,confenge_commercial_pncp_supplier_contracts,125b60ef7224bab5224a1715d86d4e271860895a922a5643cdfac2e86b5f1315,engenharia_obras_claras,,,,,,,
94702784000143-2-000184/2026,a contratacao de empresa especializada para realizacao de manutencao preventiva e corretiva  com fornecimento de pecas e mao de obra  no veiculo Renault Sandero SZE16MT  placa JBA7E90  pertencente a frota municipal,Prefeitura Municipal de Hulha Negra,RS,2026-07-08,confenge_commercial_pncp_supplier_contracts,fd03fc346bf05dbcd3fdd35f890fce5b6c09d9cb4b685b9ce4233dba6b845a31,engenharia_obras_claras,,,,,,,
46634259000195-2-000713/2026,"Contratação de empresa para Prestação de serviço de limpeza, incluindo higienização, lavagem, retirada do lixo e zeladoria (com profissional presente durante o período de funcionamento) do banheiro tipo container, que possui três acessos (masculino, feminino e banheiro acessível)., conforme solicitação da Secretaria Municipal de Agropecuária, Obras e Meio Ambiente",SEC. MUN. DE AGROPEC. OBRAS E MEIO AMBIENTE,SP,2026-03-20,confenge_commercial_pncp_supplier_contracts,1b6ba5d560f646caded52e00b379c91a51119dcbbd048588eca5168c3bc15bbb,engenharia_obras_claras,,,,,,,
02218683000183-2-000073/2026,"CONTRATAÇÃO DE EMPRESA DO RAMO DE ENGENHARIA  PARA REFORMA E AMPLIAÇÃO DA ÁREA DE CONVIVÊNCIA E ADEQUAÇÃO DE PONTES NO PARQUE ECOLÓGICO DE ACREÚNA-GO, CONFORME ESPECIFICAÇÕES, MEMORIAL DESCRITIVO, PLANILHA ORÇAMENTÁRIA PD SINAPI E GOINFRA OBRAS CIVIS ONERADA, CRONOGRAMA FÍSICO FINANCEIRO, PROJETOS EXECUTIVOS CONFORME ESPECIFICAÇÕES DESTE TERMO DE REFERÊNCIA.",PODER EXECUTIVO,GO,2026-07-02,confenge_commercial_pncp_supplier_contracts,0997f76fa9d9777a1844eafb0efeb3afbdea6670d7b6953d63be0cec2f05b83e,engenharia_obras_claras,,,,,,,
08160467000100-2-000014/2026,"Contratação de empresa especializada na confecção, restauração e padronização de quadros oficiais, bem como no fornecimento de placas de identificação para portas, destinadas às unidades administrativas e prédios públicos sob responsabilidade da Administração, compreendendo o fornecimento de todos os materiais, insumos, mão de obra técnica especializada, serviços de acabamento, instalação quando aplicável, e demais serviços acessórios necessários à plena execução do objeto, com vistas à adequ...",Prefeitura,RN,2026-03-24,confenge_commercial_pncp_supplier_contracts,f9b8e6fb8cbd338e25434c03b6a123c4101c75765e92ba71e4c1bb77cd2a2dc7,engenharia_obras_claras,,,,,,,
45371820000128-2-001573/2026,"Registro de preços para contratação de empresa especializada para manutenção de veículos leves da frota municipal, com o fornecimento de componentes, acessórios peças e partes e mão de obra.",PREFEITURA MUNICIPAL SERTÃOZINHO,SP,2026-05-25,confenge_commercial_pncp_supplier_contracts,9eda1dd3bed8ca367a412f1251f2c5d32d2b244a62d6408543de4813079c4b43,engenharia_obras_claras,,,,,,,
88363189000128-2-000141/2026,Requisicao para aquisicao de pecas e mao de obra para o veiculo Fiat Modelo Strada Freedom CD 1.3  4P  Chassi  9BD281BPJPYE26918 Placas JCD7G02  Ano Fab.  2023  Ano Mod.  2023  Conforme Termo de Referencia,PREFEITURA MUNICIPAL,RS,2026-03-26,confenge_commercial_pncp_supplier_contracts,8ac308c5d5fd72644348e0d0ada9b0843132c3e63e2a5e905266f9047c62ef90,engenharia_obras_claras,,,,,,,
04279238000159-2-000032/2026,"Registro de preços para futura e eventual CONTRATAÇÃO DE EMPRESA ESPECIALIZADA PRESTAÇÃO DE SERVIÇOS DE MÃO DE OBRA DE PEDREIRO, DE AJUDANTE DE PEDREIRO, DE ENCANADOR E CARPINTEIRO.",FUNDO MUNICIPAL DE EDUCAÇÃO,RO,2026-05-07,confenge_commercial_pncp_supplier_contracts,7089724a55393834c0ddd892376fa60c1f29afe906d53af99395f62981601d2f,engenharia_obras_claras,,,,,,,
45781176000166-2-000234/2026,"AQUISIÇÃO DE PÃO FRANCÊS PARA AS SECRETARIAS DE OBRAS E SERVIÇOS URBANOS, MEIO AMBIENTE E CORPO DE BOMBEIROS",PREFEITURA MUNICIPAL DE AMERICANA,SP,2026-06-17,confenge_commercial_pncp_supplier_contracts,ef9a1a720fb731306a38c4be28baaa53a039c2f9b6852ee0820959ce7e20031a,engenharia_obras_claras,,,,,,,
00394429000100-2-000283/2026,CONTRATAÇÃO DE SERVIÇOS COMUNS DE ENGENHARIA A SEREM EMPREGADOS NO HANGAR E - 023 DO PARQUE DE MATERIAL AERONÁUTICO DE SÃO PAULO,GRUPAMENTO DE APOIO DE SÃO JOSÉ DOS CAMPOS,SP,2026-04-28,confenge_commercial_pncp_supplier_contracts,ceb06a7f409dbbbb6dcd3da6b6fe8acb189bcc8b9233326c65ae83a791260fc8,engenharia_obras_claras,,,,,,,
87572079000103-2-000046/2026,"AQUISIÇÃO DE PEÇAS E CONTRATAÇÃO DE MÃO DE OBRA PARA MANUTENÇÃO DE VEÍCULOS, MÁQUINA PESADA E CAMINHÃO PERTENCENTE A FROTA DA SECRETARIA MUNICIPAL DE OBRAS E SANEAMENTO.",MUNICÍPIO DE SÃO VICENTE DO SUL,RS,2026-03-02,confenge_commercial_pncp_supplier_contracts,442d426ef1819920409b53eec6bf11850a786891e446afb3941c133a34b5747c,engenharia_obras_claras,,,,,,,
10829387000147-2-000003/2026,"Contratação de Empresa Especializada para Elaboração de Projetos Executivos e Execução da Obra de Restauração do Sobrado do imóvel localizado na Rua da Estrela, nº 585, no bairro do Centro de São Luís  MA.",SECRETARIA DE ESTADO DAS CIDADES E DESENVOLVIMENTO URBANO,MA,2026-03-05,confenge_commercial_pncp_supplier_contracts,cdfc4037bace19849f83018af072f4bd5ca63f9df7d11dc90b92555748917f0a,engenharia_obras_claras,,,,,,,
42441758000105-2-000089/2026,"O OBJETO DO PRESENTE INSTRUMENTO É A CONTRATAÇÃO DE SERVIÇOS CONTÍNUOS DE VIGILÂNCIA ARMADA PARA O CAMPUS NOVA FRIBURGO DO CEFET/RJ, A SEREM EXECUTADOS COM REGIME DE DEDICAÇÃO EXCLUSIVA DE MÃO DE OBRA, NAS CONDIÇÕES ESTABELECIDAS NO TERMO DE REFERÊNCIA.",MEC-CEFET-CENT.FED.ED.TEC.CELSO S.FONSECA/RJ,RJ,2026-06-29,confenge_commercial_pncp_supplier_contracts,dca122eecf26df4784036740b4c6e46386722dd69f4fd319171241bef205f2cf,engenharia_obras_claras,,,,,,,
00360305000104-2-013576/2024,"CONTRATAÇÃO DE EMPRESA SOB A FORMA DE ARP DE SERVIÇOS COMUNS DE PINTURA, UNIDADES DE USO DA CAIXA, SEM MÃO DE OBRA DEDICADA, NA ABRANGÊNCIA DAS SUPERINTENDÊNCIAS LOCALIZADAS NAS REGIÕES INDICADAS ABAIXO, NOS ESTADOS DO RS, SC, PR, RJ, ES E BA, POR ITEM
3141 - 25 DE JULHO, RS
4501044210",CEFOR,DF,2026-02-14,confenge_commercial_pncp_supplier_contracts,5f4386e6f033da66b8250770d491a3eceb5c4d351c86a9d0c05ff39c69da7f11,engenharia_obras_claras,,,,,,,
36388445000138-2-000341/2026,"CONTRATAÇÃO DE INFRAESTRUTURA DE EVENTOS 2 SEMESTRE 2026 A 1 SEMESTRE 2027, CONFORME DESCRIÇÕES CONTIDAS NO ANEXO DO CONTRATO",PREFEITURA MUNICIPAL DE SANTA MARIA DE JETIBÁ,ES,2026-07-21,confenge_commercial_pncp_supplier_contracts,44614a4f921c59965784c83cef3578244a909f9bc8104653818948fc5e43537a,sem_keywords_evidentes,,,,,,,
24996845000147-2-000004/2026,"CONTRATAÇÃO DE EMPRESA ESPECIALIZADA PARA PRESTAÇÃO DE SERVIÇOS CONTÍNUOS DE MANUTENÇÃO PREVENTIVA E CORRETIVA  (INCLUSO MÃO DE OBRA E MATERIAIS) EM 02 (DOIS) GERADORES DE ENERGIA ELÉTRICA, SENDO UM DA MARCA TIVEA, MOTOR BAUDOUIN, E OUTRO DA MARCA GERAFORTE, MOTOR VOLVO, COM FORNECIMENTO DE INSUMOS, MÃO DE OBRA ESPECIALIZADA ELÉTRICA E MECÂNICA, DESLOCAMENTO TÉCNICO E REALIZAÇÃO DE TESTES OPERACIONAIS, PARA ETE DO MATADOURO",Licitações e Compras,MG,2026-03-18,confenge_commercial_pncp_supplier_contracts,e221936437073fba4a3fe4fa6e336772b8bdb8ccf65f85e7eaf1232a9c9ce394,engenharia_obras_claras,,,,,,,
00360305000104-2-007106/2025,"SAP 4501417050 - AG CONDE DA BOA VISTA, PE - REGISTRO DE PREÇOS (ARP), COM CONTRATAÇÃO SIMULTÂNEA, PARA EXECUÇÃO DE SERVIÇOS COMUNS DE ENGENHARIA (SCE) EM IMÓVEIS DE USO DA CAIXA VINCULADOS AO ESTADO DE PERNAMBUCO, NA REGIÃO DE ABRANGÊNCIA DA SR RECIFE",CEFOR,DF,2026-02-14,confenge_commercial_pncp_supplier_contracts,55148c00bfaf24b3ed3f8b51227416a9def35c8c905bee607ce1a76f8d0c5c09,engenharia_obras_claras,,,,,,,
21154877000107-2-000068/2026,"Contratação de empresa especializada na prestação de serviços de locação de estrutura de boxtruss para a realização dos Seminários: ""Implementação dos Sistemas Municipais de Cultura"" e ""Reforma Tributária e os Impactos na Economia da Cultura"" nos dias 19 e 20 de março de 2026, no Auditório Vivaldi Moreira.",DIRET. COMUNICACAO,MG,2026-03-27,confenge_commercial_pncp_supplier_contracts,2e6aefba074c7fbfd4cc29cf1f269588526aff1cf553af24fd74e80e0965279a,sem_keywords_evidentes,,,,,,,
12479804000102-2-000006/2026,"CONTRATAÇÃO DE EMPRESA PARA OS SERVIÇOS CONTINUADOS DE MANUTENÇÃO PREVENTIVA E CORRETIVA DA INFRAESTRUTURA DE TECNOLOGIA DA INFORMAÇÃO DO PODER LEGISLATIVO, ABRANGENDO MICROCOMPUTADORES (DESKTOPS E NOTEBOOKS), PERIFÉRICOS E REDE LÓGICA (CABEADA E WI-FI), DESTINADO A ATENDER AS NECESSIDADES DA CÂMARA MUNICIPAL DE CORURIPE/AL.",CAMARA MUNICIPAL DE CORURIPE,AL,2026-04-09,confenge_commercial_pncp_supplier_contracts,bb8884c0763f3b3a7e34f8ef60997134e84f3770f646d21522a79625485931ea,sem_keywords_evidentes,,,,,,,
66229717000118-2-000002/2026,"Aquisição parcelada de materiais de construção, compreendendo pedra britada, pó de pedra, bloquete, areia média, cimento e meio-fio, destinados a atender às obras de infraestrutura rural, garantindo o fornecimento contínuo e adequado desses insumos para obras, serviços de manutenção e demais atividades de infraestrutura",Ubaporanga,MG,2026-03-03,confenge_commercial_pncp_supplier_contracts,47cb1f99d631e0ec3c025e940e139cdf3114e2a66f3871995a29c34177c6fa1d,engenharia_obras_claras,,,,,,,
22516405000110-2-000046/2026,"CONTRATAÇÃO DE EMPRESA ESPECIALIZADA PARA REFORMA DO CENTRO MUNICIPAL DE EDUCAÇÃO INFANITL – CEMEI, NA CIDADE DE MINAS NOVAS-MG.",PREFEITURA MUNICIPAL DE MINAS NOVAS,MG,2026-03-16,confenge_commercial_pncp_supplier_contracts,0baefb2f663c0eaa135d1f473491ab4f5edd7b59ab213a2ec36e3be7aaa166eb,sem_keywords_evidentes,,,,,,,
87564381000110-2-000113/2026,"prestação de serviços de engenharia através de licitação compartilhada do CONSÓRCIO DE DESENVOLVIMENTO INTERMUNICIPAL DOS MUNICÍPIOS DO ALTO JACUÍ E ALTO DA SERRA BOTUCARAÍ/RS – COMAJA - CNPJ 03.656.200/0001-95, através do CHAMAMENTO PÚBLICO Nº 003/2025, TERMO DE CREDENCIAMENTO Nº 169/2025 e proposta apresentada para a prestação de serviços técnicos de 03 (três) sondagens de solo com ensaio CBR (California Bearning Ratio) no Loteamento Habitacional Renascer, atendendo as necessidades da Secre...",MUNICÍPIO DE IBIRUBÁ - RS,RS,2026-07-15,confenge_commercial_pncp_supplier_contracts,eed4cb37b5da3701a124dcf5e8e3e97f5393bd749713913e16c43bc2a42eb672,engenharia_obras_claras,,,,,,,
10091528000177-2-000003/2026,"execução de serviços de engenharia, para pavimentação em paralelepípedos de diversas ruas descritas no Projeto de Engenharia, situadas no distrito de São Domingos, município de Brejo da Madre de Deus/PE, nas condições estabelecidas no Termo de Referência/Projeto Básico e proposta da contratada",PREFEITURA MUNICIPAL DE BREJO DA MADRE DE DEUS,PE,2026-05-20,confenge_commercial_pncp_supplier_contracts,92f99a0921393bef4749eb86111c8cacb315c4b101f5e951672fb32809ad4b32,engenharia_obras_claras,,,,,,,
18715383000140-2-000239/2026,"CONTRATACAO DE SERVICOS COMUNS DE ENGENHARIA PARA MANUTENCAO, ADEQUACAO E CONSERVACAO EM 16 (DEZESSEIS) CENTROS DE SAUDE.",SECRETARIA MUNICIPAL DE OBRAS E INFRAESTRUTURA,MG,2026-03-17,confenge_commercial_pncp_supplier_contracts,4cc8d7abe9332d2f1eb0223df3ff9865ded47a8dd7bd69ea2e1fcee062af67b0,engenharia_obras_claras,,,,,,,
07954480000179-2-016195/2026,Contratação de empresa de engenharia para a execução da sede administrativa do Sistema Integrado de Saneamento Rural- SISAR BPA em Crateús.,SECRETARIA DAS CIDADES,CE,2026-05-22,confenge_commercial_pncp_supplier_contracts,38c3a5232418c416dc2256a6b532e848278215925cd3624c44d7cf9a9931ac04,engenharia_obras_claras,,,,,,,
08865933000153-2-000012/2026,"0 obje o da presente licitação é a Contratação de empresa especializada em engenharia para
xecugão de rvigos de Construção do Espaço Esportivo Comunitário, localizado na zona urbana
o municípi4 de Juripiranga/PB, (NOVO PAC), conforme Termo de Compromisso
RANSFEREG V.BR N° 987450/2025 - MINISTÉRIO DO ESPORTE, nas especificações e quantitativos
onstantes no Projeto Básico — Anexo I deste Edital",PREFEITURA MUNICIPAL DE JURIPIRANGA,PB,2026-06-03,confenge_commercial_pncp_supplier_contracts,1bedb3e3c737aee2ed91fb356d54d2b004d081fcc8639bce646b95afcf3ebaaa,engenharia_obras_claras,,,,,,,
76161181000108-2-000114/2026,"Contratação de empresa especializada na área de engenharia para empreitada global de materiais e mão de obra, para execução de recapeamento asfáltico sobre pedras irregulares em CBUQ, nos bairros: Santuário, Santa Cruz, Centro, Serrinha, São José, Klubegi, Lagoão, São Francisco, Cascatinha, São Sebastião, Fortunato, caldeiras, Alto da Gloria, Dissenha, totalizando 102.358,42 m² (cento e dois mil, trezentos e cinquenta e oito metros quadrados e quarenta e dois decímetros quadrados).",CPR-PREFEITURA MUNICIPAL DE PALMAS,PR,2026-06-03,confenge_commercial_pncp_supplier_contracts,c9da24e343d625b0d0f5d681908171c650656c956c3746d48f3d1e9837638a4a,engenharia_obras_claras,,,,,,,
03659166001931-2-000016/2026,"CONTRATAÇÃO DE SERVIÇOS CONTÍNUOS DE LIMPEZA, ASSEIO E CONSERVAÇÃO PARA ATENDER AS UNIDADES DO IBAMA NO ESTADO DE SÃO PAULO, A SEREM EXECUTADOS COM REGIME DE DEDICAÇÃO EXCLUSIVA DE MÃO DE OBRA, NAS CONDIÇÕES ESTABELECIDAS NO TERMO DE REFERÊNCIA.",IBAMA - SUPERINTENDENCIA ESTADUAL/SP,SP,2026-05-26,confenge_commercial_pncp_supplier_contracts,ca04a1cd6b8011fccba22955f448e006de4289d0fa9b5a5ee0d8819e7575150d,engenharia_obras_claras,,,,,,,
10662072000158-2-000366/2026,ATENDER DESPESAS IFFAR CAMPUS SVS - COORD INFRAESTRUTURA  - PROC 23238001894/2026-14,INST.FED.FARROUPILHA/CAMPUS SÃO VICENTE,RS,2026-07-22,confenge_commercial_pncp_supplier_contracts,5951399dcfede5a9d7b889b0809b4a590067e9fbfd7e55cc7b83539713b3e3a7,sem_keywords_evidentes,,,,,,,
80912108000190-2-000398/2026,"CONTRATAÇÃO DE EMPRESA PARA PRESTAÇÃO DE SERVIÇOS DE MÃO DE OBRA COM FORNECIMENTO DE MATERIAIS PARA EXECUÇÃO DE OBRA DE INFRAESTRUTURA URBANA - PAVIMENTAÇÃO COM PEDRAS IRREGULARES, NA RUA “A” DA ÁREA INDUSTRIAL, COM LARGURA DE RUA DE 15,00 METROS, TOTALIZANDO ÁREA DE 2.481,26 M², COM LARGURA MÉDIA DE PISTA DE ROLAMENTO DE 10,00 METROS, COM PASSEIO LATERAL DE 2,50 METROS CADA, CONFORME PLANO DE TRABALHO APROVADO NO ÂMBITO DO CONVÊNIO SIMPLIFICADO DO PROCESSO SCC 3846/2026 – SIE, EM CONFORMIDAD...",FUNDO MUNICIPAL DE SAÚDE DE BELMONTE,SC,2026-06-17,confenge_commercial_pncp_supplier_contracts,86f44f9c4fb5de9c951f831218c5035d65cdcbbfff38f554cd23d52ce228ec39,engenharia_obras_claras,,,,,,,
18593103000178-2-001217/2026,"REFERE-SE A CONTRATAÇÃO DE EMPRESA PARA PRESTAÇÃO DE SERVIÇOS ELÉTRICOS E MECÂNICOS EM ÔNIBUS E MICRO ÔNIBUS PERTENCENTES A FROTA DE VEÍCULOS DO MUNICÍPIO DE MONTE CARMELO/MG. SECRETARIA MUNICIPAL DE OBRAS - LIMPEZA PÚBLICA, PLACA: BXG4739.",SECRETARIA DA FAZENDA ,MG,2026-02-20,confenge_commercial_pncp_supplier_contracts,1f821b5ee16b2604da4b09d76a83e463351c35f78a730d4b3568c3f7c1ab6cd9,engenharia_obras_claras,,,,,,,
94704061000183-2-000016/2026,"Contratação de empresa especializada para prestação de serviços de manutenção corretiva e preventiva, com fornecimento de peças, para a Motoniveladora Case 845B pertencente à Secretaria Municipal de Obras Públicas, Serviços Urbanos e Trânsito.",Município de Nova Boa Vista,RS,2026-07-02,confenge_commercial_pncp_supplier_contracts,a562ebc75ad4235a436334865819358e28b4e66df46bbecd5acfaf4d8b398894,engenharia_obras_claras,,,,,,,
87612818000143-2-000058/2026,CONTRATAÇÃO DE EMPRESA PARA EXECUÇÃO DE PAVIMENTAÇÃO ASFÁLTICA EM CBUQ SOBRE PAVIMENTAÇÃO DE PEDRAS IRREGULARES DE BASALTO E SINALIZAÇÃO VIÁRIA NA RUA SANTA ROSA - ENTRE A RUA MARECHAL DEODORO E MARECHAL FLORIANO - E NA RUA RIO DE JANEIRO - ENTRE A RUAS BE,MUNICIPIO DE SANTO CRISTO/RS,RS,2026-07-17,confenge_commercial_pncp_supplier_contracts,9ddd5b332539e0fccc2b398cb184fb93cef670865a2121e93e52c751cedef706,engenharia_obras_claras,,,,,,,
04217786000154-2-000029/2026,"CONTRATACAO DE EMPRESA DE ENGENHARIA ESPECIALIZADA PARA O FORNECIMENTO DE MAO DE OBRA E MATERIAIS DESTINADOS A CONSTRUCAO DE 20 (VINTE) UNIDADES HABITACIONAIS NO BAIRRO NOVA BRASILIA, MUNICIPIO DE GOVERNADOR LINDENBERG-ES.",PREFEITURA MUNICIPAL DE GOVERNADOR LINDENBERG,ES,2026-05-21,confenge_commercial_pncp_supplier_contracts,4ce92cfcafcc1de077f9674f74bf8ddd7fe100deeb1ffe3991b6367af8a74be4,engenharia_obras_claras,,,,,,,
60509015000101-2-000048/2026,"REFORMA DO RESERVATÓRIO, DA COZINHA E ZELADORIA",ESP-PRESTACAO DE SERVICOS FDE/SEE,SP,2026-02-23,confenge_commercial_pncp_supplier_contracts,ce1f1dce45c0132859115d670a792299fa707e66310ad1a887bc551ade2b6a70,sem_keywords_evidentes,,,,,,,
18313817000185-2-000005/2026,"Contratação de empresa para prestação de serviços de controle e combate de vetores e pragas urbanas, e prestação de serviços de limpeza, higienização e desinfecção de reservatórios de água, contemplando a disponibilização de mão-de-obra qualificada e o fornecimento dos materiais essenciais à adequada prestação dos serviços, em caráter emergencial, decorrente da inviabilidade de continuidade do contrato n.º 025/2025, originado do processo licitatório n.º 292/2024, pregão eletrônico n.º 048/202...",Prefeitura Municipal de Pará de Minas,MG,2026-02-19,confenge_commercial_pncp_supplier_contracts,db0418bec03ec4d40d0dc738c2a8957d84ad9888983cd10e12f3764a88eb06b8,engenharia_obras_claras,,,,,,,
88363189000128-2-000273/2026,Requisicao para Aquisicao de pecas e mao de obra para o veiculo Renault Kwid Zen Placas IZZ0E62  conforme Termo de referencia,PREFEITURA MUNICIPAL,RS,2026-04-15,confenge_commercial_pncp_supplier_contracts,00ae1e17738d9ac2066d668162f83416587271ff19b1b012e81112dee72351a7,engenharia_obras_claras,,,,,,,
18245167000188-2-000023/2026,"Aquisição de 01 (uma) roda destinada à motoniveladora New Holland RG-170B EVO, pertencente à frota da Secretaria Municipal de Transportes e Obras.",SEC. MUNICIPAL DE TRANSPORTES E OBRAS,MG,2026-05-07,confenge_commercial_pncp_supplier_contracts,81d436abb710f2e1632c0f97ee6603463bf3716ba28f67deb0a128d207df175e,engenharia_obras_claras,,,,,,,
46523239000147-2-000246/2026,"REGISTRO DE PREÇOS PARA EXECUÇÃO DE SERVIÇOS DE PEQUENOS REPAROS DE MANUTENÇÃO E CONSERVAÇÃO DE PRÓPRIOS MUNICIPAIS E EM PRÉDIOS LOCADOS E/OU CONVENIADOS, COM FORNECIMENTO DE MATERIAIS E MÃO DE OBRA.",Município de São Bernardo do Campo,SP,2026-04-14,confenge_commercial_pncp_supplier_contracts,73e62c9b7c0162ee26fe99ec4b7382f84d4ca52bf0fe3e268473dbc366547b43,engenharia_obras_claras,,,,,,,
13761705000173-2-000008/2026,"LOCAÇÃO DE 01 (UM) IMÓVEL NO SEGUNDO PAVIMENTO, DESTINADO A INSTALAÇÃO E FUNCIONAMENTO DA SECRETARIA MUNICIPAL DE TURISMO E CULTURA NA SEDE DO MUNICÍPIO DE MUCURI-BA.",PREFEITURA MUNICIPAL DE MUCURI,BA,2026-06-17,confenge_commercial_pncp_supplier_contracts,b29ff0bfbea5192ea3dc8ae5787b7d2727b413b7013cf87a70fb0e66ca7e4ba1,engenharia_obras_claras,,,,,,,
92871466000180-2-002266/2025,Despesa conforme Termo de Referencia tem por objeto a contratacao de empresa especializada em manutencao de veiculos pesados para a revisao completa do sistema de freios e limpeza da valvula de retorno dos freios do caminhao Mercedes Benz modelo 2726 Eletronic  placa IQG 0H17  pertencente a Secretaria Municipal de Obras. Segue abaixo pecas a serem trocadas e servicos solicitados. Descricao Valor unitario Quantidade Valor total Borracha oring R  1 00 01 R  1 00 Filtro lubrificante R  52 00 01 ...,Prefeitura Municipal de Picada Cafe,RS,2026-04-01,confenge_commercial_pncp_supplier_contracts,b5d3e7936a34921946a6f3c5c7cd065630205720ebe185481db7c7c7591a50c2,engenharia_obras_claras,,,,,,,
63025530000104-2-004110/2026,"AGUARRAS, LIXA PARA CONSTRUCAO CIVIL, MASSA NIVELADORA, MASSAS E COMPLEMENTOS PARA PINTURA DE EDIFICACAO, THINNER, TINTA ESMALTE PARA CONSTRUCAO CIVIL, TINTA LATEX, TINTA PARA PISOS E PAVIMENTOS, TRINCHA.",ESP-CTO DE TEC. DA INFORM. DE SÃO PAULO - USP,SP,2026-05-29,confenge_commercial_pncp_supplier_contracts,d9fa643cffcf3b5fa151ab2947e7e2add1a955a2af77e8e48118f9f6f74ec440,engenharia_obras_claras,,,,,,,
10091619000102-2-000028/2026,"prestação de serviço em desmonte de rochas tanto por meios mecânicos quanto
com uso de explosivos, bem como britagem, fragmentação e quebra de rochas/pedras por meio de
equipamentos e ferramentas apropriadas, visando atender aas necessidade, para a Secretária de
Infraestrutura e Obras do Poder Executivo do Municipio de Cachoeirinha/PE,",PREFEITURA MUNICIPAL DE CACHOEIRINHA,PE,2026-06-16,confenge_commercial_pncp_supplier_contracts,910ec5bd562eb5066ebfc586d8cc7c6a74c8893e8cb1a2f13429f3ce41b6364c,engenharia_obras_claras,,,,,,,
00360305000104-2-008003/2025,"SERVIÇOS COMUNS DE ENGENHARIA EM IMÓVEIS DE USO DA CAIXA, VINCULADAS AO ESTADO DO ESPÍRITO SANTO, 4501572599 - AG JARDIM DA PENHA ES.",CEFOR,DF,2026-02-14,confenge_commercial_pncp_supplier_contracts,15713a4f0a53cfe9ecbc2d74074f00f67e36239916a2419aec168a0a9783b571,engenharia_obras_claras,,,,,,,
01169416000109-2-000064/2025,"CONTRATACAO DE EMPRESA ESPECIALIZADA PARA EXECUCAO DA OBRA DE PAVIMENTACAO ASFALTICA, DRENAGEM SUPERFICIAL, PASSEIOS PUBLICOS E SINALIZACAO VIARIA EM RUAS DIVERSAS DO BAIRRO PARQUE MINGONE, LUZIANIA-GO ? ETAPA II, JUNTO A SECRETARIA MUNICIPAL DE DESENVOLVIMENTO URBANO DE LUZIANIA-GO",SECRETARIA MUNICIPAL DE DESENVOLVIMENTO URBANO,GO,2026-03-13,confenge_commercial_pncp_supplier_contracts,b2c5a59485e12de8739ad62ad27c11e547142677e402f03bb31ba68a56a252ba,engenharia_obras_claras,,,,,,,
01763614000198-2-001908/2026,"VALOR QUE SE EMPENHA PARA OCORRER COM DESPESA PRESTAÇÃO SERVIÇOS TÉCNICOS EM INFRAESTRUTURA DE REDE, CABEAMENTO, CONFIGURAÇÃO DE ROTEADORES E OUTROS, MANUTENÇÃO DA SEC. DE ADM, DECORRENTE DO PREGÃO N°016/2025 E ATA DE REGISTRO DE PREÇOS N°015/2025.",PREFEITURA MUNICIPAL DE CAMPO ALEGRE DE GOIÁS GO,GO,2026-05-18,confenge_commercial_pncp_supplier_contracts,6b9364e4357a18fc203e82c5be9cf0328e917e68f90caf95ab0c00fc601f2302,engenharia_ambigua,,,,,,,
11474277000172-2-000006/2026,"prestação de serviços técnicos especializados
de administração, gerenciamento, monitoramento e suporte técnico contínuo da
infraestrutura de tecnologia da informação (TI) da Câmara Municipal de Agrestina,
compreendendo servidores, rede de dados, segurança da informação, proteção da
infraestrutura tecnológica, backup, conectividade, suporte aos sistemas e aos usuários,
com o objetivo de garantir estabilidade, desempenho, integridade, segurança e
disponibilidade dos serviços e recursos te...",MPE-CÂMARA MUNICIPAL DE AGRESTINA,PE,2026-06-17,confenge_commercial_pncp_supplier_contracts,bae4f071be3bc40a3caed6e931c61176d5490cfaddc316c90cc806c72fde4612,engenharia_ambigua,,,,,,,
08597121000174-2-000251/2026,"Prestação de serviços técnico-especializados de execução de infraestrutura e pontos de rede lógica, sob demanda, com fornecimento de materiais, para atender à demanda do Complexo Hospitalar do Trabalhador CHT",SESA-FUNSAUDE - Fundo Estadual de Saúde do Paraná - FUNSAUDE,PR,2026-05-26,confenge_commercial_pncp_supplier_contracts,cb58f35d91ec9e7e9fd7b0a72890870ab84e492eab35f0006b850fceb422fb94,engenharia_ambigua,,,,,,,
44919918000104-2-000917/2026,"Registro de preços para aquisição de materiais de enfermagem para atender todas as Unidades de Saúde do Município, conforme DFD nº 400/2024 da Secretaria de Saúde e Saneamento, condições, quantidades e exigências estabelecidas no Termo de Referência, conforme Anexo I.",FUNDO MUNICIPAL DE SAÚDE,SP,2026-04-16,confenge_commercial_pncp_supplier_contracts,0ce09e8d3ebdc655260b4506055dfdb2487b67e4f92d3d7cde1c098b5bdf99dd,infraestrutura_urbana,,,,,,,
48211262000121-2-000033/2026,AQUISIÇÃO DE DIVERSOS MATERIAIS EM FERRO FUNDIDO PARA CONSERVAÇÃO DAS INFRAESTRUTURAS DE ABASTECIMENTO DE ÁGUA E COLETA DE ESGOTO,SAAE - Garça,SP,2026-06-02,confenge_commercial_pncp_supplier_contracts,08c27220e17bc7b6cb59ed8a5e4f9180be7cf02d7c97f6f5a1d53937491be627,infraestrutura_urbana,,,,,,,
45289329000152-2-000009/2026,"CONTRATAÇÃO DE EMPRESA ESPECIALIZADA PARA PRESTAÇÃO DE SERVIÇOS DE FORNECIMENTO DE LICENÇA DE USO DE SOLUÇÃO INTEGRADA DE SISTEMAS INFORMATIZADOS, HOSPEDADOS EM NUVEM, PARA GESTÃO COMERCIAL, OPERACIONAL, TÉCNICA E GERENCIAL EM SANEAMENTO, IMPLANTAÇÃO, CONVERSÃO E MIGRAÇÃO DOS DADOS ANTIGOS, TREINAMENTO DOS USUÁRIOS, MANUTENÇÃO, SUPORTE TÉCNICO, ATUALIZAÇÕES E BACKUP",SERVIÇO AUTÔNOMO DE ÁGUA E ESGOTO DE BARRETOS - SP,SP,2026-07-07,confenge_commercial_pncp_supplier_contracts,8c677815eb5fe1e195c5326746d05cff2d10885f3afc14b708a0c1e2486ab913,infraestrutura_urbana,,,,,,,
01740489000109-2-001471/2026,"IMPORTANCIA QUE SE EMPENHA PARA OCORRER DESPESA COM PRESTAÇÃO DE SERVIÇOS DE REBOBINAMENTO, DESTINADO A MANUTENÇÃO A MANUTENÇÃO NO SITEMA DE SANEAMENTO DO MUNICÍPIO, CONFORME COMPROVANTES.",MUNICIPIO DE SITIO DABADIA,GO,2026-07-21,confenge_commercial_pncp_supplier_contracts,4ed645f67899afc2fbb1be1bd96bd03667d9b04bd7abce75a4e55a6125502432,infraestrutura_urbana,,,,,,,
44919918000104-2-000913/2026,"Registro de preços para aquisição de materiais de enfermagem para atender todas as Unidades de Saúde do Município, conforme DFD nº 400/2024 da Secretaria de Saúde e Saneamento, condições, quantidades e exigências estabelecidas no Termo de Referência, conforme Anexo I.",FUNDO MUNICIPAL DE SAÚDE,SP,2026-04-16,confenge_commercial_pncp_supplier_contracts,282a63d84ad5d13e7bef75b3eca5d969d799a173969f625f3c17ebcf466b4634,infraestrutura_urbana,,,,,,,
46476131000140-2-000040/2026,"AQUISIÇÃO DE MATERIAL HIDRAULICO, DESTINADOS A SECRETARIA MUNICIPAL DE SANEAMENTO BÁSICO, CONFORME ESPECIFICAÇÕES TECNICAS CONTIDAS NO EDITAL - ENTREGA PARCELADA.",Unidade Única,SP,2026-03-31,confenge_commercial_pncp_supplier_contracts,1d45aafc6bce2c3c68e9df605bd6264a3645d4f01e04dad4ab9d55f2b6473b72,infraestrutura_urbana,,,,,,,
00394452000103-2-003076/2026,"GARANTIR, AOS MILITARES DA ATIVA, DA RESERVA OU REFORMADOS, PENSIONISTAS E SEUS DEPENDENTES E SERVIDORES CIVIS DO EXÉRCITO BRASILEIRO (ATIVOS E INATIVOS) E DEPENDENTES DIRETOS E INDIRETOS, NAS CONDIÇÕES ESPECIFICADAS EM INSTRUMENTO DE CONTRATO E NO EDITAL DE CREDENCIAMENTO, POR INTERMÉDIO DE CLÍNICA MÉDICA ESPECIALIZADA A PRESTAÇÃO DE SERVIÇOS DE ASSISTÊNCIA MÉDICO-HOSPITALAR E AMBULATORIAL COM RECURSOS PARA REALIZAÇÃO DE EXAMES COMPLEMENTARES E DE PROCEDIMENTOS CIRÚRGICOS,  NA ÁREA DE CARDIO...",7 BATALHAO DE INFANTARIA BLINDADO/RS,RS,2026-05-18,confenge_commercial_pncp_supplier_contracts,8a8bdc73c3887fe8210666c1c6f9ee6b14087bc0504924f0bce1f87ca421dd0f,infraestrutura_ti,,,,,,,
07744303000168-2-000226/2026,"CONTRATAÇÃO DE SERVIÇOS DE MANUTENÇÃO PREVENTIVA E CORRETIVA EM EQUIPAMENTOS DE TIC, INFRAESTRUTURA FÍSICA E LÓGICA DE REDE DE COMPUTADORES, GERENCIAMENTO DO LINK DE TELECOMUNICAÇÕES (DADOS), ROTINAS DE BACKUPS E GERENCIAMENTO DE ATIVOS DE REDE (IMPRESSORAS, ACCESS POINTS E SWITCHS), DE INTERESSE DA AUTARQUIA MUNICIPAL DE TRÂNSITO E TRANSPORTE RODOVIÁRIO E URBANO DE QUIXERAMOBIM",PREFEITURA MUNICIPAL DE QUIXERAMOBIM,CE,2026-02-13,confenge_commercial_pncp_supplier_contracts,748c42ff35d2810a991417e16f59daa0f89c4735bbcf03ad474de1c66c5650b8,infraestrutura_ti,,,,,,,
17724162000175-2-000015/2025,"Contratação de empresa especializada para a prestação de serviços continuados de consultoria, administração de servidores, hospedagem de infraestrutura de servidores (incluindo servidor de dados, servidor de backup e estrutura para armazenamento de dados de até 8TB), e
monitoramento em tempo real da infraestrutura de TI do município. Os serviços compreendem a manutenção da infraestrutura, monitoramento de links de internet e VPNs, verificação de segurança, gestão de backups, suporte técnico, ass",MUNICIPIO DE MARIPA DE MINAS,MG,2026-02-25,confenge_commercial_pncp_supplier_contracts,78e7a7b9df63445cc68e74a4f2a9d572b87676c9fc1ec24141f265acef48d11c,infraestrutura_ti,,,,,,,
45751435000106-2-000329/2026,CONTRATAÇÃO DE EMPRESA OU CONSORCIO DE 02 (DUAS) EMPRESAS PARA ELABORAÇÃO DE PROJETOS E PEÇAS TÉCNICAS PARA REFORMAS E NOVAS EDIFICAÇÕES NO MUNICÍPIO DE PAULÍNIA,MUNICIPIO DE PAULINIA,SP,2026-06-10,confenge_commercial_pncp_supplier_contracts,04106555c61e0fc435af220a4d229eb93bd67dc15acfb9b8605b4002d9ed95a8,projetos_engenharia,,,,,,,
77003424000134-2-000089/2026,"Pelo presente instrumento, credenciam-se empresa (s) para prestação de serviços de retroescavadeira, com operador, para utilização em trabalhos orientados pela Secretaria Municipal de Transportes e Infraestrutura, na região norte do Município.",SECRETARIA DE TRANSPORTES E INFRAESTRUTURA,PR,2026-03-04,confenge_commercial_pncp_supplier_contracts,0b5db99942b7f28115394d053fdf4e8c7b7bd2eecd69fdc408bd27c25fe836e2,locacao_com_operador,,,,,,,
06928790000156-2-000083/2026,"EMPENHO REF. ORGANIZAÇÃO E ORNAMENTAÇÃO DE EVENTOS, COMPREENDENDO A LOCAÇÃO DE EQUIPAMENTOS E MATERIAIS, INFRAESTRUTURA, SONORIZAÇÃO E MOBILIÁRIO, CONF. ARP 055/2025 E PE 042/2025-GRUPO 01, REF. ABR/2026, POR ESTIMATIVA.",PROCURADORIA GERAL DE JUSTIÇA NO CEARA,CE,2026-04-06,confenge_commercial_pncp_supplier_contracts,f9f90f035bca82aad395ac3714eeb90e91db6668596adaedb732c598d8d8ddc4,locacao_sem_operador,,,,,,,
17309790000194-2-000139/2026,"Prestação de Serviços de Locação de Equipamentos de Solução Tecnológica de Circuito Fechado de TV (CFTV), Alarme e Internet, para o monitoramento e gravação das imagens, incluindo o serviço de instalação dos equipamentos com a aquisição da infraestrutura necessária e manutenção, fornecimento e instalação de sistema de alarme, fornecimento de serviços de internet, por um período de 12 (doze) meses, na sede da 15ª URG Poços de Caldas",DER/MG 15 UNIDADE REGIONAL POCOS DE CALD,MG,2026-03-06,confenge_commercial_pncp_supplier_contracts,aacb41ac2c20e78ef102eb5ba1f732e77aa593d07d914c728e0d7f19f371df94,locacao_sem_operador,,,,,,,
44563583000134-2-001440/2026,"Registro de Preços, pelo período de 12 meses, para eventual prestação de serviços de locação de
equipamentos e infraestrutura, consistentes em painel de LED, e estúdio de filmagens e áudio
completo, para transmissão via internet nas redes sociais em tempo real e transmissão no painel de
led, para atender a necessidade dAS SECRETARIAS DESSA MUNICIPALIDADE",SECRETARIA  DA EDUCAÇÃO E CULTURA,SP,2026-07-03,confenge_commercial_pncp_supplier_contracts,56aa9ddafbd545a6e55472368b40b9fe35a8313fde65ce6d26eed5f0caf0e260,locacao_sem_operador,,,,,,,
44563583000134-2-000785/2026,"Registro de Preços, pelo período de 12 meses, para eventual prestação de serviços de locação de
equipamentos e infraestrutura, consistentes em painel de LED, e estúdio de filmagens e áudio
completo, para transmissão via internet nas redes sociais em tempo real e transmissão no painel de
led, para atender a necessidade dAS SECRETARIAS DESSA MUNICIPALIDADE", SECRETARIA DA EDUCAÇÃO E CULTURA,SP,2026-04-09,confenge_commercial_pncp_supplier_contracts,e0eeee87e0bd29f944db7e4d538ec2c2ca1c184ef856fc7f14063ae236d649c7,locacao_sem_operador,,,,,,,
04889717000197-2-000011/2026,"CONTRATAÇÃO DE EMPRESA ESPECIALIZADA PARA REFORMA DA SUBESTAÇÃO ABRIGADA E DAS INSTALAÇÕES ELÉTRICAS DO DER/ES, NA ÁREA DE ABRANGÊNCIA DA SUPERINTENDÊNCIA EXECUTIVA DE EDIFICAÇÕES (SE-E) DO DEPARTAMENTO DE EDIFICAÇÕES E DE RODOVIAS DO ESTADO DO ESPÍRITO SANTO – DER/ES",EES-DEPARTAMENTO EDIFICAÇÕES E RODOVIAS DO ES,ES,2026-03-25,confenge_commercial_pncp_supplier_contracts,476657c6f1ce3a6f188b67df3dd8536257715b521596611e7f819a637b74d34a,instalacoes_prediais,,,,,,,
60509015000101-2-000570/2026,"REFORMA GERAL DA COBERTURA, DA COZINHA E DESPENSA E DAS INSTALAÇÕES ELÉTRICAS",ESP-PRESTACAO DE SERVICOS FDE/SEE,SP,2026-05-12,confenge_commercial_pncp_supplier_contracts,501f74e56fcee440484e57d6232b765e2e3852c938af6d9d5caccb80ccd2b535,instalacoes_prediais,,,,,,,
13988308000139-2-000122/2026,"Adequação de edificação existente, destinada à implantação e funcionamento de Cozinha Comunitária, contemplando adaptações arquitetônicas, instalações elétricas e hidrossanitários, adequações de acessibilidade, revestimentos, pintura e demais intervenções necessárias para atendimento às normas técnicas, sanitárias e de segurança vigentes no Município de Senhor do Bonfim – BA.",FUNDO MUNICIPAL DE ASSISTÊNCIA SOCIAL,BA,2026-06-08,confenge_commercial_pncp_supplier_contracts,25e4b35f057c5a331bac0169a3eb49982fa1445429988bb90971e5948b4f7fa8,instalacoes_prediais,,,,,,,
07993439000101-2-000277/2025,"CONTRATAÇÃO DE EMPRESA ESPECIALIZADA NA PRESTAÇÃO DOS SERVIÇOS DE ORGANIZAÇÃO, PLANEJAMENTO E EXECUÇÃO DE EVENTOS, LOCAÇÃO DE INFRAESTRUTURA COM MOBILIÁRIO NECESSÁRIO E ADEQUADO, COMPREENDENDO A MONTAGEM, DESMONTAGEM, LIMPEZA, MANUTENÇÃO, INSTALAÇÕES ELÉTRICAS, HIDRÁULICAS, DE EQUIPAMENTOS E OUTROS SERVIÇOS CORRELATOS, PARA ATENDER AS DEMANDAS DA SECRETARIA DE CULTURA DO MUNICÍPIO DE NOVA RUSSAS-CE",FUNDO MUNICIPAL DE CULTURA,CE,2026-04-09,confenge_commercial_pncp_supplier_contracts,bdc7915ed64cfa7ec5a6efcb175b49decda92bc1d819e799d87f7f5af80695d2,instalacoes_prediais,,,,,,,
88254875000160-2-000037/2026,CONCORRÊNCIA ELETRÔNICA PARA CONTRATAÇÃO DE EMPRESA PARA REFORMA DE INSTALAÇÕES ELÉTRICAS NA EMEB SENADOR SALGADO FILHO SITUADA NO MUNICÍPIO DE NOVO HAMBURGO.,Diretoria de Educação,RS,2026-04-27,confenge_commercial_pncp_supplier_contracts,e0a29bad88d0a21b6cabf016517b89e9cc2f4c92f88e0bb9682678013ea27fc9,instalacoes_prediais,,,,,,,
87530978000143-2-000021/2026,Contratacao de empresa  em regime de empreitada global  para execucao da reforma completa das instalacoes eletricas da EMEF Dr. Baltazar.,PREFEITURA MUNICIPAL,RS,2026-03-24,confenge_commercial_pncp_supplier_contracts,983078136c9ade5b42ef24384ce86156f38f3b7216326ff6b933617abc8238ef,instalacoes_prediais,,,,,,,
47842836000105-2-001375/2026,"CONTRATAÇÃO DE EMPRESA ESPECIALIZADA EM PRESTAÇÃO DE SERVIÇOS DE INSTALAÇÃO DE APARELHOS DE AR-CONDICIONADO, ABRANGENDO O FORNECIMENTO DE MATERIAIS E INSUMOS NECESSÁRIOS, EXECUÇÃO DE INFRAESTRUTURA FRIGORÍFICA E ELÉTRICA, TESTES DE FUNCIONAMENTO E ENTREGA TÉCNICA.",PREFEITURA MUNICIPAL DE FERNANDOPOLIS - SP,SP,2026-06-15,confenge_commercial_pncp_supplier_contracts,1bc1adc4270320b8cbe939074dd86218950f2e8d04d942c3368460a31d03a5fa,climatizacao,,,,,,,
60509015000101-2-001172/2026,EXECUÇÃO DE INFRAESTRUTURA ELÉTRICA E DE CLIMATIZAÇÃO.,ESP-PRESTACAO DE SERVICOS FDE/SEE,SP,2026-06-10,confenge_commercial_pncp_supplier_contracts,294755af8c2bd67e569a02a10405751e66cc55f83d252eed21519fded89a4e64,climatizacao,,,,,,,
60509015000101-2-001069/2026,EXECUÇÃO DE INFRAESTRUTURA ELÉTRICA E DE CLIMATIZAÇÃO.,ESP-PRESTACAO DE SERVICOS FDE/SEE,SP,2026-05-29,confenge_commercial_pncp_supplier_contracts,ffe094d62b3589b8eb6894aaeeab4782def0faf0ae6f8422e1f8abd44375aee5,climatizacao,,,,,,,
46137410000180-2-002504/2026,"AQUISIÇÃO DE APARELHOS DE AR CONDICIONADO E CORTINAS DE AR, DEVIDAMENTE ESPECIFICADOS NO ANEXO I DO EDITAL PARA SECRETARIA MUNICIPAL DE SAÚDE (SMS), SECRETARIA MUNICIPAL DE APROVAÇÃO DE PROJETOS (SEAP) E SECRETARIA MUNICIPAL DE INFRAESTRUTURA (SEINFRA), ATRAVÉS DO SISTEMA DE REGISTRO DE PREÇOS",PREFEITURA MUNICIPAL DE BAURU/SP,SP,2026-06-30,confenge_commercial_pncp_supplier_contracts,3b70502f24ea23a9d0327fe014455c91a82e22321c38a7a9a1e432fc93f53ff3,climatizacao,,,,,,,
60509015000101-2-001769/2026,EXECUÇÃO DE INFRAESTRUTURA ELÉTRICA E DE CLIMATIZAÇÃO.,ESP-PRESTACAO DE SERVICOS FDE/SEE,SP,2026-07-15,confenge_commercial_pncp_supplier_contracts,05d6fd95d4e43910898277cfc7a96216318bbec34c883c90544042986f21d080,climatizacao,,,,,,,
23456650000141-2-000049/2026,"Contratação de empresa especializada para implantação, fornecimento, operação, monitoramento e manutenção de rede privada de comunicação de dados de alta capacidade, baseada em infraestrutura de fibra óptica ou tecnologia equivalente, na modalidade LAN-to-LAN Ethernet ou arquitetura tecnicamente equivalente, destinada à interligação das unidades administrativas municipais e dos pontos de videomonitoramento ao Data Center da Prefeitura Municipal de Pedro Leopoldo/MG, garantindo comunicação seg...",PREFEITURA MUNICIPAL,MG,2026-06-25,confenge_commercial_pncp_supplier_contracts,d2767cb154ec04e6ac83b0451ce2e259dd116e1a48ac3c2ddd09fc001add2696,telecom,,,,,,,
87738530000110-2-000399/2026,A Secretaria Municipal de Financas e Transparencia necessita garantir a conectividade de dados  Internet via Fibra Optica  para o novo predio da Administracao  temporariamente durante a reforma do predio atual.,PREFEITURA MUNICIPAL,RS,2026-03-02,confenge_commercial_pncp_supplier_contracts,87966efcc91eb6c892cc8221c52127117c94940fd7de68ee717eef49341a974e,telecom,,,,,,,
83102269000106-2-000051/2026,"Dispensa de Licitação com fulcro no inciso II do Artigo 75, da Lei Federal nº 14.133, de 01.04.2021 e suas alterações. Contratação direta de empresa especializada para prestação de serviços continuados de suporte técnico em infraestrutura de telefonia, compreendendo manutenção preventiva e corretiva, instalação, configuração, reprogramação, atualização tecnológica, substituição de componentes, testes operacionais e demais intervenções necessárias ao pleno funcionamento dos sistemas de telefon...",Diretoria de Tecnologia da Informação,SC,2026-06-05,confenge_commercial_pncp_supplier_contracts,bcc0f0eff189c0ba9a7def92dc3641c0afdfb230bde843450e26febef81bfb30,telecom,,,,,,,
17884412000134-2-000737/2026,"CONSTITUI OBJETO DO PRESENTE PREGÃO ELETRÔNICO A CONTRATAÇÃO DE EMPRESA ESPECIALIZADA PARA O FORNECIMENTO DE SOLUÇÃO COMPLETA, INCLUINDO EQUIPAMENTOS, MATERIAIS, ACESSÓRIOS, INFRAESTRUTURA E SERVIÇOS NECESSÁRIOS À IMPLANTAÇÃO DE SISTEMA DE REPETIÇÃO DE SINAL DE TELEFONIA CELULAR NO BAIRRO DAVI DE PAULA, NO MUNICÍPIO DE ANDRADAS/MG.",Prefeitura Municipal de Andradas,MG,2026-07-17,confenge_commercial_pncp_supplier_contracts,1802c779d84ab1b399233f07c5a35c1cde7ab4d8ff91a27ba16b199f3c7a5c48,telecom,,,,,,,
33618570000107-2-000046/2026,"Contratação de empresa especializada para a prestação de serviços contínuos de suporte técnico e manutenção preventiva, corretiva e preditiva de sistemas de alimentação ininterrupta de energia (nobreaks – UPS) utilizados na infraestrutura de Tecnologia da Informação do Conselho Federal de Contabilidade – CFC.",CONSELHO FEDERAL DE CONTABILIDADE,DF,2026-06-19,confenge_commercial_pncp_supplier_contracts,d277c54798bafdaf727a15d4f077737cff296cc9fb71357f62929835268264ce,alimentacao,,,,,,,
03184041000173-2-000030/2026,"Aquisição de gêneros alimentícios diretamente da Agricultura Familiar e do Empreendedor Familiar Rural ou suas Organizações, priorizando-se os Assentamentos da Reforma Agrária, as Comunidades Tradicionais Indígenas, as Comunidades Quilombolas e os Grupos Formais e Informais de Mulheres, destinado ao atendimento do Programa Nacional de Alimentação Escolar - PNAE.",PREFEITURA MUNICIPAL DE TRÊS LAGOAS,MS,2026-02-19,confenge_commercial_pncp_supplier_contracts,efd535acc407d3e24db36a1a0031e05478a4330ed7c86d924ff2dfa3f1b286b4,alimentacao,,,,,,,
29578957000100-2-000018/2026,"REGISTRO DE PREÇO PARA FUTURA E EVENTUAL AQUISIÇÃO DE GÊNEROS ALIMENTICIOS PERECIVEIS E NÃO PERECIVEIS, DESCARTAVEIS, MATERIAIS PA-RA COPA E COZINHA E FÓRMULA INFANTIL NUTRICIONAL ESPECIAL PARA ATENDER AS NECESSIDADES DA SECRETARIA MUNICIPAL DE SAÚDE-SEMSA, SECRETARIA MUNICIPAL DE AGRICULTURA, ABASTECIMENTO E PESCA- SEMAP, SECRETARIA MUNICIPAL DE INFRAESTRUTURA – SEMINFRA, SECRETARIA MU-NICIPAL DE TRABALHO E DESENVOLVIMENTO SOCIAL – SEMTDES, SECRETARIA MUNICIPAL DE EDUCAÇÃO BÁSICA – SEMEB, SE...","SECRETARIA MUN. DE EDUCAÇÃO, CULTURA E DESPORTO",PA,2026-04-01,confenge_commercial_pncp_supplier_contracts,4f5db5c73fe30cfcee9774e72e84c12d121e153cec976048ff5d6a7e8400334f,alimentacao,,,,,,,
01067305000183-2-000495/2026,"Constitui objeto do presente contrato a locação imobiliária de edificação urbana e comercial, localizado na Rua Cândido de Almeida e Silva, centro, Leopoldo de Bulhões, Goiás, cujas características encontram-se narradas no corpo de sua respectiva matrícula, autuada sob o nº R.05 Mat.1.248 junto ao Cartório de Registro de Imóveis, para abrigar a equipe da Banda Marcial do Munícipio.",MUNICÍPIO DE LEOPOLDO DE BULHÕES,GO,2026-04-08,confenge_commercial_pncp_supplier_contracts,e70fa2f7826d924120eff1917aa864b1bf9e2f504c88bed9b5529897502ea896,sem_keywords_evidentes,,,,,,,
60509015000101-2-000809/2026,"REFORMA GERAL DA COZINHA E DESPENSA, DA QUADRA DE ESPORTES COBERTA E DESCOBERTA, EXECUÇÃO PISO,",ESP-PRESTACAO DE SERVICOS FDE/SEE,SP,2026-05-20,confenge_commercial_pncp_supplier_contracts,1f64bf93729c42d31eebe83e7777a18039aa35b85c0eacadfc6a7cd5c9610664,sem_keywords_evidentes,,,,,,,
82892308000153-2-000854/2026,MATERIAIS ELÉTRICOS PARA EDIFICAÇÕES - LEI 14.133/2021,MUNICÍPIO DE BIGUAÇU,SC,2026-06-24,confenge_commercial_pncp_supplier_contracts,0d25912b3d4061bd7a325dfde476bd4f044887cfcba84eaf85ae89a8fa007827,sem_keywords_evidentes,,,,,,,
84438381000185-2-000114/2026,MATERIAIS ELÉTRICOS PARA EDIFICAÇÕES - LEI 14.133/2021,SERVIÇO AUTÔNOMO MUNICIPAL DE ÁGUA E ESGOTO DE JARAGUÁ DO SUL,SC,2026-05-27,confenge_commercial_pncp_supplier_contracts,cf04047810d48a4fa928abd06197e3e156c53b7e8a5014e136de40ee9cbf91aa,sem_keywords_evidentes,,,,,,,
19432705000106-2-000038/2026,"CONTRATAÇÃO DA EMPRESA VS PRODUÇÕES ARTISTÍCAS LTDA, INSCRITA NO CNPJ SOB Nº 62.691.904/0001-68, REPRESENTANTE DO(A) ARTISTA/BANDA SWING ART MANIA, PARA FINS DE REALIZAÇÃO DE APRESENTAÇÃO ARTÍSTICA NO EVENTO ARRASTÃO PRAINHA DO AREAL. A FUNCAJU ATUA EXCLUSIVAMENTE COMO APOIADORA CULTURAL, MEDIANTE A CONTRATAÇÃO DA APRESENTAÇÃO ARTÍSTICA, NÃO SE RESPONSABILIZANDO PELA ORGANIZAÇÃO, PRODUÇÃO, EXECUÇÃO, INFRAESTRUTURA, LOGÍSTICA, SEGURANÇA, DIVULGAÇÃO OU QUAISQUER OUTROS ASPECTOS OPERACIONAIS DO ...",FUNCAJU-Fundação Cultural Cidade de Aracaju-SE,SE,2026-03-20,confenge_commercial_pncp_supplier_contracts,6438a840363802748980f0cb9b9fec3c79707acd798934e90f36a64f86901f3f,sem_keywords_evidentes,,,,,,,
72836588000129-2-000009/2026,"Contratação de empresa para prestação de serviços técnicos automotivos especializados (manutenção preventiva, preditiva e corretiva), mão-de-obra (hora/homem) com aplicação e fornecimento de peças e acessórios nos veículos/máquinas e tratores de diversas marcas e modelos que compõem a frota oficial do Município de Valparaíso/SP.",Municipio de Valparaiso,SP,2026-03-02,confenge_commercial_pncp_supplier_contracts,100430e3c126237732de99104816c94790a7b3eff13a2a632663dc1d0c51f7f5,engenharia_obras_claras,,,,,,,
18303156000107-2-000125/2026,"CONSTITUI OBJETO DA PRESENTE LICITAÇÃO É A CONTRATAÇÃO DE EMPRESA ESPECIALIZADA PARA ELABORAÇÃO DO PROJETO EXECUTIVO DE ENGENHARIA E EXECUÇÃO DOS PÓRTICOS, EM ATENDIMENTO AS DEMANDAS DA SECRETARIA MUNICIPAL DE INFRAESTRUTURA DE CONCEIÇÃO DO MATO DENTRO/MG",PODER EXECUTIVO MUNICIPAL,MG,2026-05-07,confenge_commercial_pncp_supplier_contracts,1741a11674ffd2b7a7c80e9e1fa501ad2bb350ac1b9ee3e509e8d91a2a934fd6,engenharia_obras_claras,,,,,,,
17884412000134-2-000497/2026,"AQUISIÇÃO DE PEÇAS PARA MANUTENÇÃO DO VEÍCULO CAMINHÃO, PLACA HMG-7172, FROTA 141 UTILIZADO NA SECRETARIA MUNICIPAL DE OBRAS.",Prefeitura Municipal de Andradas,MG,2026-06-19,confenge_commercial_pncp_supplier_contracts,58a0caec7c08dfc543a07d98f427ffea9a05ff5972b48de1d2470397ad35727f,engenharia_obras_claras,,,,,,,
14042659000115-2-000013/2026,"Contratação de empresa especializada para prestação de serviços de elaboração de projetos de engenharia, planilha orçamentária e documentos complementares para reforma das praças dos povoados de Umburanas, Caixa D’Água, Amparo e Alto Alegre.",Prefeitura Municipal de Ipirá,BA,2026-05-19,confenge_commercial_pncp_supplier_contracts,6dd38a9835f3f7a4c8d9e3cb9797b3db578fcf9d1c0a4a63d7495f4b7f2f5d42,engenharia_obras_claras,,,,,,,
13809405000117-2-000002/2026,"Contratação de empresa especializada para execução de obras de construção de 25 (vinte
e cinco) unidades habitacionais do programa minha casa minha vida – MCMV, no município de
Ribeira do Amparo – BA, conforme termo de compromisso nº 974434/2024/MCIDADES/CAIXA.",Prefeitura Municipal de Ribeira do Amparo,BA,2026-03-12,confenge_commercial_pncp_supplier_contracts,5a6eebb5d428222345aab85700bb3556591c7a6183d9566a1f99f1b6b25b9515,engenharia_obras_claras,,,,,,,
87564381000110-2-000097/2026,"prestação de serviços de engenharia através de licitação compartilhada do CONSÓRCIO DE DESENVOLVIMENTO INTERMUNICIPAL DOS MUNICÍPIOS DO ALTO JACUÍ E ALTO DA SERRA BOTUCARAÍ/RS – COMAJA - CNPJ 03.656.200/0001-95, através do CHAMAMENTO PÚBLICO Nº 003/2025, TERMO DE CREDENCIAMENTO Nº 174/2025 e proposta apresentada para a prestação de serviços técnicos especializados de topografia para a realização da patamarização da área destinada à implantação das 40 unidades habitacionais do projeto Minha Ca...",MUNICÍPIO DE IBIRUBÁ - RS,RS,2026-06-24,confenge_commercial_pncp_supplier_contracts,25559847f27ef3cf579dd6e784936417d6a90ca25b9110f74f5ee63a14bcf7ec,engenharia_obras_claras,,,,,,,
00360305000104-2-005778/2025,"PRESTAÇÃO DE SERVIÇO COMUM DE ENGENHARIA (SCE) PARA FORNECIMENTO E INSTALAÇÃO DE SISTEMA DE ARCONDICIONADO PARA A UNIDADE DA CAIXA VINCULADA À CILOG/RE, ABRANGENDO OS ESTADOS DA CEARÁ, MARANHÃO E PIAUÍ. AG. IRACEMA/CE - SAP 4501205858.",CEFOR,DF,2026-02-14,confenge_commercial_pncp_supplier_contracts,a08afce57ee7c45825483706277902a9045aef98205a4826e0c0ae7e08a3451d,engenharia_obras_claras,,,,,,,
13927758000111-2-000008/2026,CONTRATACAO DE EMPRESA DE ENGENHARIA ESPECIALIZADA PARA O FORNECIMENTO DE MAO DE OBRA E MATERIAIS DESTINADOS A REFORMA DA UNIDADE BASICA DE SAUDE COSME PINHEIRO SILVA/ UNIDADE DE SAUDE DA FAMILIA EM ATENDIMENTO A SECRETARIA DE SAUDE DE GOVERNADOR LINDENBERG,FUNDO  MUNICIPAL DE SAUDE GOVERNADOR LINDENBERG,ES,2026-03-16,confenge_commercial_pncp_supplier_contracts,c31f72aea9dcfc87d1d9754548f45121d1c52b1a8155001dd56bd0019f18feaf,engenharia_obras_claras,,,,,,,
88227764000165-2-000468/2026,aquisicao de servico de mao de obra mecanica para trocar selos traseiros  velas e cabos de velas do veiculo Uno IPO 3F28.,PREFEITURA MUNICIPAL,RS,2026-06-01,confenge_commercial_pncp_supplier_contracts,68c18e85c2e09c449fa33b66af3b19a3a657fa0988d9da3e7754dd92e3d77630,engenharia_obras_claras,,,,,,,
90544511000167-2-000806/2026,REFERENTE AO SERVICO DE MOLEJO TRASEIRO PARA O CAMINHAO IVECO PLACA JCB9J65 DA FROTA DA SECRETARIA DE OBRAS.,PREFEITURA MUNICIPAL DE IPE,RS,2026-04-06,confenge_commercial_pncp_supplier_contracts,09f1d34aa966bd7240ec01bd71836d64e0668c3bd7d1fa41c1c9e3bc62f86c90,engenharia_obras_claras,,,,,,,
48664304000180-2-001873/2026,AQUISICAO DE MATERIAL BASICO PARA CONSTRUCAO  HIDRAULICOS  ELETRICOS E PINTURA.,PREFEITURA MUNICIPAL DE GUARIBA,SP,2026-06-19,confenge_commercial_pncp_supplier_contracts,acec5bec720a521ff12636073969e05ffacb637bb907dd0aef01134acda34751,engenharia_obras_claras,,,,,,,
00444435000125-2-000004/2026,"CONTRATAÇÃO DE EMPRESA ESPECIALIZADA EM TERCEIRIZAÇÃO DE SERVIÇO(S) com dedicação exclusiva de mão de obra, em lote único separado por item, para fornecimento de ITEM 1: 02 (dois) profissionais na função de Auxiliar de Serviços Gerais, destinados à execução de serviços de limpeza, asseio e conservação incluindo o fornecimento de materiais, equipamentos, ferramentas, uniformes, EPIs e demais insumos necessários à perfeita execução dos serviços, ITEM 2: 01 (um) profissional na função de Porteir...",INSTITTUTO DE PREV. DOS SERV. PUBLIC. DO MUNIC. DE CARIACICA,ES,2026-07-02,confenge_commercial_pncp_supplier_contracts,07d39596d03d0f07064fd8e53563ee6448d7c6d328b3da32c5a7b8d14b54b416,engenharia_obras_claras,,,,,,,
10806496000149-2-000179/2026,"CONTRATAÇÃO DE SERVIÇOS DE MANUTENÇÃO PREVENTIVA E CORRETIVA, EQUIPAMENTOS DE REFRIGERAÇÃO, INCLUINDO APARELHOS DE AR-CONDICIONADO, BEBEDOUROS E SIMILARES COM FORNECIMENTO DE MÃO DE OBRA, EQUIPAMENTOS E FERRAMENTAS, SEM DEDICAÇÃO EXCLUSIVA DE MÃO DE OBRA, PARA ATENDER O CAMPUS DIRCEU ARCOVERDE","INST.FED.DE ED.,CIENC.E TEC DO PIAUÍ",PI,2026-05-14,confenge_commercial_pncp_supplier_contracts,a6b174fa6282bb38c9d9c31b9cb19a123ed46becaf25d03c0ca11b85afbd1113,engenharia_obras_claras,,,,,,,
22675359000100-2-000041/2026,"REPAROS PREVENTIVOS E CORRETIVOS, INSTALACOES, ADAPTACOES, RECUPERACAO E MODERNIZACAO DE EDIFICACOES, POR REGIAO (LABORATÓRIO DE PESQUISA EM SAÚDE)",SERVICO DE PLANEJAMENTO DE COMPRAS/HUCF,MG,2026-02-23,confenge_commercial_pncp_supplier_contracts,7ff8c884222750d8f65c44da9f1e08dcc55d4df6020f2023e84babfebdcd1e90,sem_keywords_evidentes,,,,,,,
05465167000141-2-000013/2026,"Contratação de serviço de locação de imóvel em Aguas Formosas/MG sem dedicação exclusiva de mão de obra, nos termos da tabela abaixo e conforme condições e exigências estabelecidas neste documento, em atendimento à demanda do CREAS Regional Mucuri.",FEAS/ SEDESE,MG,2026-06-01,confenge_commercial_pncp_supplier_contracts,4b8f15a10f89179edee0caca5dd251e7f5b52ef3049e98dd16ff5b70ba8db1e2,engenharia_obras_claras,,,,,,,
13650403000128-2-000122/2026,"Aquisição de gêneros alimentícios produzidos por agricultores familiares rurais, demais beneficiários e organizações, e pessoas jurídicas de direito privado que detenham a Declaração de Aptidão ao Programa Nacional de Agricultura Familiar - PRONAF - DAP Especial Pessoa Jurídica ou outros documentos definidos por Resolução GGPAA, bem como povos, comunidades tradicionais e os beneficiários de reforma agrária, visando atender as demandas deste Município.",Prefeitura Municipal de Teixeira de Freitas,BA,2026-03-11,confenge_commercial_pncp_supplier_contracts,65ec8fa5b92b35de8081166b0dcb8d5abad29a9b798bd0182100034c1b1d2400,sem_keywords_evidentes,,,,,,,
11436747000103-2-000005/2026,"Contratação de empresa especializada para prestação de serviço de controle de pragas e vetores, desinsetização, descupinização e desratização, que comprove o atendimento as boas práticas determinadas pela RDC 52/2009 e demais determinações que se encaixem no ambiente das unidades consorciais, com fornecimento de mão de obra e matéria-prima, necessária ao tratamento físico e químico na parte interna e externa dos prédios da Policlínica João Pereira dos Santos, Centro de Especialidades Odontoló...",Consórcio Público de Saúde da Microrregião de Juazeiro do Norte,CE,2026-06-11,confenge_commercial_pncp_supplier_contracts,89ba9ff935f118065626b680ce98b1f6e86da181b409505ce5c25bc650ae35e3,engenharia_obras_claras,,,,,,,
87482535000124-2-000447/2026,Mao de obra para manutencao do veiculo Onix JBA2D97.,PREFEITURA MUNICIPAL,RS,2026-03-16,confenge_commercial_pncp_supplier_contracts,016a2953a1abf446b8189221fee580b42abbdbd9aee7e6d1f5644938f9d2c02b,engenharia_obras_claras,,,,,,,
00509018000113-2-002328/2026,EXECUÇÃO DE SERVIÇOS DE ENGENHARIA PARA REFORMA DOS GABINETES DOS DESEMBARGADORES ELEITORAIS E ESPAÇO CULTURAL/PINACOTECA DO TRE-GO,TRIBUNAL REGIONAL ELEITORAL DE GOIAS,GO,2026-07-14,confenge_commercial_pncp_supplier_contracts,24cf02b3c3abc7d7632774fe61bd526e9e36d6f4c75584b497a7db585dce900a,engenharia_obras_claras,,,,,,,
00508903000188-2-000272/2026,"Serviços de engenharia descritos no termo de referência id.24391606 e anexos da contratação que, consistem, basicamente, em serviços de elaboração completa do Projeto Técnico de Prevenção e Combate a Incêndio e Pânico (PTPCIP) das edificações da Seção Judiciária de Roraima (SJRR).",JUSTICA FEDERAL DE 1A. INSTANCIA/RR,RR,2026-03-16,confenge_commercial_pncp_supplier_contracts,88006390fc26100fb42c8bc6f1b80e25bced5750675b34411b88d7dcefb31543,engenharia_obras_claras,,,,,,,
04768671000158-2-000003/2026,"contratação de empresa especializada na prestação de serviços contínuos com regime de dedicação exclusiva de mão de obra, para a função de auxiliar de serviços gerais, objetivando atender as necessidades do Conselho Regional de Enfermagem de Alagoas – Coren AL",CONS. REGIONAL DE ENFERMAGEM DE ALAGOAS,AL,2026-03-04,confenge_commercial_pncp_supplier_contracts,6f79be5400eb654646252a61add996eaea6f483b0bf633a41a5844d9b064a3fa,engenharia_obras_claras,,,,,,,
00396895000125-2-000457/2026,"O OBJETO DO PRESENTE INSTRUMENTO É A CONTRATAÇÃO DE SERVIÇOS COMUNS DE ENGENHARIA DE MANUTENÇÃO ESPECIAL E READEQUAÇÕES FÍSICAS PREDIAIS, SOB DEMANDA, NAS CONDIÇÕES ESTABELECIDAS NO TERMO DE REFERÊNCIA.",COORD.-GERAL DE EXECUCAO ORç.E FIN./DA/MAPA,DF,2026-07-14,confenge_commercial_pncp_supplier_contracts,478e412063c3928157985c830774f484d7fa300486d921c946a0750e7afc433e,engenharia_obras_claras,,,,,,,
13646005000138-2-000074/2026,"AQUISIÇÃO DE DIVERSOS MATERIAIS DE CONSTRUÇÃO E DERIVADOS (MINERAIS, AÇO, CONCRETO, MADEIRA, CERÂMICA, PVC E ETC) PARA QUE POSSAM ATENDER AS DEMANDAS DA SECRETARIA DE AGRICULTURA, SECRETARIA DE INFRAESTRUTURA E PLANEJAMENTO URBANO, E SECRETARIA DE SERVIÇOS PÚBLICOS DO MUNICÍPIO DE ALAGOINHAS – BAHIA",Secretaria Municipal   de   Manutenção,BA,2026-06-01,confenge_commercial_pncp_supplier_contracts,4ecd7d5a88e45b1ae9a2d493065b99a48ea018eb4192b0bb0780f2531347cbb0,engenharia_obras_claras,,,,,,,
12081691000184-2-000014/2026,"Contratação de empresa especializada em engenharia para construção de 20 (vinte) unidades habitacionais no município de Carolina - MA, em atendimento ao Programa Minha Casa, Minha Vida, conforme Termo de Compromisso nº 995788/2025/MCIDADES/CAIXA.",MUNICÍPIO DE CAROLINA/MA,MA,2026-06-30,confenge_commercial_pncp_supplier_contracts,44f303ce5978ddbe32868b9cfc8142df98303723a1416fb2bc06eb990af5304d,engenharia_obras_claras,,,,,,,
18301051000119-2-000056/2026,"CONTRATAÇÃO PARA PRESTAÇÃO DE SERVIÇOS CONTRATAÇÃO PARA PRESTAÇÃO DE SERVIÇOS TÉCNICOS ESPECIALIZADOS DE ASSESSORIA E CONSULTORIA PARA ELABORAÇÃO DE ESTUDOS E CENÁRIOS DA REFORMA DA PREVIDÊNCIA DO MUNICÍPIO DE PERDIGÃO, COM FOCO NA REESTRUTURAÇÃO DA LEGISLAÇÃO PREVIDENCIÁRIA MUNICIPAL E ADEQUAÇÃO DO PLANO DE CUSTEIO, EM CONFORMIDADE COM A EC Nº 103/2019.",Unidade Única,MG,2026-05-25,confenge_commercial_pncp_supplier_contracts,f48248415b3563bd0274ebadf11f0c0fe20a42866f2a87fa97dcc82739254112,engenharia_ambigua,,,,,,,
05903125000145-2-000227/2026,"A presente contratação tem por objeto a aquisição de equipamentos de rede e serviços técnicos especializados para a modernização e reorganização da infraestrutura lógica da Secretaria Municipal de Administração – SEMAD, contemplando a substituição dos racks principais da sede e do prédio da antiga SEMFAZ,
bem como a instalação e configuração dos novos dispositivos.",MR0-PREFEITURA MUNICIPAL DE PORTO VELHO,RO,2026-04-22,confenge_commercial_pncp_supplier_contracts,4d499f9552d0bfe628c50781481b6c60da1096cc5b1aa73d3ab6d2f4ce3e89b6,engenharia_ambigua,,,,,,,
18385088000172-2-000058/2026,"Contratação de serviços técnicos especializados de apoio técnicooperacional, a serem prestados pelo Consórcio Intermunicipal de Saneamento Básico da Zona da Mata CISABZM, visando à revisão integral do Plano Municipal de Saneamento Básico PMSB do Município de ManhuaçuMG",Prefeitura Municipal de Manhuaçu,MG,2026-05-29,confenge_commercial_pncp_supplier_contracts,b3c744a97f4a92534d2cef7dc1c96103dc1474f464839a62bc35ed6b26baf6fe,engenharia_ambigua,,,,,,,
00394494000136-2-001212/2026,"O OBJETO DO PRESENTE INSTRUMENTO É A CONTRATAÇÃO DE SOLUÇÃO DE SOFTWARE ITSM PARA GESTÃO DE TIC COM SERVIÇOS DE IMPLANTAÇÃO, GARANTIA, SUPORTE E TREINAMENTO E CONTRATAÇÃO DE EMPRESA PARA PRESTAÇÃO DE SERVIÇOS TÉCNICOS CONTINUADOS NA ÁREA DE TECNOLOGIA DA INFORMAÇÃO E COMUNICAÇÃO DE CENTRAL DE ATENDIMENTO REMOTO E PRESENCIAL AOS USUÁRIOS NA MODALIDADE SERVICE DESK, BEM COMO SUPORTE, SUSTENTAÇÃO E OPERAÇÃO DOS SERVIÇOS E DA INFRAESTRUTURA DE TIC DA DIRETORIA DE TECNOLOGIA DA INFORMAÇÃO E COMUNI...",DIRETORIA DE TECN.DA INFORMAÇÃO E INOVAÇÃO,DF,2026-07-07,confenge_commercial_pncp_supplier_contracts,16d1d788e89621ed7c827124f9a232ee8138201f09eaa941282c8f953235a8b3,engenharia_ambigua,,,,,,,
18296665000150-2-000007/2026,"“CONTRATAÇÃO DE EMPRESA ESPECIALIZADA NA PRESTAÇÃO DE SERVIÇOS TÉCNICOS DE INFORMÁTICA, COMPREENDENDO MANUTENÇÃO PREVENTIVA E CORRETIVA DE EQUIPAMENTOS (COMPUTADORES, NOTEBOOKS), SUPORTE TÉCNICO A USUÁRIOS, CONFIGURAÇÕES DE TV´S, IMPRESSORAS E APARELHOS DE CELULAR, SERVIÇOS COMPLEMENTARES DE INFRAESTRUTURA FISICA, INCLUINDO ORGANIZAÇÃO DE CABEAMENTO, PONTOS SIMPLES DE ENERGIA E MUDANÇA DE EQUIPAMENTOS DE LUGAR (RELOCALIZAÇÃO DE ESTAÇÕES DE TRABALHO)”.",Unidade Única,MG,2026-05-27,confenge_commercial_pncp_supplier_contracts,0f5b4672de70b97bad40a790970146e61d042e6a5af23a78231ea4c911f4d00e,engenharia_ambigua,,,,,,,
27080548000145-2-000005/2026,"Contratação de empresa especializada na organização e execução do evento ¿Seminário Estadual de Gestão de Projetos Governamentais: 19 Anos de Excelência do PMO-ES¿, incluindo infraestrutura, serviços técnicos e gestão de palestrantes",SECRETARIA DE ESTADO DE ECONOMIA E PLANEJAMENTO,ES,2026-03-04,confenge_commercial_pncp_supplier_contracts,d89d68279d499a3ff44349a408d685dd490f22144c728f20561e5b2cd707d354,engenharia_ambigua,,,,,,,
00091652000189-2-000031/2026,"CONTRATAÇÃO DE SERVIÇOS DE EMPRESA ESPECIALIZADA PARA A EXECUÇÃO DE SERVIÇOS DE MANUTENÇÃO PREDIAL PREVENTIVA, CORRETIVA E SERVIÇOS ELETIVOS (INCLUINDO PEQUENAS ADAPTAÇÕES OU REFORMAS DE AMBIENTES) PARA ATENDER ÀS NECESSIDADES DA COMPANHIA DE PESQUISA DE RECURSOS MINERAIS - CPRM, CONFORME AS ESPECIFICAÇÕES CONSTANTES NO TERMO DE REFERÊNCIA.",CBA-COMPANHIA DE PESQUIS. E RECURSOS MINERAIS,BA,2026-03-24,confenge_commercial_pncp_supplier_contracts,1d397afa0b32bad80bc56d7fc15ef82d187a5e79b5cf189046ff8fb64065877b,engenharia_ambigua,,,,,,,
13097068000182-2-000003/2026,"[LICITANET] - Contratação de empresa especializada na prestação de serviços singulares de consultoria jurídica para o município de Boquim/SE através de atuação junto á Procuradoria Geral do Município(e demais Secretarias e setores correlacionados); e compreendendo matérias especializadas de direito ambiental e técnico - ambiental, saneamento básico( água, esgoto e resíduos sólidos), planejamento urbanístico, regularização fundiária, parcelamento e uso do solo urbano, políticas públicas estrut...",MUNICÍPIO DE BOQUIM/SE,SE,2026-03-12,confenge_commercial_pncp_supplier_contracts,48aa599658d0fca44d5de41f8b0d15b7bc733deb71d83eb8961cd5c187824af0,infraestrutura_urbana,,,,,,,
05193123000100-2-000012/2026,"CONTRATACAO DE SERVICOS TOPOGRAFICOS E ELABORACAO DE PROJETOS DE DRENAGEM PLUVIAL NO MUNICIPIO, OBJETIVANDO AS NECESSIDADES DA SECRETARIA MUNICIPAL DE INFRAESTRUTURA E URBANISMO DE IRITUIA/PA.",PREFEITURA MUNICIPAL DE IRITUIA,PA,2026-06-01,confenge_commercial_pncp_supplier_contracts,58a56d42b7aaea704ca72607a76aec9e3aaf70219012c0a21543bf729300409e,infraestrutura_urbana,,,,,,,
00394452000103-2-003008/2026,"GARANTIR AOS MILITARES DA ATIVA, DA RESERVA OU REFORMADOS, PENSIONISTAS E SEUS DEPENDENTES E SERVIDORES CIVIS DO EXÉRCITO BRASILEIRO (ATIVOS E INATIVOS) E DEPENDENTES DIRETOS E INDIRETOS, NAS CONDIÇÕES ESPECIFICADAS NESTE INSTRUMENTO E NO EDITAL, POR INTERMÉDIO DE CLÍNICAS, PRESTAÇÃO DE SERVIÇO DE REABILITAÇÃO.",HOSPITAL GERAL DE SANTA MARIA,RS,2026-05-14,confenge_commercial_pncp_supplier_contracts,4421f0766c4553620ae8856796b303881e34fe95b5bbc8780bb804d2e4415df9,infraestrutura_ti,,,,,,,
13891528000140-2-000235/2026,"Contratação de 
empresa que se responsabilizará pela Prestação de serviços de consultoria e assessoria para atender aos 
servidores da Secretaria Municipal de Finanças do Município de Lapão, com o objetivo de adequação às 
exigências da Reforma Tributária, incluindo atualização sobre a nova estrutura dos tributos sobre o consumo, 
regras de transição, impactos na arrecadação, fiscalização e procedimentos administrativos.",Secretaria de Finanças,BA,2026-07-22,confenge_commercial_pncp_supplier_contracts,f52fe62706ed31af1de4bdb56eb43f7ede1499bff0580e9b517ee300da56abee,infraestrutura_ti,,,,,,,
18137935000180-2-000038/2026,"ContrataÃ§Ã£o de empresa especializada para prestaÃ§Ã£o de serviÃ§os de infraestrutura tecnolÃ³gica em ambiente de Data Center, compreendendo a locaÃ§Ã£o de infraestrutura e ativos, instalaÃ§Ã£o e configuraÃ§Ã£o de servidores, suporte tÃ©cnico especializado em nÃ­veis N1, N2 e N3 e interconexÃ£o de prÃ©dios pÃºblicos, contrataÃ§Ã£o realizada mediante AdesÃ£o a Ata de Registro de PreÃ§o nÂº 005/2026 oriundo do PE nÂº 003/2026 e Proc. nÂº 012/2026 Ã³rgÃ£o gerenciador CISLESTE; conforme CONTRATO...",MUNICÍPIO DE SÃO GERALDO,MG,2026-07-14,confenge_commercial_pncp_supplier_contracts,a932c5824313461a57073cf348204e250d03df9d51a270a864d5ca4ccabbe272,infraestrutura_ti,,,,,,,
88830609000139-2-001923/2026,"Fornecimento de óculos de proteção e segurança, para o servidor: Rodrigo Eliseu Barbosa, mat. 36798, cargo de auxiliar de infraestrutura, para atender as necessidades da Gestão Urbana.",MRS-PREFEITURA MUNICIPAL DE CAXIAS DO SUL,RS,2026-06-23,confenge_commercial_pncp_supplier_contracts,c8cf1cde9c711eedc4a56caada9dd4ca6d893864e9f877343193f5cd141d539a,infraestrutura_ti,,,,,,,
19630756000142-2-000005/2026,"Custeio para participação de servidores no curso ""Prático de Retenções Tributárias e os impactos da nova Reforma Tributária (EC 132/23) na Administração Pública: Transição para o novo modelo de tributação (IBS, CBS e Imposto Seletivo)"" a ser realizado na cidade de São Paulo/SP, no período de 26 a 29/05/2026.",ERO-AGENCIA REG SERV P. DELEGADOS DE RONDÔNIA,RO,2026-06-08,confenge_commercial_pncp_supplier_contracts,6dd218053b04830b135179d6c2529d5049301db8f4931625b8005e841f880b1c,infraestrutura_ti,,,,,,,
14808407000154-2-000007/2026,"CONTRATACAO DE EMPRESA ESPECIALIZADA ELABORACAO DE PROJETOS DE PREVENCAO E COMBATE A INCENDIO E PANICO (PPCI), VISANDO A REGULARIZACAO DOS ALVARAS DAS EDIFICACOES PUBLICAS DO MUNICIPIO DE ALFREDO CHAVES/ES, EM CONFORMIDADE COM AS NORMAS VIGENTES DO CORPO DE BOMBEIROS MILITAR DO ESPIRITO SANTO, CONFORME ESPECIFICACOES ESTABELECIDAS NESTE TERMO DE REFERENCIA.",Fundo de Saúde de Alfredo Chaves,ES,2026-06-01,confenge_commercial_pncp_supplier_contracts,24c8603c352bf621fff21a85909c72e3a329644caf576b3794de4c7cc6a4f294,projetos_engenharia,,,,,,,
92862234000166-2-000082/2026,"Contratação de empresa especializada na elaboração de projeto estrutural para demolição, reestruturação e reforma de muro de contenção localizado no estacionamento da Câmara de Vereadores. Processo Licitatório nº 73/2026. Dispensa nº 50/2026",CÂMARA MUNICIPAL DE CAXIAS DO SUL,RS,2026-04-17,confenge_commercial_pncp_supplier_contracts,60797d317e81c48603a8e31057ab5ec40684d180abb06d6643cab2f4a4d10e03,projetos_engenharia,,,,,,,
46634101000115-2-000087/2026,CONTRATAÇÃO DE EMPRESA PARA ELABORAÇÃO DE PROJETO EXECUTIVO PARA IMPLANTAÇÃO DE INFRAESTRUTURA NÁUTICA NO BAIRRO RIO BONITO,PREFEITURA MUNICIPAL DE BOTUCATU ,SP,2026-04-23,confenge_commercial_pncp_supplier_contracts,34aa1a4e3afc1c560f552944e8ffaf93274a917caf28bddfceb6ec0e243c82b4,projetos_engenharia,,,,,,,
02104328000183-2-000004/2026,O objeto do presente instrumento é a contratação de empresa especializada para elaboração de Projeto Executivo para a Reforma do Estádio Municipal de Pedro Gomes/MS.,CONSÓRCIO DO RIO TAQUARI - COINTA - MS,MS,2026-03-02,confenge_commercial_pncp_supplier_contracts,9368b56ca17d1efa8761793d473b53d3434035b6c8a07975301fa4f7ad512a4c,projetos_engenharia,,,,,,,
06003636000173-2-000012/2026,"Registro de preços destinado à eventual e futura contratação de empresa especializada na locação e operação de caminhões, micro-ônibus e máquinas pesadas, incluindo o fornecimento de operadores e motoristas devidamente habilitados e combustível, com o objetivo de atender às demandas de infraestrutura urbana e rural do município de Paço do Lumiar – MA.",Secretaria Municipal de Infraestrutura,MA,2026-02-20,confenge_commercial_pncp_supplier_contracts,469e240d2dce213671b5f221d78580926204d35d20e6df9abdddc21a4c5f18e3,locacao_com_operador,,,,,,,
01065846000172-2-000026/2026,"CONSTITUI OBJETO DO PRESENTE INSTRUMENTO, A LOCACAO DE MAQUINARIO DIVERSOS, PARA SEREM UTILIZADOS NA REFORMA E MANUTENCAO DOS PREDIOS PUBLICOS, EM ATENDIMENTO A NECESSIDADE DA SUPERINTENDENCIAMUNICIPAL DE TRANSITO - SMT.",SUPERINTENDENCIA MUNICIPAL DE TRANSITO - SMT,GO,2026-04-10,confenge_commercial_pncp_supplier_contracts,9a18233ebaa6ebc40d0d388f28a4b67ef15af6f08a127ca9e097d2b4ccd451b6,locacao_sem_operador,,,,,,,
60509015000101-2-001454/2026,"REFORMA DA COBERTURA, DOS SANITÁRIOS, DAS INSTALAÇÕES ELÉTRICAS, DA COZINHA E DA QUADRA DE ESPORTES",ESP-PRESTACAO DE SERVICOS FDE/SEE,SP,2026-06-25,confenge_commercial_pncp_supplier_contracts,63e721d2b61e713d3e7a4b36a88659ac4fac31d71c3159ca522dba89021250ee,instalacoes_prediais,,,,,,,
60509015000101-2-001641/2026,"MANEJO ARBOREO, DEMOLIÇÃO E EXECUÇÃO DE MURO, REFORMA DA QUADRA DE ESPORTES, DAS INSTALAÇÕES ELÉTRICAS E DA COBERTURA",ESP-PRESTACAO DE SERVICOS FDE/SEE,SP,2026-07-07,confenge_commercial_pncp_supplier_contracts,0fc482c0e0263e2f4e0d15ada99e9b2a47a9d2e9d31b52aadd47b33fba5d5150,instalacoes_prediais,,,,,,,
07982036000167-2-000054/2026,"CONTRATAÇÃO DE EMPRESA (S) ESPECIALIZADA (S) NA PRESTAÇÃO OOS SERVIÇOS DE ORGANIZAÇÃO, PLANEJAMENTO -E EXECUÇÃO DE
EVENT0S, LOCAÇÃO DE INFRAESTRUTURA COM MOBILúRIO NECESSÁRIO E ADEQUADO, COMPREENDENDO A MONTAGEM, DESMONTAGEM, LIMPEZA, MANUTENÇÃO, INSTALAÇÕES ELÉTRICAS E HIDRÁULICAS DE EQUIPAMENTOS E OUTROS SERVIÇOS CORRELATOS PARA ATENDER AS DEMANDAS DA JORNADA DA SEMANA PEDAGÓGICA, A OCORRER NOS DIAS 26/01/26 A 30/0l/2026, JUNTO A SECRETARIA DE EDUCAÇÃO DO MUNICÍPIO DE CRATEÚS/CE.",SECRETARIA MUNICIPAL DE EDUCACAO,CE,2026-04-15,confenge_commercial_pncp_supplier_contracts,a7f26ebbb74f7afc55442c002e22538f5b0435b46585891fd9d8c5611231fb24,instalacoes_prediais,,,,,,,
60509015000101-2-000937/2026,"REFORMA DA COBERTURA, REVISÃO DAS INSTALAÇÕES ELÉTRICAS, RECOMPOSIÇÃO DE PILARES E PISOS",ESP-PRESTACAO DE SERVICOS FDE/SEE,SP,2026-05-25,confenge_commercial_pncp_supplier_contracts,2a55c89f6df440529c73d7d84ed1a72bdfa9a1dd58480494a7ad6aba4a9ad9eb,instalacoes_prediais,,,,,,,
60509015000101-2-000920/2026,"REFORMA GERAL DAS INSTALAÇÕES ELÉTRICAS, DA COBERTURA, DA COZINHA E DESPENSA, E DA BIBLIOTECA",ESP-PRESTACAO DE SERVICOS FDE/SEE,SP,2026-05-22,confenge_commercial_pncp_supplier_contracts,0f8910556fdb36c20e4e4ed98b4cec957e9bd9021e4ef953cc4908740926a913,instalacoes_prediais,,,,,,,
07539273000158-2-000075/2026,"CONTRATAÇÃO DE EMPRESA ESPECIALIZADA PARA A PRESTAÇÃO DE SERVIÇOS DE MANUTENÇÃO PREVENTIVA E CORRETIVA EM APARELHOS DE AR CONDICIONADO, VISANDO ATENDER ÁS NECESSIDADES DO DEPARTAMENTO MUNICIPAL DE TRÂNSITO - DEMUTRAN, DETRAN, BASE DO RAIO E SECRETARIA DE INFRAESTRUTURA DE VÁRZEA ALEGRE - CE.",SECRETARIA MUNICIPAL DE INFRAESTRUTURA,CE,2026-07-01,confenge_commercial_pncp_supplier_contracts,dc3186ff80f40ee7e5c14b13f9f47a6a660c1ad55f7275441b753fc97c94eb0c,climatizacao,,,,,,,
60509015000101-2-001342/2026,EXECUÇÃO DE INFRAESTRUTURA ELÉTRICA E DE CLIMATIZAÇÃO.,ESP-PRESTACAO DE SERVICOS FDE/SEE,SP,2026-06-18,confenge_commercial_pncp_supplier_contracts,e0a24cd4cdcc2ac435b01ba38a5fa6fe802171a692d448caf1f5228671a07a4e,climatizacao,,,,,,,
60509015000101-2-001509/2026,EXECUÇÃO DE INFRAESTRUTURA ELÉTRICA E DE CLIMATIZAÇÃO.,ESP-PRESTACAO DE SERVICOS FDE/SEE,SP,2026-06-29,confenge_commercial_pncp_supplier_contracts,e86132a3ed20c965a5bbef678ec12ef3bae9a1c36140ae79735c634fb999acc7,climatizacao,,,,,,,
60509015000101-2-001852/2026,EXECUÇÃO DE INFRAESTRUTURA ELÉTRICA E DE CLIMATIZAÇÃO.,ESP-PRESTACAO DE SERVICOS FDE/SEE,SP,2026-07-20,confenge_commercial_pncp_supplier_contracts,eb8047584aa3449a900028642d0d22eb4a86dbf2ddb88887b43485602a01503e,climatizacao,,,,,,,
00360305000104-2-007765/2025,"PRESTAÇÃO DE SERVIÇOS DE MANUTENÇÃO PREVENTIVA E CORRETIVA DE AMBIENTES, NO MODELO FACILITIES, COMPREENDENDO TODA A INFRAESTRUTURA, E MANUTENÇÃO DE USINAS FOTOVOLTAICAS, BEM COMO SERVIÇOS DE BRIGADA DE INCÊNDIO, APOIO E LIMPEZA, COM O OBJETIVO DE GARANTIR A CONTINUIDADE DOS SERVIÇOS DE FORMA INTEGRADA E CONJUNTA NO(S) EDIFÍCIO(S) DE USO ADMINISTRATIVO DA CAIXA LOCALIZADO(S) EM FORTALEZA/CE, PELO PRAZO DE 24 (VINTE E QUATRO) MESES.",CEFOR,DF,2026-02-14,confenge_commercial_pncp_supplier_contracts,171f90fab9e1223f82f11ef6655df7a08fa5a60aa45f78b86bd48bd40394fba0,energia,,,,,,,
46374500000194-2-021080/2025,AQUISIÇÃO DE MATERIAIS DE INFRAESTRUTURA DE TELECOMUNICAÇÕES E APARELHOS TELEFÔNICOS,ESP-CTO.ATENCAO INTEGRADA SAUDE MENTAL-P.PINE,SP,2026-02-18,confenge_commercial_pncp_supplier_contracts,25eba6673d4ef98ded9118aae2a85308ea993d459bdc3acb0525a59df37d7baf,telecom,,,,,,,
19110162000100-2-000070/2025,CONTRATAÇÃO DE EMPRESA PARA FORNECIMENTO DE INTERNET BANDA LARGA E LOCAÇÃO DE INFRAESTRUTURA DE FIBRA ÓPTICA,FUNDACAO HOSPITALAR DO MUNICIPIO DE VARGINHA FHOMUV,MG,2026-06-17,confenge_commercial_pncp_supplier_contracts,87e9f25b3826f43d396ad0b8617de5ab226a5171ad8003064812963db06b2901,telecom,,,,,,,
01612215000126-2-000017/2026,"CREDENCIAMENTO DE PROFISSIONAIS LIBERAIS (PESSOAS FÍSICAS), DE FORMA EVENTUAL E EM CARÁTER SUPLEMENTAR, VISANDO A PRESTAÇÃO SERVIÇOS PARA REALIZAÇÃO DE REPAROS E PEQUENAS REFORMAS EM PRÉDIOS PÚBLICOS, SERVIÇOS MECÂNICOS PARA MANUTENÇÃO DA FROTA DE VEÍCULOS E DE APOIO OPERACIONAL PARA CONSERVAÇÃO E LIMPEZA, PARA ATENDIMENTO DAS NECESSIDADES DAS DIVERSAS UNIDADES ADMINISTRATIVAS DO MUNICÍPIO DE NOVA IPIXUNA – PARÁ.",Prefeitura Municipal de Nova Ipixuna,PA,2026-04-17,confenge_commercial_pncp_supplier_contracts,551f6f77b10779534fb9aa71711a5a58b3ac4223a66719045b9370f927532a64,limpeza,,,,,,,
18715409000150-2-000083/2026,"CHAMADA PUBLICA 001-2026 -DISPENSA DE DE LICITAÇÃO 018/2026 Aquisição de gêneros alimentícios da Agricultura Familiar e do Empreendedor Familiar Rural (Grupos Formais, Informais ou Fornecedores Individuais) priorizando-se os assentamentos da reforma agrária, as comunidades tradicionais indígenas, as comunidades quilombolas e os grupos formais e informais de mulheres, destinado ao atendimento do Programa Nacional de Alimentação Escolar / PNAE .",SECRETARIA MUNICIPAL DE EDUCACAO,MG,2026-06-17,confenge_commercial_pncp_supplier_contracts,fe8a2aed2108c7ad05595d1408fb7f7acfa187bf5bb25bc3be6a8b6cbe8f40f9,alimentacao,,,,,,,
33839275000172-2-000026/2026,"Contratação de solução integrada para realização do Congresso do Sistema CFQ/CRQs: 70 anos de história e da Solenidade comemorativa dos 70 anos do Sistema CFQ/CRQs, compreendendo locação de espaço físico no Centro de Convenções Ulysses Guimarães, infraestrutura operacional, serviços de alimentação, sonorização, iluminação, ambientação, apoio operacional, recepção, credenciamento e demais serviços necessários à execução dos eventos, conforme condições e especificações estabelecidas nos documen...",CONSELHO FEDERAL DE QUIMICA,DF,2026-06-11,confenge_commercial_pncp_supplier_contracts,2a17fe24c12951ad52431337ac2dba2fe95e34f701229a8b3a04d753eff08bd3,alimentacao,,,,,,,
27080548000145-2-000015/2026,"Contratação de empresa especializada em fornecimento de Infraestrutura, Alimentação e Apoio Logístico para realização de Eventos - Audiências Públicas LOA 2027.",SECRETARIA DE ESTADO DE ECONOMIA E PLANEJAMENTO,ES,2026-05-18,confenge_commercial_pncp_supplier_contracts,18e37156119887df725ccebb6f8d51569762f96dc45555feacf47b8c051bae3d,alimentacao,,,,,,,
18715409000150-2-000088/2026,"CHAMADA PUBLICA 001-2026 -DISPENSA DE DE LICITAÇÃO 018/2026 Aquisição de gêneros alimentícios da Agricultura Familiar e do Empreendedor Familiar Rural (Grupos Formais, Informais ou Fornecedores Individuais) priorizando-se os assentamentos da reforma agrária, as comunidades tradicionais indígenas, as comunidades quilombolas e os grupos formais e informais de mulheres, destinado ao atendimento do Programa Nacional de Alimentação Escolar / PNAE .",SECRETARIA MUNICIPAL DE EDUCACAO,MG,2026-06-17,confenge_commercial_pncp_supplier_contracts,17a97068ac89f51a00bba7b111fe95d6b9be5c9b3040b1b75e44a8c11ae750a6,alimentacao,,,,,,,
58290502000184-2-000045/2026,Aquisição de bens para copa e cozinha e bens de medição para atender as demandas dos Postos Fiscais e da Superintendência de Infraestrutura e Patrimônio Imobiliário da Secretaria de Estado de Fazenda de Mato Grosso (SEFAZ-MT),SECRETARIA DE ESTADO DE FAZENDA,MT,2026-06-24,confenge_commercial_pncp_supplier_contracts,421905a65db141af62f6812dbe729c709262e01f90d9c7f0377fd6fe8cad835b,alimentacao,,,,,,,
10742006000198-2-000172/2026,"ATENDER DESPESAS COM AQUISICAO DE INSUMOS DE COPA E COZINHA, DO TIPO: CAFE, DESTINADOS A
MANUTENCAO DAS ATIVIDADES DO CAMPUS PALMAS, DO IFTO, DEMANDADOS PELA GERENCIA DE
INFRAESTRUTURA E SERVICOS (GISE), PEDIDO NO EVENTO SEI Nº 2949325, NOS TERMOS DOS REGISTROS
DE PRECOS CONSTANTES DAS ATAS ORIUNDAS DO PREGAO ELETRONICO SRP Nº 90013/2025, DISPOSTOS
NOS AUTOS PROCESSUAIS Nº 23236.021690/2025-39.",INST.FED.DO TOCANTINS/CAMPUS PALMAS TO,TO,2026-06-18,confenge_commercial_pncp_supplier_contracts,717535b9a499389d8f6d69da174596958b98304bcc0ac3b820922c71596e5558,alimentacao,,,,,,,
00394452000103-2-004373/2026,"O OBJETO DO PRESENTE INSTRUMENTO É A CONTRATAÇÃO DE SERVIÇOS COMUNS PARA ORGANIZAÇÃO, INFRAESTRUTURA E APOIO LOGÍSTICO À REALIZAÇÃO DA 58ª REUNIÃO DO COMITÊ DIRETOR DO CLUBE LEOBEN, INCLUINDO LOCAÇÃO DE SALA DE EVENTOS, EQUIPAMENTOS AUDIOVISUAIS E SERVIÇOS DE ALIMENTAÇÃO, NAS CONDIÇÕES ESTABELECIDAS NO TERMO DE REFERÊNCIA Nº 6/2026-COLOG.",COMANDO LOGíSTICO (COLOG),DF,2026-06-15,confenge_commercial_pncp_supplier_contracts,1f4e72c07a1734dd9f7c277c1637ec0f377a36e8ef7c80e2cabb8c8c8db7ea2c,alimentacao,,,,,,,
13670658000152-2-000248/2026,"contratação de Pessoa física para prestação de serviço de locação de veículo tipo M. BENZ / L 113, para atender a demanda da Secretaria, no transporte de material pesado, operação tapa buraco, etc, em atendimento da Secretaria de Infraestrutura do Município de Barra da Estiva – Bahia.",Prefeitura Municipal de Barra da Estiva,BA,2026-07-06,confenge_commercial_pncp_supplier_contracts,9ef033f20d8b6f53080e258e00bfd16a5767e765c3c210859f5e24fddddf356a,sem_keywords_evidentes,,,,,,,
01409580000138-2-000316/2026,Aquisição de notebook de alta performance com capacidades técnicas distintas para atender demandas de desenvolvimento de software da Gerência de Tecnologia da Agência Goiana de Infraestrutura e Transportes — GOINFRA,AGENCIA GOIANA DE INFRAEST.E TRANSPORTES/GO,GO,2026-03-18,confenge_commercial_pncp_supplier_contracts,085a91958439e4a6011b23ef7079bc713a8b5279ea3d24815d0b61dd665f1b0a,sem_keywords_evidentes,,,,,,,
45685872000179-2-001253/2026,"D.L. Nº 085/2026 - Contratação de empresa especializada para realizar ""Manutenção do sistema de embreagem do Caminhão Ford 1317, placa DBA-9497"" de uso da Secretaria Municipal de Infraestrutura e Serviços Públicos.",SECRETARIA MUNICIPAL DE INFRAESTRUTURA E SERVIÇOS PÚBLICOS,SP,2026-05-14,confenge_commercial_pncp_supplier_contracts,92be345fbc3c15b4c9db6f254e3f631b479d7f10c871af00d9f35659ea83b5af,sem_keywords_evidentes,,,,,,,
83539643000135-2-000021/2026,"Locação de espaço físico com infraestrutura adequada à realização de sessões solenes institucionais, incluindo auditório equipado com sistema de sonorização, recursos audiovisuais e mobiliário, bem como salão de eventos para realização de coquetel,",JARAGUA DO SUL CAMARA DE VEREADORES,SC,2026-04-23,confenge_commercial_pncp_supplier_contracts,6d7a1b12f3c9f043dfcb68ea13c3b35f12f90973ebad3ac033a44fdc4e98292c,sem_keywords_evidentes,,,,,,,
00697295007967-2-000005/2026,CONTRATAÇÃO DE EMPRESA ESPECIALIZADA EM PRESTAÇÃO DE SERVIÇOS DE REFORMAS EM POLTRONAS,MATERNIDADE DE REFERÃŠNCIA DA ZONA LESTE DE MANAUS _ ANA BRAGA,AM,2026-03-06,confenge_commercial_pncp_supplier_contracts,1ac0e31c3cefbd7d9945ba127d75557ff2c02bed5c65f31c12db698938d72f65,sem_keywords_evidentes,,,,,,,
10806496000149-2-000165/2026,"CONTRATAÇÃO DE SERVIÇOS DE MANUTENÇÃO PREVENTIVA E CORRETIVA, EQUIPAMENTOS DE REFRIGERAÇÃO, INCLUINDO APARELHOS DE AR-CONDICIONADO, BEBEDOUROS E SIMILARES COM FORNECIMENTO DE MÃO DE OBRA, EQUIPAMENTOS E FERRAMENTAS, SEM DEDICAÇÃO EXCLUSIVA DE MÃO DE OBRA, PARA ATENDER O CAMPUS PARNAÍBA, NAS CONDIÇÕES ESTABELECIDAS NO TERMO DE REFERÊNCIA","INST.FED.DE ED.,CIENC. E TEC.DO PIAUÍ",PI,2026-05-06,confenge_commercial_pncp_supplier_contracts,ee32e4a4f2e1227820f2ea735d30459e917d297db2bce111ce33885e6b77cc58,engenharia_obras_claras,,,,,,,
11806275000133-2-000222/2026,AQUISICAO DE INSUMOS PARA OS LABORATORIOS DE ENGENHARIAS DA UNILA // ATA RP 155/2026 // PE 90036/2025 // RECURSOS EMENDA PARLAMENTAR N. 43200007 - AUTORA CAROL DARTORA // PROCESSO 23422.008177/2026-36.,UNIVERSIDADE FED. DA INTEGR. LATINO-AMERICANA,PR,2026-07-22,confenge_commercial_pncp_supplier_contracts,33d0175717f32c4dabdfc22a12c1211f7a715b0717f98b6b0b5d837e79f7fe22,engenharia_obras_claras,,,,,,,
01170331000132-2-000335/2026,"EMPENHO DE DESPESA COM A AQUISIÇÃO DE ÓLEO LUBRIFICANTE PARA MANUTENÇÃO DA MOTONIVELADORA PATROL 120K, PARA ATENDER AS NECESSIDADES DA SEC. MUN. DE OBRAS, CONFORME PROCESSO 1439/2025.",PREFEITURA MUNICIPAL DE PADRE BERNARDO,GO,2026-03-18,confenge_commercial_pncp_supplier_contracts,4d9d91d62e56879dcea411e0a48eede892378dc2046a2391b18bb1a5fc10031d,engenharia_obras_claras,,,,,,,
18188268000164-2-000036/2026,"Aquisição de implementos e equipamentos de manutenção urbana e rural — Carreta Basculante Hidráulica Modulada, Capinadeira Varredora Nova para atendimento ao Setor de Obras e Infraestrutura da Prefeitura Municipal de Dom Viçoso – MG.",Unidade Única,MG,2026-05-26,confenge_commercial_pncp_supplier_contracts,f62af0035ed952714046c517c8e2a2cf9a3318335d3ad74e3803870f78497e30,engenharia_obras_claras,,,,,,,
50448935000103-2-000127/2026,"Contratação da empresa 682 SOLUCOES EM TECNOLOGIA DA INFORMACAO LTDA, inscrita no CNPJ nº 23.674.714/0001-80, para a disponibilização de 01 (uma) licença de uso do Sistema de Orçamentos SEOBRA, com acesso às funcionalidades necessárias para elaboração de composições de custos, estimativas orçamentárias e análise técnica de serviços de engenharia, destinado às atividades da Divisão de Infraestrutura da Câmara Municipal de São José dos Campos, conforme SC nº 114/2026 - Processo nº 5119/2026.",GERAL,SP,2026-04-27,confenge_commercial_pncp_supplier_contracts,9b4ed58a3aa5ad83c93b2c523018715e852aa70e7371f2b769c4198cadd9a647,engenharia_obras_claras,,,,,,,
00333678000196-2-000084/2026,"Contratação de empresa especializada na prestação de serviços contínuos de limpeza, conservação, apoio operacional alimentar (copa e cozinha) e controle de acesso físico (vigia), com regime de dedicação exclusiva de mão de obra, visando garantir a salubridade, a segurança e o suporte operacional indispensáveis às atividades do Consórcio Intermunicipal de Saúde do Sudoeste (CONSUD).",Consórcio Intermunicipal de Saúde do Sudoeste - CONSUD,PR,2026-06-15,confenge_commercial_pncp_supplier_contracts,50243385c03225cf0638919374057ee3403d69dba0cc239dbb1953add896b86e,engenharia_obras_claras,,,,,,,
46634291000170-2-000805/2026,"ABERTURA DE PROCESSO LICITATÓRIO PARA AQUISIÇÃO DE ELETRODOMÉSTICOS E ELETRÔNICOS - SISTEMA DE REGISTRO DE PREÇOS, SECRETARIA MUNICIPAL DE OBRAS, ESPORTE, LAZER E JUVENTUDE, SEGURANÇA PÚBLICA, SERVIÇOS PÚBLICOS E EDUCAÇÃO COM APLICAÇÃO DAS COTAS ABERTAS E RESERVADAS, NOS TERMOS DO ARTIGO 48, INCISO III DA LEI COMPLEMENTAR Nº 123/2006. EM CONFORMIDADE COM A LEI Nº14.133/2021.",SECRETARIA MUNICIPAL DE EDUCACAO ,SP,2026-03-27,confenge_commercial_pncp_supplier_contracts,183a5b0a37769a0bcb9e09f691225ffb945b8d14e6b1bd671b86fe1da571f2c7,engenharia_obras_claras,,,,,,,
09183761000109-2-000227/2025,"SAE - Serviço Autônomo de Água e Esgoto de Vargem Grande do Sul

Contratação de mão de obra especializada para a realização de programação de inversores de frequência instalados em dois conjuntos motobombas da ETA - Estação de Tratamento de Água.",SAE - SERVIÇO AUTONOMO DE AGUA E ESGOTO           ,SP,2026-03-30,confenge_commercial_pncp_supplier_contracts,ea4815a8f795aa0ac7c391da5bdfd742ce812580bad07d5393c13ba02e46904c,engenharia_obras_claras,,,,,,,
46522983000127-2-000138/2026,"REGISTRO DE PRECOS para a prestacao de SERVICOS DE BUFFET, incluindo o fornecimento de produtos e mao de obra especializada, visando o atendimento aos eventos das Secretarias do Municipio, pelo periodo de 01 (um) ano.",Prefeitura Municipal de Santana de Parnaíba,SP,2026-06-17,confenge_commercial_pncp_supplier_contracts,d1e34e03cb17b71a8741c2ec410da5d8960d5e7b7b9431918e4947416072f94a,engenharia_obras_claras,,,,,,,
18025940000109-2-000563/2026,"AQUISIÇÃO DE PEÇAS PARA ROÇADEIRA STIHL HT75 N: 371608960, PERTENCENTE À SECRETARIA MUNICIPAL DE OBRAS. FONTE: 1500. CONTRATO Nº 125/2025. CREDENCIAMENTO N: 05-2025.",Coordenação e Administração,MG,2026-05-27,confenge_commercial_pncp_supplier_contracts,da902b1abd99b246f0a5bd667638e268ed1372038ad0774396ce14a4b277cd22,engenharia_obras_claras,,,,,,,
11806275000133-2-000027/2026,"AQUISICAO DE FERRAMENTAS, MAQUINAS E EQUIPAMENTOS PARA OS LABORATORIOS DE ENGENHARIAS DA UNILA // ATA RP 20/2026 // PE 90021/2025 // PROCESSO 23422.002235/2026-18",UNIVERSIDADE FED. DA INTEGR. LATINO-AMERICANA,PR,2026-04-06,confenge_commercial_pncp_supplier_contracts,c19da37b4d18ce54764d0d34789f53b2ac783f46645428cc63a4a6a4cc6bdafd,engenharia_obras_claras,,,,,,,
87843819000107-2-000191/2026,"REGISTRO DE PREÇOS para contratação de empresa especializada na prestação de serviços, sob demanda, de manutenção corretiva e pequenas reformas em edificações e espaços públicos do Município de Flores da Cunha, RS. (Repetição do Pregão Eletrônico 012/2026, com alterações).",MUNICIPIO DE FLORES DA CUNHA,RS,2026-06-17,confenge_commercial_pncp_supplier_contracts,36890244221bf2b275269fd473d58452a35fc70a66a7bde9aabde35e22960472,sem_keywords_evidentes,,,,,,,
92963560000160-2-000375/2026,"serviços de demolição de edificações, de construções complementares, separação, remoção e transporte de entulhos, para atender às demandas da Secretaria Municipal de Educação na remoção de tronco de árvore na Escola Municipal de Ensino Fundamental Leocádia",SMED - Secretaria Municipal de Educação,RS,2026-04-29,confenge_commercial_pncp_supplier_contracts,3ce02edede85dc4b40cef585c9764e619040207c360d4876c82fd91f821e8bfa,engenharia_obras_claras,,,,,,,
05943030000155-2-000571/2025,"CONTRATAÇÃO DE EMPRESA ESPECIALIZADA EM  OBRAS  E  SERVIÇOS  DE  ENGENHARIA,  PARA  A  EXECUÇÃO  DOS  SERVIÇOS  DE  REFORMA DA UNIDADE BÁSICA DE SAÚDE – DR. RUBELDIMAR MAIA DE  AZEVEDO CRUZ, NO BAIRRO SÃO BENTO, MUNICÍPIO DE BOA VISTA – RR.",PREFEITURA MUNICIPAL DE BOA VISTA - RR,RR,2026-06-10,confenge_commercial_pncp_supplier_contracts,59e34c3d8e06f259378b3f0fd473ac3c7685f554b2c13d0db773c3c21782589a,engenharia_obras_claras,,,,,,,
13332525000176-2-000060/2026,"O presente contrato tem como objeto contratação de empresa especializada para serviços de colocação de grama sintética fibrilada modelo 8800 base dupla verde e branca, campo 18x38= 684 m2 mais 15 m2 branca = 699 m2 no total, garantia de proteção solar, raios UV de até cinco anos, utilizando colas, tapes, borrachas granuladas, e mão de obra de instalação, na quadra sintética do povoado de Lutanda, no Município de Pindobaçu-BA.",CONSÓRCIO PÚBLICO DE DESENVOLVIMENTO SUSTENTÁVEL DO PIEMONTE NORTE DO ITAPICURU,BA,2026-06-11,confenge_commercial_pncp_supplier_contracts,aac8468d4ffeac8d4a70b77f182ec8788dc4960618e2cc1208026e2412e6a261,engenharia_obras_claras,,,,,,,
46384111000140-2-002180/2025,"O objeto do presente instrumento é a contratação de serviços contínuos com fornecimento de insumos e mão-de-obra, denominados como serviços de Profissional de Apoio Escolar - Atividades de Vida Diária - PAE/AVD, que apresentem limitações motoras e outras que acarretem dificuldades de caráter permanente ou temporário no autocuidado, em unidades escolares pertencentes à rede pública estadual de ensino, a serem executados com regime de dedicação exclusiva de mão de obra, conforme detalhamento e ...",ESP-COORD.INFRAESTRUTURA E SERV.ESCOLARES,SP,2026-04-27,confenge_commercial_pncp_supplier_contracts,c5ac30d58f9cf23c39afd9643267e8e2b3b382413cd1b612a867e992ff901515,engenharia_obras_claras,,,,,,,
01073089000189-2-000073/2026,EMPENHO REFERENTE A AQUSICAO DE MATERIAL PARA MANUTENCAO DE MOBILIARIO EM GERAL  (INCLUSO MAO DE OBRA) DA CAMARA MUNICIPAL DE CALDAS NOVAS,CAMARA MUNICIPAL,GO,2026-07-10,confenge_commercial_pncp_supplier_contracts,01683bfb1118b5fce25ea1ee24f4103b0cf7e5268e50af85955b1987d7f0b9cf,engenharia_obras_claras,,,,,,,
18244350000169-2-000032/2026,"Contratação de empresa especializada em obras e serviços de engenharia para a Manutenção e adequação das estradas vicinais no Município, mediante serviços de cascalhamento, conformação e compactação mecânica de via não pavimentada, compreendendo o trecho entre o Distrito de Santo Antônio do Cruzeiro e o limite territorial do Município, totalizando uma extensão da estrada de 3,855 KM.",SECRETARIA MUN. OBRAS PUBL. E SERV. URBANOS,MG,2026-03-09,confenge_commercial_pncp_supplier_contracts,b09d823249f94b3eb534bcc4ee12bd7ea84c57017364fca14c74db3f8c9775b5,engenharia_obras_claras,,,,,,,
11508942000100-2-000188/2026,"CONSTITUI OBJETO DESTE TERMO A CONTRATAÇÃO DE SERVIÇOS DE MONTAGEM, CESSÃO, MANUTENÇÃO E DESMONTAGEM DOS ELEMENTOS QUE COMPÕEM A INFRAESTRUTURA - PALCOS, PAVILHÕES, MÓDULOS E BARRACAS, QUE
SERÃO UTILIZADOS DURANTE O CICLO JUNINO 2026",FCCR - FUNDACAO DE CULTURA CIDADE DO RECIFE,PE,2026-06-09,confenge_commercial_pncp_supplier_contracts,aaade03951230d7c6765f83080d6a3917579fc317382bf79a72d86fec2cc59b2,sem_keywords_evidentes,,,,,,,
07750478000188-2-000399/2026,Contratação de serviço de engenharia para execução de rede de esgoto com tubos de PVC dupla parede junta elástica com DN 200mm.,"SERVIÇO AUTÔNOMO DE ÁGUA, ESGOTO E MEIO AMBIENTE DE SERTÃOZINHO - SAEMAS",SP,2026-04-13,confenge_commercial_pncp_supplier_contracts,24e8b25853a81dfb575df6257cbf4b2d438c825617ce02b32a7e71ba14478d5c,engenharia_obras_claras,,,,,,,
22604896000150-2-000774/2026,"REGISTRO DE PREÇOS PARA FUTURA E EVENTUAL AQUISIÇÃO DE MATERIAIS DE CONSTRUÇÃO E HIDRÁULICOS, VISANDO ATENDER A DEMANDA DO SETOR DE OBRAS E ABASTECIMENTO/ ALMOXARIFADO SOB RESPONSABILIDADE DO DMAE/MONTE CARMELO-MG.",DIRETORIA ADMINISTRATIVA,MG,2026-07-23,confenge_commercial_pncp_supplier_contracts,3f7dcb7344ec81fe7d0a24beec8d6528715901fcaa00e663c7df4524e596d44b,engenharia_obras_claras,,,,,,,
18279059000126-2-000114/2026,"CONTRATAÇÃO DE EMPRESA PARA EXECUÇÃO DE RECAPEAMENTO ASFÁLTICO EM CBUQ NA RUA TURMALINA NO BAIRRO PROGRESSO, MUNICÍPIO DE VÁRZEA DA PALMA, CONFORME SOLICITAÇÃO DA SECRETARIA DE INFRAESTRUTURA E TRANSPORTE, DE ACORDO COM AS CONDIÇÕES, QUANTIDADES E EXIGÊNCIAS ESTABELECIDAS NO EDITAL E SEUS ANEXOS.",MUNICIPIO DE VÁRZEA DA PALMA,MG,2026-04-23,confenge_commercial_pncp_supplier_contracts,a1af555fbc834242ac870241f499953d3f3e6df291a72320e4102653df86ca46,sem_keywords_evidentes,,,,,,,
10783898000175-2-001030/2025,"COBRIR DESPESA COM AQUISICAO DE MATERIAIS PERMANENTES, PARA ATENDER DEMANDAS DO LABORATÓRIO DE EDIFICAÇÕES DO IFPB CAMPUS PICUI.PREGAO 90015/2025, UASG 158281. CONFORME SOLICITACAO 87/2025 - DAPF/DG/PC/REITORIA/IFPB, NO PROCESSO ELETRONICO 23167.001834.2025-00.",INST.FED.DA PARAIBA/CAMPUS PICUÍ,PB,2026-03-25,confenge_commercial_pncp_supplier_contracts,7521834d27609d70c94e977c069265d2f7a583e2bd334f5defcf018f0b37e288,sem_keywords_evidentes,,,,,,,
10744098000145-2-000077/2026,CONTRATAÇÃO DE OBRA DE ENGENHARIA DA CONSTRUÇÃO DO CAMPUS MESSEJANA PERTENCENTE A EXPANSÃO IV DO IFCE,"INST.FED.DE EDUC., CIENC. E TEC.DO CEARÁ",CE,2026-02-20,confenge_commercial_pncp_supplier_contracts,8a9621abb15859586dee1e447eee07be14cb994caaa01b13e4630e6dad089b09,engenharia_obras_claras,,,,,,,
75772525000144-2-000029/2026,"Registro de preços para futura e eventual aquisição de materiais descartáveis, conforme especificações, quantidades estimadas e condições estabelecidas neste documento, destinados ao atendimento das necessidades das Secretarias Municipais de Saúde, Educação, Assistência Social, Administração, Obras, bem como demais unidades vinculadas ao Município de Iguaraçu/PR.",Prefeitura Municipal de Iguaraçu,PR,2026-04-09,confenge_commercial_pncp_supplier_contracts,71855593a5151502b5e2b5f20f3ca790df1606c922f3617e4870a6e9c12ee6bf,engenharia_obras_claras,,,,,,,
09183761000109-2-000141/2025,"SAE - Serviço Autônomo de Água e Esgoto de Vargem Grande do Sul

Aquisição de peças extremidades, sendo este material hidráulico a ser utilizado na realização das atividades inerentes ao SAE - Setor de Obras e Serviços, como manutenções nas redes abastecedoras de água do município.",SAE - SERVIÇO AUTONOMO DE AGUA E ESGOTO           ,SP,2026-03-30,confenge_commercial_pncp_supplier_contracts,ef8847dfde2561c1f366f3b07b99165660bcc4d707acbc2cc8f4fb0e0e876b61,engenharia_obras_claras,,,,,,,
83102285000107-2-000493/2026,MATERIAIS ELÉTRICOS PARA EDIFICAÇÕES - LEI 14.133/2021,MUNICÍPIO DE BALNEÁRIO CAMBORIÚ,SC,2026-06-26,confenge_commercial_pncp_supplier_contracts,cbf70eb553b0dbc78eeadbcab73b614d727538877234e68908b55567a59ddaf5,sem_keywords_evidentes,,,,,,,
13811476000154-2-000054/2026,"Credenciamento de laboratório para confecção de prótese total e prótese parcial removível, incluindo mão de obra e material, para atendimento aos pacientes do Município de Caetité/BA.",PREFEITURA MUNICIPAL DE CAETITE - BA,BA,2026-04-17,confenge_commercial_pncp_supplier_contracts,cf0684d2c65ebc3c4e5739212e1786818540c2e549cac1ed76b15d9f4227689e,engenharia_obras_claras,,,,,,,
00360305000104-2-005466/2023,"SERVIÇOS COMUNS DE ENGENHARIA AG ARUJÁ SP
SAP 4500557588",CEFOR,DF,2026-02-13,confenge_commercial_pncp_supplier_contracts,ac4d637ca2a7de9fa9b8e837f00e50701a822225ede833b8d1f926a5a02fccfb,engenharia_obras_claras,,,,,,,
90544511000167-2-000928/2026,REFERENTE A COMPRA DE PECAS PARA A MANUTENCAO DO CAMINHAO PLACA IVI8F22 DA FROTA DA SECRETARIA DE OBRAS.,PREFEITURA MUNICIPAL DE IPE,RS,2026-04-15,confenge_commercial_pncp_supplier_contracts,be060fff2f5a5f4200e52c86400f0b174858818999330d5c1a5475c24c9643eb,engenharia_obras_claras,,,,,,,
44720530000180-2-000001/2026,"Execução de obras de Recapeamento Asfáltico em Vias Urbanas do Município, com o fornecimento de todos os materiais, mão-de-obra, equipamentos, ferramentas, EPIs e EPCs necessários, através de recursos próprios e Contrato de Repasse nº 975032/2025/MCIDADES/CAIXA, que entre si celebram a União Federal, por intermédio do Ministério das Cidades, representado pela Caixa Econômica Federal, e o Município de Santa Maria da Serra, objetivando a execução de ações relativas a Mobilidade Urbana.",PREFEITURA MUNICIPAL DE SANTA MARIA DA SERRA - SP,SP,2026-02-26,confenge_commercial_pncp_supplier_contracts,33c94979f26715baa1f447af16ca09e5b23aba89639780f91cd28cfd65a81bc6,engenharia_obras_claras,,,,,,,
07982036000167-2-000040/2026,"CONTRATAÇÃO DE EMPRESA PARA PRESTAÇÃO DE SERVIÇOS DE REFORMA E AMPLIAÇÃO DA ESCOLA DE CIDADANIA BELARMINO LOPES PINTO, JUNTO A SECRETARIA DA EDUCAÇÀO MUNICIPIO DE CRATEÚS - CE.",Prefeitura Municipal de Crateús,CE,2026-03-05,confenge_commercial_pncp_supplier_contracts,5516c9897e55c4c23a3606dd9e8b8ab81ad5051549f7c538bab860bea540aed4,sem_keywords_evidentes,,,,,,,
05893631000109-2-000002/2026,"Contratação de empresa especializada na construção de 40 unidades habitacionais sociais no município de Guajará-mirim, para atender a proposta de nº 040807/2025 do Ministério das Cidades, conforme Memorial Descritivo, Planilhas orçamentárias, memória de cálculo, cronograma físico-financeiro, composições unitárias e outros documentos pertinentes a execução da Obra.",Prefeitura Municipal,RO,2026-06-19,confenge_commercial_pncp_supplier_contracts,fb931c94e35a343e8fe778c1d2b6390650db4a8502c9d4d2ba0b501cd320f186,engenharia_obras_claras,,,,,,,
18715425000142-2-000052/2026,"A CONTRATAÇÃO DE EMPRESA ESPECIALIZADA PARA EXECUÇÃO DE DRENAGEM NA RUA DAS ACÁCIAS, com fornecimento de material mão de obra e equipamentos necessários",Unidade Única,MG,2026-07-22,confenge_commercial_pncp_supplier_contracts,e0786f7c1e1881f4b9506066bacfa1f2c7107d3a520346d4133b4651f706753d,engenharia_obras_claras,,,,,,,
00394452000103-2-011139/2025,"CONTRATAÇÃO DE EMPRESA QUE, SOB DEMANDA, PRESTARÁ SERVIÇOS COMUNS DE ENGENHARIA RELACIONADOS À MANUTENÇÃO PREDIAL NAS INSTALAÇÕES SOB A RESPONSABILIDADE DA BASE DE ADMINISTRAÇÃO E APOIO DA 8ª REGIÃO MILITAR, NAS CONDIÇÕES ESTABELECIDAS NO TERMO DE REFERÊNCIA.",BASE DE ADMINISTRAÇÃO E APOIO 8ª REG MILITAR,PA,2026-03-19,confenge_commercial_pncp_supplier_contracts,d1bb12bc95c970620b321bdc7c20cf17e7d93264bcf5d540a30cfbbe8c359301,engenharia_obras_claras,,,,,,,
17894072000122-2-000005/2026,"CONTRATAÇÃO DE EMPRESA ESPECIALIZADA PARA EXECUÇÃO DE OBRA DE IMPLANTAÇÃO E RECUPERAÇÃO DE RUAS E AVENIDAS NO PERÍMETRO URBANO DO MUNICÍPIO DE IBIRACI, CONTEMPLANDO A PAVIMENTAÇÃO DA VIA DENOMINADA ""TORRINHA"" E O RECAPEAMENTO DAS VIAS DENOMINADAS GOVERNADOR VALADARES, GETÚLIO VARGAS E CELESTINO JOAQUIM DE ANDRADE - CONTRATO DE REPASSE Nº 951449/2023 – CAIXA ECONÔMICA FEDERAL",PREFEITURA MUNICIPAL DE IBIRACI,MG,2026-06-29,confenge_commercial_pncp_supplier_contracts,5ebaee47b39eb7055c72388a6d1247a53c7e8590a69a7dd016ddb6278a07d579,engenharia_obras_claras,,,,,,,
88572748000100-2-001542/2026,Servicos de reforma e execucao de passeios publicos  pavimentacoes  muros e bocas de lobo  entre outros necessarios  em diversos imoveis de propriedade do Municipio de Nova Petropolis.,Prefeitura Municipal de Nova Petrópolis,RS,2026-07-23,confenge_commercial_pncp_supplier_contracts,b5b7e6ce92983803e2b403b2339295ce050c12385ff7a2a8be7c52cd439f2d97,engenharia_obras_claras,,,,,,,
95422846000126-2-000099/2026,"O objeto do presente Contrato é Contratação de empresa especializada de Engenharia para a execução da obra de pavimentação da Rua Veronica Teixeira de cristo Trecho 4 Estrada do Canelão - lote 1,",Gabinete do Secretario Municipal de Obras Publicas,PR,2026-05-27,confenge_commercial_pncp_supplier_contracts,5df33fe117bfaa3b97a07f753836e22135c05d63104c14d673abe4d35a22d613,engenharia_obras_claras,,,,,,,
24393108000150-2-000025/2026,"Registro de preços para eventual contratação de serviços de manutenção preventiva e corretiva, reforma, ampliação e adaptação de prédios e logradouros públicos – REGIONAL AÇAILÂNDIA.",SECRETARIA DE ESTADO DE GOVERNO,MA,2026-07-13,confenge_commercial_pncp_supplier_contracts,55d39f79351ab5784d0d34ecc0ed5d204896947fbd44d9deddb0f05a1a840d84,sem_keywords_evidentes,,,,,,,
10635424000186-2-000703/2026,AQUISIÇÃO DE MATERIAIS PARA CONSTRUÇÃO CIVIL PARA  ATENDER AS NECESSIDADES DO IFC CAMPUS CONCÓRDIA. PROTOCOLO SOLICITAÇÃO: 23351.004697/2026-51. SETOR DEMANDANTE: INFRAESTRUTURA. SERVIDOR REQUISITANTE: GIOVANI GIODA.,INST.FED.CATARINENSE/CAMPUS CONCORDIA,SC,2026-06-18,confenge_commercial_pncp_supplier_contracts,db75cf3870d6cedb71f86e56c53b0dd53648d97ad6802146968f224549a9d7a7,engenharia_obras_claras,,,,,,,
21040001000130-2-000237/2026,"SOLICITAÇÃO DE ALOCAÇÃO DE RECURSOS E EMISSÃO DE EMPENHO Nº 7 / 2026 - ICT (11.88) - P.E.90022/2025 - AQUISIÇÃO DE DE PERIFÉRICOS, BENS CONSUMIVEIS DE INFRAESTRUTURA E APOIO A TIC - SRP.",UNIVERSIDADE FED.DE ITAJUBÁ/CAMPUS ITABIRA,MG,2026-07-08,confenge_commercial_pncp_supplier_contracts,4c19e0988289ef20e48c3f6663ce31e6dd347d32f04d0b0096665b95d48d5a06,sem_keywords_evidentes,,,,,,,
05990445000180-2-000004/2026,"[LICITANET] - PAVIMENTAÇÃO EM BLOCOS SEXTAVADOS COM
DRENAGEM, MEIO-FIO E CALÇADA EM VIAS URBANAS NO
MUNICÍPIO DE OIAPOQUE/AP - TRECHO 02 - Convênio nº
915312/2021",MUNICIPIO DE OIAPOQUE/AP,AP,2026-06-08,confenge_commercial_pncp_supplier_contracts,09d40064d84daea2d59e7a1ef0b3dc867393fe3aa5dfa799ad3cc7ec620a428b,engenharia_obras_claras,,,,,,,
18593103000178-2-002001/2026,"Serviços Técnicos Especializados de Engenharia e Arquitetura Para Elaboração de Projetos Diversos, Com Uso da Tecnologia Bim-Building Information Modeling, Realização de Estudos Técnicos (Levantamentos Topográficos, Sondagens De Solo), Plano de Gerenciamento de Resíduos Sólidos e Execução de Serviços de Licenciamento Ambiental, Elaboração de Planos Diretores Municipais, e Reurb, ELABORAÇÃO DE PROJETOS DE REFORMA, AMPLIAÇÃO E CONSTRUÇPAO DE PRÉDIOS PÚBLICOS EM GERAL.",SECRETARIA DA FAZENDA ,MG,2026-03-20,confenge_commercial_pncp_supplier_contracts,f7fa88b17634df8081f74ac224dcd86d8c9290e298ed576c8e8c8cda119e9d29,engenharia_obras_claras,,,,,,,
08662837000108-2-000015/2026,"CONTRATAÇÃO DE EMPRESA DE ENGENHARIA PARA EXECUÇÃO DE SERVIÇOS DE FORNECIMENTO, INSTALAÇÃO E MANUTENÇÃO DURANTE 12 MESES DE SISTEMAS DE DESSALINIZAÇÃO DE ÁGUA, DO TIPO CABINADO COM CAPACIDADES NOMINAIS DE 400, 600, 800, 1200 E 1600 L/H, INCLUINDO INSTALAÇÃO DE KITS FOTOVOLTAICOS PARA ENERGIA SOLAR, EM MUNICÍPIOS SITUADOS NO AGRESTE E SERTÃO DO ESTADO DE PERNAMBUCO",SEC EXECUTIVA DE RECURSOS HIDRICOS,PE,2026-06-04,confenge_commercial_pncp_supplier_contracts,0e1e59df08dfbe8d02728d6d6af8413dd3c4bb921015dc38cc756d2e46280815,engenharia_obras_claras,,,,,,,
17884412000134-2-000419/2026,"AQUISIÇÃO DE PNEUS 90/90/18 E PNEUS 275/18, CÂMARAS DE AR PARA USO DOS VEÍCULOS MOTOCICLETA, PLACA HDC-1433, DE FROTA 27, MOTOCICLETA, PLACA GTL-9846, FROTA 111 E MOTOCICLETA, PLACA PUK-2137, FROTA 205 UTILIZADO NA SECRETARIA MUNICIPAL DE OBRAS E SERVIÇOS PÚBLICOS.",Prefeitura Municipal de Andradas,MG,2026-06-17,confenge_commercial_pncp_supplier_contracts,6b057bf2182f238b360a02aee08488dd1e147fdc1aaceb655dcee48192f567bf,engenharia_obras_claras,,,,,,,
22678874000135-2-001217/2026,REGISTRO DE PRECOS PARA FUTURA E EVENTUAL AQUISICAO DE MATERIAIS DE CONSTRUCAO PARA ATENDER A DEMANDA DAS SECRETARIAS DO MUNICIPIO DE MONTES CLAROS MG.,PREFEITURA MUNICIPAL DE MONTES CLAROS/MG,MG,2026-04-08,confenge_commercial_pncp_supplier_contracts,03ff6123c69ba4da8cab49e20fae5c682df569385a305729136f84525856600b,engenharia_obras_claras,,,,,,,
95951323000177-2-000336/2026,CONTRATAÇÃO DE EMPRESA ESPECIALIZADA PARA A EXECUÇÃO DA OBRA DE FECHAMENTO DA QUADRA ESPORTIVA LOCALIZADA NO DISTRITO DE CRAVEIRO.,MUNICÍPIO DE SANTA TEREZINHA,SC,2026-05-15,confenge_commercial_pncp_supplier_contracts,c54f71f1f0d225bcf1c32b8e6c8f7d47a26f46d798eef85aa236e09a9d81f5ae,engenharia_obras_claras,,,,,,,
83102780000108-2-000213/2026,"CONTRATAÇÃO DE SERVIÇOS TÉCNICOS DE FISCALIZAÇÃO E ACOMPANHAMENTO DE OBRAS DE PAVIMENTAÇÃO (ASFALTICA, PAVER, PARALELEPIPEDOS, BLOCOS INTERTRAVADOS) TERRAPLENAGEM, DRENAGEM, SINALIZAÇÃO VIÁRIA E DEMAIS ITENS INERENTES A ESPÉCIE",Secretaria de Planejamento e Trânsito,SC,2026-03-23,confenge_commercial_pncp_supplier_contracts,de81d733247638aa479f5667c52f3b736ecedc00940b0bda568b9d90ffa02ae7,engenharia_obras_claras,,,,,,,
