ranking,commercial_stage,outreach_status,prioridade_abordagem,score_fornecedor,opportunity_score,verification_score,commercial_fit_score,priority_score,motivos_score,cnpj,razao_social,nome_fantasia,sede_municipio,sede_uf,sul_priority,cnae,situacao_cadastral,porte_cadastral,qtd_contratos_candidatos,orgaos_contratantes,valor_total_portfolio_analisado,melhor_contrato_id,melhor_orgao,melhor_classificacao,melhor_commercial_stage,sinais_favoraveis,incertezas,documentos_faltantes,argumento_comercial,abordagem_permitida,linguagem_proibida,mensagem_abordagem,proxima_acao,riscos,email,telefone,site,contato_verificavel,document_request_ready
1,DIAGNOSTIC_OUTREACH_READY,DOCUMENT_REQUEST_CANDIDATE,SUL_SC_PRIORITY,76.94,100.0,17.5,95.0,76.94,sede_ou_execucao_sul | interregno_conservador_gt_12m | multi_contratos=4 | regime_14133_provavel_ou_comprovado,10249046000100,CONSTRUCOES SCHOROEDER EIRELI    -,,BIGUACU,SC,True,,,,4,DEPARTAMENTO DE OBRAS | SUP. REG. DO DNIT NO ESTADO DE SANTA CATARINA | Secretaria Municipal de Planejamento,260564221.31000003,04892707000100-2-000445/2023,SUP. REG. DO DNIT NO ESTADO DE SANTA CATARINA,LEGAL_REGIME_UNKNOWN,DIAGNOSTIC_OUTREACH_READY,obra_classificada_conf=0.84 | fornecedor_privado | obrigacao_financeira_potencialmente_aberta | regime_14133_altamente_provavel | interregno_conservador_por_assinatura_gt_12m | document_request_parallel_action | Objeto classificado como pavimentacao_rodoviaria (conf=0.84) | Interregno mínimo conservador confirmado (level=B_CONSERVATIVE_SIGNATURE_GT_12M; proxy=data_assinatura) | Interregno ≥12m na data-base efetiva (proxy:data_assinatura) [TEMPORAL_CANDIDATE_BY_PROXY],Regime 14.133 provável (ano/PNCP/menção) mas não comprovado em documento oficial | data-base exata do orçamento ausente — cálculo preciso bloqueado | maturidade_temporal_insuficiente,clausula_reajuste | data_base_orcamento_estimado | indice_ou_formula | texto_oficial_contrato_edital | medicoes | apostilas | memoria_reajuste,"Identificamos contratos de obras com interregno anual potencialmente transcorrido. Isso não significa, por si só, que exista valor pendente, mas pode justificar uma conferência técnica da cláusula, da data-base, das medições e dos reajustes já aplicados.","Identificamos contratos de obras com interregno anual potencialmente transcorrido. Isso não significa, por si só, que exista valor pendente, mas pode justificar uma conferência técnica da cláusula, da data-base, das medições e dos reajustes já aplicados.","Não afirmar valor devido, inadimplemento, crédito constituído ou reajuste definitivamente não pago sem verificação documental completa e revisão humana registrada.","Identificamos contratos de obras com interregno anual potencialmente transcorrido. Isso não significa, por si só, que exista valor pendente, mas pode justificar uma conferência técnica da cláusula, da data-base, das medições e dos reajustes já aplicados.",Abordagem diagnóstica prudente oferecendo conferência técnica — sem afirmar valor devido.,"Saldo/medições indisponíveis — valor sobre total é teto teórico, não valor devido. | indice_contratual_ausente — não aplicar IPCA/INCC/SINAPI por plausibilidade",,4830661853,,True,True
2,DIAGNOSTIC_OUTREACH_READY,DOCUMENT_REQUEST_CANDIDATE,SUL_SC_PRIORITY,73.25,98.5,17.5,82.9,73.25,sede_ou_execucao_sul | interregno_conservador_gt_12m | multi_contratos=14 | regime_14133_provavel_ou_comprovado,02955426000124,NEOVIA INFRAESTRUTURA RODOVIARIA LTDA,,CURITIBA,PR,True,,,,14,SUP. REG. DO DNIT NO EST.DO RIO GRANDE DO SUL | SUP. REG. DO DNIT NO ESTADO DE SANTA CATARINA | SUP. REG. DO DNIT NO ESTADO DO PARANA | Secretaria de Estado da Infraestrutura e Mobilidade,775936923.83,04892707000100-2-000142/2024,SUP. REG. DO DNIT NO ESTADO DE SANTA CATARINA,LEGAL_REGIME_UNKNOWN,DIAGNOSTIC_OUTREACH_READY,obra_classificada_conf=0.94 | fornecedor_privado | obrigacao_financeira_potencialmente_aberta | regime_14133_altamente_provavel | interregno_conservador_por_assinatura_gt_12m | document_request_parallel_action | Objeto classificado como pavimentacao_rodoviaria (conf=0.94) | Interregno mínimo conservador confirmado (level=B_CONSERVATIVE_SIGNATURE_GT_12M; proxy=data_assinatura) | Interregno ≥12m na data-base efetiva (proxy:data_assinatura) [TEMPORAL_CANDIDATE_BY_PROXY],Regime 14.133 provável (ano/PNCP/menção) mas não comprovado em documento oficial | data-base exata do orçamento ausente — cálculo preciso bloqueado,clausula_reajuste | data_base_orcamento_estimado | indice_ou_formula | texto_oficial_contrato_edital | medicoes | apostilas | memoria_reajuste,"Identificamos contratos de obras com interregno anual potencialmente transcorrido. Isso não significa, por si só, que exista valor pendente, mas pode justificar uma conferência técnica da cláusula, da data-base, das medições e dos reajustes já aplicados.","Identificamos contratos de obras com interregno anual potencialmente transcorrido. Isso não significa, por si só, que exista valor pendente, mas pode justificar uma conferência técnica da cláusula, da data-base, das medições e dos reajustes já aplicados.","Não afirmar valor devido, inadimplemento, crédito constituído ou reajuste definitivamente não pago sem verificação documental completa e revisão humana registrada.","Identificamos contratos de obras com interregno anual potencialmente transcorrido. Isso não significa, por si só, que exista valor pendente, mas pode justificar uma conferência técnica da cláusula, da data-base, das medições e dos reajustes já aplicados.",Abordagem diagnóstica prudente oferecendo conferência técnica — sem afirmar valor devido.,"Saldo/medições indisponíveis — valor sobre total é teto teórico, não valor devido. | indice_contratual_ausente — não aplicar IPCA/INCC/SINAPI por plausibilidade",,4130759000,,True,True
3,DIAGNOSTIC_OUTREACH_READY,DOCUMENT_REQUEST_CANDIDATE,SUL_SC_PRIORITY,73.2,98.5,17.5,82.9,73.2,sede_ou_execucao_sul | interregno_conservador_gt_12m | multi_contratos=8 | regime_14133_provavel_ou_comprovado,92779503000125,CASTILHO ENGENHARIA E EMPREENDIMENTOS S/A,,CURITIBA,PR,True,,,,8,DER - Departamento de Estradas de Rodagem do Estado do Paraná | SUP. REG. DO DNIT NO EST.DO RIO GRANDE DO SUL | SUP. REG. DO DNIT NO ESTADO DO PARANA | UNIDADE ADMINISTRATIVA,1070403707.4800001,04892707000100-2-000003/2024,SUP. REG. DO DNIT NO EST.DO RIO GRANDE DO SUL,LEGAL_REGIME_UNKNOWN,DIAGNOSTIC_OUTREACH_READY,obra_classificada_conf=0.76 | fornecedor_privado | obrigacao_financeira_potencialmente_aberta | regime_14133_altamente_provavel | interregno_conservador_por_assinatura_gt_12m | document_request_parallel_action | Objeto classificado como pavimentacao_rodoviaria (conf=0.76) | Interregno mínimo conservador confirmado (level=B_CONSERVATIVE_SIGNATURE_GT_12M; proxy=data_assinatura) | Interregno ≥12m na data-base efetiva (proxy:data_assinatura) [TEMPORAL_CANDIDATE_BY_PROXY],Regime 14.133 provável (ano/PNCP/menção) mas não comprovado em documento oficial | data-base exata do orçamento ausente — cálculo preciso bloqueado,clausula_reajuste | data_base_orcamento_estimado | indice_ou_formula | texto_oficial_contrato_edital | medicoes | apostilas | memoria_reajuste,"Identificamos contratos de obras com interregno anual potencialmente transcorrido. Isso não significa, por si só, que exista valor pendente, mas pode justificar uma conferência técnica da cláusula, da data-base, das medições e dos reajustes já aplicados.","Identificamos contratos de obras com interregno anual potencialmente transcorrido. Isso não significa, por si só, que exista valor pendente, mas pode justificar uma conferência técnica da cláusula, da data-base, das medições e dos reajustes já aplicados.","Não afirmar valor devido, inadimplemento, crédito constituído ou reajuste definitivamente não pago sem verificação documental completa e revisão humana registrada.","Identificamos contratos de obras com interregno anual potencialmente transcorrido. Isso não significa, por si só, que exista valor pendente, mas pode justificar uma conferência técnica da cláusula, da data-base, das medições e dos reajustes já aplicados.",Abordagem diagnóstica prudente oferecendo conferência técnica — sem afirmar valor devido.,"Saldo/medições indisponíveis — valor sobre total é teto teórico, não valor devido. | indice_contratual_ausente — não aplicar IPCA/INCC/SINAPI por plausibilidade",,4130253333,,True,True
4,DIAGNOSTIC_OUTREACH_READY,DOCUMENT_REQUEST_CANDIDATE,SUL_SC_PRIORITY,71.38,97.0,17.5,65.8,71.38,sede_ou_execucao_sul | interregno_conservador_gt_12m | regime_14133_provavel_ou_comprovado,07928501000181,CAMARGO E CAMARGO CONSTRUÇOES E SERVIÇOS LTDA,,CURITIBA,PR,True,,,,1,DEPARTAMENTO DE ARQUITETURA E ENGENHARIA,170597772.0,76105576000185-2-000036/2024,DEPARTAMENTO DE ARQUITETURA E ENGENHARIA,LEGAL_REGIME_UNKNOWN,DIAGNOSTIC_OUTREACH_READY,obra_classificada_conf=0.88 | fornecedor_privado | obrigacao_financeira_potencialmente_aberta | regime_14133_altamente_provavel | interregno_conservador_por_assinatura_gt_12m | document_request_parallel_action | Objeto classificado como edificacoes (conf=0.88) | Interregno mínimo conservador confirmado (level=B_CONSERVATIVE_SIGNATURE_GT_12M; proxy=data_assinatura) | Interregno ≥12m na data-base efetiva (proxy:data_assinatura) [TEMPORAL_CANDIDATE_BY_PROXY],Regime 14.133 provável (ano/PNCP/menção) mas não comprovado em documento oficial | data-base exata do orçamento ausente — cálculo preciso bloqueado,clausula_reajuste | data_base_orcamento_estimado | indice_ou_formula | texto_oficial_contrato_edital | medicoes | apostilas | memoria_reajuste,"Identificamos contratos de obras com interregno anual potencialmente transcorrido. Isso não significa, por si só, que exista valor pendente, mas pode justificar uma conferência técnica da cláusula, da data-base, das medições e dos reajustes já aplicados.","Identificamos contratos de obras com interregno anual potencialmente transcorrido. Isso não significa, por si só, que exista valor pendente, mas pode justificar uma conferência técnica da cláusula, da data-base, das medições e dos reajustes já aplicados.","Não afirmar valor devido, inadimplemento, crédito constituído ou reajuste definitivamente não pago sem verificação documental completa e revisão humana registrada.","Identificamos contratos de obras com interregno anual potencialmente transcorrido. Isso não significa, por si só, que exista valor pendente, mas pode justificar uma conferência técnica da cláusula, da data-base, das medições e dos reajustes já aplicados.",Abordagem diagnóstica prudente oferecendo conferência técnica — sem afirmar valor devido.,"Saldo/medições indisponíveis — valor sobre total é teto teórico, não valor devido. | indice_contratual_ausente — não aplicar IPCA/INCC/SINAPI por plausibilidade",,4132051394,,True,True
5,DIAGNOSTIC_OUTREACH_READY,DOCUMENT_REQUEST_CANDIDATE,SUL_SC_PRIORITY,70.04,95.0,17.5,78.0,70.04,sede_ou_execucao_sul | interregno_conservador_gt_12m | multi_contratos=3 | regime_14133_provavel_ou_comprovado,92943398000118,CONSTRUTORA CIDADE LIMITADA,,PORTO ALEGRE,RS,True,,,,3,SUP. REG. DO DNIT NO EST.DO RIO GRANDE DO SUL,297989826.15000004,04892707000100-2-000192/2024,SUP. REG. DO DNIT NO EST.DO RIO GRANDE DO SUL,LEGAL_REGIME_UNKNOWN,DIAGNOSTIC_OUTREACH_READY,obra_classificada_conf=0.80 | fornecedor_privado | obrigacao_financeira_potencialmente_aberta | regime_14133_altamente_provavel | interregno_conservador_por_assinatura_gt_12m | document_request_parallel_action | Objeto classificado como pontes_estruturas (conf=0.80) | Interregno mínimo conservador confirmado (level=B_CONSERVATIVE_SIGNATURE_GT_12M; proxy=data_assinatura) | Interregno ≥12m na data-base efetiva (proxy:data_assinatura) [TEMPORAL_CANDIDATE_BY_PROXY],Regime 14.133 provável (ano/PNCP/menção) mas não comprovado em documento oficial | data-base exata do orçamento ausente — cálculo preciso bloqueado,clausula_reajuste | data_base_orcamento_estimado | indice_ou_formula | texto_oficial_contrato_edital | medicoes | apostilas | memoria_reajuste,"Identificamos contratos de obras com interregno anual potencialmente transcorrido. Isso não significa, por si só, que exista valor pendente, mas pode justificar uma conferência técnica da cláusula, da data-base, das medições e dos reajustes já aplicados.","Identificamos contratos de obras com interregno anual potencialmente transcorrido. Isso não significa, por si só, que exista valor pendente, mas pode justificar uma conferência técnica da cláusula, da data-base, das medições e dos reajustes já aplicados.","Não afirmar valor devido, inadimplemento, crédito constituído ou reajuste definitivamente não pago sem verificação documental completa e revisão humana registrada.","Identificamos contratos de obras com interregno anual potencialmente transcorrido. Isso não significa, por si só, que exista valor pendente, mas pode justificar uma conferência técnica da cláusula, da data-base, das medições e dos reajustes já aplicados.",Abordagem diagnóstica prudente oferecendo conferência técnica — sem afirmar valor devido.,"Saldo/medições indisponíveis — valor sobre total é teto teórico, não valor devido. | indice_contratual_ausente — não aplicar IPCA/INCC/SINAPI por plausibilidade",,5133886465,,True,True
6,DIAGNOSTIC_OUTREACH_READY,DOCUMENT_REQUEST_CANDIDATE,SUL_SC_PRIORITY,69.88,95.0,17.5,63.0,69.88,sede_ou_execucao_sul | interregno_conservador_gt_12m | regime_14133_provavel_ou_comprovado,57437373000141,CONSORCIO PALMEIRA,,CURITIBA,PR,True,,,,1,DER - Departamento de Estradas de Rodagem do Estado do Paraná,257215008.0,76669324000189-2-000083/2024,DER - Departamento de Estradas de Rodagem do Estado do Paraná,LEGAL_REGIME_UNKNOWN,DIAGNOSTIC_OUTREACH_READY,obra_classificada_conf=0.80 | fornecedor_privado | obrigacao_financeira_potencialmente_aberta | regime_14133_altamente_provavel | interregno_conservador_por_assinatura_gt_12m | document_request_parallel_action | Objeto classificado como pavimentacao_rodoviaria (conf=0.80) | Interregno mínimo conservador confirmado (level=B_CONSERVATIVE_SIGNATURE_GT_12M; proxy=data_assinatura) | Interregno ≥12m na data-base efetiva (proxy:data_assinatura) [TEMPORAL_CANDIDATE_BY_PROXY],Regime 14.133 provável (ano/PNCP/menção) mas não comprovado em documento oficial | data-base exata do orçamento ausente — cálculo preciso bloqueado,clausula_reajuste | data_base_orcamento_estimado | indice_ou_formula | texto_oficial_contrato_edital | medicoes | apostilas | memoria_reajuste,"Identificamos contratos de obras com interregno anual potencialmente transcorrido. Isso não significa, por si só, que exista valor pendente, mas pode justificar uma conferência técnica da cláusula, da data-base, das medições e dos reajustes já aplicados.","Identificamos contratos de obras com interregno anual potencialmente transcorrido. Isso não significa, por si só, que exista valor pendente, mas pode justificar uma conferência técnica da cláusula, da data-base, das medições e dos reajustes já aplicados.","Não afirmar valor devido, inadimplemento, crédito constituído ou reajuste definitivamente não pago sem verificação documental completa e revisão humana registrada.","Identificamos contratos de obras com interregno anual potencialmente transcorrido. Isso não significa, por si só, que exista valor pendente, mas pode justificar uma conferência técnica da cláusula, da data-base, das medições e dos reajustes já aplicados.",Abordagem diagnóstica prudente oferecendo conferência técnica — sem afirmar valor devido.,"Saldo/medições indisponíveis — valor sobre total é teto teórico, não valor devido. | indice_contratual_ausente — não aplicar IPCA/INCC/SINAPI por plausibilidade",,4103253333,,True,True
7,DIAGNOSTIC_OUTREACH_READY,DOCUMENT_REQUEST_CANDIDATE,SUL_SC_PRIORITY,69.88,95.0,17.5,63.0,69.88,sede_ou_execucao_sul | interregno_conservador_gt_12m | regime_14133_provavel_ou_comprovado,58220887000103,CONSORCIO DALBA - CLC,,GUARAPUAVA,PR,True,,,,1,DER - Departamento de Estradas de Rodagem do Estado do Paraná,293750016.0,76669324000189-2-000092/2024,DER - Departamento de Estradas de Rodagem do Estado do Paraná,LEGAL_REGIME_UNKNOWN,DIAGNOSTIC_OUTREACH_READY,obra_classificada_conf=0.80 | fornecedor_privado | obrigacao_financeira_potencialmente_aberta | regime_14133_altamente_provavel | interregno_conservador_por_assinatura_gt_12m | document_request_parallel_action | Objeto classificado como pavimentacao_rodoviaria (conf=0.80) | Interregno mínimo conservador confirmado (level=B_CONSERVATIVE_SIGNATURE_GT_12M; proxy=data_assinatura) | Interregno ≥12m na data-base efetiva (proxy:data_assinatura) [TEMPORAL_CANDIDATE_BY_PROXY],Regime 14.133 provável (ano/PNCP/menção) mas não comprovado em documento oficial | data-base exata do orçamento ausente — cálculo preciso bloqueado,clausula_reajuste | data_base_orcamento_estimado | indice_ou_formula | texto_oficial_contrato_edital | medicoes | apostilas | memoria_reajuste,"Identificamos contratos de obras com interregno anual potencialmente transcorrido. Isso não significa, por si só, que exista valor pendente, mas pode justificar uma conferência técnica da cláusula, da data-base, das medições e dos reajustes já aplicados.","Identificamos contratos de obras com interregno anual potencialmente transcorrido. Isso não significa, por si só, que exista valor pendente, mas pode justificar uma conferência técnica da cláusula, da data-base, das medições e dos reajustes já aplicados.","Não afirmar valor devido, inadimplemento, crédito constituído ou reajuste definitivamente não pago sem verificação documental completa e revisão humana registrada.","Identificamos contratos de obras com interregno anual potencialmente transcorrido. Isso não significa, por si só, que exista valor pendente, mas pode justificar uma conferência técnica da cláusula, da data-base, das medições e dos reajustes já aplicados.",Abordagem diagnóstica prudente oferecendo conferência técnica — sem afirmar valor devido.,"Saldo/medições indisponíveis — valor sobre total é teto teórico, não valor devido. | indice_contratual_ausente — não aplicar IPCA/INCC/SINAPI por plausibilidade",,4230359550,,True,True
8,DIAGNOSTIC_OUTREACH_READY,DOCUMENT_REQUEST_CANDIDATE,SUL_SC_PRIORITY,69.88,95.0,17.5,63.0,69.88,sede_ou_execucao_sul | interregno_conservador_gt_12m | regime_14133_provavel_ou_comprovado,79096020000168,ENGERAMA ENGENHARIA E EMPREENDIMENTOS LTDA,,CAMPO LARGO,PR,True,,,,1,PREFEITURA MUNICIPAL DE SAO JOSE DOS PINHAIS,154990000.0,76105543000135-2-000098/2024,PREFEITURA MUNICIPAL DE SAO JOSE DOS PINHAIS,LEGAL_REGIME_UNKNOWN,DIAGNOSTIC_OUTREACH_READY,obra_classificada_conf=0.80 | fornecedor_privado | obrigacao_financeira_potencialmente_aberta | regime_14133_altamente_provavel | interregno_conservador_por_assinatura_gt_12m | document_request_parallel_action | Objeto classificado como obras_engenharia_geral (conf=0.80) | Interregno mínimo conservador confirmado (level=B_CONSERVATIVE_SIGNATURE_GT_12M; proxy=data_assinatura) | Interregno ≥12m na data-base efetiva (proxy:data_assinatura) [TEMPORAL_CANDIDATE_BY_PROXY],Regime 14.133 provável (ano/PNCP/menção) mas não comprovado em documento oficial | data-base exata do orçamento ausente — cálculo preciso bloqueado,clausula_reajuste | data_base_orcamento_estimado | indice_ou_formula | texto_oficial_contrato_edital | medicoes | apostilas | memoria_reajuste,"Identificamos contratos de obras com interregno anual potencialmente transcorrido. Isso não significa, por si só, que exista valor pendente, mas pode justificar uma conferência técnica da cláusula, da data-base, das medições e dos reajustes já aplicados.","Identificamos contratos de obras com interregno anual potencialmente transcorrido. Isso não significa, por si só, que exista valor pendente, mas pode justificar uma conferência técnica da cláusula, da data-base, das medições e dos reajustes já aplicados.","Não afirmar valor devido, inadimplemento, crédito constituído ou reajuste definitivamente não pago sem verificação documental completa e revisão humana registrada.","Identificamos contratos de obras com interregno anual potencialmente transcorrido. Isso não significa, por si só, que exista valor pendente, mas pode justificar uma conferência técnica da cláusula, da data-base, das medições e dos reajustes já aplicados.",Abordagem diagnóstica prudente oferecendo conferência técnica — sem afirmar valor devido.,"Saldo/medições indisponíveis — valor sobre total é teto teórico, não valor devido. | indice_contratual_ausente — não aplicar IPCA/INCC/SINAPI por plausibilidade",,413922011,,True,True
9,DIAGNOSTIC_OUTREACH_READY,DOCUMENT_REQUEST_CANDIDATE,SUL_SC_PRIORITY,69.13,94.0,17.5,61.6,69.13,sede_ou_execucao_sul | interregno_conservador_gt_12m | regime_14133_provavel_ou_comprovado,55018852000106,CONSORCIO SANCHES TRIPOLONI - CONSOL - CLEVELANDIA - PATO BRANCO,,MARINGA,PR,True,,,,1,DER - Departamento de Estradas de Rodagem do Estado do Paraná,180950000.0,76669324000189-2-000035/2024,DER - Departamento de Estradas de Rodagem do Estado do Paraná,LEGAL_REGIME_UNKNOWN,DIAGNOSTIC_OUTREACH_READY,obra_classificada_conf=0.76 | fornecedor_privado | obrigacao_financeira_potencialmente_aberta | regime_14133_altamente_provavel | interregno_conservador_por_assinatura_gt_12m | document_request_parallel_action | Objeto classificado como obras_engenharia_geral (conf=0.76) | Interregno mínimo conservador confirmado (level=B_CONSERVATIVE_SIGNATURE_GT_12M; proxy=data_assinatura) | Interregno ≥12m na data-base efetiva (proxy:data_assinatura) [TEMPORAL_CANDIDATE_BY_PROXY],Regime 14.133 provável (ano/PNCP/menção) mas não comprovado em documento oficial | data-base exata do orçamento ausente — cálculo preciso bloqueado,clausula_reajuste | data_base_orcamento_estimado | indice_ou_formula | texto_oficial_contrato_edital | medicoes | apostilas | memoria_reajuste,"Identificamos contratos de obras com interregno anual potencialmente transcorrido. Isso não significa, por si só, que exista valor pendente, mas pode justificar uma conferência técnica da cláusula, da data-base, das medições e dos reajustes já aplicados.","Identificamos contratos de obras com interregno anual potencialmente transcorrido. Isso não significa, por si só, que exista valor pendente, mas pode justificar uma conferência técnica da cláusula, da data-base, das medições e dos reajustes já aplicados.","Não afirmar valor devido, inadimplemento, crédito constituído ou reajuste definitivamente não pago sem verificação documental completa e revisão humana registrada.","Identificamos contratos de obras com interregno anual potencialmente transcorrido. Isso não significa, por si só, que exista valor pendente, mas pode justificar uma conferência técnica da cláusula, da data-base, das medições e dos reajustes já aplicados.",Abordagem diagnóstica prudente oferecendo conferência técnica — sem afirmar valor devido.,"Saldo/medições indisponíveis — valor sobre total é teto teórico, não valor devido. | indice_contratual_ausente — não aplicar IPCA/INCC/SINAPI por plausibilidade",,4421015959,,True,True
10,DIAGNOSTIC_OUTREACH_READY,DOCUMENT_REQUEST_CANDIDATE,SUL_SC_PRIORITY,66.35,90.0,17.5,71.0,66.35,sede_ou_execucao_sul | interregno_conservador_gt_12m | multi_contratos=3 | regime_14133_provavel_ou_comprovado,03928516000199,VERDI SISTEMAS CONSTRUTIVOS LTDA,,PORTO ALEGRE,RS,True,,,,3,BRIGADA MILITAR - DEPARTAMENTO DE LOGÍSTICA E PATRIMÔNIO | SUPERINTENDÊNCIA DOS SERVIÇOS PENITENCIÁRIOS,532624021.82,17176399000169-2-000036/2024,SUPERINTENDÊNCIA DOS SERVIÇOS PENITENCIÁRIOS,LEGAL_REGIME_UNKNOWN,DIAGNOSTIC_OUTREACH_READY,obra_classificada_conf=0.60 | fornecedor_privado | obrigacao_financeira_potencialmente_aberta | regime_14133_altamente_provavel | interregno_conservador_por_assinatura_gt_12m | document_request_parallel_action | Objeto classificado como obras_engenharia_geral (conf=0.60) | Interregno mínimo conservador confirmado (level=B_CONSERVATIVE_SIGNATURE_GT_12M; proxy=data_assinatura) | Interregno ≥12m na data-base efetiva (proxy:data_assinatura) [TEMPORAL_CANDIDATE_BY_PROXY],Regime 14.133 provável (ano/PNCP/menção) mas não comprovado em documento oficial | data-base exata do orçamento ausente — cálculo preciso bloqueado,clausula_reajuste | data_base_orcamento_estimado | indice_ou_formula | texto_oficial_contrato_edital | medicoes | apostilas | memoria_reajuste,"Identificamos contratos de obras com interregno anual potencialmente transcorrido. Isso não significa, por si só, que exista valor pendente, mas pode justificar uma conferência técnica da cláusula, da data-base, das medições e dos reajustes já aplicados.","Identificamos contratos de obras com interregno anual potencialmente transcorrido. Isso não significa, por si só, que exista valor pendente, mas pode justificar uma conferência técnica da cláusula, da data-base, das medições e dos reajustes já aplicados.","Não afirmar valor devido, inadimplemento, crédito constituído ou reajuste definitivamente não pago sem verificação documental completa e revisão humana registrada.","Identificamos contratos de obras com interregno anual potencialmente transcorrido. Isso não significa, por si só, que exista valor pendente, mas pode justificar uma conferência técnica da cláusula, da data-base, das medições e dos reajustes já aplicados.",Abordagem diagnóstica prudente oferecendo conferência técnica — sem afirmar valor devido.,"Saldo/medições indisponíveis — valor sobre total é teto teórico, não valor devido. | indice_contratual_ausente — não aplicar IPCA/INCC/SINAPI por plausibilidade",,5135401025,,True,True
11,DIAGNOSTIC_OUTREACH_READY,DOCUMENT_REQUEST_CANDIDATE,NACIONAL,65.62,100.0,17.5,70.0,65.62,interregno_conservador_gt_12m | multi_contratos=13 | regime_14133_provavel_ou_comprovado,00472805000138,TRACADO CONSTRUCOES E SERVICOS LTDA,,SAO PAULO,SP,False,,,,13,DEPARTAMENTO AUTÔNOMO DE ESTRADAS DE RODAGEM | DEPARTAMENTO DE OBRAS E SERVIÇOS | Executivo Administração Direta | MUNICÍPIO DE CRUZALTENSE | MUNICÍPIO DE PASSO FUNDO | Municipio de Alpestre | OBRAS E SERVICOS PUBLICOS | PM Jacutinga | PREFEITURA MUNICIPAL DE CONGONHINHAS - PR | PREFEITURA MUNICIPAL DE ERECHIM | Prefeitura Municipal de Quatro Irmãos,469024271.44,92883834000100-2-000004/2025,DEPARTAMENTO AUTÔNOMO DE ESTRADAS DE RODAGEM,LEGAL_REGIME_UNKNOWN,DIAGNOSTIC_OUTREACH_READY,obra_classificada_conf=1.00 | fornecedor_privado | obrigacao_financeira_potencialmente_aberta | regime_14133_altamente_provavel | interregno_conservador_por_assinatura_gt_12m | document_request_parallel_action | Objeto classificado como pavimentacao_rodoviaria (conf=1.00) | Interregno mínimo conservador confirmado (level=B_CONSERVATIVE_SIGNATURE_GT_12M; proxy=data_assinatura) | Interregno ≥12m na data-base efetiva (proxy:data_assinatura) [TEMPORAL_CANDIDATE_BY_PROXY],Regime 14.133 provável (ano/PNCP/menção) mas não comprovado em documento oficial | data-base exata do orçamento ausente — cálculo preciso bloqueado,clausula_reajuste | data_base_orcamento_estimado | indice_ou_formula | texto_oficial_contrato_edital | medicoes | apostilas | memoria_reajuste,"Identificamos contratos de obras com interregno anual potencialmente transcorrido. Isso não significa, por si só, que exista valor pendente, mas pode justificar uma conferência técnica da cláusula, da data-base, das medições e dos reajustes já aplicados.","Identificamos contratos de obras com interregno anual potencialmente transcorrido. Isso não significa, por si só, que exista valor pendente, mas pode justificar uma conferência técnica da cláusula, da data-base, das medições e dos reajustes já aplicados.","Não afirmar valor devido, inadimplemento, crédito constituído ou reajuste definitivamente não pago sem verificação documental completa e revisão humana registrada.","Identificamos contratos de obras com interregno anual potencialmente transcorrido. Isso não significa, por si só, que exista valor pendente, mas pode justificar uma conferência técnica da cláusula, da data-base, das medições e dos reajustes já aplicados.",Abordagem diagnóstica prudente oferecendo conferência técnica — sem afirmar valor devido.,"Saldo/medições indisponíveis — valor sobre total é teto teórico, não valor devido. | indice_contratual_ausente — não aplicar IPCA/INCC/SINAPI por plausibilidade",,5421071000,,True,True
12,DIAGNOSTIC_OUTREACH_READY,DOCUMENT_REQUEST_CANDIDATE,NACIONAL,63.75,100.0,17.5,66.5,63.75,interregno_conservador_gt_12m | multi_contratos=24 | regime_14133_provavel_ou_comprovado,19758842000135,LCM CONSTRUCAO E COMERCIO S.A,,BELO HORIZONTE,MG,False,,,,24,DEPARTAMENTO AUTÔNOMO DE ESTRADAS DE RODAGEM | DER - Departamento de Estradas de Rodagem do Estado do Paraná | SUP. REG. DO DNIT NO EST.DO RIO GRANDE DO SUL | SUP. REG. DO DNIT NO ESTADO DE SANTA CATARINA | SUP. REG. DO DNIT NO ESTADO DO PARANA | Secretaria de Estado da Infraestrutura e Mobilidade,2190599956.94,04892707000100-2-000493/2024,SUP. REG. DO DNIT NO EST.DO RIO GRANDE DO SUL,LEGAL_REGIME_UNKNOWN,DIAGNOSTIC_OUTREACH_READY,obra_classificada_conf=0.76 | fornecedor_privado | obrigacao_financeira_potencialmente_aberta | regime_14133_altamente_provavel | interregno_conservador_por_assinatura_gt_12m | document_request_parallel_action | Objeto classificado como pavimentacao_rodoviaria (conf=0.76) | Interregno mínimo conservador confirmado (level=B_CONSERVATIVE_SIGNATURE_GT_12M; proxy=data_assinatura) | Interregno ≥12m na data-base efetiva (proxy:data_assinatura) [TEMPORAL_CANDIDATE_BY_PROXY],Regime 14.133 provável (ano/PNCP/menção) mas não comprovado em documento oficial | data-base exata do orçamento ausente — cálculo preciso bloqueado,clausula_reajuste | data_base_orcamento_estimado | indice_ou_formula | texto_oficial_contrato_edital | medicoes | apostilas | memoria_reajuste,"Identificamos contratos de obras com interregno anual potencialmente transcorrido. Isso não significa, por si só, que exista valor pendente, mas pode justificar uma conferência técnica da cláusula, da data-base, das medições e dos reajustes já aplicados.","Identificamos contratos de obras com interregno anual potencialmente transcorrido. Isso não significa, por si só, que exista valor pendente, mas pode justificar uma conferência técnica da cláusula, da data-base, das medições e dos reajustes já aplicados.","Não afirmar valor devido, inadimplemento, crédito constituído ou reajuste definitivamente não pago sem verificação documental completa e revisão humana registrada.","Identificamos contratos de obras com interregno anual potencialmente transcorrido. Isso não significa, por si só, que exista valor pendente, mas pode justificar uma conferência técnica da cláusula, da data-base, das medições e dos reajustes já aplicados.",Abordagem diagnóstica prudente oferecendo conferência técnica — sem afirmar valor devido.,"Saldo/medições indisponíveis — valor sobre total é teto teórico, não valor devido. | indice_contratual_ausente — não aplicar IPCA/INCC/SINAPI por plausibilidade",,3132987050,,True,True
13,DIAGNOSTIC_OUTREACH_READY,DOCUMENT_REQUEST_CANDIDATE,NACIONAL,61.88,96.0,17.5,63.0,61.88,interregno_conservador_gt_12m | multi_contratos=2 | regime_14133_provavel_ou_comprovado,00779059000120,CONSTRUTORA LUIZ COSTA,,MOSSORO,RN,False,,,,2,DER - Departamento de Estradas de Rodagem do Estado do Paraná | Secretaria de Estado da Infraestrutura e Mobilidade,309994796.56,76669324000189-2-000019/2025,DER - Departamento de Estradas de Rodagem do Estado do Paraná,LEGAL_REGIME_UNKNOWN,DIAGNOSTIC_OUTREACH_READY,obra_classificada_conf=0.84 | fornecedor_privado | obrigacao_financeira_potencialmente_aberta | regime_14133_altamente_provavel | interregno_conservador_por_assinatura_gt_12m | document_request_parallel_action | Objeto classificado como pavimentacao_rodoviaria (conf=0.84) | Interregno mínimo conservador confirmado (level=B_CONSERVATIVE_SIGNATURE_GT_12M; proxy=data_assinatura) | Interregno ≥12m na data-base efetiva (proxy:data_assinatura) [TEMPORAL_CANDIDATE_BY_PROXY],Regime 14.133 provável (ano/PNCP/menção) mas não comprovado em documento oficial | data-base exata do orçamento ausente — cálculo preciso bloqueado,clausula_reajuste | data_base_orcamento_estimado | indice_ou_formula | texto_oficial_contrato_edital | medicoes | apostilas | memoria_reajuste,"Identificamos contratos de obras com interregno anual potencialmente transcorrido. Isso não significa, por si só, que exista valor pendente, mas pode justificar uma conferência técnica da cláusula, da data-base, das medições e dos reajustes já aplicados.","Identificamos contratos de obras com interregno anual potencialmente transcorrido. Isso não significa, por si só, que exista valor pendente, mas pode justificar uma conferência técnica da cláusula, da data-base, das medições e dos reajustes já aplicados.","Não afirmar valor devido, inadimplemento, crédito constituído ou reajuste definitivamente não pago sem verificação documental completa e revisão humana registrada.","Identificamos contratos de obras com interregno anual potencialmente transcorrido. Isso não significa, por si só, que exista valor pendente, mas pode justificar uma conferência técnica da cláusula, da data-base, das medições e dos reajustes já aplicados.",Abordagem diagnóstica prudente oferecendo conferência técnica — sem afirmar valor devido.,"Saldo/medições indisponíveis — valor sobre total é teto teórico, não valor devido. | indice_contratual_ausente — não aplicar IPCA/INCC/SINAPI por plausibilidade",,8433189500,,True,True
14,DIAGNOSTIC_OUTREACH_READY,DOCUMENT_REQUEST_CANDIDATE,NACIONAL,61.88,96.0,17.5,49.4,61.88,interregno_conservador_gt_12m | regime_14133_provavel_ou_comprovado,61002917000110,CONSORCIO CLC/COMOL - NOVA TEBAS/PITANGA,,MOSSORO,RN,False,,,,1,DER - Departamento de Estradas de Rodagem do Estado do Paraná,267800000.0,76669324000189-2-000114/2025,DER - Departamento de Estradas de Rodagem do Estado do Paraná,LEGAL_REGIME_UNKNOWN,DIAGNOSTIC_OUTREACH_READY,obra_classificada_conf=0.84 | fornecedor_privado | obrigacao_financeira_potencialmente_aberta | regime_14133_altamente_provavel | interregno_conservador_por_assinatura_gt_12m | document_request_parallel_action | Objeto classificado como pavimentacao_rodoviaria (conf=0.84) | Interregno mínimo conservador confirmado (level=B_CONSERVATIVE_SIGNATURE_GT_12M; proxy=data_assinatura) | Interregno ≥12m na data-base efetiva (proxy:data_assinatura) [TEMPORAL_CANDIDATE_BY_PROXY],Regime 14.133 provável (ano/PNCP/menção) mas não comprovado em documento oficial | data-base exata do orçamento ausente — cálculo preciso bloqueado,clausula_reajuste | data_base_orcamento_estimado | indice_ou_formula | texto_oficial_contrato_edital | medicoes | apostilas | memoria_reajuste,"Identificamos contratos de obras com interregno anual potencialmente transcorrido. Isso não significa, por si só, que exista valor pendente, mas pode justificar uma conferência técnica da cláusula, da data-base, das medições e dos reajustes já aplicados.","Identificamos contratos de obras com interregno anual potencialmente transcorrido. Isso não significa, por si só, que exista valor pendente, mas pode justificar uma conferência técnica da cláusula, da data-base, das medições e dos reajustes já aplicados.","Não afirmar valor devido, inadimplemento, crédito constituído ou reajuste definitivamente não pago sem verificação documental completa e revisão humana registrada.","Identificamos contratos de obras com interregno anual potencialmente transcorrido. Isso não significa, por si só, que exista valor pendente, mas pode justificar uma conferência técnica da cláusula, da data-base, das medições e dos reajustes já aplicados.",Abordagem diagnóstica prudente oferecendo conferência técnica — sem afirmar valor devido.,"Saldo/medições indisponíveis — valor sobre total é teto teórico, não valor devido. | indice_contratual_ausente — não aplicar IPCA/INCC/SINAPI por plausibilidade",,8433189526,,True,True
15,DIAGNOSTIC_OUTREACH_READY,DOCUMENT_REQUEST_CANDIDATE,NACIONAL,61.13,95.0,17.5,48.0,61.13,interregno_conservador_gt_12m | regime_14133_provavel_ou_comprovado,08878462000118,"SETOR MB CONSTRUCOES, SERVICOS E COMERCIO LTDA",,RIO DE JANEIRO,RJ,False,,,,1,GRUPAMENTO DE APOIO DE CANOAS,183685323.51,00394429000100-2-002018/2023,GRUPAMENTO DE APOIO DE CANOAS,LEGAL_REGIME_UNKNOWN,DIAGNOSTIC_OUTREACH_READY,obra_classificada_conf=0.80 | fornecedor_privado | obrigacao_financeira_potencialmente_aberta | regime_14133_altamente_provavel | interregno_conservador_por_assinatura_gt_12m | document_request_parallel_action | Objeto classificado como obras_engenharia_geral (conf=0.80) | Interregno mínimo conservador confirmado (level=B_CONSERVATIVE_SIGNATURE_GT_12M; proxy=data_assinatura) | Interregno ≥12m na data-base efetiva (proxy:data_assinatura) [TEMPORAL_CANDIDATE_BY_PROXY],Regime 14.133 provável (ano/PNCP/menção) mas não comprovado em documento oficial | data-base exata do orçamento ausente — cálculo preciso bloqueado,clausula_reajuste | data_base_orcamento_estimado | indice_ou_formula | texto_oficial_contrato_edital | medicoes | apostilas | memoria_reajuste,"Identificamos contratos de obras com interregno anual potencialmente transcorrido. Isso não significa, por si só, que exista valor pendente, mas pode justificar uma conferência técnica da cláusula, da data-base, das medições e dos reajustes já aplicados.","Identificamos contratos de obras com interregno anual potencialmente transcorrido. Isso não significa, por si só, que exista valor pendente, mas pode justificar uma conferência técnica da cláusula, da data-base, das medições e dos reajustes já aplicados.","Não afirmar valor devido, inadimplemento, crédito constituído ou reajuste definitivamente não pago sem verificação documental completa e revisão humana registrada.","Identificamos contratos de obras com interregno anual potencialmente transcorrido. Isso não significa, por si só, que exista valor pendente, mas pode justificar uma conferência técnica da cláusula, da data-base, das medições e dos reajustes já aplicados.",Abordagem diagnóstica prudente oferecendo conferência técnica — sem afirmar valor devido.,"Saldo/medições indisponíveis — valor sobre total é teto teórico, não valor devido. | indice_contratual_ausente — não aplicar IPCA/INCC/SINAPI por plausibilidade",,2126610280,,True,True
16,DIAGNOSTIC_OUTREACH_READY,DOCUMENT_REQUEST_CANDIDATE,SUL_SC_PRIORITY,58.0,85.0,15.0,53.0,58.0,sede_ou_execucao_sul | interregno_conservador_gt_12m | regime_14133_provavel_ou_comprovado,59653926000129,CONSÓRCIO RODOVIA PR-170 - PITANGA A TURVO,,MARINGA,PR,True,,,,1,DER - Departamento de Estradas de Rodagem do Estado do Paraná,0.0,76669324000189-2-000016/2025,DER - Departamento de Estradas de Rodagem do Estado do Paraná,LEGAL_REGIME_UNKNOWN,DIAGNOSTIC_OUTREACH_READY,obra_classificada_conf=0.80 | fornecedor_privado | obrigacao_financeira_potencialmente_aberta | regime_14133_altamente_provavel | interregno_conservador_por_assinatura_gt_12m | document_request_parallel_action | Objeto classificado como pavimentacao_rodoviaria (conf=0.80) | Interregno mínimo conservador confirmado (level=B_CONSERVATIVE_SIGNATURE_GT_12M; proxy=data_assinatura) | Interregno ≥12m na data-base efetiva (proxy:data_assinatura) [TEMPORAL_CANDIDATE_BY_PROXY],Regime 14.133 provável (ano/PNCP/menção) mas não comprovado em documento oficial | data-base exata do orçamento ausente — cálculo preciso bloqueado,clausula_reajuste | data_base_orcamento_estimado | indice_ou_formula | texto_oficial_contrato_edital | medicoes | apostilas | memoria_reajuste,"Identificamos contratos de obras com interregno anual potencialmente transcorrido. Isso não significa, por si só, que exista valor pendente, mas pode justificar uma conferência técnica da cláusula, da data-base, das medições e dos reajustes já aplicados.","Identificamos contratos de obras com interregno anual potencialmente transcorrido. Isso não significa, por si só, que exista valor pendente, mas pode justificar uma conferência técnica da cláusula, da data-base, das medições e dos reajustes já aplicados.","Não afirmar valor devido, inadimplemento, crédito constituído ou reajuste definitivamente não pago sem verificação documental completa e revisão humana registrada.","Identificamos contratos de obras com interregno anual potencialmente transcorrido. Isso não significa, por si só, que exista valor pendente, mas pode justificar uma conferência técnica da cláusula, da data-base, das medições e dos reajustes já aplicados.",Abordagem diagnóstica prudente oferecendo conferência técnica — sem afirmar valor devido.,indice_contratual_ausente — não aplicar IPCA/INCC/SINAPI por plausibilidade | serie_oficial_incompleta — percentual não calculado,,4421015959,,True,True
17,DIAGNOSTIC_OUTREACH_READY,DOCUMENT_REQUEST_CANDIDATE,SUL_SC_PRIORITY,54.25,80.0,15.0,46.0,54.25,sede_ou_execucao_sul | interregno_conservador_gt_12m | regime_14133_provavel_ou_comprovado,48430801000113,SAUDE PINHAIS SPE LTDA,,PINHAIS,PR,True,,,,1,Fundo Municipal de Saúde,0.0,95423000000100-2-000001/2022,Fundo Municipal de Saúde,LEGAL_REGIME_UNKNOWN,DIAGNOSTIC_OUTREACH_READY,obra_classificada_conf=0.60 | fornecedor_privado | obrigacao_financeira_potencialmente_aberta | regime_14133_altamente_provavel | interregno_conservador_por_assinatura_gt_12m | document_request_parallel_action | Objeto classificado como obras_engenharia_geral (conf=0.60) | Interregno mínimo conservador confirmado (level=B_CONSERVATIVE_SIGNATURE_GT_12M; proxy=data_assinatura) | Interregno ≥12m na data-base efetiva (proxy:data_assinatura) [TEMPORAL_CANDIDATE_BY_PROXY],Regime 14.133 provável (ano/PNCP/menção) mas não comprovado em documento oficial | data-base exata do orçamento ausente — cálculo preciso bloqueado,clausula_reajuste | data_base_orcamento_estimado | indice_ou_formula | texto_oficial_contrato_edital | medicoes | apostilas | memoria_reajuste,"Identificamos contratos de obras com interregno anual potencialmente transcorrido. Isso não significa, por si só, que exista valor pendente, mas pode justificar uma conferência técnica da cláusula, da data-base, das medições e dos reajustes já aplicados.","Identificamos contratos de obras com interregno anual potencialmente transcorrido. Isso não significa, por si só, que exista valor pendente, mas pode justificar uma conferência técnica da cláusula, da data-base, das medições e dos reajustes já aplicados.","Não afirmar valor devido, inadimplemento, crédito constituído ou reajuste definitivamente não pago sem verificação documental completa e revisão humana registrada.","Identificamos contratos de obras com interregno anual potencialmente transcorrido. Isso não significa, por si só, que exista valor pendente, mas pode justificar uma conferência técnica da cláusula, da data-base, das medições e dos reajustes já aplicados.",Abordagem diagnóstica prudente oferecendo conferência técnica — sem afirmar valor devido.,indice_contratual_ausente — não aplicar IPCA/INCC/SINAPI por plausibilidade | serie_oficial_incompleta — percentual não calculado,,4138910771,,True,True
18,DIAGNOSTIC_OUTREACH_READY,DOCUMENT_REQUEST_CANDIDATE,NACIONAL,52.25,84.0,15.0,64.4,52.25,interregno_conservador_gt_12m | multi_contratos=3 | regime_14133_provavel_ou_comprovado,20569802000124,CONSTRUTORA LOSANGO LTDA,,BELO HORIZONTE,MG,False,,,,3,SUP. REG. DO DNIT NO EST.DO RIO GRANDE DO SUL,126350000.0,04892707000100-2-000293/2025,SUP. REG. DO DNIT NO EST.DO RIO GRANDE DO SUL,LEGAL_REGIME_UNKNOWN,DIAGNOSTIC_OUTREACH_READY,obra_classificada_conf=0.76 | fornecedor_privado | obrigacao_financeira_potencialmente_aberta | regime_14133_altamente_provavel | interregno_conservador_por_assinatura_gt_12m | document_request_parallel_action | Objeto classificado como pavimentacao_rodoviaria (conf=0.76) | Interregno mínimo conservador confirmado (level=B_CONSERVATIVE_SIGNATURE_GT_12M; proxy=data_assinatura) | Interregno ≥12m na data-base efetiva (proxy:data_assinatura) [TEMPORAL_CANDIDATE_BY_PROXY],Regime 14.133 provável (ano/PNCP/menção) mas não comprovado em documento oficial | maturidade_temporal_insuficiente | data-base exata do orçamento ausente — cálculo preciso bloqueado,clausula_reajuste | data_base_orcamento_estimado | indice_ou_formula | texto_oficial_contrato_edital | medicoes | apostilas | memoria_reajuste,"Identificamos contratos de obras com interregno anual potencialmente transcorrido. Isso não significa, por si só, que exista valor pendente, mas pode justificar uma conferência técnica da cláusula, da data-base, das medições e dos reajustes já aplicados.","Identificamos contratos de obras com interregno anual potencialmente transcorrido. Isso não significa, por si só, que exista valor pendente, mas pode justificar uma conferência técnica da cláusula, da data-base, das medições e dos reajustes já aplicados.","Não afirmar valor devido, inadimplemento, crédito constituído ou reajuste definitivamente não pago sem verificação documental completa e revisão humana registrada.","Identificamos contratos de obras com interregno anual potencialmente transcorrido. Isso não significa, por si só, que exista valor pendente, mas pode justificar uma conferência técnica da cláusula, da data-base, das medições e dos reajustes já aplicados.",Abordagem diagnóstica prudente oferecendo conferência técnica — sem afirmar valor devido.,"Saldo/medições indisponíveis — valor sobre total é teto teórico, não valor devido. | indice_contratual_ausente — não aplicar IPCA/INCC/SINAPI por plausibilidade | serie_oficial_incompleta — percentual não calculado",,3130706901,,True,True
19,LIKELY_ADJUSTMENT_OPPORTUNITY,DOCUMENT_REQUEST_CANDIDATE,SUL_SC_PRIORITY,78.75,98.5,17.5,92.9,78.75,sede_ou_execucao_sul | interregno_conservador_gt_12m | multi_contratos=3 | regime_14133_provavel_ou_comprovado,83665141000150,SETEP CONSTRUCOES S.A,,Florianópolis,SC,True,,,,3,CONSÓRCIO INTERFEDERATIVO SANTA CATARINA - CINCATARINA | SUP. REG. DO DNIT NO ESTADO DE SANTA CATARINA,99122187.4,04892707000100-2-000324/2023,SUP. REG. DO DNIT NO ESTADO DE SANTA CATARINA,LEGAL_REGIME_UNKNOWN,LIKELY_ADJUSTMENT_OPPORTUNITY,obra_classificada_conf=0.94 | fornecedor_privado | obrigacao_financeira_potencialmente_aberta | regime_14133_altamente_provavel | interregno_conservador_por_assinatura_gt_12m | document_request_parallel_action | Objeto classificado como pavimentacao_rodoviaria (conf=0.94) | Interregno mínimo conservador confirmado (level=B_CONSERVATIVE_SIGNATURE_GT_12M; proxy=data_assinatura) | Interregno ≥12m na data-base efetiva (proxy:data_assinatura) [TEMPORAL_CANDIDATE_BY_PROXY],Regime 14.133 provável (ano/PNCP/menção) mas não comprovado em documento oficial | data-base exata do orçamento ausente — cálculo preciso bloqueado,clausula_reajuste | data_base_orcamento_estimado | indice_ou_formula | texto_oficial_contrato_edital | medicoes | apostilas | memoria_reajuste,Oportunidade provável — enriquecer contato e documentos antes da abordagem.,Oportunidade provável — enriquecer contato e documentos antes da abordagem.,"Não afirmar valor devido, inadimplemento, crédito constituído ou reajuste definitivamente não pago sem verificação documental completa e revisão humana registrada.",Oportunidade provável — enriquecer contato e documentos antes da abordagem.,Enriquecer contato empresarial; manter na fila de leads prioritários.,"Saldo/medições indisponíveis — valor sobre total é teto teórico, não valor devido. | indice_contratual_ausente — não aplicar IPCA/INCC/SINAPI por plausibilidade",,,,False,True
20,LIKELY_ADJUSTMENT_OPPORTUNITY,DOCUMENT_REQUEST_CANDIDATE,SUL_SC_PRIORITY,78.03,98.0,17.5,95.0,78.03,sede_ou_execucao_sul | interregno_conservador_gt_12m | multi_contratos=16 | regime_14133_provavel_ou_comprovado,03094645000129,Infrasul Infraestrutura e Empreendimentos Ltda,,JOINVILLE,SC,True,,,,16,CONSÓRCIO INTERFEDERATIVO SANTA CATARINA - CINCATARINA | DEPARTAMENTO DE SERVIÇOS RODOVIÁRIOS | Divisão de Pavimentação e Máquinas | GABINETE DO SECRETÁRIO - SOS | MOBILIDADE URBANA | Prefeitura Municipal de Jaraguá do Sul | Prefeitura Municipal de Joinville - PMJ | SERVIÇO AUTÔNOMO MUNICIPAL DE ÁGUA E ESGOTO DE JARAGUÁ DO SUL | SUP. REG. DO DNIT NO ESTADO DE SANTA CATARINA | Secretaria Municipal de Planejamento - SEPLAN | Unidade administrativa,158895498.2,76175884000187-2-000158/2024,Unidade administrativa,LEGAL_REGIME_UNKNOWN,LIKELY_ADJUSTMENT_OPPORTUNITY,obra_classificada_conf=0.92 | fornecedor_privado | obrigacao_financeira_potencialmente_aberta | regime_14133_altamente_provavel | interregno_conservador_por_assinatura_gt_12m | document_request_parallel_action | Objeto classificado como pavimentacao_rodoviaria (conf=0.92) | Interregno mínimo conservador confirmado (level=B_CONSERVATIVE_SIGNATURE_GT_12M; proxy=data_assinatura) | Interregno ≥12m na data-base efetiva (proxy:data_assinatura) [TEMPORAL_CANDIDATE_BY_PROXY],Regime 14.133 provável (ano/PNCP/menção) mas não comprovado em documento oficial | data-base exata do orçamento ausente — cálculo preciso bloqueado,clausula_reajuste | data_base_orcamento_estimado | indice_ou_formula | texto_oficial_contrato_edital | medicoes | apostilas | memoria_reajuste,Oportunidade provável — enriquecer contato e documentos antes da abordagem.,Oportunidade provável — enriquecer contato e documentos antes da abordagem.,"Não afirmar valor devido, inadimplemento, crédito constituído ou reajuste definitivamente não pago sem verificação documental completa e revisão humana registrada.",Oportunidade provável — enriquecer contato e documentos antes da abordagem.,Enriquecer contato empresarial; manter na fila de leads prioritários.,"Saldo/medições indisponíveis — valor sobre total é teto teórico, não valor devido. | indice_contratual_ausente — não aplicar IPCA/INCC/SINAPI por plausibilidade",,,,False,True
21,LIKELY_ADJUSTMENT_OPPORTUNITY,DOCUMENT_REQUEST_CANDIDATE,SUL_SC_PRIORITY,77.4,97.0,17.5,90.8,77.4,sede_ou_execucao_sul | interregno_conservador_gt_12m | regime_14133_provavel_ou_comprovado,06280244000151,CONSTRUTORA VALE DO OURO LTDA,,Balneário Camboriú,SC,True,,,,1,EMASA - Empresa Municipal de Água e Saneamento de Balneário Camboriú,33376326.49,07854402000100-2-000034/2025,EMASA - Empresa Municipal de Água e Saneamento de Balneário Camboriú,LEGAL_REGIME_UNKNOWN,LIKELY_ADJUSTMENT_OPPORTUNITY,obra_classificada_conf=0.88 | fornecedor_privado | obrigacao_financeira_potencialmente_aberta | regime_14133_altamente_provavel | interregno_conservador_por_assinatura_gt_12m | document_request_parallel_action | Objeto classificado como saneamento_redes (conf=0.88) | Interregno mínimo conservador confirmado (level=B_CONSERVATIVE_SIGNATURE_GT_12M; proxy=data_assinatura) | Interregno ≥12m na data-base efetiva (proxy:data_assinatura) [TEMPORAL_CANDIDATE_BY_PROXY],Regime 14.133 provável (ano/PNCP/menção) mas não comprovado em documento oficial | data-base exata do orçamento ausente — cálculo preciso bloqueado,clausula_reajuste | data_base_orcamento_estimado | indice_ou_formula | texto_oficial_contrato_edital | medicoes | apostilas | memoria_reajuste,Oportunidade provável — enriquecer contato e documentos antes da abordagem.,Oportunidade provável — enriquecer contato e documentos antes da abordagem.,"Não afirmar valor devido, inadimplemento, crédito constituído ou reajuste definitivamente não pago sem verificação documental completa e revisão humana registrada.",Oportunidade provável — enriquecer contato e documentos antes da abordagem.,Enriquecer contato empresarial; manter na fila de leads prioritários.,"Saldo/medições indisponíveis — valor sobre total é teto teórico, não valor devido. | indice_contratual_ausente — não aplicar IPCA/INCC/SINAPI por plausibilidade",,,,False,True
22,LIKELY_ADJUSTMENT_OPPORTUNITY,DOCUMENT_REQUEST_CANDIDATE,SUL_SC_PRIORITY,77.3,97.0,17.5,90.8,77.3,sede_ou_execucao_sul | interregno_conservador_gt_12m | regime_14133_provavel_ou_comprovado,12713820000100,FRAGA CONSTRUCOES E ENGENHARIA LTDA,,BRACO DO NORTE,SC,True,,,,1,1º BATALHãO FERROVIáRIO,31975000.02,00394452000103-2-007720/2024,1º BATALHãO FERROVIáRIO,LEGAL_REGIME_UNKNOWN,LIKELY_ADJUSTMENT_OPPORTUNITY,obra_classificada_conf=0.88 | fornecedor_privado | obrigacao_financeira_potencialmente_aberta | regime_14133_altamente_provavel | interregno_conservador_por_assinatura_gt_12m | document_request_parallel_action | Objeto classificado como pontes_estruturas (conf=0.88) | Interregno mínimo conservador confirmado (level=B_CONSERVATIVE_SIGNATURE_GT_12M; proxy=data_assinatura) | Interregno ≥12m na data-base efetiva (proxy:data_assinatura) [TEMPORAL_CANDIDATE_BY_PROXY],Regime 14.133 provável (ano/PNCP/menção) mas não comprovado em documento oficial | data-base exata do orçamento ausente — cálculo preciso bloqueado,clausula_reajuste | data_base_orcamento_estimado | indice_ou_formula | texto_oficial_contrato_edital | medicoes | apostilas | memoria_reajuste,Oportunidade provável — enriquecer contato e documentos antes da abordagem.,Oportunidade provável — enriquecer contato e documentos antes da abordagem.,"Não afirmar valor devido, inadimplemento, crédito constituído ou reajuste definitivamente não pago sem verificação documental completa e revisão humana registrada.",Oportunidade provável — enriquecer contato e documentos antes da abordagem.,Enriquecer contato empresarial; manter na fila de leads prioritários.,"Saldo/medições indisponíveis — valor sobre total é teto teórico, não valor devido. | indice_contratual_ausente — não aplicar IPCA/INCC/SINAPI por plausibilidade",,,,False,True
23,LIKELY_ADJUSTMENT_OPPORTUNITY,DOCUMENT_REQUEST_CANDIDATE,SUL_SC_PRIORITY,77.06,98.0,17.5,92.2,77.06,sede_ou_execucao_sul | interregno_conservador_gt_12m | multi_contratos=4 | regime_14133_provavel_ou_comprovado,22798043000105,KAENG INFRAESTRUTURA EIRELI,,Florianópolis,SC,True,,,,4,CONSÓRCIO INTERFEDERATIVO SANTA CATARINA - CINCATARINA | MANUTENÇÃO SECRETARIA DE OBRAS E PROJETOS | PREFEITURA MUNICIPAL DE MARCELINO RAMOS,48662162.370000005,12075748000132-2-000061/2024,CONSÓRCIO INTERFEDERATIVO SANTA CATARINA - CINCATARINA,LEGAL_REGIME_UNKNOWN,LIKELY_ADJUSTMENT_OPPORTUNITY,obra_classificada_conf=0.92 | fornecedor_privado | obrigacao_financeira_potencialmente_aberta | regime_14133_altamente_provavel | interregno_conservador_por_assinatura_gt_12m | document_request_parallel_action | Objeto classificado como pavimentacao_rodoviaria (conf=0.92) | Interregno mínimo conservador confirmado (level=B_CONSERVATIVE_SIGNATURE_GT_12M; proxy=data_assinatura) | Interregno ≥12m na data-base efetiva (proxy:data_assinatura) [TEMPORAL_CANDIDATE_BY_PROXY],Regime 14.133 provável (ano/PNCP/menção) mas não comprovado em documento oficial | data-base exata do orçamento ausente — cálculo preciso bloqueado | maturidade_temporal_insuficiente,clausula_reajuste | data_base_orcamento_estimado | indice_ou_formula | texto_oficial_contrato_edital | medicoes | apostilas | memoria_reajuste,Oportunidade provável — enriquecer contato e documentos antes da abordagem.,Oportunidade provável — enriquecer contato e documentos antes da abordagem.,"Não afirmar valor devido, inadimplemento, crédito constituído ou reajuste definitivamente não pago sem verificação documental completa e revisão humana registrada.",Oportunidade provável — enriquecer contato e documentos antes da abordagem.,Enriquecer contato empresarial; manter na fila de leads prioritários.,"Saldo/medições indisponíveis — valor sobre total é teto teórico, não valor devido. | indice_contratual_ausente — não aplicar IPCA/INCC/SINAPI por plausibilidade",,,,False,True
24,LIKELY_ADJUSTMENT_OPPORTUNITY,DOCUMENT_REQUEST_CANDIDATE,SUL_SC_PRIORITY,76.92,98.0,17.5,95.0,76.92,sede_ou_execucao_sul | interregno_conservador_gt_12m | multi_contratos=5 | regime_14133_provavel_ou_comprovado,03620927000112,PAVIPLAN PAVIMENTAÇÃO LTDA,,Florianópolis,SC,True,,,,5,CONSÓRCIO INTERFEDERATIVO SANTA CATARINA - CINCATARINA | Prefeitura Municipal de Jaraguá do Sul | Prefeitura Municipal de Mafra | SERVIÇO DE SUPRIMENTOS,51445240.43,12075748000132-2-000066/2024,CONSÓRCIO INTERFEDERATIVO SANTA CATARINA - CINCATARINA,LEGAL_REGIME_UNKNOWN,LIKELY_ADJUSTMENT_OPPORTUNITY,obra_classificada_conf=0.92 | fornecedor_privado | obrigacao_financeira_potencialmente_aberta | regime_14133_altamente_provavel | interregno_conservador_por_assinatura_gt_12m | document_request_parallel_action | Objeto classificado como pavimentacao_rodoviaria (conf=0.92) | Interregno mínimo conservador confirmado (level=B_CONSERVATIVE_SIGNATURE_GT_12M; proxy=data_assinatura) | Interregno ≥12m na data-base efetiva (proxy:data_assinatura) [TEMPORAL_CANDIDATE_BY_PROXY],Regime 14.133 provável (ano/PNCP/menção) mas não comprovado em documento oficial | data-base exata do orçamento ausente — cálculo preciso bloqueado | maturidade_temporal_insuficiente,clausula_reajuste | data_base_orcamento_estimado | indice_ou_formula | texto_oficial_contrato_edital | medicoes | apostilas | memoria_reajuste,Oportunidade provável — enriquecer contato e documentos antes da abordagem.,Oportunidade provável — enriquecer contato e documentos antes da abordagem.,"Não afirmar valor devido, inadimplemento, crédito constituído ou reajuste definitivamente não pago sem verificação documental completa e revisão humana registrada.",Oportunidade provável — enriquecer contato e documentos antes da abordagem.,Enriquecer contato empresarial; manter na fila de leads prioritários.,"Saldo/medições indisponíveis — valor sobre total é teto teórico, não valor devido. | indice_contratual_ausente — não aplicar IPCA/INCC/SINAPI por plausibilidade",,,,False,True
25,LIKELY_ADJUSTMENT_OPPORTUNITY,DOCUMENT_REQUEST_CANDIDATE,SUL_SC_PRIORITY,76.91,98.0,17.5,95.0,76.91,sede_ou_execucao_sul | interregno_conservador_gt_12m | multi_contratos=5 | regime_14133_provavel_ou_comprovado,03257777000124,GAIA RODOVIAS LTDA,,MARAVILHA,SC,True,,,,5,CONSÓRCIO INTERFEDERATIVO SANTA CATARINA - CINCATARINA | PREFEITURA MUNICIPAL DE SANTA TEREZINHA DO PROGRESSO | SUP. REG. DO DNIT NO ESTADO DE SANTA CATARINA | Secretaria de Estado da Infraestrutura e Mobilidade,211698691.12,12075748000132-2-000062/2024,CONSÓRCIO INTERFEDERATIVO SANTA CATARINA - CINCATARINA,LEGAL_REGIME_UNKNOWN,LIKELY_ADJUSTMENT_OPPORTUNITY,obra_classificada_conf=0.92 | fornecedor_privado | obrigacao_financeira_potencialmente_aberta | regime_14133_altamente_provavel | interregno_conservador_por_assinatura_gt_12m | document_request_parallel_action | Objeto classificado como pavimentacao_rodoviaria (conf=0.92) | Interregno mínimo conservador confirmado (level=B_CONSERVATIVE_SIGNATURE_GT_12M; proxy=data_assinatura) | Interregno ≥12m na data-base efetiva (proxy:data_assinatura) [TEMPORAL_CANDIDATE_BY_PROXY],Regime 14.133 provável (ano/PNCP/menção) mas não comprovado em documento oficial | data-base exata do orçamento ausente — cálculo preciso bloqueado | maturidade_temporal_insuficiente,clausula_reajuste | data_base_orcamento_estimado | indice_ou_formula | texto_oficial_contrato_edital | medicoes | apostilas | memoria_reajuste,Oportunidade provável — enriquecer contato e documentos antes da abordagem.,Oportunidade provável — enriquecer contato e documentos antes da abordagem.,"Não afirmar valor devido, inadimplemento, crédito constituído ou reajuste definitivamente não pago sem verificação documental completa e revisão humana registrada.",Oportunidade provável — enriquecer contato e documentos antes da abordagem.,Enriquecer contato empresarial; manter na fila de leads prioritários.,"Saldo/medições indisponíveis — valor sobre total é teto teórico, não valor devido. | indice_contratual_ausente — não aplicar IPCA/INCC/SINAPI por plausibilidade",,,,False,True
26,LIKELY_ADJUSTMENT_OPPORTUNITY,DOCUMENT_REQUEST_CANDIDATE,SUL_SC_PRIORITY,76.88,96.0,17.5,95.0,76.88,sede_ou_execucao_sul | interregno_conservador_gt_12m | multi_contratos=14 | regime_14133_provavel_ou_comprovado,00820854000114,QUALIDADE MINERACAO LTDA,,PALHOCA,SC,True,,,,14,DER - Departamento de Estradas de Rodagem do Estado do Paraná | MUNICÍPIO DE PAULO LOPES | MUNICÍPIO DE SÃO MARTINHO | PREFEITURA MUNICIPAL DE BELA VISTA DO TOLDO - SC | PREFEITURA MUNICIPAL DE NOVA TRENTO | Prefeitura Municipal de Jaraguá do Sul | SECRETARIA DE INFRA-ESTRUTURA | Secretaria de Estado da Infraestrutura e Mobilidade | Unidade Única,369376486.36,82951344000140-2-000006/2024,Secretaria de Estado da Infraestrutura e Mobilidade,LEGAL_REGIME_UNKNOWN,LIKELY_ADJUSTMENT_OPPORTUNITY,obra_classificada_conf=0.84 | fornecedor_privado | obrigacao_financeira_potencialmente_aberta | regime_14133_altamente_provavel | interregno_conservador_por_assinatura_gt_12m | document_request_parallel_action | Objeto classificado como pavimentacao_rodoviaria (conf=0.84) | Interregno mínimo conservador confirmado (level=B_CONSERVATIVE_SIGNATURE_GT_12M; proxy=data_assinatura) | Interregno ≥12m na data-base efetiva (proxy:data_assinatura) [TEMPORAL_CANDIDATE_BY_PROXY],Regime 14.133 provável (ano/PNCP/menção) mas não comprovado em documento oficial | data-base exata do orçamento ausente — cálculo preciso bloqueado,clausula_reajuste | data_base_orcamento_estimado | indice_ou_formula | texto_oficial_contrato_edital | medicoes | apostilas | memoria_reajuste,Oportunidade provável — enriquecer contato e documentos antes da abordagem.,Oportunidade provável — enriquecer contato e documentos antes da abordagem.,"Não afirmar valor devido, inadimplemento, crédito constituído ou reajuste definitivamente não pago sem verificação documental completa e revisão humana registrada.",Oportunidade provável — enriquecer contato e documentos antes da abordagem.,Enriquecer contato empresarial; manter na fila de leads prioritários.,"Saldo/medições indisponíveis — valor sobre total é teto teórico, não valor devido. | indice_contratual_ausente — não aplicar IPCA/INCC/SINAPI por plausibilidade",,,,False,True
27,LIKELY_ADJUSTMENT_OPPORTUNITY,DOCUMENT_REQUEST_CANDIDATE,SUL_SC_PRIORITY,76.88,98.0,17.5,92.2,76.88,sede_ou_execucao_sul | interregno_conservador_gt_12m | multi_contratos=2 | regime_14133_provavel_ou_comprovado,12218083000179,BCL EMPREENDIMENTOS LTDA,,Florianópolis,SC,True,,,,2,CONSÓRCIO INTERFEDERATIVO SANTA CATARINA - CINCATARINA | MUNICÍPIO DE LAURO MULLER,24903381.939999998,12075748000132-2-000067/2024,CONSÓRCIO INTERFEDERATIVO SANTA CATARINA - CINCATARINA,LEGAL_REGIME_UNKNOWN,LIKELY_ADJUSTMENT_OPPORTUNITY,obra_classificada_conf=0.92 | fornecedor_privado | obrigacao_financeira_potencialmente_aberta | regime_14133_altamente_provavel | interregno_conservador_por_assinatura_gt_12m | document_request_parallel_action | Objeto classificado como pavimentacao_rodoviaria (conf=0.92) | Interregno mínimo conservador confirmado (level=B_CONSERVATIVE_SIGNATURE_GT_12M; proxy=data_assinatura) | Interregno ≥12m na data-base efetiva (proxy:data_assinatura) [TEMPORAL_CANDIDATE_BY_PROXY],Regime 14.133 provável (ano/PNCP/menção) mas não comprovado em documento oficial | data-base exata do orçamento ausente — cálculo preciso bloqueado | maturidade_temporal_insuficiente,clausula_reajuste | data_base_orcamento_estimado | indice_ou_formula | texto_oficial_contrato_edital | medicoes | apostilas | memoria_reajuste,Oportunidade provável — enriquecer contato e documentos antes da abordagem.,Oportunidade provável — enriquecer contato e documentos antes da abordagem.,"Não afirmar valor devido, inadimplemento, crédito constituído ou reajuste definitivamente não pago sem verificação documental completa e revisão humana registrada.",Oportunidade provável — enriquecer contato e documentos antes da abordagem.,Enriquecer contato empresarial; manter na fila de leads prioritários.,"Saldo/medições indisponíveis — valor sobre total é teto teórico, não valor devido. | indice_contratual_ausente — não aplicar IPCA/INCC/SINAPI por plausibilidade",,,,False,True
28,LIKELY_ADJUSTMENT_OPPORTUNITY,DOCUMENT_REQUEST_CANDIDATE,SUL_SC_PRIORITY,76.88,96.0,17.5,89.4,76.88,sede_ou_execucao_sul | interregno_conservador_gt_12m | regime_14133_provavel_ou_comprovado,79841904000108,BIO G SISTEMAS DE SANEAMENTO LTDA,,Itajaí,SC,True,,,,1,Serviço Municipal de Água Saneamento Básico e Infraestrutura - SEMASA,38496000.0,05472936000139-2-000021/2025,Serviço Municipal de Água Saneamento Básico e Infraestrutura - SEMASA,LEGAL_REGIME_UNKNOWN,LIKELY_ADJUSTMENT_OPPORTUNITY,obra_classificada_conf=0.84 | fornecedor_privado | obrigacao_financeira_potencialmente_aberta | regime_14133_altamente_provavel | interregno_conservador_por_assinatura_gt_12m | document_request_parallel_action | Objeto classificado como saneamento_redes (conf=0.84) | Interregno mínimo conservador confirmado (level=B_CONSERVATIVE_SIGNATURE_GT_12M; proxy=data_assinatura) | Interregno ≥12m na data-base efetiva (proxy:data_assinatura) [TEMPORAL_CANDIDATE_BY_PROXY],Regime 14.133 provável (ano/PNCP/menção) mas não comprovado em documento oficial | data-base exata do orçamento ausente — cálculo preciso bloqueado,clausula_reajuste | data_base_orcamento_estimado | indice_ou_formula | texto_oficial_contrato_edital | medicoes | apostilas | memoria_reajuste,Oportunidade provável — enriquecer contato e documentos antes da abordagem.,Oportunidade provável — enriquecer contato e documentos antes da abordagem.,"Não afirmar valor devido, inadimplemento, crédito constituído ou reajuste definitivamente não pago sem verificação documental completa e revisão humana registrada.",Oportunidade provável — enriquecer contato e documentos antes da abordagem.,Enriquecer contato empresarial; manter na fila de leads prioritários.,"Saldo/medições indisponíveis — valor sobre total é teto teórico, não valor devido. | indice_contratual_ausente — não aplicar IPCA/INCC/SINAPI por plausibilidade",,,,False,True
29,LIKELY_ADJUSTMENT_OPPORTUNITY,DOCUMENT_REQUEST_CANDIDATE,SUL_SC_PRIORITY,76.82,96.0,17.5,89.4,76.82,sede_ou_execucao_sul | interregno_conservador_gt_12m | multi_contratos=3 | regime_14133_provavel_ou_comprovado,80996861000100,PROSUL PROJETOS SUPERVISAO E PLANEJAMENTO LTDA,,Florianópolis,SC,True,,,,3,SUP. REG. DO DNIT NO ESTADO DE SANTA CATARINA,71616678.23,04892707000100-2-000100/2025,SUP. REG. DO DNIT NO ESTADO DE SANTA CATARINA,LEGAL_REGIME_UNKNOWN,LIKELY_ADJUSTMENT_OPPORTUNITY,obra_classificada_conf=0.84 | fornecedor_privado | obrigacao_financeira_potencialmente_aberta | regime_14133_altamente_provavel | interregno_conservador_por_assinatura_gt_12m | document_request_parallel_action | Objeto classificado como pavimentacao_rodoviaria (conf=0.84) | Interregno mínimo conservador confirmado (level=B_CONSERVATIVE_SIGNATURE_GT_12M; proxy=data_assinatura) | Interregno ≥12m na data-base efetiva (proxy:data_assinatura) [TEMPORAL_CANDIDATE_BY_PROXY],Regime 14.133 provável (ano/PNCP/menção) mas não comprovado em documento oficial | data-base exata do orçamento ausente — cálculo preciso bloqueado,clausula_reajuste | data_base_orcamento_estimado | indice_ou_formula | texto_oficial_contrato_edital | medicoes | apostilas | memoria_reajuste,Oportunidade provável — enriquecer contato e documentos antes da abordagem.,Oportunidade provável — enriquecer contato e documentos antes da abordagem.,"Não afirmar valor devido, inadimplemento, crédito constituído ou reajuste definitivamente não pago sem verificação documental completa e revisão humana registrada.",Oportunidade provável — enriquecer contato e documentos antes da abordagem.,Enriquecer contato empresarial; manter na fila de leads prioritários.,"Saldo/medições indisponíveis — valor sobre total é teto teórico, não valor devido. | indice_contratual_ausente — não aplicar IPCA/INCC/SINAPI por plausibilidade",,,,False,True
30,LIKELY_ADJUSTMENT_OPPORTUNITY,DOCUMENT_REQUEST_CANDIDATE,SUL_SC_PRIORITY,76.45,97.0,17.5,90.8,76.45,sede_ou_execucao_sul | interregno_conservador_gt_12m | regime_14133_provavel_ou_comprovado,01513315000103,PLM CONSTRUCOES E COMERCIO LTDA,,TIJUCAS,SC,True,,,,1,Divisão de Transporte  e Serviços  Públicos,20627581.11,82577636000165-2-000100/2024,Divisão de Transporte  e Serviços  Públicos,LEGAL_REGIME_UNKNOWN,LIKELY_ADJUSTMENT_OPPORTUNITY,obra_classificada_conf=0.88 | fornecedor_privado | obrigacao_financeira_potencialmente_aberta | regime_14133_altamente_provavel | interregno_conservador_por_assinatura_gt_12m | document_request_parallel_action | Objeto classificado como pavimentacao_rodoviaria (conf=0.88) | Interregno mínimo conservador confirmado (level=B_CONSERVATIVE_SIGNATURE_GT_12M; proxy=data_assinatura) | Interregno ≥12m na data-base efetiva (proxy:data_assinatura) [TEMPORAL_CANDIDATE_BY_PROXY],Regime 14.133 provável (ano/PNCP/menção) mas não comprovado em documento oficial | data-base exata do orçamento ausente — cálculo preciso bloqueado,clausula_reajuste | data_base_orcamento_estimado | indice_ou_formula | texto_oficial_contrato_edital | medicoes | apostilas | memoria_reajuste,Oportunidade provável — enriquecer contato e documentos antes da abordagem.,Oportunidade provável — enriquecer contato e documentos antes da abordagem.,"Não afirmar valor devido, inadimplemento, crédito constituído ou reajuste definitivamente não pago sem verificação documental completa e revisão humana registrada.",Oportunidade provável — enriquecer contato e documentos antes da abordagem.,Enriquecer contato empresarial; manter na fila de leads prioritários.,"Saldo/medições indisponíveis — valor sobre total é teto teórico, não valor devido. | indice_contratual_ausente — não aplicar IPCA/INCC/SINAPI por plausibilidade",,,,False,True
31,LIKELY_ADJUSTMENT_OPPORTUNITY,DOCUMENT_REQUEST_CANDIDATE,SUL_SC_PRIORITY,76.35,99.0,17.5,93.6,76.35,sede_ou_execucao_sul | interregno_conservador_gt_12m | regime_14133_provavel_ou_comprovado,00336234000104,A J POTTER & CIA LTDA,,Camboriú,SC,True,,,,1,SECRETARIA DE OBRAS E SERVIÇOS URBANOS,6100000.0,83102293000145-2-001678/2024,SECRETARIA DE OBRAS E SERVIÇOS URBANOS,LEGAL_REGIME_UNKNOWN,LIKELY_ADJUSTMENT_OPPORTUNITY,obra_classificada_conf=0.96 | fornecedor_privado | obrigacao_financeira_potencialmente_aberta | regime_14133_altamente_provavel | interregno_conservador_por_assinatura_gt_12m | document_request_parallel_action | Objeto classificado como pavimentacao_rodoviaria (conf=0.96) | Interregno mínimo conservador confirmado (level=B_CONSERVATIVE_SIGNATURE_GT_12M; proxy=data_assinatura) | Interregno ≥12m na data-base efetiva (proxy:data_assinatura) [TEMPORAL_CANDIDATE_BY_PROXY],Regime 14.133 provável (ano/PNCP/menção) mas não comprovado em documento oficial | data-base exata do orçamento ausente — cálculo preciso bloqueado,clausula_reajuste | data_base_orcamento_estimado | indice_ou_formula | texto_oficial_contrato_edital | medicoes | apostilas | memoria_reajuste,Oportunidade provável — enriquecer contato e documentos antes da abordagem.,Oportunidade provável — enriquecer contato e documentos antes da abordagem.,"Não afirmar valor devido, inadimplemento, crédito constituído ou reajuste definitivamente não pago sem verificação documental completa e revisão humana registrada.",Oportunidade provável — enriquecer contato e documentos antes da abordagem.,Enriquecer contato empresarial; manter na fila de leads prioritários.,"Saldo/medições indisponíveis — valor sobre total é teto teórico, não valor devido. | indice_contratual_ausente — não aplicar IPCA/INCC/SINAPI por plausibilidade",,,,False,True
32,LIKELY_ADJUSTMENT_OPPORTUNITY,DOCUMENT_REQUEST_CANDIDATE,SUL_SC_PRIORITY,76.28,98.0,17.5,93.6,76.28,sede_ou_execucao_sul | interregno_conservador_gt_12m | multi_contratos=9 | regime_14133_provavel_ou_comprovado,21157133000146,BRITAX BRITAGEM E CONSTRUÇÕES LTDA,,CONCORDIA,SC,True,,,,9,Prefeitura Municipal de Ipumirim | Secretaria Municipal de Planejamento - SEPLAN,76514749.63000001,83024257000100-2-000077/2024,Secretaria Municipal de Planejamento - SEPLAN,LEGAL_REGIME_UNKNOWN,LIKELY_ADJUSTMENT_OPPORTUNITY,obra_classificada_conf=0.92 | fornecedor_privado | obrigacao_financeira_potencialmente_aberta | regime_14133_altamente_provavel | interregno_conservador_por_assinatura_gt_12m | document_request_parallel_action | Objeto classificado como pavimentacao_rodoviaria (conf=0.92) | Interregno mínimo conservador confirmado (level=B_CONSERVATIVE_SIGNATURE_GT_12M; proxy=data_assinatura) | Interregno ≥12m na data-base efetiva (proxy:data_assinatura) [TEMPORAL_CANDIDATE_BY_PROXY],Regime 14.133 provável (ano/PNCP/menção) mas não comprovado em documento oficial | data-base exata do orçamento ausente — cálculo preciso bloqueado | maturidade_temporal_insuficiente,clausula_reajuste | data_base_orcamento_estimado | indice_ou_formula | texto_oficial_contrato_edital | medicoes | apostilas | memoria_reajuste,Oportunidade provável — enriquecer contato e documentos antes da abordagem.,Oportunidade provável — enriquecer contato e documentos antes da abordagem.,"Não afirmar valor devido, inadimplemento, crédito constituído ou reajuste definitivamente não pago sem verificação documental completa e revisão humana registrada.",Oportunidade provável — enriquecer contato e documentos antes da abordagem.,Enriquecer contato empresarial; manter na fila de leads prioritários.,"Saldo/medições indisponíveis — valor sobre total é teto teórico, não valor devido. | indice_contratual_ausente — não aplicar IPCA/INCC/SINAPI por plausibilidade",,,,False,True
33,LIKELY_ADJUSTMENT_OPPORTUNITY,DOCUMENT_REQUEST_CANDIDATE,SUL_SC_PRIORITY,76.19,98.0,17.5,92.2,76.19,sede_ou_execucao_sul | interregno_conservador_gt_12m | multi_contratos=8 | regime_14133_provavel_ou_comprovado,09223659000181,VIGA – PAVIMENTAÇÃO E OBRAS LTDA,,HERVAL D'OESTE,SC,True,,,,8,CONSÓRCIO INTERFEDERATIVO SANTA CATARINA - CINCATARINA | PREFEITURA MUNICIPAL DE JOAÇABA | Secretaria de Estado da Infraestrutura e Mobilidade,86404767.85,12075748000132-2-000065/2024,CONSÓRCIO INTERFEDERATIVO SANTA CATARINA - CINCATARINA,LEGAL_REGIME_UNKNOWN,LIKELY_ADJUSTMENT_OPPORTUNITY,obra_classificada_conf=0.92 | fornecedor_privado | obrigacao_financeira_potencialmente_aberta | regime_14133_altamente_provavel | interregno_conservador_por_assinatura_gt_12m | document_request_parallel_action | Objeto classificado como pavimentacao_rodoviaria (conf=0.92) | Interregno mínimo conservador confirmado (level=B_CONSERVATIVE_SIGNATURE_GT_12M; proxy=data_assinatura) | Interregno ≥12m na data-base efetiva (proxy:data_assinatura) [TEMPORAL_CANDIDATE_BY_PROXY],Regime 14.133 provável (ano/PNCP/menção) mas não comprovado em documento oficial | data-base exata do orçamento ausente — cálculo preciso bloqueado,clausula_reajuste | data_base_orcamento_estimado | indice_ou_formula | texto_oficial_contrato_edital | medicoes | apostilas | memoria_reajuste,Oportunidade provável — enriquecer contato e documentos antes da abordagem.,Oportunidade provável — enriquecer contato e documentos antes da abordagem.,"Não afirmar valor devido, inadimplemento, crédito constituído ou reajuste definitivamente não pago sem verificação documental completa e revisão humana registrada.",Oportunidade provável — enriquecer contato e documentos antes da abordagem.,Enriquecer contato empresarial; manter na fila de leads prioritários.,"Saldo/medições indisponíveis — valor sobre total é teto teórico, não valor devido. | indice_contratual_ausente — não aplicar IPCA/INCC/SINAPI por plausibilidade",,,,False,True
34,LIKELY_ADJUSTMENT_OPPORTUNITY,DOCUMENT_REQUEST_CANDIDATE,SUL_SC_PRIORITY,76.19,98.0,17.5,92.2,76.19,sede_ou_execucao_sul | interregno_conservador_gt_12m | multi_contratos=2 | regime_14133_provavel_ou_comprovado,84689066000392,BRITAGEM VOGELSANGER LTDA,,Florianópolis,SC,True,,,,2,CONSÓRCIO INTERFEDERATIVO SANTA CATARINA - CINCATARINA | SUP. REG. DO DNIT NO ESTADO DE SANTA CATARINA,61468982.08,12075748000132-2-000068/2024,CONSÓRCIO INTERFEDERATIVO SANTA CATARINA - CINCATARINA,LEGAL_REGIME_UNKNOWN,LIKELY_ADJUSTMENT_OPPORTUNITY,obra_classificada_conf=0.92 | fornecedor_privado | obrigacao_financeira_potencialmente_aberta | regime_14133_altamente_provavel | interregno_conservador_por_assinatura_gt_12m | document_request_parallel_action | Objeto classificado como pavimentacao_rodoviaria (conf=0.92) | Interregno mínimo conservador confirmado (level=B_CONSERVATIVE_SIGNATURE_GT_12M; proxy=data_assinatura) | Interregno ≥12m na data-base efetiva (proxy:data_assinatura) [TEMPORAL_CANDIDATE_BY_PROXY],Regime 14.133 provável (ano/PNCP/menção) mas não comprovado em documento oficial | data-base exata do orçamento ausente — cálculo preciso bloqueado,clausula_reajuste | data_base_orcamento_estimado | indice_ou_formula | texto_oficial_contrato_edital | medicoes | apostilas | memoria_reajuste,Oportunidade provável — enriquecer contato e documentos antes da abordagem.,Oportunidade provável — enriquecer contato e documentos antes da abordagem.,"Não afirmar valor devido, inadimplemento, crédito constituído ou reajuste definitivamente não pago sem verificação documental completa e revisão humana registrada.",Oportunidade provável — enriquecer contato e documentos antes da abordagem.,Enriquecer contato empresarial; manter na fila de leads prioritários.,"Saldo/medições indisponíveis — valor sobre total é teto teórico, não valor devido. | indice_contratual_ausente — não aplicar IPCA/INCC/SINAPI por plausibilidade",,,,False,True
35,LIKELY_ADJUSTMENT_OPPORTUNITY,DOCUMENT_REQUEST_CANDIDATE,SUL_SC_PRIORITY,76.13,95.0,17.5,88.0,76.13,sede_ou_execucao_sul | interregno_conservador_gt_12m | multi_contratos=3 | regime_14133_provavel_ou_comprovado,03453030000141,FREEDOM ENGENHARIA E CONSTRUCAO LTDA,,Brusque,SC,True,,,,3,Prefeitura Municipal de Blumenau | Secretaria Municipal de Infraestrutura Estratégica,87109745.37,83102343000194-2-000879/2024,Secretaria Municipal de Infraestrutura Estratégica,LEGAL_REGIME_UNKNOWN,LIKELY_ADJUSTMENT_OPPORTUNITY,obra_classificada_conf=0.80 | fornecedor_privado | obrigacao_financeira_potencialmente_aberta | regime_14133_altamente_provavel | interregno_conservador_por_assinatura_gt_12m | document_request_parallel_action | Objeto classificado como edificacoes (conf=0.80) | Interregno mínimo conservador confirmado (level=B_CONSERVATIVE_SIGNATURE_GT_12M; proxy=data_assinatura) | Interregno ≥12m na data-base efetiva (proxy:data_assinatura) [TEMPORAL_CANDIDATE_BY_PROXY],Regime 14.133 provável (ano/PNCP/menção) mas não comprovado em documento oficial | data-base exata do orçamento ausente — cálculo preciso bloqueado | maturidade_temporal_insuficiente,clausula_reajuste | data_base_orcamento_estimado | indice_ou_formula | texto_oficial_contrato_edital | medicoes | apostilas | memoria_reajuste,Oportunidade provável — enriquecer contato e documentos antes da abordagem.,Oportunidade provável — enriquecer contato e documentos antes da abordagem.,"Não afirmar valor devido, inadimplemento, crédito constituído ou reajuste definitivamente não pago sem verificação documental completa e revisão humana registrada.",Oportunidade provável — enriquecer contato e documentos antes da abordagem.,Enriquecer contato empresarial; manter na fila de leads prioritários.,"Saldo/medições indisponíveis — valor sobre total é teto teórico, não valor devido. | indice_contratual_ausente — não aplicar IPCA/INCC/SINAPI por plausibilidade",,,,False,True
36,LIKELY_ADJUSTMENT_OPPORTUNITY,DOCUMENT_REQUEST_CANDIDATE,SUL_SC_PRIORITY,76.13,98.0,17.5,88.0,76.13,sede_ou_execucao_sul | interregno_conservador_gt_12m | multi_contratos=5 | regime_14133_provavel_ou_comprovado,04484014000189,CEGE ENGENHARIA LTDA,,Florianópolis,SC,True,,,,5,Administração S. M. A. | Administração S.m.o.v. | DER - Departamento de Estradas de Rodagem do Estado do Paraná | Secretaria de Estado da Infraestrutura e Mobilidade,96524175.52,82951344000140-2-000036/2024,Secretaria de Estado da Infraestrutura e Mobilidade,LEGAL_REGIME_UNKNOWN,LIKELY_ADJUSTMENT_OPPORTUNITY,obra_classificada_conf=0.80 | fornecedor_privado | obrigacao_financeira_potencialmente_aberta | regime_14133_altamente_provavel | interregno_conservador_por_assinatura_gt_12m | document_request_parallel_action | Objeto classificado como pavimentacao_rodoviaria (conf=0.80) | Interregno mínimo conservador confirmado (level=B_CONSERVATIVE_SIGNATURE_GT_12M; proxy=data_assinatura) | Interregno ≥12m na data-base efetiva (proxy:data_assinatura) [TEMPORAL_CANDIDATE_BY_PROXY],Regime 14.133 provável (ano/PNCP/menção) mas não comprovado em documento oficial | data-base exata do orçamento ausente — cálculo preciso bloqueado | maturidade_temporal_insuficiente,clausula_reajuste | data_base_orcamento_estimado | indice_ou_formula | texto_oficial_contrato_edital | medicoes | apostilas | memoria_reajuste,Oportunidade provável — enriquecer contato e documentos antes da abordagem.,Oportunidade provável — enriquecer contato e documentos antes da abordagem.,"Não afirmar valor devido, inadimplemento, crédito constituído ou reajuste definitivamente não pago sem verificação documental completa e revisão humana registrada.",Oportunidade provável — enriquecer contato e documentos antes da abordagem.,Enriquecer contato empresarial; manter na fila de leads prioritários.,"Saldo/medições indisponíveis — valor sobre total é teto teórico, não valor devido. | indice_contratual_ausente — não aplicar IPCA/INCC/SINAPI por plausibilidade",,,,False,True
37,LIKELY_ADJUSTMENT_OPPORTUNITY,DOCUMENT_REQUEST_CANDIDATE,SUL_SC_PRIORITY,76.13,95.0,17.5,88.0,76.13,sede_ou_execucao_sul | interregno_conservador_gt_12m | multi_contratos=3 | regime_14133_provavel_ou_comprovado,79485892000118,PACOPEDRA PAVIMENTADORA E COMERCIO DE PEDRAS LTDA,,Itajaí,SC,True,,,,3,PREFEITURA MUNICIPAL DE ITAJAÍ - SC | Prefeitura de Gaspar - SC,65478355.32,83102277000152-2-000028/2024,PREFEITURA MUNICIPAL DE ITAJAÍ - SC,LEGAL_REGIME_UNKNOWN,LIKELY_ADJUSTMENT_OPPORTUNITY,obra_classificada_conf=0.80 | fornecedor_privado | obrigacao_financeira_potencialmente_aberta | regime_14133_altamente_provavel | interregno_conservador_por_assinatura_gt_12m | document_request_parallel_action | Objeto classificado como drenagem_urbanizacao (conf=0.80) | Interregno mínimo conservador confirmado (level=B_CONSERVATIVE_SIGNATURE_GT_12M; proxy=data_assinatura) | Interregno ≥12m na data-base efetiva (proxy:data_assinatura) [TEMPORAL_CANDIDATE_BY_PROXY],Regime 14.133 provável (ano/PNCP/menção) mas não comprovado em documento oficial | data-base exata do orçamento ausente — cálculo preciso bloqueado,clausula_reajuste | data_base_orcamento_estimado | indice_ou_formula | texto_oficial_contrato_edital | medicoes | apostilas | memoria_reajuste,Oportunidade provável — enriquecer contato e documentos antes da abordagem.,Oportunidade provável — enriquecer contato e documentos antes da abordagem.,"Não afirmar valor devido, inadimplemento, crédito constituído ou reajuste definitivamente não pago sem verificação documental completa e revisão humana registrada.",Oportunidade provável — enriquecer contato e documentos antes da abordagem.,Enriquecer contato empresarial; manter na fila de leads prioritários.,"Saldo/medições indisponíveis — valor sobre total é teto teórico, não valor devido. | indice_contratual_ausente — não aplicar IPCA/INCC/SINAPI por plausibilidade",,,,False,True
38,LIKELY_ADJUSTMENT_OPPORTUNITY,DOCUMENT_REQUEST_CANDIDATE,SUL_SC_PRIORITY,76.13,98.0,17.5,92.2,76.13,sede_ou_execucao_sul | interregno_conservador_gt_12m | multi_contratos=14 | regime_14133_provavel_ou_comprovado,82743832000162,PLANATERRA-TERRAPLENAGEM E PAVIMENTACAO LTDA,,CHAPECO,SC,True,,,,14,DEPARTAMENTO AUTÔNOMO DE ESTRADAS DE RODAGEM | ERS-DEPARTAMENTO AUT. DE ESTRADAS DE RODAGEM | PREFEITURA MUNICIPAL DE PALMITOS - SC | SUP. REG. DO DNIT NO EST.DO RIO GRANDE DO SUL | SUP. REG. DO DNIT NO ESTADO DE SANTA CATARINA | Secretaria de Estado da Infraestrutura e Mobilidade,799628428.64,04892707000100-2-000091/2025,SUP. REG. DO DNIT NO ESTADO DE SANTA CATARINA,LEGAL_REGIME_UNKNOWN,LIKELY_ADJUSTMENT_OPPORTUNITY,obra_classificada_conf=0.80 | fornecedor_privado | obrigacao_financeira_potencialmente_aberta | regime_14133_altamente_provavel | interregno_conservador_por_assinatura_gt_12m | document_request_parallel_action | Objeto classificado como pavimentacao_rodoviaria (conf=0.80) | Interregno mínimo conservador confirmado (level=B_CONSERVATIVE_SIGNATURE_GT_12M; proxy=data_assinatura) | Interregno ≥12m na data-base efetiva (proxy:data_assinatura) [TEMPORAL_CANDIDATE_BY_PROXY],Regime 14.133 provável (ano/PNCP/menção) mas não comprovado em documento oficial | data-base exata do orçamento ausente — cálculo preciso bloqueado,clausula_reajuste | data_base_orcamento_estimado | indice_ou_formula | texto_oficial_contrato_edital | medicoes | apostilas | memoria_reajuste,Oportunidade provável — enriquecer contato e documentos antes da abordagem.,Oportunidade provável — enriquecer contato e documentos antes da abordagem.,"Não afirmar valor devido, inadimplemento, crédito constituído ou reajuste definitivamente não pago sem verificação documental completa e revisão humana registrada.",Oportunidade provável — enriquecer contato e documentos antes da abordagem.,Enriquecer contato empresarial; manter na fila de leads prioritários.,"Saldo/medições indisponíveis — valor sobre total é teto teórico, não valor devido. | indice_contratual_ausente — não aplicar IPCA/INCC/SINAPI por plausibilidade",,,,False,True
39,LIKELY_ADJUSTMENT_OPPORTUNITY,DOCUMENT_REQUEST_CANDIDATE,SUL_SC_PRIORITY,75.96,98.0,17.5,92.2,75.96,sede_ou_execucao_sul | interregno_conservador_gt_12m | multi_contratos=11 | regime_14133_provavel_ou_comprovado,03574370000120,EMPREITEIRA DE MÃO DE OBRA ADRIMAR EIRELI,,Balneário Barra do Sul,SC,True,,,,11,"Diretoria de Obras de Infraestrutura Viária | MUNICÍPIO DE CAMPO ALEGRE | Prefeitura Municipal de Joinville - PMJ | Sec. Planejamento, Meio Ambente, Urbanismo e Habitação | Secretaria de Infra-estrutura | Secretaria de Obras, Servicos Publicos e Transport",80263402.28,95954509000180-2-000797/2024,"Secretaria de Obras, Servicos Publicos e Transport",LEGAL_REGIME_UNKNOWN,LIKELY_ADJUSTMENT_OPPORTUNITY,obra_classificada_conf=0.92 | fornecedor_privado | obrigacao_financeira_potencialmente_aberta | regime_14133_altamente_provavel | interregno_conservador_por_assinatura_gt_12m | document_request_parallel_action | Objeto classificado como pavimentacao_rodoviaria (conf=0.92) | Interregno mínimo conservador confirmado (level=B_CONSERVATIVE_SIGNATURE_GT_12M; proxy=data_assinatura) | Interregno ≥12m na data-base efetiva (proxy:data_assinatura) [TEMPORAL_CANDIDATE_BY_PROXY],Regime 14.133 provável (ano/PNCP/menção) mas não comprovado em documento oficial | data-base exata do orçamento ausente — cálculo preciso bloqueado,clausula_reajuste | data_base_orcamento_estimado | indice_ou_formula | texto_oficial_contrato_edital | medicoes | apostilas | memoria_reajuste,Oportunidade provável — enriquecer contato e documentos antes da abordagem.,Oportunidade provável — enriquecer contato e documentos antes da abordagem.,"Não afirmar valor devido, inadimplemento, crédito constituído ou reajuste definitivamente não pago sem verificação documental completa e revisão humana registrada.",Oportunidade provável — enriquecer contato e documentos antes da abordagem.,Enriquecer contato empresarial; manter na fila de leads prioritários.,"Saldo/medições indisponíveis — valor sobre total é teto teórico, não valor devido. | indice_contratual_ausente — não aplicar IPCA/INCC/SINAPI por plausibilidade",,,,False,True
40,LIKELY_ADJUSTMENT_OPPORTUNITY,DOCUMENT_REQUEST_CANDIDATE,SUL_SC_PRIORITY,75.91,98.0,17.5,92.2,75.91,sede_ou_execucao_sul | interregno_conservador_gt_12m | multi_contratos=4 | regime_14133_provavel_ou_comprovado,27743102000153,FJ CONSTRUTORA,,ITAPEMA,SC,True,,,,4,Câmara Municipal de Vereadores | PREFEITURA MUNICIPAL DE SÃO JOÃO BATISTA | Prefeitura Municipal de Balneário Camboriú | Prefeitura de Gaspar - SC,60255936.419999994,83102434000120-2-000082/2024,Câmara Municipal de Vereadores,LEGAL_REGIME_UNKNOWN,LIKELY_ADJUSTMENT_OPPORTUNITY,obra_classificada_conf=0.88 | fornecedor_privado | obrigacao_financeira_potencialmente_aberta | regime_14133_altamente_provavel | interregno_conservador_por_assinatura_gt_12m | document_request_parallel_action | Objeto classificado como pavimentacao_rodoviaria (conf=0.88) | Interregno mínimo conservador confirmado (level=B_CONSERVATIVE_SIGNATURE_GT_12M; proxy=data_assinatura) | Interregno ≥12m na data-base efetiva (proxy:data_assinatura) [TEMPORAL_CANDIDATE_BY_PROXY],Regime 14.133 provável (ano/PNCP/menção) mas não comprovado em documento oficial | data-base exata do orçamento ausente — cálculo preciso bloqueado,clausula_reajuste | data_base_orcamento_estimado | indice_ou_formula | texto_oficial_contrato_edital | medicoes | apostilas | memoria_reajuste,Oportunidade provável — enriquecer contato e documentos antes da abordagem.,Oportunidade provável — enriquecer contato e documentos antes da abordagem.,"Não afirmar valor devido, inadimplemento, crédito constituído ou reajuste definitivamente não pago sem verificação documental completa e revisão humana registrada.",Oportunidade provável — enriquecer contato e documentos antes da abordagem.,Enriquecer contato empresarial; manter na fila de leads prioritários.,"Saldo/medições indisponíveis — valor sobre total é teto teórico, não valor devido. | indice_contratual_ausente — não aplicar IPCA/INCC/SINAPI por plausibilidade",,,,False,True
41,LIKELY_ADJUSTMENT_OPPORTUNITY,DOCUMENT_REQUEST_CANDIDATE,SUL_SC_PRIORITY,75.67,98.0,17.5,92.2,75.67,sede_ou_execucao_sul | interregno_conservador_gt_12m | regime_14133_provavel_ou_comprovado,39235511000128,ATHOS ENGENHARIA E CONSULTORIA LTDA,,Canoinhas,SC,True,,,,1,Secretaria Munic. de Planej. e Orçamento,6552000.0,83102384000180-2-000728/2025,Secretaria Munic. de Planej. e Orçamento,LEGAL_REGIME_UNKNOWN,LIKELY_ADJUSTMENT_OPPORTUNITY,obra_classificada_conf=0.92 | fornecedor_privado | obrigacao_financeira_potencialmente_aberta | regime_14133_altamente_provavel | interregno_conservador_por_assinatura_gt_12m | document_request_parallel_action | Objeto classificado como pavimentacao_rodoviaria (conf=0.92) | Interregno mínimo conservador confirmado (level=B_CONSERVATIVE_SIGNATURE_GT_12M; proxy=data_assinatura) | Interregno ≥12m na data-base efetiva (proxy:data_assinatura) [TEMPORAL_CANDIDATE_BY_PROXY],Regime 14.133 provável (ano/PNCP/menção) mas não comprovado em documento oficial | data-base exata do orçamento ausente — cálculo preciso bloqueado,clausula_reajuste | data_base_orcamento_estimado | indice_ou_formula | texto_oficial_contrato_edital | medicoes | apostilas | memoria_reajuste,Oportunidade provável — enriquecer contato e documentos antes da abordagem.,Oportunidade provável — enriquecer contato e documentos antes da abordagem.,"Não afirmar valor devido, inadimplemento, crédito constituído ou reajuste definitivamente não pago sem verificação documental completa e revisão humana registrada.",Oportunidade provável — enriquecer contato e documentos antes da abordagem.,Enriquecer contato empresarial; manter na fila de leads prioritários.,"Saldo/medições indisponíveis — valor sobre total é teto teórico, não valor devido. | indice_contratual_ausente — não aplicar IPCA/INCC/SINAPI por plausibilidade",,,,False,True
42,LIKELY_ADJUSTMENT_OPPORTUNITY,DOCUMENT_REQUEST_CANDIDATE,SUL_SC_PRIORITY,75.61,97.0,17.5,90.8,75.61,sede_ou_execucao_sul | interregno_conservador_gt_12m | multi_contratos=2 | regime_14133_provavel_ou_comprovado,43887548000108,CONSTRUTORA SCHROEDER E SCHMIDT LTDA,,INDAIAL,SC,True,,,,2,Departamento de Planejamento | PREFEITURA MUNICIPAL DE NOVA TRENTO,18623551.53,82925025000160-2-000400/2024,PREFEITURA MUNICIPAL DE NOVA TRENTO,LEGAL_REGIME_UNKNOWN,LIKELY_ADJUSTMENT_OPPORTUNITY,obra_classificada_conf=0.88 | fornecedor_privado | obrigacao_financeira_potencialmente_aberta | regime_14133_altamente_provavel | interregno_conservador_por_assinatura_gt_12m | document_request_parallel_action | Objeto classificado como pavimentacao_rodoviaria (conf=0.88) | Interregno mínimo conservador confirmado (level=B_CONSERVATIVE_SIGNATURE_GT_12M; proxy=data_assinatura) | Interregno ≥12m na data-base efetiva (proxy:data_assinatura) [TEMPORAL_CANDIDATE_BY_PROXY],Regime 14.133 provável (ano/PNCP/menção) mas não comprovado em documento oficial | data-base exata do orçamento ausente — cálculo preciso bloqueado | maturidade_temporal_insuficiente,clausula_reajuste | data_base_orcamento_estimado | indice_ou_formula | texto_oficial_contrato_edital | medicoes | apostilas | memoria_reajuste,Oportunidade provável — enriquecer contato e documentos antes da abordagem.,Oportunidade provável — enriquecer contato e documentos antes da abordagem.,"Não afirmar valor devido, inadimplemento, crédito constituído ou reajuste definitivamente não pago sem verificação documental completa e revisão humana registrada.",Oportunidade provável — enriquecer contato e documentos antes da abordagem.,Enriquecer contato empresarial; manter na fila de leads prioritários.,"Saldo/medições indisponíveis — valor sobre total é teto teórico, não valor devido. | indice_contratual_ausente — não aplicar IPCA/INCC/SINAPI por plausibilidade",,,,False,True
43,LIKELY_ADJUSTMENT_OPPORTUNITY,DOCUMENT_REQUEST_CANDIDATE,SUL_SC_PRIORITY,75.48,95.0,17.5,88.0,75.48,sede_ou_execucao_sul | interregno_conservador_gt_12m | multi_contratos=2 | regime_14133_provavel_ou_comprovado,07150434000117,SINASC SINALIZAÇÃO E CONSTRUÇÃO DE RODOVIAS LTDA,,PALHOCA,SC,True,,,,2,CONSÓRCIO INTERFEDERATIVO SANTA CATARINA - CINCATARINA | SMDT - SECRETARIA MUNICIPAL DE DEFESA SOCIAL E TRÂNSITO - SMDT,42492735.95,76417005000186-2-000044/2025,SMDT - SECRETARIA MUNICIPAL DE DEFESA SOCIAL E TRÂNSITO - SMDT,LEGAL_REGIME_UNKNOWN,LIKELY_ADJUSTMENT_OPPORTUNITY,obra_classificada_conf=0.80 | fornecedor_privado | obrigacao_financeira_potencialmente_aberta | regime_14133_altamente_provavel | interregno_conservador_por_assinatura_gt_12m | document_request_parallel_action | Objeto classificado como obras_engenharia_geral (conf=0.80) | Interregno mínimo conservador confirmado (level=B_CONSERVATIVE_SIGNATURE_GT_12M; proxy=data_assinatura) | Interregno ≥12m na data-base efetiva (proxy:data_assinatura) [TEMPORAL_CANDIDATE_BY_PROXY],Regime 14.133 provável (ano/PNCP/menção) mas não comprovado em documento oficial | data-base exata do orçamento ausente — cálculo preciso bloqueado,clausula_reajuste | data_base_orcamento_estimado | indice_ou_formula | texto_oficial_contrato_edital | medicoes | apostilas | memoria_reajuste,Oportunidade provável — enriquecer contato e documentos antes da abordagem.,Oportunidade provável — enriquecer contato e documentos antes da abordagem.,"Não afirmar valor devido, inadimplemento, crédito constituído ou reajuste definitivamente não pago sem verificação documental completa e revisão humana registrada.",Oportunidade provável — enriquecer contato e documentos antes da abordagem.,Enriquecer contato empresarial; manter na fila de leads prioritários.,"Saldo/medições indisponíveis — valor sobre total é teto teórico, não valor devido. | indice_contratual_ausente — não aplicar IPCA/INCC/SINAPI por plausibilidade",,,,False,True
44,LIKELY_ADJUSTMENT_OPPORTUNITY,DOCUMENT_REQUEST_CANDIDATE,SUL_SC_PRIORITY,75.37,96.0,17.5,90.8,75.37,sede_ou_execucao_sul | interregno_conservador_gt_12m | multi_contratos=11 | regime_14133_provavel_ou_comprovado,80095466000157,CONSTRUTORA OLIVEIRA LTDA,,MARAVILHA,SC,True,,,,11,Departamento de Estradas de Rodagem do Município de  São Carlos/SC | MUNICÍPIO DE GALVÃO | Prefeitura Municipal de Chapecó | SECRETARIA DE OBRAS,228720010.6,83021808000182-2-000326/2024,Prefeitura Municipal de Chapecó,LEGAL_REGIME_UNKNOWN,LIKELY_ADJUSTMENT_OPPORTUNITY,obra_classificada_conf=0.76 | fornecedor_privado | obrigacao_financeira_potencialmente_aberta | regime_14133_altamente_provavel | interregno_conservador_por_assinatura_gt_12m | document_request_parallel_action | Objeto classificado como obras_engenharia_geral (conf=0.76) | Interregno mínimo conservador confirmado (level=B_CONSERVATIVE_SIGNATURE_GT_12M; proxy=data_assinatura) | Interregno ≥12m na data-base efetiva (proxy:data_assinatura) [TEMPORAL_CANDIDATE_BY_PROXY],Regime 14.133 provável (ano/PNCP/menção) mas não comprovado em documento oficial | data-base exata do orçamento ausente — cálculo preciso bloqueado,clausula_reajuste | data_base_orcamento_estimado | indice_ou_formula | texto_oficial_contrato_edital | medicoes | apostilas | memoria_reajuste,Oportunidade provável — enriquecer contato e documentos antes da abordagem.,Oportunidade provável — enriquecer contato e documentos antes da abordagem.,"Não afirmar valor devido, inadimplemento, crédito constituído ou reajuste definitivamente não pago sem verificação documental completa e revisão humana registrada.",Oportunidade provável — enriquecer contato e documentos antes da abordagem.,Enriquecer contato empresarial; manter na fila de leads prioritários.,"Saldo/medições indisponíveis — valor sobre total é teto teórico, não valor devido. | indice_contratual_ausente — não aplicar IPCA/INCC/SINAPI por plausibilidade",,,,False,True
45,LIKELY_ADJUSTMENT_OPPORTUNITY,DOCUMENT_REQUEST_CANDIDATE,SUL_SC_PRIORITY,75.23,97.0,17.5,90.8,75.23,sede_ou_execucao_sul | interregno_conservador_gt_12m | regime_14133_provavel_ou_comprovado,01185136000186,TERRAPLANAGEM E TRANSPORTES AUGUSTO LTDA,,Brusque,SC,True,,,,1,Secretaria Municipal de Obras e Serviços Urbanos,8760655.31,83102343000194-2-000403/2023,Secretaria Municipal de Obras e Serviços Urbanos,LEGAL_REGIME_UNKNOWN,LIKELY_ADJUSTMENT_OPPORTUNITY,obra_classificada_conf=0.88 | fornecedor_privado | obrigacao_financeira_potencialmente_aberta | regime_14133_altamente_provavel | interregno_conservador_por_assinatura_gt_12m | document_request_parallel_action | Objeto classificado como drenagem_urbanizacao (conf=0.88) | Interregno mínimo conservador confirmado (level=B_CONSERVATIVE_SIGNATURE_GT_12M; proxy=data_assinatura) | Interregno ≥12m na data-base efetiva (proxy:data_assinatura) [TEMPORAL_CANDIDATE_BY_PROXY],Regime 14.133 provável (ano/PNCP/menção) mas não comprovado em documento oficial | data-base exata do orçamento ausente — cálculo preciso bloqueado,clausula_reajuste | data_base_orcamento_estimado | indice_ou_formula | texto_oficial_contrato_edital | medicoes | apostilas | memoria_reajuste,Oportunidade provável — enriquecer contato e documentos antes da abordagem.,Oportunidade provável — enriquecer contato e documentos antes da abordagem.,"Não afirmar valor devido, inadimplemento, crédito constituído ou reajuste definitivamente não pago sem verificação documental completa e revisão humana registrada.",Oportunidade provável — enriquecer contato e documentos antes da abordagem.,Enriquecer contato empresarial; manter na fila de leads prioritários.,"Saldo/medições indisponíveis — valor sobre total é teto teórico, não valor devido. | indice_contratual_ausente — não aplicar IPCA/INCC/SINAPI por plausibilidade",,,,False,True
46,LIKELY_ADJUSTMENT_OPPORTUNITY,DOCUMENT_REQUEST_CANDIDATE,SUL_SC_PRIORITY,75.21,96.0,17.5,90.8,75.21,sede_ou_execucao_sul | interregno_conservador_gt_12m | multi_contratos=6 | regime_14133_provavel_ou_comprovado,07455659000181,LZK CONSTRUTORA LTDA,,POUSO REDONDO,SC,True,,,,6,"Departamento de Estradas e Vias Publicas | Diretoria de Transportes, Obras Viárias e Edificaç | MUNICÍPIO DE POUSO REDONDO | MUNICÍPIO DE SANTA TEREZINHA | Secretaria de Estado da Infraestrutura e Mobilidade",72941462.5,82951344000140-2-000020/2024,Secretaria de Estado da Infraestrutura e Mobilidade,LEGAL_REGIME_UNKNOWN,LIKELY_ADJUSTMENT_OPPORTUNITY,obra_classificada_conf=0.84 | fornecedor_privado | obrigacao_financeira_potencialmente_aberta | regime_14133_altamente_provavel | interregno_conservador_por_assinatura_gt_12m | document_request_parallel_action | Objeto classificado como pavimentacao_rodoviaria (conf=0.84) | Interregno mínimo conservador confirmado (level=B_CONSERVATIVE_SIGNATURE_GT_12M; proxy=data_assinatura) | Interregno ≥12m na data-base efetiva (proxy:data_assinatura) [TEMPORAL_CANDIDATE_BY_PROXY],Regime 14.133 provável (ano/PNCP/menção) mas não comprovado em documento oficial | data-base exata do orçamento ausente — cálculo preciso bloqueado | maturidade_temporal_insuficiente,clausula_reajuste | data_base_orcamento_estimado | indice_ou_formula | texto_oficial_contrato_edital | medicoes | apostilas | memoria_reajuste,Oportunidade provável — enriquecer contato e documentos antes da abordagem.,Oportunidade provável — enriquecer contato e documentos antes da abordagem.,"Não afirmar valor devido, inadimplemento, crédito constituído ou reajuste definitivamente não pago sem verificação documental completa e revisão humana registrada.",Oportunidade provável — enriquecer contato e documentos antes da abordagem.,Enriquecer contato empresarial; manter na fila de leads prioritários.,"Saldo/medições indisponíveis — valor sobre total é teto teórico, não valor devido. | indice_contratual_ausente — não aplicar IPCA/INCC/SINAPI por plausibilidade",,,,False,True
47,LIKELY_ADJUSTMENT_OPPORTUNITY,DOCUMENT_REQUEST_CANDIDATE,SUL_SC_PRIORITY,75.08,94.0,17.5,86.6,75.08,sede_ou_execucao_sul | interregno_conservador_gt_12m | regime_14133_provavel_ou_comprovado,55049547000173,CONSORCIO FREEDOM  PACOPEDRA AUGUSTO,,Brusque,SC,True,,,,1,Secretaria Municipal de Obras e Serviços Urbanos,32376802.19,83102343000194-2-002275/2024,Secretaria Municipal de Obras e Serviços Urbanos,LEGAL_REGIME_UNKNOWN,LIKELY_ADJUSTMENT_OPPORTUNITY,obra_classificada_conf=0.76 | fornecedor_privado | obrigacao_financeira_potencialmente_aberta | regime_14133_altamente_provavel | interregno_conservador_por_assinatura_gt_12m | document_request_parallel_action | Objeto classificado como edificacoes (conf=0.76) | Interregno mínimo conservador confirmado (level=B_CONSERVATIVE_SIGNATURE_GT_12M; proxy=data_assinatura) | Interregno ≥12m na data-base efetiva (proxy:data_assinatura) [TEMPORAL_CANDIDATE_BY_PROXY],Regime 14.133 provável (ano/PNCP/menção) mas não comprovado em documento oficial | data-base exata do orçamento ausente — cálculo preciso bloqueado,clausula_reajuste | data_base_orcamento_estimado | indice_ou_formula | texto_oficial_contrato_edital | medicoes | apostilas | memoria_reajuste,Oportunidade provável — enriquecer contato e documentos antes da abordagem.,Oportunidade provável — enriquecer contato e documentos antes da abordagem.,"Não afirmar valor devido, inadimplemento, crédito constituído ou reajuste definitivamente não pago sem verificação documental completa e revisão humana registrada.",Oportunidade provável — enriquecer contato e documentos antes da abordagem.,Enriquecer contato empresarial; manter na fila de leads prioritários.,"Saldo/medições indisponíveis — valor sobre total é teto teórico, não valor devido. | indice_contratual_ausente — não aplicar IPCA/INCC/SINAPI por plausibilidade",,,,False,True
48,LIKELY_ADJUSTMENT_OPPORTUNITY,DOCUMENT_REQUEST_CANDIDATE,SUL_SC_PRIORITY,75.02,97.0,17.5,93.6,75.02,sede_ou_execucao_sul | interregno_conservador_gt_12m | multi_contratos=5 | regime_14133_provavel_ou_comprovado,08985901000191,UNIÃO PRESTADORA DE SERVIÇOS LTDA,,PORTO UNIAO,SC,True,,,,5,MPR-PREFEITURA MUNICIPAL DE PAULO FRONTIN | Unidade administrativa,45293631.52,76020460000143-2-000003/2024,Unidade administrativa,LEGAL_REGIME_UNKNOWN,LIKELY_ADJUSTMENT_OPPORTUNITY,obra_classificada_conf=0.88 | fornecedor_privado | obrigacao_financeira_potencialmente_aberta | regime_14133_altamente_provavel | interregno_conservador_por_assinatura_gt_12m | document_request_parallel_action | Objeto classificado como pavimentacao_rodoviaria (conf=0.88) | Interregno mínimo conservador confirmado (level=B_CONSERVATIVE_SIGNATURE_GT_12M; proxy=data_assinatura) | Interregno ≥12m na data-base efetiva (proxy:data_assinatura) [TEMPORAL_CANDIDATE_BY_PROXY],Regime 14.133 provável (ano/PNCP/menção) mas não comprovado em documento oficial | data-base exata do orçamento ausente — cálculo preciso bloqueado | maturidade_temporal_insuficiente,clausula_reajuste | data_base_orcamento_estimado | indice_ou_formula | texto_oficial_contrato_edital | medicoes | apostilas | memoria_reajuste,Oportunidade provável — enriquecer contato e documentos antes da abordagem.,Oportunidade provável — enriquecer contato e documentos antes da abordagem.,"Não afirmar valor devido, inadimplemento, crédito constituído ou reajuste definitivamente não pago sem verificação documental completa e revisão humana registrada.",Oportunidade provável — enriquecer contato e documentos antes da abordagem.,Enriquecer contato empresarial; manter na fila de leads prioritários.,"Saldo/medições indisponíveis — valor sobre total é teto teórico, não valor devido. | indice_contratual_ausente — não aplicar IPCA/INCC/SINAPI por plausibilidade",,,,False,True
49,LIKELY_ADJUSTMENT_OPPORTUNITY,DOCUMENT_REQUEST_CANDIDATE,SUL_SC_PRIORITY,74.94,96.0,17.5,90.8,74.94,sede_ou_execucao_sul | interregno_conservador_gt_12m | multi_contratos=5 | regime_14133_provavel_ou_comprovado,95865044000190,ZANCO CONSTRUTORA LTDA,,XAXIM,SC,True,,,,5,Diretoria de Infraestruttura | P.M. De Travesseiro | PREFEITURA MUN RODEIO BONITO | PREFEITURA MUNICIPAL | Secretaria de Transportes e Obras,74327617.77,94706124000130-2-000083/2025,P.M. De Travesseiro,LEGAL_REGIME_UNKNOWN,LIKELY_ADJUSTMENT_OPPORTUNITY,obra_classificada_conf=0.84 | fornecedor_privado | obrigacao_financeira_potencialmente_aberta | regime_14133_altamente_provavel | interregno_conservador_por_assinatura_gt_12m | document_request_parallel_action | Objeto classificado como edificacoes (conf=0.84) | Interregno mínimo conservador confirmado (level=B_CONSERVATIVE_SIGNATURE_GT_12M; proxy=data_assinatura) | Interregno ≥12m na data-base efetiva (proxy:data_assinatura) [TEMPORAL_CANDIDATE_BY_PROXY],Regime 14.133 provável (ano/PNCP/menção) mas não comprovado em documento oficial | data-base exata do orçamento ausente — cálculo preciso bloqueado | maturidade_temporal_insuficiente,clausula_reajuste | data_base_orcamento_estimado | indice_ou_formula | texto_oficial_contrato_edital | medicoes | apostilas | memoria_reajuste,Oportunidade provável — enriquecer contato e documentos antes da abordagem.,Oportunidade provável — enriquecer contato e documentos antes da abordagem.,"Não afirmar valor devido, inadimplemento, crédito constituído ou reajuste definitivamente não pago sem verificação documental completa e revisão humana registrada.",Oportunidade provável — enriquecer contato e documentos antes da abordagem.,Enriquecer contato empresarial; manter na fila de leads prioritários.,"Saldo/medições indisponíveis — valor sobre total é teto teórico, não valor devido. | indice_contratual_ausente — não aplicar IPCA/INCC/SINAPI por plausibilidade",,,,False,True
50,LIKELY_ADJUSTMENT_OPPORTUNITY,DOCUMENT_REQUEST_CANDIDATE,SUL_SC_PRIORITY,74.86,97.0,17.5,95.0,74.86,sede_ou_execucao_sul | interregno_conservador_gt_12m | multi_contratos=2 | regime_14133_provavel_ou_comprovado,04406660000128,TERRAMAXX - CONSTRUCOES  LTDA,,Xanxerê,SC,True,,,,2,MUNICÍPIO DE SÃO DOMINGOS | MUNICÍPIO DE XANXERÊ,12157980.4,83009860000113-2-000555/2024,MUNICÍPIO DE XANXERÊ,LEGAL_REGIME_UNKNOWN,LIKELY_ADJUSTMENT_OPPORTUNITY,obra_classificada_conf=0.88 | fornecedor_privado | obrigacao_financeira_potencialmente_aberta | regime_14133_altamente_provavel | interregno_conservador_por_assinatura_gt_12m | document_request_parallel_action | Objeto classificado como obras_infraestrutura (conf=0.88) | Interregno mínimo conservador confirmado (level=B_CONSERVATIVE_SIGNATURE_GT_12M; proxy=data_assinatura) | Interregno ≥12m na data-base efetiva (proxy:data_assinatura) [TEMPORAL_CANDIDATE_BY_PROXY],Regime 14.133 provável (ano/PNCP/menção) mas não comprovado em documento oficial | data-base exata do orçamento ausente — cálculo preciso bloqueado | maturidade_temporal_insuficiente,clausula_reajuste | data_base_orcamento_estimado | indice_ou_formula | texto_oficial_contrato_edital | medicoes | apostilas | memoria_reajuste,Oportunidade provável — enriquecer contato e documentos antes da abordagem.,Oportunidade provável — enriquecer contato e documentos antes da abordagem.,"Não afirmar valor devido, inadimplemento, crédito constituído ou reajuste definitivamente não pago sem verificação documental completa e revisão humana registrada.",Oportunidade provável — enriquecer contato e documentos antes da abordagem.,Enriquecer contato empresarial; manter na fila de leads prioritários.,"Saldo/medições indisponíveis — valor sobre total é teto teórico, não valor devido. | indice_contratual_ausente — não aplicar IPCA/INCC/SINAPI por plausibilidade",,,,False,True
51,LIKELY_ADJUSTMENT_OPPORTUNITY,DOCUMENT_REQUEST_CANDIDATE,SUL_SC_PRIORITY,74.74,97.0,17.5,90.8,74.74,sede_ou_execucao_sul | interregno_conservador_gt_12m | multi_contratos=2 | regime_14133_provavel_ou_comprovado,27232335000191,LIDER OBRAS DE INFRAESTRUTURA LTDA,,BLUMENAU,SC,True,,,,2,PREFEITURA MUNICIPAL DE NAVEGANTES | Secretaria de Infraestrutura – SEINFRA,15120768.43,83102855000150-2-002157/2024,PREFEITURA MUNICIPAL DE NAVEGANTES,LEGAL_REGIME_UNKNOWN,LIKELY_ADJUSTMENT_OPPORTUNITY,obra_classificada_conf=0.88 | fornecedor_privado | obrigacao_financeira_potencialmente_aberta | regime_14133_altamente_provavel | interregno_conservador_por_assinatura_gt_12m | document_request_parallel_action | Objeto classificado como pavimentacao_rodoviaria (conf=0.88) | Interregno mínimo conservador confirmado (level=B_CONSERVATIVE_SIGNATURE_GT_12M; proxy=data_assinatura) | Interregno ≥12m na data-base efetiva (proxy:data_assinatura) [TEMPORAL_CANDIDATE_BY_PROXY],Regime 14.133 provável (ano/PNCP/menção) mas não comprovado em documento oficial | data-base exata do orçamento ausente — cálculo preciso bloqueado | maturidade_temporal_insuficiente,clausula_reajuste | data_base_orcamento_estimado | indice_ou_formula | texto_oficial_contrato_edital | medicoes | apostilas | memoria_reajuste,Oportunidade provável — enriquecer contato e documentos antes da abordagem.,Oportunidade provável — enriquecer contato e documentos antes da abordagem.,"Não afirmar valor devido, inadimplemento, crédito constituído ou reajuste definitivamente não pago sem verificação documental completa e revisão humana registrada.",Oportunidade provável — enriquecer contato e documentos antes da abordagem.,Enriquecer contato empresarial; manter na fila de leads prioritários.,"Saldo/medições indisponíveis — valor sobre total é teto teórico, não valor devido. | indice_contratual_ausente — não aplicar IPCA/INCC/SINAPI por plausibilidade",,,,False,True
52,LIKELY_ADJUSTMENT_OPPORTUNITY,DOCUMENT_REQUEST_CANDIDATE,SUL_SC_PRIORITY,74.73,97.0,17.5,90.8,74.73,sede_ou_execucao_sul | interregno_conservador_gt_12m | multi_contratos=2 | regime_14133_provavel_ou_comprovado,21462382000145,VIA PREFERENCIAL SERVICOS LTDA,,BLUMENAU,SC,True,,,,2,PREFEITURA MUNICIPAL DE MAJOR VIEIRA - SC | Unidade administrativa,13644000.0,80620172000105-2-000002/2024,Unidade administrativa,LEGAL_REGIME_UNKNOWN,LIKELY_ADJUSTMENT_OPPORTUNITY,obra_classificada_conf=0.88 | fornecedor_privado | obrigacao_financeira_potencialmente_aberta | regime_14133_altamente_provavel | interregno_conservador_por_assinatura_gt_12m | document_request_parallel_action | Objeto classificado como pavimentacao_rodoviaria (conf=0.88) | Interregno mínimo conservador confirmado (level=B_CONSERVATIVE_SIGNATURE_GT_12M; proxy=data_assinatura) | Interregno ≥12m na data-base efetiva (proxy:data_assinatura) [TEMPORAL_CANDIDATE_BY_PROXY],Regime 14.133 provável (ano/PNCP/menção) mas não comprovado em documento oficial | data-base exata do orçamento ausente — cálculo preciso bloqueado | maturidade_temporal_insuficiente,clausula_reajuste | data_base_orcamento_estimado | indice_ou_formula | texto_oficial_contrato_edital | medicoes | apostilas | memoria_reajuste,Oportunidade provável — enriquecer contato e documentos antes da abordagem.,Oportunidade provável — enriquecer contato e documentos antes da abordagem.,"Não afirmar valor devido, inadimplemento, crédito constituído ou reajuste definitivamente não pago sem verificação documental completa e revisão humana registrada.",Oportunidade provável — enriquecer contato e documentos antes da abordagem.,Enriquecer contato empresarial; manter na fila de leads prioritários.,"Saldo/medições indisponíveis — valor sobre total é teto teórico, não valor devido. | indice_contratual_ausente — não aplicar IPCA/INCC/SINAPI por plausibilidade",,,,False,True
53,LIKELY_ADJUSTMENT_OPPORTUNITY,DOCUMENT_REQUEST_CANDIDATE,SUL_SC_PRIORITY,74.69,97.0,17.5,93.6,74.69,sede_ou_execucao_sul | interregno_conservador_gt_12m | multi_contratos=7 | regime_14133_provavel_ou_comprovado,05895635000118,JR CONSTRUCOES E TERRAPLENAGEM LTDA EPP,,ICARA,SC,True,,,,7,DEPARTAMENTO DE OBRAS E SERVIÇOS URBANOS | DIRETORIA DE OBRAS E SERVIÇOS URBANOS | PREFEITURA | PREFEITURA MUNICIPAL DE CRICIÚMA - SC | PREFEITURA MUNICIPAL DE IÇARA - SC | Sombrio,41447199.519999996,82963216000117-2-000040/2024,Sombrio,LEGAL_REGIME_UNKNOWN,LIKELY_ADJUSTMENT_OPPORTUNITY,obra_classificada_conf=0.88 | fornecedor_privado | obrigacao_financeira_potencialmente_aberta | regime_14133_altamente_provavel | interregno_conservador_por_assinatura_gt_12m | document_request_parallel_action | Objeto classificado como pavimentacao_rodoviaria (conf=0.88) | Interregno mínimo conservador confirmado (level=B_CONSERVATIVE_SIGNATURE_GT_12M; proxy=data_assinatura) | Interregno ≥12m na data-base efetiva (proxy:data_assinatura) [TEMPORAL_CANDIDATE_BY_PROXY],Regime 14.133 provável (ano/PNCP/menção) mas não comprovado em documento oficial | data-base exata do orçamento ausente — cálculo preciso bloqueado | maturidade_temporal_insuficiente,clausula_reajuste | data_base_orcamento_estimado | indice_ou_formula | texto_oficial_contrato_edital | medicoes | apostilas | memoria_reajuste,Oportunidade provável — enriquecer contato e documentos antes da abordagem.,Oportunidade provável — enriquecer contato e documentos antes da abordagem.,"Não afirmar valor devido, inadimplemento, crédito constituído ou reajuste definitivamente não pago sem verificação documental completa e revisão humana registrada.",Oportunidade provável — enriquecer contato e documentos antes da abordagem.,Enriquecer contato empresarial; manter na fila de leads prioritários.,"Saldo/medições indisponíveis — valor sobre total é teto teórico, não valor devido. | indice_contratual_ausente — não aplicar IPCA/INCC/SINAPI por plausibilidade",,,,False,True
54,LIKELY_ADJUSTMENT_OPPORTUNITY,DOCUMENT_REQUEST_CANDIDATE,SUL_SC_PRIORITY,74.62,94.0,17.5,86.6,74.62,sede_ou_execucao_sul | interregno_conservador_gt_12m | multi_contratos=2 | regime_14133_provavel_ou_comprovado,01993902000139,MORE SINALIZAÇÃO E CONSTRUÇÃO LTDA,,SAO JOSE,SC,True,,,,2,CONSÓRCIO INTERFEDERATIVO SANTA CATARINA - CINCATARINA,38528157.33,12075748000132-2-000073/2024,CONSÓRCIO INTERFEDERATIVO SANTA CATARINA - CINCATARINA,LEGAL_REGIME_UNKNOWN,LIKELY_ADJUSTMENT_OPPORTUNITY,obra_classificada_conf=0.76 | fornecedor_privado | obrigacao_financeira_potencialmente_aberta | regime_14133_altamente_provavel | interregno_conservador_por_assinatura_gt_12m | document_request_parallel_action | Objeto classificado como pavimentacao_rodoviaria (conf=0.76) | Interregno mínimo conservador confirmado (level=B_CONSERVATIVE_SIGNATURE_GT_12M; proxy=data_assinatura) | Interregno ≥12m na data-base efetiva (proxy:data_assinatura) [TEMPORAL_CANDIDATE_BY_PROXY],Regime 14.133 provável (ano/PNCP/menção) mas não comprovado em documento oficial | data-base exata do orçamento ausente — cálculo preciso bloqueado,clausula_reajuste | data_base_orcamento_estimado | indice_ou_formula | texto_oficial_contrato_edital | medicoes | apostilas | memoria_reajuste,Oportunidade provável — enriquecer contato e documentos antes da abordagem.,Oportunidade provável — enriquecer contato e documentos antes da abordagem.,"Não afirmar valor devido, inadimplemento, crédito constituído ou reajuste definitivamente não pago sem verificação documental completa e revisão humana registrada.",Oportunidade provável — enriquecer contato e documentos antes da abordagem.,Enriquecer contato empresarial; manter na fila de leads prioritários.,"Saldo/medições indisponíveis — valor sobre total é teto teórico, não valor devido. | indice_contratual_ausente — não aplicar IPCA/INCC/SINAPI por plausibilidade",,,,False,True
55,LIKELY_ADJUSTMENT_OPPORTUNITY,DOCUMENT_REQUEST_CANDIDATE,SUL_SC_PRIORITY,74.62,94.0,17.5,89.4,74.62,sede_ou_execucao_sul | interregno_conservador_gt_12m | multi_contratos=2 | regime_14133_provavel_ou_comprovado,10643254000181,TRILHA ENGENHARIA LTDA,,FLORIANOPOLIS,SC,True,,,,2,Prefeitura Municipal de Jaraguá do Sul | Prefeitura Municipal de Joinville - PMJ,32599000.0,83169623000110-2-000719/2025,Prefeitura Municipal de Joinville - PMJ,LEGAL_REGIME_UNKNOWN,LIKELY_ADJUSTMENT_OPPORTUNITY,obra_classificada_conf=0.76 | fornecedor_privado | obrigacao_financeira_potencialmente_aberta | regime_14133_altamente_provavel | interregno_conservador_por_assinatura_gt_12m | document_request_parallel_action | Objeto classificado como pontes_estruturas (conf=0.76) | Interregno mínimo conservador confirmado (level=B_CONSERVATIVE_SIGNATURE_GT_12M; proxy=data_assinatura) | Interregno ≥12m na data-base efetiva (proxy:data_assinatura) [TEMPORAL_CANDIDATE_BY_PROXY],Regime 14.133 provável (ano/PNCP/menção) mas não comprovado em documento oficial | data-base exata do orçamento ausente — cálculo preciso bloqueado | maturidade_temporal_insuficiente,clausula_reajuste | data_base_orcamento_estimado | indice_ou_formula | texto_oficial_contrato_edital | medicoes | apostilas | memoria_reajuste,Oportunidade provável — enriquecer contato e documentos antes da abordagem.,Oportunidade provável — enriquecer contato e documentos antes da abordagem.,"Não afirmar valor devido, inadimplemento, crédito constituído ou reajuste definitivamente não pago sem verificação documental completa e revisão humana registrada.",Oportunidade provável — enriquecer contato e documentos antes da abordagem.,Enriquecer contato empresarial; manter na fila de leads prioritários.,"Saldo/medições indisponíveis — valor sobre total é teto teórico, não valor devido. | indice_contratual_ausente — não aplicar IPCA/INCC/SINAPI por plausibilidade",,,,False,True
56,LIKELY_ADJUSTMENT_OPPORTUNITY,DOCUMENT_REQUEST_CANDIDATE,SUL_SC_PRIORITY,74.6,96.0,17.5,89.4,74.6,sede_ou_execucao_sul | interregno_conservador_gt_12m | regime_14133_provavel_ou_comprovado,18268055000142,SGS ENGENHARIA E OBRAS LTDA,,Chapecó,SC,True,,,,1,Consórcio Intermunicipal de Saúde (CIS-A,9699000.0,01336261000140-2-000184/2024,Consórcio Intermunicipal de Saúde (CIS-A,LEGAL_REGIME_UNKNOWN,LIKELY_ADJUSTMENT_OPPORTUNITY,obra_classificada_conf=0.84 | fornecedor_privado | obrigacao_financeira_potencialmente_aberta | regime_14133_altamente_provavel | interregno_conservador_por_assinatura_gt_12m | document_request_parallel_action | Objeto classificado como edificacoes (conf=0.84) | Interregno mínimo conservador confirmado (level=B_CONSERVATIVE_SIGNATURE_GT_12M; proxy=data_assinatura) | Interregno ≥12m na data-base efetiva (proxy:data_assinatura) [TEMPORAL_CANDIDATE_BY_PROXY],Regime 14.133 provável (ano/PNCP/menção) mas não comprovado em documento oficial | data-base exata do orçamento ausente — cálculo preciso bloqueado,clausula_reajuste | data_base_orcamento_estimado | indice_ou_formula | texto_oficial_contrato_edital | medicoes | apostilas | memoria_reajuste,Oportunidade provável — enriquecer contato e documentos antes da abordagem.,Oportunidade provável — enriquecer contato e documentos antes da abordagem.,"Não afirmar valor devido, inadimplemento, crédito constituído ou reajuste definitivamente não pago sem verificação documental completa e revisão humana registrada.",Oportunidade provável — enriquecer contato e documentos antes da abordagem.,Enriquecer contato empresarial; manter na fila de leads prioritários.,"Saldo/medições indisponíveis — valor sobre total é teto teórico, não valor devido. | indice_contratual_ausente — não aplicar IPCA/INCC/SINAPI por plausibilidade",,,,False,True
57,LIKELY_ADJUSTMENT_OPPORTUNITY,DOCUMENT_REQUEST_CANDIDATE,SUL_SC_PRIORITY,74.51,96.0,17.5,89.4,74.51,sede_ou_execucao_sul | interregno_conservador_gt_12m | multi_contratos=2 | regime_14133_provavel_ou_comprovado,01154345000162,ADOBE ENGENHARIA LTDA EPP,,Timbó,SC,True,,,,2,Gestão de Saneamento,14973652.120000001,03111139000109-2-000009/2024,Gestão de Saneamento,LEGAL_REGIME_UNKNOWN,LIKELY_ADJUSTMENT_OPPORTUNITY,obra_classificada_conf=0.84 | fornecedor_privado | obrigacao_financeira_potencialmente_aberta | regime_14133_altamente_provavel | interregno_conservador_por_assinatura_gt_12m | document_request_parallel_action | Objeto classificado como saneamento_redes (conf=0.84) | Interregno mínimo conservador confirmado (level=B_CONSERVATIVE_SIGNATURE_GT_12M; proxy=data_assinatura) | Interregno ≥12m na data-base efetiva (proxy:data_assinatura) [TEMPORAL_CANDIDATE_BY_PROXY],Regime 14.133 provável (ano/PNCP/menção) mas não comprovado em documento oficial | data-base exata do orçamento ausente — cálculo preciso bloqueado,clausula_reajuste | data_base_orcamento_estimado | indice_ou_formula | texto_oficial_contrato_edital | medicoes | apostilas | memoria_reajuste,Oportunidade provável — enriquecer contato e documentos antes da abordagem.,Oportunidade provável — enriquecer contato e documentos antes da abordagem.,"Não afirmar valor devido, inadimplemento, crédito constituído ou reajuste definitivamente não pago sem verificação documental completa e revisão humana registrada.",Oportunidade provável — enriquecer contato e documentos antes da abordagem.,Enriquecer contato empresarial; manter na fila de leads prioritários.,"Saldo/medições indisponíveis — valor sobre total é teto teórico, não valor devido. | indice_contratual_ausente — não aplicar IPCA/INCC/SINAPI por plausibilidade",,,,False,True
58,LIKELY_ADJUSTMENT_OPPORTUNITY,DOCUMENT_REQUEST_CANDIDATE,SUL_SC_PRIORITY,74.47,95.0,17.5,88.0,74.47,sede_ou_execucao_sul | interregno_conservador_gt_12m | regime_14133_provavel_ou_comprovado,37059914000138,AJAS TERRAPLANAGEM LTDA,,Florianópolis,SC,True,,,,1,Secretaria de Estado da Infraestrutura e Mobilidade,15365652.93,82951344000140-2-000007/2024,Secretaria de Estado da Infraestrutura e Mobilidade,LEGAL_REGIME_UNKNOWN,LIKELY_ADJUSTMENT_OPPORTUNITY,obra_classificada_conf=0.80 | fornecedor_privado | obrigacao_financeira_potencialmente_aberta | regime_14133_altamente_provavel | interregno_conservador_por_assinatura_gt_12m | document_request_parallel_action | Objeto classificado como pavimentacao_rodoviaria (conf=0.80) | Interregno mínimo conservador confirmado (level=B_CONSERVATIVE_SIGNATURE_GT_12M; proxy=data_assinatura) | Interregno ≥12m na data-base efetiva (proxy:data_assinatura) [TEMPORAL_CANDIDATE_BY_PROXY],Regime 14.133 provável (ano/PNCP/menção) mas não comprovado em documento oficial | data-base exata do orçamento ausente — cálculo preciso bloqueado,clausula_reajuste | data_base_orcamento_estimado | indice_ou_formula | texto_oficial_contrato_edital | medicoes | apostilas | memoria_reajuste,Oportunidade provável — enriquecer contato e documentos antes da abordagem.,Oportunidade provável — enriquecer contato e documentos antes da abordagem.,"Não afirmar valor devido, inadimplemento, crédito constituído ou reajuste definitivamente não pago sem verificação documental completa e revisão humana registrada.",Oportunidade provável — enriquecer contato e documentos antes da abordagem.,Enriquecer contato empresarial; manter na fila de leads prioritários.,"Saldo/medições indisponíveis — valor sobre total é teto teórico, não valor devido. | indice_contratual_ausente — não aplicar IPCA/INCC/SINAPI por plausibilidade",,,,False,True
59,LIKELY_ADJUSTMENT_OPPORTUNITY,DOCUMENT_REQUEST_CANDIDATE,SUL_SC_PRIORITY,74.44,96.0,17.5,89.4,74.44,sede_ou_execucao_sul | interregno_conservador_gt_12m | regime_14133_provavel_ou_comprovado,35227215000124,ROHRIG CONSTRUÇÕES EIRELI,,São Bento do Sul,SC,True,,,,1,MOBILIDADE URBANA,8453958.72,86051398000100-2-000489/2024,MOBILIDADE URBANA,LEGAL_REGIME_UNKNOWN,LIKELY_ADJUSTMENT_OPPORTUNITY,obra_classificada_conf=0.84 | fornecedor_privado | obrigacao_financeira_potencialmente_aberta | regime_14133_altamente_provavel | interregno_conservador_por_assinatura_gt_12m | document_request_parallel_action | Objeto classificado como pavimentacao_rodoviaria (conf=0.84) | Interregno mínimo conservador confirmado (level=B_CONSERVATIVE_SIGNATURE_GT_12M; proxy=data_assinatura) | Interregno ≥12m na data-base efetiva (proxy:data_assinatura) [TEMPORAL_CANDIDATE_BY_PROXY],Regime 14.133 provável (ano/PNCP/menção) mas não comprovado em documento oficial | data-base exata do orçamento ausente — cálculo preciso bloqueado,clausula_reajuste | data_base_orcamento_estimado | indice_ou_formula | texto_oficial_contrato_edital | medicoes | apostilas | memoria_reajuste,Oportunidade provável — enriquecer contato e documentos antes da abordagem.,Oportunidade provável — enriquecer contato e documentos antes da abordagem.,"Não afirmar valor devido, inadimplemento, crédito constituído ou reajuste definitivamente não pago sem verificação documental completa e revisão humana registrada.",Oportunidade provável — enriquecer contato e documentos antes da abordagem.,Enriquecer contato empresarial; manter na fila de leads prioritários.,"Saldo/medições indisponíveis — valor sobre total é teto teórico, não valor devido. | indice_contratual_ausente — não aplicar IPCA/INCC/SINAPI por plausibilidade",,,,False,True
60,LIKELY_ADJUSTMENT_OPPORTUNITY,DOCUMENT_REQUEST_CANDIDATE,SUL_SC_PRIORITY,74.42,94.0,17.5,86.6,74.42,sede_ou_execucao_sul | interregno_conservador_gt_12m | multi_contratos=2 | regime_14133_provavel_ou_comprovado,05472936000139,"SEMASA - SERV. MUN. DE ÁGUA, SANEAMENTO BÁSICO",,ITAJAI,SC,True,,,,2,PREFEITURA MUNICIPAL DE NAVEGANTES | Secretaria Municipal de Saneamento Básico – SESAN,46644000.0,83102855000150-2-003034/2025,Secretaria Municipal de Saneamento Básico – SESAN,LEGAL_REGIME_UNKNOWN,LIKELY_ADJUSTMENT_OPPORTUNITY,obra_classificada_conf=0.76 | fornecedor_privado | obrigacao_financeira_potencialmente_aberta | regime_14133_altamente_provavel | interregno_conservador_por_assinatura_gt_12m | document_request_parallel_action | Objeto classificado como saneamento_redes (conf=0.76) | Interregno mínimo conservador confirmado (level=B_CONSERVATIVE_SIGNATURE_GT_12M; proxy=data_assinatura) | Interregno ≥12m na data-base efetiva (proxy:data_assinatura) [TEMPORAL_CANDIDATE_BY_PROXY],Regime 14.133 provável (ano/PNCP/menção) mas não comprovado em documento oficial | data-base exata do orçamento ausente — cálculo preciso bloqueado,clausula_reajuste | data_base_orcamento_estimado | indice_ou_formula | texto_oficial_contrato_edital | medicoes | apostilas | memoria_reajuste,Oportunidade provável — enriquecer contato e documentos antes da abordagem.,Oportunidade provável — enriquecer contato e documentos antes da abordagem.,"Não afirmar valor devido, inadimplemento, crédito constituído ou reajuste definitivamente não pago sem verificação documental completa e revisão humana registrada.",Oportunidade provável — enriquecer contato e documentos antes da abordagem.,Enriquecer contato empresarial; manter na fila de leads prioritários.,"Saldo/medições indisponíveis — valor sobre total é teto teórico, não valor devido. | indice_contratual_ausente — não aplicar IPCA/INCC/SINAPI por plausibilidade",,,,False,True
61,LIKELY_ADJUSTMENT_OPPORTUNITY,DOCUMENT_REQUEST_CANDIDATE,SUL_SC_PRIORITY,74.42,94.0,17.5,86.6,74.42,sede_ou_execucao_sul | interregno_conservador_gt_12m | regime_14133_provavel_ou_comprovado,57783977000140,Consórcio Revitalizador Barragem SulCRBS,,XANXERE,SC,True,,,,1,Secretaria de Estado da Infraestrutura e Mobilidade,23338000.0,82951344000140-2-000114/2024,Secretaria de Estado da Infraestrutura e Mobilidade,LEGAL_REGIME_UNKNOWN,LIKELY_ADJUSTMENT_OPPORTUNITY,obra_classificada_conf=0.76 | fornecedor_privado | obrigacao_financeira_potencialmente_aberta | regime_14133_altamente_provavel | interregno_conservador_por_assinatura_gt_12m | document_request_parallel_action | Objeto classificado como edificacoes (conf=0.76) | Interregno mínimo conservador confirmado (level=B_CONSERVATIVE_SIGNATURE_GT_12M; proxy=data_assinatura) | Interregno ≥12m na data-base efetiva (proxy:data_assinatura) [TEMPORAL_CANDIDATE_BY_PROXY],Regime 14.133 provável (ano/PNCP/menção) mas não comprovado em documento oficial | data-base exata do orçamento ausente — cálculo preciso bloqueado,clausula_reajuste | data_base_orcamento_estimado | indice_ou_formula | texto_oficial_contrato_edital | medicoes | apostilas | memoria_reajuste,Oportunidade provável — enriquecer contato e documentos antes da abordagem.,Oportunidade provável — enriquecer contato e documentos antes da abordagem.,"Não afirmar valor devido, inadimplemento, crédito constituído ou reajuste definitivamente não pago sem verificação documental completa e revisão humana registrada.",Oportunidade provável — enriquecer contato e documentos antes da abordagem.,Enriquecer contato empresarial; manter na fila de leads prioritários.,"Saldo/medições indisponíveis — valor sobre total é teto teórico, não valor devido. | indice_contratual_ausente — não aplicar IPCA/INCC/SINAPI por plausibilidade",,,,False,True
62,LIKELY_ADJUSTMENT_OPPORTUNITY,DOCUMENT_REQUEST_CANDIDATE,SUL_SC_PRIORITY,74.38,100.0,17.5,85.0,74.38,sede_ou_execucao_sul | interregno_conservador_gt_12m | multi_contratos=7 | regime_14133_provavel_ou_comprovado,05390905000139,DALFOVO CONSTRUTORA LTDA,,Porto Alegre,RS,True,,,,7,DEPARTAMENTO AUTÔNOMO DE ESTRADAS DE RODAGEM | ERS-DEPARTAMENTO AUT. DE ESTRADAS DE RODAGEM | Executivo Administração Direta,173225662.35000002,92883834000100-2-000002/2025,DEPARTAMENTO AUTÔNOMO DE ESTRADAS DE RODAGEM,LEGAL_REGIME_UNKNOWN,LIKELY_ADJUSTMENT_OPPORTUNITY,obra_classificada_conf=1.00 | fornecedor_privado | obrigacao_financeira_potencialmente_aberta | regime_14133_altamente_provavel | interregno_conservador_por_assinatura_gt_12m | document_request_parallel_action | Objeto classificado como pavimentacao_rodoviaria (conf=1.00) | Interregno mínimo conservador confirmado (level=B_CONSERVATIVE_SIGNATURE_GT_12M; proxy=data_assinatura) | Interregno ≥12m na data-base efetiva (proxy:data_assinatura) [TEMPORAL_CANDIDATE_BY_PROXY],Regime 14.133 provável (ano/PNCP/menção) mas não comprovado em documento oficial | data-base exata do orçamento ausente — cálculo preciso bloqueado,clausula_reajuste | data_base_orcamento_estimado | indice_ou_formula | texto_oficial_contrato_edital | medicoes | apostilas | memoria_reajuste,Oportunidade provável — enriquecer contato e documentos antes da abordagem.,Oportunidade provável — enriquecer contato e documentos antes da abordagem.,"Não afirmar valor devido, inadimplemento, crédito constituído ou reajuste definitivamente não pago sem verificação documental completa e revisão humana registrada.",Oportunidade provável — enriquecer contato e documentos antes da abordagem.,Enriquecer contato empresarial; manter na fila de leads prioritários.,"Saldo/medições indisponíveis — valor sobre total é teto teórico, não valor devido. | indice_contratual_ausente — não aplicar IPCA/INCC/SINAPI por plausibilidade",,,,False,True
63,LIKELY_ADJUSTMENT_OPPORTUNITY,DOCUMENT_REQUEST_CANDIDATE,SUL_SC_PRIORITY,74.38,100.0,17.5,85.0,74.38,sede_ou_execucao_sul | interregno_conservador_gt_12m | multi_contratos=6 | regime_14133_provavel_ou_comprovado,61381943000104,CONSTRUTORA CONTINENTAL DE SAO PAULO LTDA,,SANTA MARIA,RS,True,,,,6,DEPARTAMENTO AUTÔNOMO DE ESTRADAS DE RODAGEM | PREFEITURA MUNICIPAL DE CRUZ ALTA - RS | PREFEITURA MUNICIPAL DE SANTA MARIA/RS,125501978.85999998,92883834000100-2-000057/2025,DEPARTAMENTO AUTÔNOMO DE ESTRADAS DE RODAGEM,LEGAL_REGIME_UNKNOWN,LIKELY_ADJUSTMENT_OPPORTUNITY,obra_classificada_conf=1.00 | fornecedor_privado | obrigacao_financeira_potencialmente_aberta | regime_14133_altamente_provavel | interregno_conservador_por_assinatura_gt_12m | document_request_parallel_action | Objeto classificado como pavimentacao_rodoviaria (conf=1.00) | Interregno mínimo conservador confirmado (level=B_CONSERVATIVE_SIGNATURE_GT_12M; proxy=data_assinatura) | Interregno ≥12m na data-base efetiva (proxy:data_assinatura) [TEMPORAL_CANDIDATE_BY_PROXY],Regime 14.133 provável (ano/PNCP/menção) mas não comprovado em documento oficial | data-base exata do orçamento ausente — cálculo preciso bloqueado,clausula_reajuste | data_base_orcamento_estimado | indice_ou_formula | texto_oficial_contrato_edital | medicoes | apostilas | memoria_reajuste,Oportunidade provável — enriquecer contato e documentos antes da abordagem.,Oportunidade provável — enriquecer contato e documentos antes da abordagem.,"Não afirmar valor devido, inadimplemento, crédito constituído ou reajuste definitivamente não pago sem verificação documental completa e revisão humana registrada.",Oportunidade provável — enriquecer contato e documentos antes da abordagem.,Enriquecer contato empresarial; manter na fila de leads prioritários.,"Saldo/medições indisponíveis — valor sobre total é teto teórico, não valor devido. | indice_contratual_ausente — não aplicar IPCA/INCC/SINAPI por plausibilidade",,,,False,True
64,LIKELY_ADJUSTMENT_OPPORTUNITY,DOCUMENT_REQUEST_CANDIDATE,SUL_SC_PRIORITY,74.38,100.0,17.5,85.0,74.38,sede_ou_execucao_sul | interregno_conservador_gt_12m | multi_contratos=3 | regime_14133_provavel_ou_comprovado,87654547000199,COESUL-CONSTRUTORA EXTREMO SUL LTDA,,Porto Alegre,RS,True,,,,3,DEPARTAMENTO AUTÔNOMO DE ESTRADAS DE RODAGEM | Gabinete do Secretario | Município de Nova Prata,75305644.06,92883834000100-2-000003/2025,DEPARTAMENTO AUTÔNOMO DE ESTRADAS DE RODAGEM,LEGAL_REGIME_UNKNOWN,LIKELY_ADJUSTMENT_OPPORTUNITY,obra_classificada_conf=1.00 | fornecedor_privado | obrigacao_financeira_potencialmente_aberta | regime_14133_altamente_provavel | interregno_conservador_por_assinatura_gt_12m | document_request_parallel_action | Objeto classificado como pavimentacao_rodoviaria (conf=1.00) | Interregno mínimo conservador confirmado (level=B_CONSERVATIVE_SIGNATURE_GT_12M; proxy=data_assinatura) | Interregno ≥12m na data-base efetiva (proxy:data_assinatura) [TEMPORAL_CANDIDATE_BY_PROXY],Regime 14.133 provável (ano/PNCP/menção) mas não comprovado em documento oficial | data-base exata do orçamento ausente — cálculo preciso bloqueado | maturidade_temporal_insuficiente,clausula_reajuste | data_base_orcamento_estimado | indice_ou_formula | texto_oficial_contrato_edital | medicoes | apostilas | memoria_reajuste,Oportunidade provável — enriquecer contato e documentos antes da abordagem.,Oportunidade provável — enriquecer contato e documentos antes da abordagem.,"Não afirmar valor devido, inadimplemento, crédito constituído ou reajuste definitivamente não pago sem verificação documental completa e revisão humana registrada.",Oportunidade provável — enriquecer contato e documentos antes da abordagem.,Enriquecer contato empresarial; manter na fila de leads prioritários.,"Saldo/medições indisponíveis — valor sobre total é teto teórico, não valor devido. | indice_contratual_ausente — não aplicar IPCA/INCC/SINAPI por plausibilidade",,,,False,True
65,LIKELY_ADJUSTMENT_OPPORTUNITY,DOCUMENT_REQUEST_CANDIDATE,SUL_SC_PRIORITY,74.38,100.0,17.5,85.0,74.38,sede_ou_execucao_sul | interregno_conservador_gt_12m | multi_contratos=2 | regime_14133_provavel_ou_comprovado,89723977000140,"TONIOLO, BUSNELLO S/A - TUNEIS, TERRAPLENAGENS E PAVIMENTACO",,Porto Alegre,RS,True,,,,2,DEPARTAMENTO AUTÔNOMO DE ESTRADAS DE RODAGEM | MRS-PREFEITURA MUNICIPAL DE CAXIAS DO SUL,106308611.85,92883834000100-2-000059/2025,DEPARTAMENTO AUTÔNOMO DE ESTRADAS DE RODAGEM,LEGAL_REGIME_UNKNOWN,LIKELY_ADJUSTMENT_OPPORTUNITY,obra_classificada_conf=1.00 | fornecedor_privado | obrigacao_financeira_potencialmente_aberta | regime_14133_altamente_provavel | interregno_conservador_por_assinatura_gt_12m | document_request_parallel_action | Objeto classificado como pavimentacao_rodoviaria (conf=1.00) | Interregno mínimo conservador confirmado (level=B_CONSERVATIVE_SIGNATURE_GT_12M; proxy=data_assinatura) | Interregno ≥12m na data-base efetiva (proxy:data_assinatura) [TEMPORAL_CANDIDATE_BY_PROXY],Regime 14.133 provável (ano/PNCP/menção) mas não comprovado em documento oficial | data-base exata do orçamento ausente — cálculo preciso bloqueado | maturidade_temporal_insuficiente,clausula_reajuste | data_base_orcamento_estimado | indice_ou_formula | texto_oficial_contrato_edital | medicoes | apostilas | memoria_reajuste,Oportunidade provável — enriquecer contato e documentos antes da abordagem.,Oportunidade provável — enriquecer contato e documentos antes da abordagem.,"Não afirmar valor devido, inadimplemento, crédito constituído ou reajuste definitivamente não pago sem verificação documental completa e revisão humana registrada.",Oportunidade provável — enriquecer contato e documentos antes da abordagem.,Enriquecer contato empresarial; manter na fila de leads prioritários.,"Saldo/medições indisponíveis — valor sobre total é teto teórico, não valor devido. | indice_contratual_ausente — não aplicar IPCA/INCC/SINAPI por plausibilidade",,,,False,True
66,LIKELY_ADJUSTMENT_OPPORTUNITY,DOCUMENT_REQUEST_CANDIDATE,SUL_SC_PRIORITY,74.37,96.0,17.5,89.4,74.37,sede_ou_execucao_sul | interregno_conservador_gt_12m | regime_14133_provavel_ou_comprovado,00166768000130,MATECON MATERIAIS DE CONSTRUÇÃO LTDA EPP,,Blumenau,SC,True,,,,1,Prefeitura Municipal de Blumenau,7960000.0,83108357000115-2-001272/2025,Prefeitura Municipal de Blumenau,LEGAL_REGIME_UNKNOWN,LIKELY_ADJUSTMENT_OPPORTUNITY,obra_classificada_conf=0.84 | fornecedor_privado | obrigacao_financeira_potencialmente_aberta | regime_14133_altamente_provavel | interregno_conservador_por_assinatura_gt_12m | document_request_parallel_action | Objeto classificado como edificacoes (conf=0.84) | Interregno mínimo conservador confirmado (level=B_CONSERVATIVE_SIGNATURE_GT_12M; proxy=data_assinatura) | Interregno ≥12m na data-base efetiva (proxy:data_assinatura) [TEMPORAL_CANDIDATE_BY_PROXY],Regime 14.133 provável (ano/PNCP/menção) mas não comprovado em documento oficial | data-base exata do orçamento ausente — cálculo preciso bloqueado,clausula_reajuste | data_base_orcamento_estimado | indice_ou_formula | texto_oficial_contrato_edital | medicoes | apostilas | memoria_reajuste,Oportunidade provável — enriquecer contato e documentos antes da abordagem.,Oportunidade provável — enriquecer contato e documentos antes da abordagem.,"Não afirmar valor devido, inadimplemento, crédito constituído ou reajuste definitivamente não pago sem verificação documental completa e revisão humana registrada.",Oportunidade provável — enriquecer contato e documentos antes da abordagem.,Enriquecer contato empresarial; manter na fila de leads prioritários.,"Saldo/medições indisponíveis — valor sobre total é teto teórico, não valor devido. | indice_contratual_ausente — não aplicar IPCA/INCC/SINAPI por plausibilidade",,,,False,True
67,LIKELY_ADJUSTMENT_OPPORTUNITY,DOCUMENT_REQUEST_CANDIDATE,SUL_SC_PRIORITY,74.35,100.0,17.5,85.0,74.35,sede_ou_execucao_sul | interregno_conservador_gt_12m | multi_contratos=3 | regime_14133_provavel_ou_comprovado,00093197000150,DELLA PASQUA ENGENHARIA E CONSTRUCOES LTDA,,SANTA MARIA,RS,True,,,,3,DEPARTAMENTO AUTÔNOMO DE ESTRADAS DE RODAGEM | SUP. REG. DO DNIT NO EST.DO RIO GRANDE DO SUL,146103100.55,92883834000100-2-000026/2024,DEPARTAMENTO AUTÔNOMO DE ESTRADAS DE RODAGEM,LEGAL_REGIME_UNKNOWN,LIKELY_ADJUSTMENT_OPPORTUNITY,obra_classificada_conf=1.00 | fornecedor_privado | obrigacao_financeira_potencialmente_aberta | regime_14133_altamente_provavel | interregno_conservador_por_assinatura_gt_12m | document_request_parallel_action | Objeto classificado como pavimentacao_rodoviaria (conf=1.00) | Interregno mínimo conservador confirmado (level=B_CONSERVATIVE_SIGNATURE_GT_12M; proxy=data_assinatura) | Interregno ≥12m na data-base efetiva (proxy:data_assinatura) [TEMPORAL_CANDIDATE_BY_PROXY],Regime 14.133 provável (ano/PNCP/menção) mas não comprovado em documento oficial | data-base exata do orçamento ausente — cálculo preciso bloqueado,clausula_reajuste | data_base_orcamento_estimado | indice_ou_formula | texto_oficial_contrato_edital | medicoes | apostilas | memoria_reajuste,Oportunidade provável — enriquecer contato e documentos antes da abordagem.,Oportunidade provável — enriquecer contato e documentos antes da abordagem.,"Não afirmar valor devido, inadimplemento, crédito constituído ou reajuste definitivamente não pago sem verificação documental completa e revisão humana registrada.",Oportunidade provável — enriquecer contato e documentos antes da abordagem.,Enriquecer contato empresarial; manter na fila de leads prioritários.,"Saldo/medições indisponíveis — valor sobre total é teto teórico, não valor devido. | indice_contratual_ausente — não aplicar IPCA/INCC/SINAPI por plausibilidade",,,,False,True
68,LIKELY_ADJUSTMENT_OPPORTUNITY,DOCUMENT_REQUEST_CANDIDATE,SUL_SC_PRIORITY,74.35,94.0,17.5,86.6,74.35,sede_ou_execucao_sul | interregno_conservador_gt_12m | multi_contratos=2 | regime_14133_provavel_ou_comprovado,08665772000154,ONE UP CONSTRUÇÕES E INCORPORAÇÕES LTDA,,São José,SC,True,,,,2,Secretaria da Educação,35555013.56,82892274000105-2-000234/2024,Secretaria da Educação,LEGAL_REGIME_UNKNOWN,LIKELY_ADJUSTMENT_OPPORTUNITY,obra_classificada_conf=0.76 | fornecedor_privado | obrigacao_financeira_potencialmente_aberta | regime_14133_altamente_provavel | interregno_conservador_por_assinatura_gt_12m | document_request_parallel_action | Objeto classificado como obras_engenharia_geral (conf=0.76) | Interregno mínimo conservador confirmado (level=B_CONSERVATIVE_SIGNATURE_GT_12M; proxy=data_assinatura) | Interregno ≥12m na data-base efetiva (proxy:data_assinatura) [TEMPORAL_CANDIDATE_BY_PROXY],Regime 14.133 provável (ano/PNCP/menção) mas não comprovado em documento oficial | data-base exata do orçamento ausente — cálculo preciso bloqueado,clausula_reajuste | data_base_orcamento_estimado | indice_ou_formula | texto_oficial_contrato_edital | medicoes | apostilas | memoria_reajuste,Oportunidade provável — enriquecer contato e documentos antes da abordagem.,Oportunidade provável — enriquecer contato e documentos antes da abordagem.,"Não afirmar valor devido, inadimplemento, crédito constituído ou reajuste definitivamente não pago sem verificação documental completa e revisão humana registrada.",Oportunidade provável — enriquecer contato e documentos antes da abordagem.,Enriquecer contato empresarial; manter na fila de leads prioritários.,"Saldo/medições indisponíveis — valor sobre total é teto teórico, não valor devido. | indice_contratual_ausente — não aplicar IPCA/INCC/SINAPI por plausibilidade",,,,False,True
69,LIKELY_ADJUSTMENT_OPPORTUNITY,DOCUMENT_REQUEST_CANDIDATE,SUL_SC_PRIORITY,74.34,94.0,17.5,86.6,74.34,sede_ou_execucao_sul | interregno_conservador_gt_12m | regime_14133_provavel_ou_comprovado,54374849000154,CONSORCIO PAN,,Itajaí,SC,True,,,,1,PREFEITURA MUNICIPAL DE ITAJAÍ - SC,22316368.98,83102277000152-2-000027/2024,PREFEITURA MUNICIPAL DE ITAJAÍ - SC,LEGAL_REGIME_UNKNOWN,LIKELY_ADJUSTMENT_OPPORTUNITY,obra_classificada_conf=0.76 | fornecedor_privado | obrigacao_financeira_potencialmente_aberta | regime_14133_altamente_provavel | interregno_conservador_por_assinatura_gt_12m | document_request_parallel_action | Objeto classificado como obras_engenharia_geral (conf=0.76) | Interregno mínimo conservador confirmado (level=B_CONSERVATIVE_SIGNATURE_GT_12M; proxy=data_assinatura) | Interregno ≥12m na data-base efetiva (proxy:data_assinatura) [TEMPORAL_CANDIDATE_BY_PROXY],Regime 14.133 provável (ano/PNCP/menção) mas não comprovado em documento oficial | data-base exata do orçamento ausente — cálculo preciso bloqueado,clausula_reajuste | data_base_orcamento_estimado | indice_ou_formula | texto_oficial_contrato_edital | medicoes | apostilas | memoria_reajuste,Oportunidade provável — enriquecer contato e documentos antes da abordagem.,Oportunidade provável — enriquecer contato e documentos antes da abordagem.,"Não afirmar valor devido, inadimplemento, crédito constituído ou reajuste definitivamente não pago sem verificação documental completa e revisão humana registrada.",Oportunidade provável — enriquecer contato e documentos antes da abordagem.,Enriquecer contato empresarial; manter na fila de leads prioritários.,"Saldo/medições indisponíveis — valor sobre total é teto teórico, não valor devido. | indice_contratual_ausente — não aplicar IPCA/INCC/SINAPI por plausibilidade",,,,False,True
70,LIKELY_ADJUSTMENT_OPPORTUNITY,DOCUMENT_REQUEST_CANDIDATE,SUL_SC_PRIORITY,74.26,96.0,17.5,93.6,74.26,sede_ou_execucao_sul | interregno_conservador_gt_12m | multi_contratos=4 | regime_14133_provavel_ou_comprovado,12535370000102,TERRABASE TERRAPLENAGEM LTDA,,TIMBO,SC,True,,,,4,DIRETORIA DE OBRAS E SERVIÇOS URBANOS | Secretaria de Estado da Infraestrutura e Mobilidade | Secretaria de Transporte Obras e Serviços Urbanos,26653109.86,82951344000140-2-000039/2024,Secretaria de Estado da Infraestrutura e Mobilidade,LEGAL_REGIME_UNKNOWN,LIKELY_ADJUSTMENT_OPPORTUNITY,obra_classificada_conf=0.84 | fornecedor_privado | obrigacao_financeira_potencialmente_aberta | regime_14133_altamente_provavel | interregno_conservador_por_assinatura_gt_12m | document_request_parallel_action | Objeto classificado como pavimentacao_rodoviaria (conf=0.84) | Interregno mínimo conservador confirmado (level=B_CONSERVATIVE_SIGNATURE_GT_12M; proxy=data_assinatura) | Interregno ≥12m na data-base efetiva (proxy:data_assinatura) [TEMPORAL_CANDIDATE_BY_PROXY],Regime 14.133 provável (ano/PNCP/menção) mas não comprovado em documento oficial | data-base exata do orçamento ausente — cálculo preciso bloqueado | maturidade_temporal_insuficiente,clausula_reajuste | data_base_orcamento_estimado | indice_ou_formula | texto_oficial_contrato_edital | medicoes | apostilas | memoria_reajuste,Oportunidade provável — enriquecer contato e documentos antes da abordagem.,Oportunidade provável — enriquecer contato e documentos antes da abordagem.,"Não afirmar valor devido, inadimplemento, crédito constituído ou reajuste definitivamente não pago sem verificação documental completa e revisão humana registrada.",Oportunidade provável — enriquecer contato e documentos antes da abordagem.,Enriquecer contato empresarial; manter na fila de leads prioritários.,"Saldo/medições indisponíveis — valor sobre total é teto teórico, não valor devido. | indice_contratual_ausente — não aplicar IPCA/INCC/SINAPI por plausibilidade",,,,False,True
71,LIKELY_ADJUSTMENT_OPPORTUNITY,DOCUMENT_REQUEST_CANDIDATE,SUL_SC_PRIORITY,74.1,95.0,17.5,88.0,74.1,sede_ou_execucao_sul | interregno_conservador_gt_12m | regime_14133_provavel_ou_comprovado,57736262000136,CONSORCIO PLANATERRA-ENGEMASS-RUA VIDAL FLAVIO DIAS,,CHAPECO,SC,True,,,,1,Prefeitura de Gaspar - SC,11850000.0,83102244000102-2-000713/2024,Prefeitura de Gaspar - SC,LEGAL_REGIME_UNKNOWN,LIKELY_ADJUSTMENT_OPPORTUNITY,obra_classificada_conf=0.80 | fornecedor_privado | obrigacao_financeira_potencialmente_aberta | regime_14133_altamente_provavel | interregno_conservador_por_assinatura_gt_12m | document_request_parallel_action | Objeto classificado como pavimentacao_rodoviaria (conf=0.80) | Interregno mínimo conservador confirmado (level=B_CONSERVATIVE_SIGNATURE_GT_12M; proxy=data_assinatura) | Interregno ≥12m na data-base efetiva (proxy:data_assinatura) [TEMPORAL_CANDIDATE_BY_PROXY],Regime 14.133 provável (ano/PNCP/menção) mas não comprovado em documento oficial | data-base exata do orçamento ausente — cálculo preciso bloqueado,clausula_reajuste | data_base_orcamento_estimado | indice_ou_formula | texto_oficial_contrato_edital | medicoes | apostilas | memoria_reajuste,Oportunidade provável — enriquecer contato e documentos antes da abordagem.,Oportunidade provável — enriquecer contato e documentos antes da abordagem.,"Não afirmar valor devido, inadimplemento, crédito constituído ou reajuste definitivamente não pago sem verificação documental completa e revisão humana registrada.",Oportunidade provável — enriquecer contato e documentos antes da abordagem.,Enriquecer contato empresarial; manter na fila de leads prioritários.,"Saldo/medições indisponíveis — valor sobre total é teto teórico, não valor devido. | indice_contratual_ausente — não aplicar IPCA/INCC/SINAPI por plausibilidade",,,,False,True
72,LIKELY_ADJUSTMENT_OPPORTUNITY,DOCUMENT_REQUEST_CANDIDATE,SUL_SC_PRIORITY,74.03,96.0,17.5,92.2,74.03,sede_ou_execucao_sul | interregno_conservador_gt_12m | multi_contratos=5 | regime_14133_provavel_ou_comprovado,05133291000100,STRABE COMERCIO E CONSTRUCOES LTDA,,RIO NEGRINHO,SC,True,,,,5,"DEPARTAMENTO RODOVIÁRIO | Departamento de Obras Públicas - Dop | Prefeitura Municipal de Mafra | SECRETARIA DE PLANEJAMENTO, OBRAS E URBANISMO",36628090.92,76002666000140-2-000037/2024,"SECRETARIA DE PLANEJAMENTO, OBRAS E URBANISMO",LEGAL_REGIME_UNKNOWN,LIKELY_ADJUSTMENT_OPPORTUNITY,obra_classificada_conf=0.84 | fornecedor_privado | obrigacao_financeira_potencialmente_aberta | regime_14133_altamente_provavel | interregno_conservador_por_assinatura_gt_12m | document_request_parallel_action | Objeto classificado como pavimentacao_rodoviaria (conf=0.84) | Interregno mínimo conservador confirmado (level=B_CONSERVATIVE_SIGNATURE_GT_12M; proxy=data_assinatura) | Interregno ≥12m na data-base efetiva (proxy:data_assinatura) [TEMPORAL_CANDIDATE_BY_PROXY],Regime 14.133 provável (ano/PNCP/menção) mas não comprovado em documento oficial | data-base exata do orçamento ausente — cálculo preciso bloqueado | maturidade_temporal_insuficiente,clausula_reajuste | data_base_orcamento_estimado | indice_ou_formula | texto_oficial_contrato_edital | medicoes | apostilas | memoria_reajuste,Oportunidade provável — enriquecer contato e documentos antes da abordagem.,Oportunidade provável — enriquecer contato e documentos antes da abordagem.,"Não afirmar valor devido, inadimplemento, crédito constituído ou reajuste definitivamente não pago sem verificação documental completa e revisão humana registrada.",Oportunidade provável — enriquecer contato e documentos antes da abordagem.,Enriquecer contato empresarial; manter na fila de leads prioritários.,"Saldo/medições indisponíveis — valor sobre total é teto teórico, não valor devido. | indice_contratual_ausente — não aplicar IPCA/INCC/SINAPI por plausibilidade",,,,False,True
73,LIKELY_ADJUSTMENT_OPPORTUNITY,DOCUMENT_REQUEST_CANDIDATE,SUL_SC_PRIORITY,74.0,96.0,17.5,89.4,74.0,sede_ou_execucao_sul | interregno_conservador_gt_12m | regime_14133_provavel_ou_comprovado,06328666000150,CDA ENGENHARIA EIRELI,,JOINVILLE,SC,True,,,,1,GAB DA SECRETARIA DE INFRAESTRUTURA RURAL E URBANA E DE SERVICOS,5436522.41,76205806000188-2-000328/2024,GAB DA SECRETARIA DE INFRAESTRUTURA RURAL E URBANA E DE SERVICOS,LEGAL_REGIME_UNKNOWN,LIKELY_ADJUSTMENT_OPPORTUNITY,obra_classificada_conf=0.84 | fornecedor_privado | obrigacao_financeira_potencialmente_aberta | regime_14133_altamente_provavel | interregno_conservador_por_assinatura_gt_12m | document_request_parallel_action | Objeto classificado como saneamento_redes (conf=0.84) | Interregno mínimo conservador confirmado (level=B_CONSERVATIVE_SIGNATURE_GT_12M; proxy=data_assinatura) | Interregno ≥12m na data-base efetiva (proxy:data_assinatura) [TEMPORAL_CANDIDATE_BY_PROXY],Regime 14.133 provável (ano/PNCP/menção) mas não comprovado em documento oficial | data-base exata do orçamento ausente — cálculo preciso bloqueado,clausula_reajuste | data_base_orcamento_estimado | indice_ou_formula | texto_oficial_contrato_edital | medicoes | apostilas | memoria_reajuste,Oportunidade provável — enriquecer contato e documentos antes da abordagem.,Oportunidade provável — enriquecer contato e documentos antes da abordagem.,"Não afirmar valor devido, inadimplemento, crédito constituído ou reajuste definitivamente não pago sem verificação documental completa e revisão humana registrada.",Oportunidade provável — enriquecer contato e documentos antes da abordagem.,Enriquecer contato empresarial; manter na fila de leads prioritários.,"Saldo/medições indisponíveis — valor sobre total é teto teórico, não valor devido. | indice_contratual_ausente — não aplicar IPCA/INCC/SINAPI por plausibilidade",,,,False,True
74,LIKELY_ADJUSTMENT_OPPORTUNITY,DOCUMENT_REQUEST_CANDIDATE,SUL_SC_PRIORITY,73.96,96.0,17.5,90.8,73.96,sede_ou_execucao_sul | interregno_conservador_gt_12m | multi_contratos=2 | regime_14133_provavel_ou_comprovado,02720984000100,MINEROCHA CATARINENSE LTDA.,,CACADOR,SC,True,,,,2,DESENVOLVIMENTO DO INTERIOR | Prefeitura Municipal de Caçador,13206268.030000001,83074302000131-2-000705/2025,Prefeitura Municipal de Caçador,LEGAL_REGIME_UNKNOWN,LIKELY_ADJUSTMENT_OPPORTUNITY,obra_classificada_conf=0.84 | fornecedor_privado | obrigacao_financeira_potencialmente_aberta | regime_14133_altamente_provavel | interregno_conservador_por_assinatura_gt_12m | document_request_parallel_action | Objeto classificado como pavimentacao_rodoviaria (conf=0.84) | Interregno mínimo conservador confirmado (level=B_CONSERVATIVE_SIGNATURE_GT_12M; proxy=data_assinatura) | Interregno ≥12m na data-base efetiva (proxy:data_assinatura) [TEMPORAL_CANDIDATE_BY_PROXY],Regime 14.133 provável (ano/PNCP/menção) mas não comprovado em documento oficial | data-base exata do orçamento ausente — cálculo preciso bloqueado | maturidade_temporal_insuficiente,clausula_reajuste | data_base_orcamento_estimado | indice_ou_formula | texto_oficial_contrato_edital | medicoes | apostilas | memoria_reajuste,Oportunidade provável — enriquecer contato e documentos antes da abordagem.,Oportunidade provável — enriquecer contato e documentos antes da abordagem.,"Não afirmar valor devido, inadimplemento, crédito constituído ou reajuste definitivamente não pago sem verificação documental completa e revisão humana registrada.",Oportunidade provável — enriquecer contato e documentos antes da abordagem.,Enriquecer contato empresarial; manter na fila de leads prioritários.,"Saldo/medições indisponíveis — valor sobre total é teto teórico, não valor devido. | indice_contratual_ausente — não aplicar IPCA/INCC/SINAPI por plausibilidade",,,,False,True
75,LIKELY_ADJUSTMENT_OPPORTUNITY,DOCUMENT_REQUEST_CANDIDATE,SUL_SC_PRIORITY,73.95,96.0,17.5,89.4,73.95,sede_ou_execucao_sul | interregno_conservador_gt_12m | multi_contratos=2 | regime_14133_provavel_ou_comprovado,12022153000119,EMBRAPAV - EMPRESA BRASILEIRA DE PAVIMENTACAO LTDA,,Chapecó,SC,True,,,,2,Gabinete Secretario Urbanismo | Prefeitura Municipal de Chapecó,11185150.0,83021808000182-2-000640/2025,Prefeitura Municipal de Chapecó,LEGAL_REGIME_UNKNOWN,LIKELY_ADJUSTMENT_OPPORTUNITY,obra_classificada_conf=0.84 | fornecedor_privado | obrigacao_financeira_potencialmente_aberta | regime_14133_altamente_provavel | interregno_conservador_por_assinatura_gt_12m | document_request_parallel_action | Objeto classificado como pavimentacao_rodoviaria (conf=0.84) | Interregno mínimo conservador confirmado (level=B_CONSERVATIVE_SIGNATURE_GT_12M; proxy=data_assinatura) | Interregno ≥12m na data-base efetiva (proxy:data_assinatura) [TEMPORAL_CANDIDATE_BY_PROXY],Regime 14.133 provável (ano/PNCP/menção) mas não comprovado em documento oficial | data-base exata do orçamento ausente — cálculo preciso bloqueado | maturidade_temporal_insuficiente,clausula_reajuste | data_base_orcamento_estimado | indice_ou_formula | texto_oficial_contrato_edital | medicoes | apostilas | memoria_reajuste,Oportunidade provável — enriquecer contato e documentos antes da abordagem.,Oportunidade provável — enriquecer contato e documentos antes da abordagem.,"Não afirmar valor devido, inadimplemento, crédito constituído ou reajuste definitivamente não pago sem verificação documental completa e revisão humana registrada.",Oportunidade provável — enriquecer contato e documentos antes da abordagem.,Enriquecer contato empresarial; manter na fila de leads prioritários.,"Saldo/medições indisponíveis — valor sobre total é teto teórico, não valor devido. | indice_contratual_ausente — não aplicar IPCA/INCC/SINAPI por plausibilidade",,,,False,True
76,LIKELY_ADJUSTMENT_OPPORTUNITY,DOCUMENT_REQUEST_CANDIDATE,SUL_SC_PRIORITY,73.89,95.0,17.5,88.0,73.89,sede_ou_execucao_sul | interregno_conservador_gt_12m | regime_14133_provavel_ou_comprovado,00127042000198,PROJETE ENGENHARIA E CONSTRUÇÕES LTDA - EPP,,Florianópolis,SC,True,,,,1,Secretaria de Estado da Infraestrutura e Mobilidade,10055000.0,82951344000140-2-000133/2025,Secretaria de Estado da Infraestrutura e Mobilidade,LEGAL_REGIME_UNKNOWN,LIKELY_ADJUSTMENT_OPPORTUNITY,obra_classificada_conf=0.80 | fornecedor_privado | obrigacao_financeira_potencialmente_aberta | regime_14133_altamente_provavel | interregno_conservador_por_assinatura_gt_12m | document_request_parallel_action | Objeto classificado como edificacoes (conf=0.80) | Interregno mínimo conservador confirmado (level=B_CONSERVATIVE_SIGNATURE_GT_12M; proxy=data_assinatura) | Interregno ≥12m na data-base efetiva (proxy:data_assinatura) [TEMPORAL_CANDIDATE_BY_PROXY],Regime 14.133 provável (ano/PNCP/menção) mas não comprovado em documento oficial | data-base exata do orçamento ausente — cálculo preciso bloqueado,clausula_reajuste | data_base_orcamento_estimado | indice_ou_formula | texto_oficial_contrato_edital | medicoes | apostilas | memoria_reajuste,Oportunidade provável — enriquecer contato e documentos antes da abordagem.,Oportunidade provável — enriquecer contato e documentos antes da abordagem.,"Não afirmar valor devido, inadimplemento, crédito constituído ou reajuste definitivamente não pago sem verificação documental completa e revisão humana registrada.",Oportunidade provável — enriquecer contato e documentos antes da abordagem.,Enriquecer contato empresarial; manter na fila de leads prioritários.,"Saldo/medições indisponíveis — valor sobre total é teto teórico, não valor devido. | indice_contratual_ausente — não aplicar IPCA/INCC/SINAPI por plausibilidade",,,,False,True
77,LIKELY_ADJUSTMENT_OPPORTUNITY,DOCUMENT_REQUEST_CANDIDATE,SUL_SC_PRIORITY,73.88,95.0,17.5,88.0,73.88,sede_ou_execucao_sul | interregno_conservador_gt_12m | multi_contratos=7 | regime_14133_provavel_ou_comprovado,48727071000117,W C CONSTRUTORA LTDA,,ITAPOA,SC,True,,,,7,"Departamento de Compras Governamentais | Fundo Municipal de Desenv. da Educação Básica | INST.FED.DE EDUC.,CIENC.E TEC.DO R GRANDE SUL | MUNICÍPIO DE POUSO REDONDO | PREFEITURA MUNICIPAL DE ALMIRANTE TAMANDARE | SECE -  Educação, Cultura e Esporte | Secretaria de Educação",95654185.27,76105659000174-2-000218/2025,PREFEITURA MUNICIPAL DE ALMIRANTE TAMANDARE,LEGAL_REGIME_UNKNOWN,LIKELY_ADJUSTMENT_OPPORTUNITY,obra_classificada_conf=0.80 | fornecedor_privado | obrigacao_financeira_potencialmente_aberta | regime_14133_altamente_provavel | interregno_conservador_por_assinatura_gt_12m | document_request_parallel_action | Objeto classificado como edificacoes (conf=0.80) | Interregno mínimo conservador confirmado (level=B_CONSERVATIVE_SIGNATURE_GT_12M; proxy=data_assinatura) | Interregno ≥12m na data-base efetiva (proxy:data_assinatura) [TEMPORAL_CANDIDATE_BY_PROXY],Regime 14.133 provável (ano/PNCP/menção) mas não comprovado em documento oficial | data-base exata do orçamento ausente — cálculo preciso bloqueado | maturidade_temporal_insuficiente,clausula_reajuste | data_base_orcamento_estimado | indice_ou_formula | texto_oficial_contrato_edital | medicoes | apostilas | memoria_reajuste,Oportunidade provável — enriquecer contato e documentos antes da abordagem.,Oportunidade provável — enriquecer contato e documentos antes da abordagem.,"Não afirmar valor devido, inadimplemento, crédito constituído ou reajuste definitivamente não pago sem verificação documental completa e revisão humana registrada.",Oportunidade provável — enriquecer contato e documentos antes da abordagem.,Enriquecer contato empresarial; manter na fila de leads prioritários.,"Saldo/medições indisponíveis — valor sobre total é teto teórico, não valor devido. | indice_contratual_ausente — não aplicar IPCA/INCC/SINAPI por plausibilidade",,,,False,True
78,LIKELY_ADJUSTMENT_OPPORTUNITY,DOCUMENT_REQUEST_CANDIDATE,SUL_SC_PRIORITY,73.83,94.0,17.5,86.6,73.83,sede_ou_execucao_sul | interregno_conservador_gt_12m | regime_14133_provavel_ou_comprovado,06699043000193,PROJEPOWER - CONSTRUCOES E EMPREENDIMENTOS LTDA,,Florianópolis,SC,True,,,,1,TRIBUNAL DE JUSTIÇA DO EST. DE SANTA CATARINA,16501704.54,83845701000159-2-000002/2023,TRIBUNAL DE JUSTIÇA DO EST. DE SANTA CATARINA,LEGAL_REGIME_UNKNOWN,LIKELY_ADJUSTMENT_OPPORTUNITY,obra_classificada_conf=0.76 | fornecedor_privado | obrigacao_financeira_potencialmente_aberta | regime_14133_altamente_provavel | interregno_conservador_por_assinatura_gt_12m | document_request_parallel_action | Objeto classificado como edificacoes (conf=0.76) | Interregno mínimo conservador confirmado (level=B_CONSERVATIVE_SIGNATURE_GT_12M; proxy=data_assinatura) | Interregno ≥12m na data-base efetiva (proxy:data_assinatura) [TEMPORAL_CANDIDATE_BY_PROXY],Regime 14.133 provável (ano/PNCP/menção) mas não comprovado em documento oficial | data-base exata do orçamento ausente — cálculo preciso bloqueado,clausula_reajuste | data_base_orcamento_estimado | indice_ou_formula | texto_oficial_contrato_edital | medicoes | apostilas | memoria_reajuste,Oportunidade provável — enriquecer contato e documentos antes da abordagem.,Oportunidade provável — enriquecer contato e documentos antes da abordagem.,"Não afirmar valor devido, inadimplemento, crédito constituído ou reajuste definitivamente não pago sem verificação documental completa e revisão humana registrada.",Oportunidade provável — enriquecer contato e documentos antes da abordagem.,Enriquecer contato empresarial; manter na fila de leads prioritários.,"Saldo/medições indisponíveis — valor sobre total é teto teórico, não valor devido. | indice_contratual_ausente — não aplicar IPCA/INCC/SINAPI por plausibilidade",,,,False,True
79,LIKELY_ADJUSTMENT_OPPORTUNITY,DOCUMENT_REQUEST_CANDIDATE,SUL_SC_PRIORITY,73.63,94.0,17.5,86.6,73.63,sede_ou_execucao_sul | interregno_conservador_gt_12m | regime_14133_provavel_ou_comprovado,00257143000183,JOSIANY NOVACKI CLETO LTDA,,Florianópolis,SC,True,,,,1,TRIBUNAL DE JUSTIÇA DO EST. DE SANTA CATARINA,14459713.7,83845701000159-2-000030/2025,TRIBUNAL DE JUSTIÇA DO EST. DE SANTA CATARINA,LEGAL_REGIME_UNKNOWN,LIKELY_ADJUSTMENT_OPPORTUNITY,obra_classificada_conf=0.76 | fornecedor_privado | obrigacao_financeira_potencialmente_aberta | regime_14133_altamente_provavel | interregno_conservador_por_assinatura_gt_12m | document_request_parallel_action | Objeto classificado como obras_infraestrutura (conf=0.76) | Interregno mínimo conservador confirmado (level=B_CONSERVATIVE_SIGNATURE_GT_12M; proxy=data_assinatura) | Interregno ≥12m na data-base efetiva (proxy:data_assinatura) [TEMPORAL_CANDIDATE_BY_PROXY],Regime 14.133 provável (ano/PNCP/menção) mas não comprovado em documento oficial | data-base exata do orçamento ausente — cálculo preciso bloqueado,clausula_reajuste | data_base_orcamento_estimado | indice_ou_formula | texto_oficial_contrato_edital | medicoes | apostilas | memoria_reajuste,Oportunidade provável — enriquecer contato e documentos antes da abordagem.,Oportunidade provável — enriquecer contato e documentos antes da abordagem.,"Não afirmar valor devido, inadimplemento, crédito constituído ou reajuste definitivamente não pago sem verificação documental completa e revisão humana registrada.",Oportunidade provável — enriquecer contato e documentos antes da abordagem.,Enriquecer contato empresarial; manter na fila de leads prioritários.,"Saldo/medições indisponíveis — valor sobre total é teto teórico, não valor devido. | indice_contratual_ausente — não aplicar IPCA/INCC/SINAPI por plausibilidade",,,,False,True
80,LIKELY_ADJUSTMENT_OPPORTUNITY,DOCUMENT_REQUEST_CANDIDATE,SUL_SC_PRIORITY,73.56,94.0,17.5,86.6,73.56,sede_ou_execucao_sul | interregno_conservador_gt_12m | regime_14133_provavel_ou_comprovado,54922329000139,CONSÓRCIO SC SINALIZAÇÃO,,Florianópolis,SC,True,,,,1,CONSÓRCIO INTERFEDERATIVO SANTA CATARINA - CINCATARINA,13779752.2,12075748000132-2-000090/2024,CONSÓRCIO INTERFEDERATIVO SANTA CATARINA - CINCATARINA,LEGAL_REGIME_UNKNOWN,LIKELY_ADJUSTMENT_OPPORTUNITY,obra_classificada_conf=0.76 | fornecedor_privado | obrigacao_financeira_potencialmente_aberta | regime_14133_altamente_provavel | interregno_conservador_por_assinatura_gt_12m | document_request_parallel_action | Objeto classificado como pavimentacao_rodoviaria (conf=0.76) | Interregno mínimo conservador confirmado (level=B_CONSERVATIVE_SIGNATURE_GT_12M; proxy=data_assinatura) | Interregno ≥12m na data-base efetiva (proxy:data_assinatura) [TEMPORAL_CANDIDATE_BY_PROXY],Regime 14.133 provável (ano/PNCP/menção) mas não comprovado em documento oficial | data-base exata do orçamento ausente — cálculo preciso bloqueado,clausula_reajuste | data_base_orcamento_estimado | indice_ou_formula | texto_oficial_contrato_edital | medicoes | apostilas | memoria_reajuste,Oportunidade provável — enriquecer contato e documentos antes da abordagem.,Oportunidade provável — enriquecer contato e documentos antes da abordagem.,"Não afirmar valor devido, inadimplemento, crédito constituído ou reajuste definitivamente não pago sem verificação documental completa e revisão humana registrada.",Oportunidade provável — enriquecer contato e documentos antes da abordagem.,Enriquecer contato empresarial; manter na fila de leads prioritários.,"Saldo/medições indisponíveis — valor sobre total é teto teórico, não valor devido. | indice_contratual_ausente — não aplicar IPCA/INCC/SINAPI por plausibilidade",,,,False,True
81,LIKELY_ADJUSTMENT_OPPORTUNITY,DOCUMENT_REQUEST_CANDIDATE,SUL_SC_PRIORITY,73.55,95.0,17.5,88.0,73.55,sede_ou_execucao_sul | interregno_conservador_gt_12m | regime_14133_provavel_ou_comprovado,82144338000181,Estel Engenharia Ltda,,ITAJAI,SC,True,,,,1,TRIBUNAL DE JUSTIÇA DO EST. DE SANTA CATARINA,7446536.1,83845701000159-2-000034/2025,TRIBUNAL DE JUSTIÇA DO EST. DE SANTA CATARINA,LEGAL_REGIME_UNKNOWN,LIKELY_ADJUSTMENT_OPPORTUNITY,obra_classificada_conf=0.80 | fornecedor_privado | obrigacao_financeira_potencialmente_aberta | regime_14133_altamente_provavel | interregno_conservador_por_assinatura_gt_12m | document_request_parallel_action | Objeto classificado como edificacoes (conf=0.80) | Interregno mínimo conservador confirmado (level=B_CONSERVATIVE_SIGNATURE_GT_12M; proxy=data_assinatura) | Interregno ≥12m na data-base efetiva (proxy:data_assinatura) [TEMPORAL_CANDIDATE_BY_PROXY],Regime 14.133 provável (ano/PNCP/menção) mas não comprovado em documento oficial | data-base exata do orçamento ausente — cálculo preciso bloqueado,clausula_reajuste | data_base_orcamento_estimado | indice_ou_formula | texto_oficial_contrato_edital | medicoes | apostilas | memoria_reajuste,Oportunidade provável — enriquecer contato e documentos antes da abordagem.,Oportunidade provável — enriquecer contato e documentos antes da abordagem.,"Não afirmar valor devido, inadimplemento, crédito constituído ou reajuste definitivamente não pago sem verificação documental completa e revisão humana registrada.",Oportunidade provável — enriquecer contato e documentos antes da abordagem.,Enriquecer contato empresarial; manter na fila de leads prioritários.,"Saldo/medições indisponíveis — valor sobre total é teto teórico, não valor devido. | indice_contratual_ausente — não aplicar IPCA/INCC/SINAPI por plausibilidade",,,,False,True
82,LIKELY_ADJUSTMENT_OPPORTUNITY,DOCUMENT_REQUEST_CANDIDATE,SUL_SC_PRIORITY,73.52,94.0,17.5,86.6,73.52,sede_ou_execucao_sul | interregno_conservador_gt_12m | regime_14133_provavel_ou_comprovado,15004025000130,EMPREITEIRA K J LTDA,,BLUMENAU,SC,True,,,,1,Secretaria de Estado da Infraestrutura e Mobilidade,13374926.82,82951344000140-2-000016/2024,Secretaria de Estado da Infraestrutura e Mobilidade,LEGAL_REGIME_UNKNOWN,LIKELY_ADJUSTMENT_OPPORTUNITY,obra_classificada_conf=0.76 | fornecedor_privado | obrigacao_financeira_potencialmente_aberta | regime_14133_altamente_provavel | interregno_conservador_por_assinatura_gt_12m | document_request_parallel_action | Objeto classificado como pavimentacao_rodoviaria (conf=0.76) | Interregno mínimo conservador confirmado (level=B_CONSERVATIVE_SIGNATURE_GT_12M; proxy=data_assinatura) | Interregno ≥12m na data-base efetiva (proxy:data_assinatura) [TEMPORAL_CANDIDATE_BY_PROXY],Regime 14.133 provável (ano/PNCP/menção) mas não comprovado em documento oficial | data-base exata do orçamento ausente — cálculo preciso bloqueado,clausula_reajuste | data_base_orcamento_estimado | indice_ou_formula | texto_oficial_contrato_edital | medicoes | apostilas | memoria_reajuste,Oportunidade provável — enriquecer contato e documentos antes da abordagem.,Oportunidade provável — enriquecer contato e documentos antes da abordagem.,"Não afirmar valor devido, inadimplemento, crédito constituído ou reajuste definitivamente não pago sem verificação documental completa e revisão humana registrada.",Oportunidade provável — enriquecer contato e documentos antes da abordagem.,Enriquecer contato empresarial; manter na fila de leads prioritários.,"Saldo/medições indisponíveis — valor sobre total é teto teórico, não valor devido. | indice_contratual_ausente — não aplicar IPCA/INCC/SINAPI por plausibilidade",,,,False,True
83,LIKELY_ADJUSTMENT_OPPORTUNITY,DOCUMENT_REQUEST_CANDIDATE,SUL_SC_PRIORITY,73.5,94.0,17.5,86.6,73.5,sede_ou_execucao_sul | interregno_conservador_gt_12m | regime_14133_provavel_ou_comprovado,32040529000125,TRIGONAL SINALIZAÇÃO VIÁRIA LTDA,,Florianópolis,SC,True,,,,1,CONSÓRCIO INTERFEDERATIVO SANTA CATARINA - CINCATARINA,13189999.83,12075748000132-2-000074/2024,CONSÓRCIO INTERFEDERATIVO SANTA CATARINA - CINCATARINA,LEGAL_REGIME_UNKNOWN,LIKELY_ADJUSTMENT_OPPORTUNITY,obra_classificada_conf=0.76 | fornecedor_privado | obrigacao_financeira_potencialmente_aberta | regime_14133_altamente_provavel | interregno_conservador_por_assinatura_gt_12m | document_request_parallel_action | Objeto classificado como pavimentacao_rodoviaria (conf=0.76) | Interregno mínimo conservador confirmado (level=B_CONSERVATIVE_SIGNATURE_GT_12M; proxy=data_assinatura) | Interregno ≥12m na data-base efetiva (proxy:data_assinatura) [TEMPORAL_CANDIDATE_BY_PROXY],Regime 14.133 provável (ano/PNCP/menção) mas não comprovado em documento oficial | data-base exata do orçamento ausente — cálculo preciso bloqueado,clausula_reajuste | data_base_orcamento_estimado | indice_ou_formula | texto_oficial_contrato_edital | medicoes | apostilas | memoria_reajuste,Oportunidade provável — enriquecer contato e documentos antes da abordagem.,Oportunidade provável — enriquecer contato e documentos antes da abordagem.,"Não afirmar valor devido, inadimplemento, crédito constituído ou reajuste definitivamente não pago sem verificação documental completa e revisão humana registrada.",Oportunidade provável — enriquecer contato e documentos antes da abordagem.,Enriquecer contato empresarial; manter na fila de leads prioritários.,"Saldo/medições indisponíveis — valor sobre total é teto teórico, não valor devido. | indice_contratual_ausente — não aplicar IPCA/INCC/SINAPI por plausibilidade",,,,False,True
84,LIKELY_ADJUSTMENT_OPPORTUNITY,DOCUMENT_REQUEST_CANDIDATE,SUL_SC_PRIORITY,73.47,95.0,17.5,88.0,73.47,sede_ou_execucao_sul | interregno_conservador_gt_12m | regime_14133_provavel_ou_comprovado,74095407000186,ACETECNO DO BRASIL IND. E COM. DE MÁQUINAS E EQUIPAMENTOS LTDA,,Videira,SC,True,,,,1,VIDEIRA SANEAMENTO - VISAN,6869365.38,30753960000193-2-000081/2024,VIDEIRA SANEAMENTO - VISAN,LEGAL_REGIME_UNKNOWN,LIKELY_ADJUSTMENT_OPPORTUNITY,obra_classificada_conf=0.80 | fornecedor_privado | obrigacao_financeira_potencialmente_aberta | regime_14133_altamente_provavel | interregno_conservador_por_assinatura_gt_12m | document_request_parallel_action | Objeto classificado como saneamento_redes (conf=0.80) | Interregno mínimo conservador confirmado (level=B_CONSERVATIVE_SIGNATURE_GT_12M; proxy=data_assinatura) | Interregno ≥12m na data-base efetiva (proxy:data_assinatura) [TEMPORAL_CANDIDATE_BY_PROXY],Regime 14.133 provável (ano/PNCP/menção) mas não comprovado em documento oficial | data-base exata do orçamento ausente — cálculo preciso bloqueado,clausula_reajuste | data_base_orcamento_estimado | indice_ou_formula | texto_oficial_contrato_edital | medicoes | apostilas | memoria_reajuste,Oportunidade provável — enriquecer contato e documentos antes da abordagem.,Oportunidade provável — enriquecer contato e documentos antes da abordagem.,"Não afirmar valor devido, inadimplemento, crédito constituído ou reajuste definitivamente não pago sem verificação documental completa e revisão humana registrada.",Oportunidade provável — enriquecer contato e documentos antes da abordagem.,Enriquecer contato empresarial; manter na fila de leads prioritários.,"Saldo/medições indisponíveis — valor sobre total é teto teórico, não valor devido. | indice_contratual_ausente — não aplicar IPCA/INCC/SINAPI por plausibilidade",,,,False,True
85,LIKELY_ADJUSTMENT_OPPORTUNITY,DOCUMENT_REQUEST_CANDIDATE,SUL_SC_PRIORITY,73.46,94.0,17.5,86.6,73.46,sede_ou_execucao_sul | interregno_conservador_gt_12m | regime_14133_provavel_ou_comprovado,00070414000197,CAMILO & GHISI LTDA.,,TUBARAO,SC,True,,,,1,TRIBUNAL DE JUSTIÇA DO EST. DE SANTA CATARINA,12850000.0,83845701000159-2-000016/2025,TRIBUNAL DE JUSTIÇA DO EST. DE SANTA CATARINA,LEGAL_REGIME_UNKNOWN,LIKELY_ADJUSTMENT_OPPORTUNITY,obra_classificada_conf=0.76 | fornecedor_privado | obrigacao_financeira_potencialmente_aberta | regime_14133_altamente_provavel | interregno_conservador_por_assinatura_gt_12m | document_request_parallel_action | Objeto classificado como edificacoes (conf=0.76) | Interregno mínimo conservador confirmado (level=B_CONSERVATIVE_SIGNATURE_GT_12M; proxy=data_assinatura) | Interregno ≥12m na data-base efetiva (proxy:data_assinatura) [TEMPORAL_CANDIDATE_BY_PROXY],Regime 14.133 provável (ano/PNCP/menção) mas não comprovado em documento oficial | data-base exata do orçamento ausente — cálculo preciso bloqueado,clausula_reajuste | data_base_orcamento_estimado | indice_ou_formula | texto_oficial_contrato_edital | medicoes | apostilas | memoria_reajuste,Oportunidade provável — enriquecer contato e documentos antes da abordagem.,Oportunidade provável — enriquecer contato e documentos antes da abordagem.,"Não afirmar valor devido, inadimplemento, crédito constituído ou reajuste definitivamente não pago sem verificação documental completa e revisão humana registrada.",Oportunidade provável — enriquecer contato e documentos antes da abordagem.,Enriquecer contato empresarial; manter na fila de leads prioritários.,"Saldo/medições indisponíveis — valor sobre total é teto teórico, não valor devido. | indice_contratual_ausente — não aplicar IPCA/INCC/SINAPI por plausibilidade",,,,False,True
86,LIKELY_ADJUSTMENT_OPPORTUNITY,DOCUMENT_REQUEST_CANDIDATE,SUL_SC_PRIORITY,73.46,100.0,17.5,85.0,73.46,sede_ou_execucao_sul | interregno_conservador_gt_12m | multi_contratos=9 | regime_14133_provavel_ou_comprovado,88256979000104,CONSTRUTORA E PAVIMENTADORA PAVICON LTDA,,NOVO HAMBURGO,RS,True,,,,9,DEPARTAMENTO AUTÔNOMO DE ESTRADAS DE RODAGEM | INFRAESTRUTURA  RURAL -  OBRAS | Municipio De Sapucaia Do Sul | Prefeitura Municipal de São Leopoldo | SECREATRIA DE OBRAS | SECRETARIA MUNICIPAL DE OBRAS,102287607.97,92883834000100-2-000027/2025,DEPARTAMENTO AUTÔNOMO DE ESTRADAS DE RODAGEM,LEGAL_REGIME_UNKNOWN,LIKELY_ADJUSTMENT_OPPORTUNITY,obra_classificada_conf=1.00 | fornecedor_privado | obrigacao_financeira_potencialmente_aberta | regime_14133_altamente_provavel | interregno_conservador_por_assinatura_gt_12m | document_request_parallel_action | Objeto classificado como pavimentacao_rodoviaria (conf=1.00) | Interregno mínimo conservador confirmado (level=B_CONSERVATIVE_SIGNATURE_GT_12M; proxy=data_assinatura) | Interregno ≥12m na data-base efetiva (proxy:data_assinatura) [TEMPORAL_CANDIDATE_BY_PROXY],Regime 14.133 provável (ano/PNCP/menção) mas não comprovado em documento oficial | data-base exata do orçamento ausente — cálculo preciso bloqueado,clausula_reajuste | data_base_orcamento_estimado | indice_ou_formula | texto_oficial_contrato_edital | medicoes | apostilas | memoria_reajuste,Oportunidade provável — enriquecer contato e documentos antes da abordagem.,Oportunidade provável — enriquecer contato e documentos antes da abordagem.,"Não afirmar valor devido, inadimplemento, crédito constituído ou reajuste definitivamente não pago sem verificação documental completa e revisão humana registrada.",Oportunidade provável — enriquecer contato e documentos antes da abordagem.,Enriquecer contato empresarial; manter na fila de leads prioritários.,"Saldo/medições indisponíveis — valor sobre total é teto teórico, não valor devido. | indice_contratual_ausente — não aplicar IPCA/INCC/SINAPI por plausibilidade",,,,False,True
87,LIKELY_ADJUSTMENT_OPPORTUNITY,DOCUMENT_REQUEST_CANDIDATE,SUL_SC_PRIORITY,73.44,95.0,17.5,88.0,73.44,sede_ou_execucao_sul | interregno_conservador_gt_12m | regime_14133_provavel_ou_comprovado,04354170000125,DIMO CONSTRUÇÕES LTDA,,Concórdia,SC,True,,,,1,Gabinete do Prefeito,6695143.69,83024257000100-2-000073/2024,Gabinete do Prefeito,LEGAL_REGIME_UNKNOWN,LIKELY_ADJUSTMENT_OPPORTUNITY,obra_classificada_conf=0.80 | fornecedor_privado | obrigacao_financeira_potencialmente_aberta | regime_14133_altamente_provavel | interregno_conservador_por_assinatura_gt_12m | document_request_parallel_action | Objeto classificado como edificacoes (conf=0.80) | Interregno mínimo conservador confirmado (level=B_CONSERVATIVE_SIGNATURE_GT_12M; proxy=data_assinatura) | Interregno ≥12m na data-base efetiva (proxy:data_assinatura) [TEMPORAL_CANDIDATE_BY_PROXY],Regime 14.133 provável (ano/PNCP/menção) mas não comprovado em documento oficial | data-base exata do orçamento ausente — cálculo preciso bloqueado,clausula_reajuste | data_base_orcamento_estimado | indice_ou_formula | texto_oficial_contrato_edital | medicoes | apostilas | memoria_reajuste,Oportunidade provável — enriquecer contato e documentos antes da abordagem.,Oportunidade provável — enriquecer contato e documentos antes da abordagem.,"Não afirmar valor devido, inadimplemento, crédito constituído ou reajuste definitivamente não pago sem verificação documental completa e revisão humana registrada.",Oportunidade provável — enriquecer contato e documentos antes da abordagem.,Enriquecer contato empresarial; manter na fila de leads prioritários.,"Saldo/medições indisponíveis — valor sobre total é teto teórico, não valor devido. | indice_contratual_ausente — não aplicar IPCA/INCC/SINAPI por plausibilidade",,,,False,True
88,LIKELY_ADJUSTMENT_OPPORTUNITY,DOCUMENT_REQUEST_CANDIDATE,SUL_SC_PRIORITY,73.41,95.0,17.5,88.0,73.41,sede_ou_execucao_sul | interregno_conservador_gt_12m | regime_14133_provavel_ou_comprovado,57184818000129,CONSORCIO PNV,,Itajaí,SC,True,,,,1,PREFEITURA MUNICIPAL DE ITAJAÍ - SC,6450000.0,83102277000152-2-000074/2024,PREFEITURA MUNICIPAL DE ITAJAÍ - SC,LEGAL_REGIME_UNKNOWN,LIKELY_ADJUSTMENT_OPPORTUNITY,obra_classificada_conf=0.80 | fornecedor_privado | obrigacao_financeira_potencialmente_aberta | regime_14133_altamente_provavel | interregno_conservador_por_assinatura_gt_12m | document_request_parallel_action | Objeto classificado como obras_engenharia_geral (conf=0.80) | Interregno mínimo conservador confirmado (level=B_CONSERVATIVE_SIGNATURE_GT_12M; proxy=data_assinatura) | Interregno ≥12m na data-base efetiva (proxy:data_assinatura) [TEMPORAL_CANDIDATE_BY_PROXY],Regime 14.133 provável (ano/PNCP/menção) mas não comprovado em documento oficial | data-base exata do orçamento ausente — cálculo preciso bloqueado,clausula_reajuste | data_base_orcamento_estimado | indice_ou_formula | texto_oficial_contrato_edital | medicoes | apostilas | memoria_reajuste,Oportunidade provável — enriquecer contato e documentos antes da abordagem.,Oportunidade provável — enriquecer contato e documentos antes da abordagem.,"Não afirmar valor devido, inadimplemento, crédito constituído ou reajuste definitivamente não pago sem verificação documental completa e revisão humana registrada.",Oportunidade provável — enriquecer contato e documentos antes da abordagem.,Enriquecer contato empresarial; manter na fila de leads prioritários.,"Saldo/medições indisponíveis — valor sobre total é teto teórico, não valor devido. | indice_contratual_ausente — não aplicar IPCA/INCC/SINAPI por plausibilidade",,,,False,True
89,LIKELY_ADJUSTMENT_OPPORTUNITY,DOCUMENT_REQUEST_CANDIDATE,SUL_SC_PRIORITY,73.38,95.0,17.5,93.6,73.38,sede_ou_execucao_sul | interregno_conservador_gt_12m | multi_contratos=5 | regime_14133_provavel_ou_comprovado,79382412000193,CONSTRUTORA NUNES LTDA,,CRICIUMA,SC,True,,,,5,PREFEITURA MUNICIPAL DE CRICIÚMA - SC | PREFEITURA MUNICIPAL DE FORQUILHINHA - SC | PREFEITURA MUNICIPAL DE URUSSANGA - SC,32915000.0,81531162000158-2-000139/2024,PREFEITURA MUNICIPAL DE FORQUILHINHA - SC,LEGAL_REGIME_UNKNOWN,LIKELY_ADJUSTMENT_OPPORTUNITY,obra_classificada_conf=0.80 | fornecedor_privado | obrigacao_financeira_potencialmente_aberta | regime_14133_altamente_provavel | interregno_conservador_por_assinatura_gt_12m | document_request_parallel_action | Objeto classificado como pavimentacao_rodoviaria (conf=0.80) | Interregno mínimo conservador confirmado (level=B_CONSERVATIVE_SIGNATURE_GT_12M; proxy=data_assinatura) | Interregno ≥12m na data-base efetiva (proxy:data_assinatura) [TEMPORAL_CANDIDATE_BY_PROXY],Regime 14.133 provável (ano/PNCP/menção) mas não comprovado em documento oficial | data-base exata do orçamento ausente — cálculo preciso bloqueado | maturidade_temporal_insuficiente,clausula_reajuste | data_base_orcamento_estimado | indice_ou_formula | texto_oficial_contrato_edital | medicoes | apostilas | memoria_reajuste,Oportunidade provável — enriquecer contato e documentos antes da abordagem.,Oportunidade provável — enriquecer contato e documentos antes da abordagem.,"Não afirmar valor devido, inadimplemento, crédito constituído ou reajuste definitivamente não pago sem verificação documental completa e revisão humana registrada.",Oportunidade provável — enriquecer contato e documentos antes da abordagem.,Enriquecer contato empresarial; manter na fila de leads prioritários.,"Saldo/medições indisponíveis — valor sobre total é teto teórico, não valor devido. | indice_contratual_ausente — não aplicar IPCA/INCC/SINAPI por plausibilidade",,,,False,True
90,LIKELY_ADJUSTMENT_OPPORTUNITY,DOCUMENT_REQUEST_CANDIDATE,SUL_SC_PRIORITY,73.34,94.0,17.5,86.6,73.34,sede_ou_execucao_sul | interregno_conservador_gt_12m | regime_14133_provavel_ou_comprovado,22788440000198,ONDA DURA,,Joinville,SC,True,,,,1,Instituto de Previdência Social dos Servidores Públicos de Joinville - IPREVILLE,11761722.0,01280363000190-2-000001/2025,Instituto de Previdência Social dos Servidores Públicos de Joinville - IPREVILLE,LEGAL_REGIME_UNKNOWN,LIKELY_ADJUSTMENT_OPPORTUNITY,obra_classificada_conf=0.76 | fornecedor_privado | obrigacao_financeira_potencialmente_aberta | regime_14133_altamente_provavel | interregno_conservador_por_assinatura_gt_12m | document_request_parallel_action | Objeto classificado como pavimentacao_rodoviaria (conf=0.76) | Interregno mínimo conservador confirmado (level=B_CONSERVATIVE_SIGNATURE_GT_12M; proxy=data_assinatura) | Interregno ≥12m na data-base efetiva (proxy:data_assinatura) [TEMPORAL_CANDIDATE_BY_PROXY],Regime 14.133 provável (ano/PNCP/menção) mas não comprovado em documento oficial | data-base exata do orçamento ausente — cálculo preciso bloqueado,clausula_reajuste | data_base_orcamento_estimado | indice_ou_formula | texto_oficial_contrato_edital | medicoes | apostilas | memoria_reajuste,Oportunidade provável — enriquecer contato e documentos antes da abordagem.,Oportunidade provável — enriquecer contato e documentos antes da abordagem.,"Não afirmar valor devido, inadimplemento, crédito constituído ou reajuste definitivamente não pago sem verificação documental completa e revisão humana registrada.",Oportunidade provável — enriquecer contato e documentos antes da abordagem.,Enriquecer contato empresarial; manter na fila de leads prioritários.,"Saldo/medições indisponíveis — valor sobre total é teto teórico, não valor devido. | indice_contratual_ausente — não aplicar IPCA/INCC/SINAPI por plausibilidade",,,,False,True
91,LIKELY_ADJUSTMENT_OPPORTUNITY,DOCUMENT_REQUEST_CANDIDATE,SUL_SC_PRIORITY,73.32,94.0,17.5,89.4,73.32,sede_ou_execucao_sul | interregno_conservador_gt_12m | multi_contratos=2 | regime_14133_provavel_ou_comprovado,13565760000198,CONSTRUTORA SILVEIRA MARTINS LTDA,,GAROPABA,SC,True,,,,2,Fundação Municipal de Esporte e Lazer de Itajaí - FMEL | Prefeitura Municipal de Joinville - PMJ,20689465.1,83169623000110-2-000383/2023,Prefeitura Municipal de Joinville - PMJ,LEGAL_REGIME_UNKNOWN,LIKELY_ADJUSTMENT_OPPORTUNITY,obra_classificada_conf=0.76 | fornecedor_privado | obrigacao_financeira_potencialmente_aberta | regime_14133_altamente_provavel | interregno_conservador_por_assinatura_gt_12m | document_request_parallel_action | Objeto classificado como edificacoes (conf=0.76) | Interregno mínimo conservador confirmado (level=B_CONSERVATIVE_SIGNATURE_GT_12M; proxy=data_assinatura) | Interregno ≥12m na data-base efetiva (proxy:data_assinatura) [TEMPORAL_CANDIDATE_BY_PROXY],Regime 14.133 provável (ano/PNCP/menção) mas não comprovado em documento oficial | data-base exata do orçamento ausente — cálculo preciso bloqueado | maturidade_temporal_insuficiente,clausula_reajuste | data_base_orcamento_estimado | indice_ou_formula | texto_oficial_contrato_edital | medicoes | apostilas | memoria_reajuste,Oportunidade provável — enriquecer contato e documentos antes da abordagem.,Oportunidade provável — enriquecer contato e documentos antes da abordagem.,"Não afirmar valor devido, inadimplemento, crédito constituído ou reajuste definitivamente não pago sem verificação documental completa e revisão humana registrada.",Oportunidade provável — enriquecer contato e documentos antes da abordagem.,Enriquecer contato empresarial; manter na fila de leads prioritários.,"Saldo/medições indisponíveis — valor sobre total é teto teórico, não valor devido. | indice_contratual_ausente — não aplicar IPCA/INCC/SINAPI por plausibilidade",,,,False,True
92,LIKELY_ADJUSTMENT_OPPORTUNITY,DOCUMENT_REQUEST_CANDIDATE,SUL_SC_PRIORITY,73.29,95.0,17.5,95.0,73.29,sede_ou_execucao_sul | interregno_conservador_gt_12m | multi_contratos=5 | regime_14133_provavel_ou_comprovado,82607623000191,CONSTRUTORA FORTUNATO LTDA,,JOINVILLE,SC,True,,,,5,Departamento de Manutenção (Estratégias Rurais e Infraestrutura) | Prefeitura Municipal de Joinville - PMJ,52590210.72999999,83169623000110-2-000082/2023,Prefeitura Municipal de Joinville - PMJ,LEGAL_REGIME_UNKNOWN,LIKELY_ADJUSTMENT_OPPORTUNITY,obra_classificada_conf=0.80 | fornecedor_privado | obrigacao_financeira_potencialmente_aberta | regime_14133_altamente_provavel | interregno_conservador_por_assinatura_gt_12m | document_request_parallel_action | Objeto classificado como pavimentacao_rodoviaria (conf=0.80) | Interregno mínimo conservador confirmado (level=B_CONSERVATIVE_SIGNATURE_GT_12M; proxy=data_assinatura) | Interregno ≥12m na data-base efetiva (proxy:data_assinatura) [TEMPORAL_CANDIDATE_BY_PROXY],Regime 14.133 provável (ano/PNCP/menção) mas não comprovado em documento oficial | data-base exata do orçamento ausente — cálculo preciso bloqueado | maturidade_temporal_insuficiente,clausula_reajuste | data_base_orcamento_estimado | indice_ou_formula | texto_oficial_contrato_edital | medicoes | apostilas | memoria_reajuste,Oportunidade provável — enriquecer contato e documentos antes da abordagem.,Oportunidade provável — enriquecer contato e documentos antes da abordagem.,"Não afirmar valor devido, inadimplemento, crédito constituído ou reajuste definitivamente não pago sem verificação documental completa e revisão humana registrada.",Oportunidade provável — enriquecer contato e documentos antes da abordagem.,Enriquecer contato empresarial; manter na fila de leads prioritários.,"Saldo/medições indisponíveis — valor sobre total é teto teórico, não valor devido. | indice_contratual_ausente — não aplicar IPCA/INCC/SINAPI por plausibilidade",,,,False,True
93,LIKELY_ADJUSTMENT_OPPORTUNITY,DOCUMENT_REQUEST_CANDIDATE,SUL_SC_PRIORITY,73.25,94.0,17.5,86.6,73.25,sede_ou_execucao_sul | interregno_conservador_gt_12m | regime_14133_provavel_ou_comprovado,07336801000171,SAAY'S SOLUCOES AMBIENTAIS LTDA,,GASPAR,SC,True,,,,1,Secretaria Municipal de Saneamento Básico – SESAN,10949000.0,83102855000150-2-003033/2025,Secretaria Municipal de Saneamento Básico – SESAN,LEGAL_REGIME_UNKNOWN,LIKELY_ADJUSTMENT_OPPORTUNITY,obra_classificada_conf=0.76 | fornecedor_privado | obrigacao_financeira_potencialmente_aberta | regime_14133_altamente_provavel | interregno_conservador_por_assinatura_gt_12m | document_request_parallel_action | Objeto classificado como saneamento_redes (conf=0.76) | Interregno mínimo conservador confirmado (level=B_CONSERVATIVE_SIGNATURE_GT_12M; proxy=data_assinatura) | Interregno ≥12m na data-base efetiva (proxy:data_assinatura) [TEMPORAL_CANDIDATE_BY_PROXY],Regime 14.133 provável (ano/PNCP/menção) mas não comprovado em documento oficial | data-base exata do orçamento ausente — cálculo preciso bloqueado,clausula_reajuste | data_base_orcamento_estimado | indice_ou_formula | texto_oficial_contrato_edital | medicoes | apostilas | memoria_reajuste,Oportunidade provável — enriquecer contato e documentos antes da abordagem.,Oportunidade provável — enriquecer contato e documentos antes da abordagem.,"Não afirmar valor devido, inadimplemento, crédito constituído ou reajuste definitivamente não pago sem verificação documental completa e revisão humana registrada.",Oportunidade provável — enriquecer contato e documentos antes da abordagem.,Enriquecer contato empresarial; manter na fila de leads prioritários.,"Saldo/medições indisponíveis — valor sobre total é teto teórico, não valor devido. | indice_contratual_ausente — não aplicar IPCA/INCC/SINAPI por plausibilidade",,,,False,True
94,LIKELY_ADJUSTMENT_OPPORTUNITY,DOCUMENT_REQUEST_CANDIDATE,SUL_SC_PRIORITY,73.21,94.0,17.5,86.6,73.21,sede_ou_execucao_sul | interregno_conservador_gt_12m | multi_contratos=2 | regime_14133_provavel_ou_comprovado,06064175000149,AIRES TURISMO LTDA,,Florianópolis,SC,True,,,,2,COORDENAÇÃO DE ENSINO - COEN/CGRH/PRF/MJ | SUPERINTENDENCIA REG. POL. RODV. FEDERAL-SC,17998203.259999998,00394494010441-2-000084/2024,SUPERINTENDENCIA REG. POL. RODV. FEDERAL-SC,LEGAL_REGIME_UNKNOWN,LIKELY_ADJUSTMENT_OPPORTUNITY,obra_classificada_conf=0.76 | fornecedor_privado | obrigacao_financeira_potencialmente_aberta | regime_14133_altamente_provavel | interregno_conservador_por_assinatura_gt_12m | document_request_parallel_action | Objeto classificado como pavimentacao_rodoviaria (conf=0.76) | Interregno mínimo conservador confirmado (level=B_CONSERVATIVE_SIGNATURE_GT_12M; proxy=data_assinatura) | Interregno ≥12m na data-base efetiva (proxy:data_assinatura) [TEMPORAL_CANDIDATE_BY_PROXY],Regime 14.133 provável (ano/PNCP/menção) mas não comprovado em documento oficial | data-base exata do orçamento ausente — cálculo preciso bloqueado,clausula_reajuste | data_base_orcamento_estimado | indice_ou_formula | texto_oficial_contrato_edital | medicoes | apostilas | memoria_reajuste,Oportunidade provável — enriquecer contato e documentos antes da abordagem.,Oportunidade provável — enriquecer contato e documentos antes da abordagem.,"Não afirmar valor devido, inadimplemento, crédito constituído ou reajuste definitivamente não pago sem verificação documental completa e revisão humana registrada.",Oportunidade provável — enriquecer contato e documentos antes da abordagem.,Enriquecer contato empresarial; manter na fila de leads prioritários.,"Saldo/medições indisponíveis — valor sobre total é teto teórico, não valor devido. | indice_contratual_ausente — não aplicar IPCA/INCC/SINAPI por plausibilidade",,,,False,True
95,LIKELY_ADJUSTMENT_OPPORTUNITY,DOCUMENT_REQUEST_CANDIDATE,SUL_SC_PRIORITY,73.21,94.0,17.5,86.6,73.21,sede_ou_execucao_sul | interregno_conservador_gt_12m | regime_14133_provavel_ou_comprovado,52305740000130,Consórcio Nova Ponte Cachoeira,,Joinville,SC,True,,,,1,Prefeitura Municipal de Joinville - PMJ,10650000.0,83169623000110-2-000194/2023,Prefeitura Municipal de Joinville - PMJ,LEGAL_REGIME_UNKNOWN,LIKELY_ADJUSTMENT_OPPORTUNITY,obra_classificada_conf=0.76 | fornecedor_privado | obrigacao_financeira_potencialmente_aberta | regime_14133_altamente_provavel | interregno_conservador_por_assinatura_gt_12m | document_request_parallel_action | Objeto classificado como pontes_estruturas (conf=0.76) | Interregno mínimo conservador confirmado (level=B_CONSERVATIVE_SIGNATURE_GT_12M; proxy=data_assinatura) | Interregno ≥12m na data-base efetiva (proxy:data_assinatura) [TEMPORAL_CANDIDATE_BY_PROXY],Regime 14.133 provável (ano/PNCP/menção) mas não comprovado em documento oficial | data-base exata do orçamento ausente — cálculo preciso bloqueado,clausula_reajuste | data_base_orcamento_estimado | indice_ou_formula | texto_oficial_contrato_edital | medicoes | apostilas | memoria_reajuste,Oportunidade provável — enriquecer contato e documentos antes da abordagem.,Oportunidade provável — enriquecer contato e documentos antes da abordagem.,"Não afirmar valor devido, inadimplemento, crédito constituído ou reajuste definitivamente não pago sem verificação documental completa e revisão humana registrada.",Oportunidade provável — enriquecer contato e documentos antes da abordagem.,Enriquecer contato empresarial; manter na fila de leads prioritários.,"Saldo/medições indisponíveis — valor sobre total é teto teórico, não valor devido. | indice_contratual_ausente — não aplicar IPCA/INCC/SINAPI por plausibilidade",,,,False,True
96,LIKELY_ADJUSTMENT_OPPORTUNITY,DOCUMENT_REQUEST_CANDIDATE,SUL_SC_PRIORITY,73.16,94.0,17.5,88.0,73.16,sede_ou_execucao_sul | interregno_conservador_gt_12m | multi_contratos=3 | regime_14133_provavel_ou_comprovado,01650178000140,C R ARTEFATOS DE CIMENTO LTDA,,Joinville,SC,True,,,,3,Prefeitura Municipal de Balneário Camboriú | Prefeitura Municipal de Joinville - PMJ | Secretaria de Infraestrutura – SEINFRA,22667131.34,83169623000110-2-000185/2023,Prefeitura Municipal de Joinville - PMJ,LEGAL_REGIME_UNKNOWN,LIKELY_ADJUSTMENT_OPPORTUNITY,obra_classificada_conf=0.76 | fornecedor_privado | obrigacao_financeira_potencialmente_aberta | regime_14133_altamente_provavel | interregno_conservador_por_assinatura_gt_12m | document_request_parallel_action | Objeto classificado como drenagem_urbanizacao (conf=0.76) | Interregno mínimo conservador confirmado (level=B_CONSERVATIVE_SIGNATURE_GT_12M; proxy=data_assinatura) | Interregno ≥12m na data-base efetiva (proxy:data_assinatura) [TEMPORAL_CANDIDATE_BY_PROXY],Regime 14.133 provável (ano/PNCP/menção) mas não comprovado em documento oficial | data-base exata do orçamento ausente — cálculo preciso bloqueado | maturidade_temporal_insuficiente,clausula_reajuste | data_base_orcamento_estimado | indice_ou_formula | texto_oficial_contrato_edital | medicoes | apostilas | memoria_reajuste,Oportunidade provável — enriquecer contato e documentos antes da abordagem.,Oportunidade provável — enriquecer contato e documentos antes da abordagem.,"Não afirmar valor devido, inadimplemento, crédito constituído ou reajuste definitivamente não pago sem verificação documental completa e revisão humana registrada.",Oportunidade provável — enriquecer contato e documentos antes da abordagem.,Enriquecer contato empresarial; manter na fila de leads prioritários.,"Saldo/medições indisponíveis — valor sobre total é teto teórico, não valor devido. | indice_contratual_ausente — não aplicar IPCA/INCC/SINAPI por plausibilidade",,,,False,True
97,LIKELY_ADJUSTMENT_OPPORTUNITY,DOCUMENT_REQUEST_CANDIDATE,SUL_SC_PRIORITY,73.15,94.0,17.5,86.6,73.15,sede_ou_execucao_sul | interregno_conservador_gt_12m | regime_14133_provavel_ou_comprovado,11226617000146,METTA AMBIENTAL LTDA,,Florianópolis,SC,True,,,,1,TRIBUNAL DE JUSTIÇA DO EST. DE SANTA CATARINA,10119265.64,83845701000159-2-000019/2025,TRIBUNAL DE JUSTIÇA DO EST. DE SANTA CATARINA,LEGAL_REGIME_UNKNOWN,LIKELY_ADJUSTMENT_OPPORTUNITY,obra_classificada_conf=0.76 | fornecedor_privado | obrigacao_financeira_potencialmente_aberta | regime_14133_altamente_provavel | interregno_conservador_por_assinatura_gt_12m | document_request_parallel_action | Objeto classificado como saneamento_redes (conf=0.76) | Interregno mínimo conservador confirmado (level=B_CONSERVATIVE_SIGNATURE_GT_12M; proxy=data_assinatura) | Interregno ≥12m na data-base efetiva (proxy:data_assinatura) [TEMPORAL_CANDIDATE_BY_PROXY],Regime 14.133 provável (ano/PNCP/menção) mas não comprovado em documento oficial | data-base exata do orçamento ausente — cálculo preciso bloqueado,clausula_reajuste | data_base_orcamento_estimado | indice_ou_formula | texto_oficial_contrato_edital | medicoes | apostilas | memoria_reajuste,Oportunidade provável — enriquecer contato e documentos antes da abordagem.,Oportunidade provável — enriquecer contato e documentos antes da abordagem.,"Não afirmar valor devido, inadimplemento, crédito constituído ou reajuste definitivamente não pago sem verificação documental completa e revisão humana registrada.",Oportunidade provável — enriquecer contato e documentos antes da abordagem.,Enriquecer contato empresarial; manter na fila de leads prioritários.,"Saldo/medições indisponíveis — valor sobre total é teto teórico, não valor devido. | indice_contratual_ausente — não aplicar IPCA/INCC/SINAPI por plausibilidade",,,,False,True
98,LIKELY_ADJUSTMENT_OPPORTUNITY,DOCUMENT_REQUEST_CANDIDATE,SUL_SC_PRIORITY,73.13,94.0,17.5,88.0,73.13,sede_ou_execucao_sul | interregno_conservador_gt_12m | multi_contratos=4 | regime_14133_provavel_ou_comprovado,07256305000108,CONSTRUTORA WDD LTDA,,NOVA TRENTO,SC,True,,,,4,Fundo Municipal de Saúde | PREFEITURA MUNICIPAL DE ITAJAÍ - SC | Prefeitura de Gaspar - SC | Secretaria Munl de Educação,34224999.99,76208867000107-2-000080/2025,Secretaria Munl de Educação,LEGAL_REGIME_UNKNOWN,LIKELY_ADJUSTMENT_OPPORTUNITY,obra_classificada_conf=0.76 | fornecedor_privado | obrigacao_financeira_potencialmente_aberta | regime_14133_altamente_provavel | interregno_conservador_por_assinatura_gt_12m | document_request_parallel_action | Objeto classificado como edificacoes (conf=0.76) | Interregno mínimo conservador confirmado (level=B_CONSERVATIVE_SIGNATURE_GT_12M; proxy=data_assinatura) | Interregno ≥12m na data-base efetiva (proxy:data_assinatura) [TEMPORAL_CANDIDATE_BY_PROXY],Regime 14.133 provável (ano/PNCP/menção) mas não comprovado em documento oficial | data-base exata do orçamento ausente — cálculo preciso bloqueado | maturidade_temporal_insuficiente,clausula_reajuste | data_base_orcamento_estimado | indice_ou_formula | texto_oficial_contrato_edital | medicoes | apostilas | memoria_reajuste,Oportunidade provável — enriquecer contato e documentos antes da abordagem.,Oportunidade provável — enriquecer contato e documentos antes da abordagem.,"Não afirmar valor devido, inadimplemento, crédito constituído ou reajuste definitivamente não pago sem verificação documental completa e revisão humana registrada.",Oportunidade provável — enriquecer contato e documentos antes da abordagem.,Enriquecer contato empresarial; manter na fila de leads prioritários.,"Saldo/medições indisponíveis — valor sobre total é teto teórico, não valor devido. | indice_contratual_ausente — não aplicar IPCA/INCC/SINAPI por plausibilidade",,,,False,True
99,LIKELY_ADJUSTMENT_OPPORTUNITY,DOCUMENT_REQUEST_CANDIDATE,SUL_SC_PRIORITY,73.0,94.0,17.5,86.6,73.0,sede_ou_execucao_sul | interregno_conservador_gt_12m | regime_14133_provavel_ou_comprovado,22195464000133,NAUS ENGENHARIA LTDA,,Joinville,SC,True,,,,1,Prefeitura Municipal de Joinville - PMJ,8949000.0,83169623000110-2-000662/2024,Prefeitura Municipal de Joinville - PMJ,LEGAL_REGIME_UNKNOWN,LIKELY_ADJUSTMENT_OPPORTUNITY,obra_classificada_conf=0.76 | fornecedor_privado | obrigacao_financeira_potencialmente_aberta | regime_14133_altamente_provavel | interregno_conservador_por_assinatura_gt_12m | document_request_parallel_action | Objeto classificado como edificacoes (conf=0.76) | Interregno mínimo conservador confirmado (level=B_CONSERVATIVE_SIGNATURE_GT_12M; proxy=data_assinatura) | Interregno ≥12m na data-base efetiva (proxy:data_assinatura) [TEMPORAL_CANDIDATE_BY_PROXY],Regime 14.133 provável (ano/PNCP/menção) mas não comprovado em documento oficial | data-base exata do orçamento ausente — cálculo preciso bloqueado,clausula_reajuste | data_base_orcamento_estimado | indice_ou_formula | texto_oficial_contrato_edital | medicoes | apostilas | memoria_reajuste,Oportunidade provável — enriquecer contato e documentos antes da abordagem.,Oportunidade provável — enriquecer contato e documentos antes da abordagem.,"Não afirmar valor devido, inadimplemento, crédito constituído ou reajuste definitivamente não pago sem verificação documental completa e revisão humana registrada.",Oportunidade provável — enriquecer contato e documentos antes da abordagem.,Enriquecer contato empresarial; manter na fila de leads prioritários.,"Saldo/medições indisponíveis — valor sobre total é teto teórico, não valor devido. | indice_contratual_ausente — não aplicar IPCA/INCC/SINAPI por plausibilidade",,,,False,True
100,LIKELY_ADJUSTMENT_OPPORTUNITY,DOCUMENT_REQUEST_CANDIDATE,SUL_SC_PRIORITY,72.79,94.0,17.5,89.4,72.79,sede_ou_execucao_sul | interregno_conservador_gt_12m | multi_contratos=3 | regime_14133_provavel_ou_comprovado,07706125000180,Construtora Solo Ltda,,CONCORDIA,SC,True,,,,3,Município de Peritiba | Prefeitura Municipal de Chapecó | Secretaria de Estado da Infraestrutura e Mobilidade,21174144.07,82951344000140-2-000094/2024,Secretaria de Estado da Infraestrutura e Mobilidade,LEGAL_REGIME_UNKNOWN,LIKELY_ADJUSTMENT_OPPORTUNITY,obra_classificada_conf=0.76 | fornecedor_privado | obrigacao_financeira_potencialmente_aberta | regime_14133_altamente_provavel | interregno_conservador_por_assinatura_gt_12m | document_request_parallel_action | Objeto classificado como edificacoes (conf=0.76) | Interregno mínimo conservador confirmado (level=B_CONSERVATIVE_SIGNATURE_GT_12M; proxy=data_assinatura) | Interregno ≥12m na data-base efetiva (proxy:data_assinatura) [TEMPORAL_CANDIDATE_BY_PROXY],Regime 14.133 provável (ano/PNCP/menção) mas não comprovado em documento oficial | data-base exata do orçamento ausente — cálculo preciso bloqueado | maturidade_temporal_insuficiente,clausula_reajuste | data_base_orcamento_estimado | indice_ou_formula | texto_oficial_contrato_edital | medicoes | apostilas | memoria_reajuste,Oportunidade provável — enriquecer contato e documentos antes da abordagem.,Oportunidade provável — enriquecer contato e documentos antes da abordagem.,"Não afirmar valor devido, inadimplemento, crédito constituído ou reajuste definitivamente não pago sem verificação documental completa e revisão humana registrada.",Oportunidade provável — enriquecer contato e documentos antes da abordagem.,Enriquecer contato empresarial; manter na fila de leads prioritários.,"Saldo/medições indisponíveis — valor sobre total é teto teórico, não valor devido. | indice_contratual_ausente — não aplicar IPCA/INCC/SINAPI por plausibilidade",,,,False,True
101,LIKELY_ADJUSTMENT_OPPORTUNITY,DOCUMENT_REQUEST_CANDIDATE,SUL_SC_PRIORITY,72.76,94.0,17.5,86.6,72.76,sede_ou_execucao_sul | interregno_conservador_gt_12m | multi_contratos=2 | regime_14133_provavel_ou_comprovado,95886735000170,RECICLE CATARINENSE DE RESIDUOS LTDA,,BRUSQUE,SC,True,,,,2,PREFEITURA MUNICIPAL DE NAVEGANTES | Secretaria Municipal de Saneamento Básico – SESAN,18105800.0,83102855000150-2-000637/2025,PREFEITURA MUNICIPAL DE NAVEGANTES,LEGAL_REGIME_UNKNOWN,LIKELY_ADJUSTMENT_OPPORTUNITY,obra_classificada_conf=0.76 | fornecedor_privado | obrigacao_financeira_potencialmente_aberta | regime_14133_altamente_provavel | interregno_conservador_por_assinatura_gt_12m | document_request_parallel_action | Objeto classificado como saneamento_redes (conf=0.76) | Interregno mínimo conservador confirmado (level=B_CONSERVATIVE_SIGNATURE_GT_12M; proxy=data_assinatura) | Interregno ≥12m na data-base efetiva (proxy:data_assinatura) [TEMPORAL_CANDIDATE_BY_PROXY],Regime 14.133 provável (ano/PNCP/menção) mas não comprovado em documento oficial | data-base exata do orçamento ausente — cálculo preciso bloqueado | maturidade_temporal_insuficiente,clausula_reajuste | data_base_orcamento_estimado | indice_ou_formula | texto_oficial_contrato_edital | medicoes | apostilas | memoria_reajuste,Oportunidade provável — enriquecer contato e documentos antes da abordagem.,Oportunidade provável — enriquecer contato e documentos antes da abordagem.,"Não afirmar valor devido, inadimplemento, crédito constituído ou reajuste definitivamente não pago sem verificação documental completa e revisão humana registrada.",Oportunidade provável — enriquecer contato e documentos antes da abordagem.,Enriquecer contato empresarial; manter na fila de leads prioritários.,"Saldo/medições indisponíveis — valor sobre total é teto teórico, não valor devido. | indice_contratual_ausente — não aplicar IPCA/INCC/SINAPI por plausibilidade",,,,False,True
102,LIKELY_ADJUSTMENT_OPPORTUNITY,DOCUMENT_REQUEST_CANDIDATE,SUL_SC_PRIORITY,72.73,94.0,17.5,86.6,72.73,sede_ou_execucao_sul | interregno_conservador_gt_12m | regime_14133_provavel_ou_comprovado,52485994000187,Consórcio Nacar,,Joinville,SC,True,,,,1,Prefeitura Municipal de Joinville - PMJ,6925000.0,83169623000110-2-000283/2023,Prefeitura Municipal de Joinville - PMJ,LEGAL_REGIME_UNKNOWN,LIKELY_ADJUSTMENT_OPPORTUNITY,obra_classificada_conf=0.76 | fornecedor_privado | obrigacao_financeira_potencialmente_aberta | regime_14133_altamente_provavel | interregno_conservador_por_assinatura_gt_12m | document_request_parallel_action | Objeto classificado como pontes_estruturas (conf=0.76) | Interregno mínimo conservador confirmado (level=B_CONSERVATIVE_SIGNATURE_GT_12M; proxy=data_assinatura) | Interregno ≥12m na data-base efetiva (proxy:data_assinatura) [TEMPORAL_CANDIDATE_BY_PROXY],Regime 14.133 provável (ano/PNCP/menção) mas não comprovado em documento oficial | data-base exata do orçamento ausente — cálculo preciso bloqueado,clausula_reajuste | data_base_orcamento_estimado | indice_ou_formula | texto_oficial_contrato_edital | medicoes | apostilas | memoria_reajuste,Oportunidade provável — enriquecer contato e documentos antes da abordagem.,Oportunidade provável — enriquecer contato e documentos antes da abordagem.,"Não afirmar valor devido, inadimplemento, crédito constituído ou reajuste definitivamente não pago sem verificação documental completa e revisão humana registrada.",Oportunidade provável — enriquecer contato e documentos antes da abordagem.,Enriquecer contato empresarial; manter na fila de leads prioritários.,"Saldo/medições indisponíveis — valor sobre total é teto teórico, não valor devido. | indice_contratual_ausente — não aplicar IPCA/INCC/SINAPI por plausibilidade",,,,False,True
103,LIKELY_ADJUSTMENT_OPPORTUNITY,DOCUMENT_REQUEST_CANDIDATE,SUL_SC_PRIORITY,72.66,94.0,17.5,86.6,72.66,sede_ou_execucao_sul | interregno_conservador_gt_12m | regime_14133_provavel_ou_comprovado,08814296000196,SANTOS E SANTANA EMPREITEIRA DE MAO DE OBRA LTDA,,Porto Belo,SC,True,,,,1,FUNDO MUNICIPAL DE EDUCAÇÃO,6487000.0,10721783000156-2-000003/2024,FUNDO MUNICIPAL DE EDUCAÇÃO,LEGAL_REGIME_UNKNOWN,LIKELY_ADJUSTMENT_OPPORTUNITY,obra_classificada_conf=0.76 | fornecedor_privado | obrigacao_financeira_potencialmente_aberta | regime_14133_altamente_provavel | interregno_conservador_por_assinatura_gt_12m | document_request_parallel_action | Objeto classificado como obras_engenharia_geral (conf=0.76) | Interregno mínimo conservador confirmado (level=B_CONSERVATIVE_SIGNATURE_GT_12M; proxy=data_assinatura) | Interregno ≥12m na data-base efetiva (proxy:data_assinatura) [TEMPORAL_CANDIDATE_BY_PROXY],Regime 14.133 provável (ano/PNCP/menção) mas não comprovado em documento oficial | data-base exata do orçamento ausente — cálculo preciso bloqueado,clausula_reajuste | data_base_orcamento_estimado | indice_ou_formula | texto_oficial_contrato_edital | medicoes | apostilas | memoria_reajuste,Oportunidade provável — enriquecer contato e documentos antes da abordagem.,Oportunidade provável — enriquecer contato e documentos antes da abordagem.,"Não afirmar valor devido, inadimplemento, crédito constituído ou reajuste definitivamente não pago sem verificação documental completa e revisão humana registrada.",Oportunidade provável — enriquecer contato e documentos antes da abordagem.,Enriquecer contato empresarial; manter na fila de leads prioritários.,"Saldo/medições indisponíveis — valor sobre total é teto teórico, não valor devido. | indice_contratual_ausente — não aplicar IPCA/INCC/SINAPI por plausibilidade",,,,False,True
104,LIKELY_ADJUSTMENT_OPPORTUNITY,DOCUMENT_REQUEST_CANDIDATE,SUL_SC_PRIORITY,72.61,94.0,17.5,86.6,72.61,sede_ou_execucao_sul | interregno_conservador_gt_12m | regime_14133_provavel_ou_comprovado,04991446000186,CONSTRUTORA AJM LTDA,,Joinville,SC,True,,,,1,Prefeitura Municipal de Joinville - PMJ,6132500.0,83169623000110-2-001563/2024,Prefeitura Municipal de Joinville - PMJ,LEGAL_REGIME_UNKNOWN,LIKELY_ADJUSTMENT_OPPORTUNITY,obra_classificada_conf=0.76 | fornecedor_privado | obrigacao_financeira_potencialmente_aberta | regime_14133_altamente_provavel | interregno_conservador_por_assinatura_gt_12m | document_request_parallel_action | Objeto classificado como edificacoes (conf=0.76) | Interregno mínimo conservador confirmado (level=B_CONSERVATIVE_SIGNATURE_GT_12M; proxy=data_assinatura) | Interregno ≥12m na data-base efetiva (proxy:data_assinatura) [TEMPORAL_CANDIDATE_BY_PROXY],Regime 14.133 provável (ano/PNCP/menção) mas não comprovado em documento oficial | data-base exata do orçamento ausente — cálculo preciso bloqueado,clausula_reajuste | data_base_orcamento_estimado | indice_ou_formula | texto_oficial_contrato_edital | medicoes | apostilas | memoria_reajuste,Oportunidade provável — enriquecer contato e documentos antes da abordagem.,Oportunidade provável — enriquecer contato e documentos antes da abordagem.,"Não afirmar valor devido, inadimplemento, crédito constituído ou reajuste definitivamente não pago sem verificação documental completa e revisão humana registrada.",Oportunidade provável — enriquecer contato e documentos antes da abordagem.,Enriquecer contato empresarial; manter na fila de leads prioritários.,"Saldo/medições indisponíveis — valor sobre total é teto teórico, não valor devido. | indice_contratual_ausente — não aplicar IPCA/INCC/SINAPI por plausibilidade",,,,False,True
105,LIKELY_ADJUSTMENT_OPPORTUNITY,DOCUMENT_REQUEST_CANDIDATE,SUL_SC_PRIORITY,72.59,94.0,17.5,86.6,72.59,sede_ou_execucao_sul | interregno_conservador_gt_12m | regime_14133_provavel_ou_comprovado,77153260001365,SULZER PUMPS WASTEWATER BRASIL LTDA,,Florianópolis,SC,True,,,,1,Unidade Administrativa,6000000.0,04426883000157-2-000003/2025,Unidade Administrativa,LEGAL_REGIME_UNKNOWN,LIKELY_ADJUSTMENT_OPPORTUNITY,obra_classificada_conf=0.76 | fornecedor_privado | obrigacao_financeira_potencialmente_aberta | regime_14133_altamente_provavel | interregno_conservador_por_assinatura_gt_12m | document_request_parallel_action | Objeto classificado como terraplenagem_contencao (conf=0.76) | Interregno mínimo conservador confirmado (level=B_CONSERVATIVE_SIGNATURE_GT_12M; proxy=data_assinatura) | Interregno ≥12m na data-base efetiva (proxy:data_assinatura) [TEMPORAL_CANDIDATE_BY_PROXY],Regime 14.133 provável (ano/PNCP/menção) mas não comprovado em documento oficial | data-base exata do orçamento ausente — cálculo preciso bloqueado,clausula_reajuste | data_base_orcamento_estimado | indice_ou_formula | texto_oficial_contrato_edital | medicoes | apostilas | memoria_reajuste,Oportunidade provável — enriquecer contato e documentos antes da abordagem.,Oportunidade provável — enriquecer contato e documentos antes da abordagem.,"Não afirmar valor devido, inadimplemento, crédito constituído ou reajuste definitivamente não pago sem verificação documental completa e revisão humana registrada.",Oportunidade provável — enriquecer contato e documentos antes da abordagem.,Enriquecer contato empresarial; manter na fila de leads prioritários.,"Saldo/medições indisponíveis — valor sobre total é teto teórico, não valor devido. | indice_contratual_ausente — não aplicar IPCA/INCC/SINAPI por plausibilidade",,,,False,True
106,LIKELY_ADJUSTMENT_OPPORTUNITY,DOCUMENT_REQUEST_CANDIDATE,SUL_SC_PRIORITY,72.5,99.5,17.5,83.6,72.5,sede_ou_execucao_sul | interregno_conservador_gt_12m | multi_contratos=13 | regime_14133_provavel_ou_comprovado,68761238000173,GAISSLER MOREIRA ENGENHARIA CIVIL LTDA,,CURITIBA,PR,True,,,,13,"DER - Departamento de Estradas de Rodagem do Estado do Paraná | Departamento de Administração | Departamento de Divisão Administrativa | GABINETE DO SECRETARIO-OBRAS, EDIFICACOES E VIACAO | MPR-PREFEITURA MUNICIPAL DE PAULO FRONTIN | MUNICIPIO DE PIRAI DO SUL | Municipio de Guaratuba | PREFEITURA MUNICIPAL DE ALVORADA DO SUL - PR | PREFEITURA MUNICIPAL DE CURITIBANOS | SECRET. MUNIC. VIACAO E OBRAS | SUP. REG. DO DNIT NO ESTADO DE SANTA CATARINA | SUP. REG. DO DNIT NO ESTADO DO PARANA",472882102.6000001,04892707000100-2-000591/2024,SUP. REG. DO DNIT NO ESTADO DO PARANA,LEGAL_REGIME_UNKNOWN,LIKELY_ADJUSTMENT_OPPORTUNITY,obra_classificada_conf=0.90 | fornecedor_privado | obrigacao_financeira_potencialmente_aberta | regime_14133_altamente_provavel | interregno_conservador_por_assinatura_gt_12m | document_request_parallel_action | Objeto classificado como pavimentacao_rodoviaria (conf=0.90) | Interregno mínimo conservador confirmado (level=B_CONSERVATIVE_SIGNATURE_GT_12M; proxy=data_assinatura) | Interregno ≥12m na data-base efetiva (proxy:data_assinatura) [TEMPORAL_CANDIDATE_BY_PROXY],Regime 14.133 provável (ano/PNCP/menção) mas não comprovado em documento oficial | data-base exata do orçamento ausente — cálculo preciso bloqueado | maturidade_temporal_insuficiente,clausula_reajuste | data_base_orcamento_estimado | indice_ou_formula | texto_oficial_contrato_edital | medicoes | apostilas | memoria_reajuste,Oportunidade provável — enriquecer contato e documentos antes da abordagem.,Oportunidade provável — enriquecer contato e documentos antes da abordagem.,"Não afirmar valor devido, inadimplemento, crédito constituído ou reajuste definitivamente não pago sem verificação documental completa e revisão humana registrada.",Oportunidade provável — enriquecer contato e documentos antes da abordagem.,Enriquecer contato empresarial; manter na fila de leads prioritários.,"Saldo/medições indisponíveis — valor sobre total é teto teórico, não valor devido. | indice_contratual_ausente — não aplicar IPCA/INCC/SINAPI por plausibilidade",,,,False,True
107,LIKELY_ADJUSTMENT_OPPORTUNITY,DOCUMENT_REQUEST_CANDIDATE,SUL_SC_PRIORITY,72.49,94.0,17.5,86.6,72.49,sede_ou_execucao_sul | interregno_conservador_gt_12m | multi_contratos=2 | regime_14133_provavel_ou_comprovado,03910548000167,DP CONSTRUÇÕES EIRELI,,Florianópolis,SC,True,,,,2,Secretaria de Estado da Infraestrutura e Mobilidade,10604000.0,82951344000140-2-000045/2025,Secretaria de Estado da Infraestrutura e Mobilidade,LEGAL_REGIME_UNKNOWN,LIKELY_ADJUSTMENT_OPPORTUNITY,obra_classificada_conf=0.76 | fornecedor_privado | obrigacao_financeira_potencialmente_aberta | regime_14133_altamente_provavel | interregno_conservador_por_assinatura_gt_12m | document_request_parallel_action | Objeto classificado como edificacoes (conf=0.76) | Interregno mínimo conservador confirmado (level=B_CONSERVATIVE_SIGNATURE_GT_12M; proxy=data_assinatura) | Interregno ≥12m na data-base efetiva (proxy:data_assinatura) [TEMPORAL_CANDIDATE_BY_PROXY],Regime 14.133 provável (ano/PNCP/menção) mas não comprovado em documento oficial | data-base exata do orçamento ausente — cálculo preciso bloqueado,clausula_reajuste | data_base_orcamento_estimado | indice_ou_formula | texto_oficial_contrato_edital | medicoes | apostilas | memoria_reajuste,Oportunidade provável — enriquecer contato e documentos antes da abordagem.,Oportunidade provável — enriquecer contato e documentos antes da abordagem.,"Não afirmar valor devido, inadimplemento, crédito constituído ou reajuste definitivamente não pago sem verificação documental completa e revisão humana registrada.",Oportunidade provável — enriquecer contato e documentos antes da abordagem.,Enriquecer contato empresarial; manter na fila de leads prioritários.,"Saldo/medições indisponíveis — valor sobre total é teto teórico, não valor devido. | indice_contratual_ausente — não aplicar IPCA/INCC/SINAPI por plausibilidade",,,,False,True
108,LIKELY_ADJUSTMENT_OPPORTUNITY,DOCUMENT_REQUEST_CANDIDATE,SUL_SC_PRIORITY,72.44,94.0,17.5,86.6,72.44,sede_ou_execucao_sul | interregno_conservador_gt_12m | regime_14133_provavel_ou_comprovado,08111520000183,IAB ADMINISTRADORA DE BENS LTDA.,,Joinville,SC,True,,,,1,Instituto de Previdência Social dos Servidores Públicos de Joinville - IPREVILLE,5100000.0,01280363000190-2-000002/2025,Instituto de Previdência Social dos Servidores Públicos de Joinville - IPREVILLE,LEGAL_REGIME_UNKNOWN,LIKELY_ADJUSTMENT_OPPORTUNITY,obra_classificada_conf=0.76 | fornecedor_privado | obrigacao_financeira_potencialmente_aberta | regime_14133_altamente_provavel | interregno_conservador_por_assinatura_gt_12m | document_request_parallel_action | Objeto classificado como pavimentacao_rodoviaria (conf=0.76) | Interregno mínimo conservador confirmado (level=B_CONSERVATIVE_SIGNATURE_GT_12M; proxy=data_assinatura) | Interregno ≥12m na data-base efetiva (proxy:data_assinatura) [TEMPORAL_CANDIDATE_BY_PROXY],Regime 14.133 provável (ano/PNCP/menção) mas não comprovado em documento oficial | data-base exata do orçamento ausente — cálculo preciso bloqueado,clausula_reajuste | data_base_orcamento_estimado | indice_ou_formula | texto_oficial_contrato_edital | medicoes | apostilas | memoria_reajuste,Oportunidade provável — enriquecer contato e documentos antes da abordagem.,Oportunidade provável — enriquecer contato e documentos antes da abordagem.,"Não afirmar valor devido, inadimplemento, crédito constituído ou reajuste definitivamente não pago sem verificação documental completa e revisão humana registrada.",Oportunidade provável — enriquecer contato e documentos antes da abordagem.,Enriquecer contato empresarial; manter na fila de leads prioritários.,"Saldo/medições indisponíveis — valor sobre total é teto teórico, não valor devido. | indice_contratual_ausente — não aplicar IPCA/INCC/SINAPI por plausibilidade",,,,False,True
109,LIKELY_ADJUSTMENT_OPPORTUNITY,DOCUMENT_REQUEST_CANDIDATE,SUL_SC_PRIORITY,72.42,94.0,17.5,86.6,72.42,sede_ou_execucao_sul | interregno_conservador_gt_12m | regime_14133_provavel_ou_comprovado,30863672000191,TORVALE METALURGICA LTDA,,Pinhalzinho,SC,True,,,,1,SECRETARIA DE ADMINISTRAÇÃO E PLANEJAMENTO,5009498.3,83021857000115-2-000284/2024,SECRETARIA DE ADMINISTRAÇÃO E PLANEJAMENTO,LEGAL_REGIME_UNKNOWN,LIKELY_ADJUSTMENT_OPPORTUNITY,obra_classificada_conf=0.76 | fornecedor_privado | obrigacao_financeira_potencialmente_aberta | regime_14133_altamente_provavel | interregno_conservador_por_assinatura_gt_12m | document_request_parallel_action | Objeto classificado como obras_engenharia_geral (conf=0.76) | Interregno mínimo conservador confirmado (level=B_CONSERVATIVE_SIGNATURE_GT_12M; proxy=data_assinatura) | Interregno ≥12m na data-base efetiva (proxy:data_assinatura) [TEMPORAL_CANDIDATE_BY_PROXY],Regime 14.133 provável (ano/PNCP/menção) mas não comprovado em documento oficial | data-base exata do orçamento ausente — cálculo preciso bloqueado,clausula_reajuste | data_base_orcamento_estimado | indice_ou_formula | texto_oficial_contrato_edital | medicoes | apostilas | memoria_reajuste,Oportunidade provável — enriquecer contato e documentos antes da abordagem.,Oportunidade provável — enriquecer contato e documentos antes da abordagem.,"Não afirmar valor devido, inadimplemento, crédito constituído ou reajuste definitivamente não pago sem verificação documental completa e revisão humana registrada.",Oportunidade provável — enriquecer contato e documentos antes da abordagem.,Enriquecer contato empresarial; manter na fila de leads prioritários.,"Saldo/medições indisponíveis — valor sobre total é teto teórico, não valor devido. | indice_contratual_ausente — não aplicar IPCA/INCC/SINAPI por plausibilidade",,,,False,True
110,LIKELY_ADJUSTMENT_OPPORTUNITY,DOCUMENT_REQUEST_CANDIDATE,SUL_SC_PRIORITY,72.38,95.0,17.5,86.6,72.38,sede_ou_execucao_sul | interregno_conservador_gt_12m | multi_contratos=2 | regime_14133_provavel_ou_comprovado,43540060000100,AG-TECH ENGENHARIA & CONSULTORIA LTDA,,PALHOCA,SC,True,,,,2,HOSPITAL UNIV. DR. MIGUEL RIET CORREA JUNIOR | TRIBUNAL DE JUSTIÇA DO ESTADO DO RIO G.DO SUL,137430000.0,15126437000143-2-006302/2024,HOSPITAL UNIV. DR. MIGUEL RIET CORREA JUNIOR,LEGAL_REGIME_UNKNOWN,LIKELY_ADJUSTMENT_OPPORTUNITY,obra_classificada_conf=0.80 | fornecedor_privado | obrigacao_financeira_potencialmente_aberta | regime_14133_altamente_provavel | interregno_conservador_por_assinatura_gt_12m | document_request_parallel_action | Objeto classificado como edificacoes (conf=0.80) | Interregno mínimo conservador confirmado (level=B_CONSERVATIVE_SIGNATURE_GT_12M; proxy=data_assinatura) | Interregno ≥12m na data-base efetiva (proxy:data_assinatura) [TEMPORAL_CANDIDATE_BY_PROXY],Regime 14.133 provável (ano/PNCP/menção) mas não comprovado em documento oficial | data-base exata do orçamento ausente — cálculo preciso bloqueado | maturidade_temporal_insuficiente,clausula_reajuste | data_base_orcamento_estimado | indice_ou_formula | texto_oficial_contrato_edital | medicoes | apostilas | memoria_reajuste,Oportunidade provável — enriquecer contato e documentos antes da abordagem.,Oportunidade provável — enriquecer contato e documentos antes da abordagem.,"Não afirmar valor devido, inadimplemento, crédito constituído ou reajuste definitivamente não pago sem verificação documental completa e revisão humana registrada.",Oportunidade provável — enriquecer contato e documentos antes da abordagem.,Enriquecer contato empresarial; manter na fila de leads prioritários.,"Saldo/medições indisponíveis — valor sobre total é teto teórico, não valor devido. | indice_contratual_ausente — não aplicar IPCA/INCC/SINAPI por plausibilidade",,,,False,True
111,LIKELY_ADJUSTMENT_OPPORTUNITY,DOCUMENT_REQUEST_CANDIDATE,SUL_SC_PRIORITY,72.31,98.0,17.5,82.2,72.31,sede_ou_execucao_sul | interregno_conservador_gt_12m | multi_contratos=2 | regime_14133_provavel_ou_comprovado,14905688000163,FAUSTO TERRAPLANAGEM PAVIMENTACAO E SERVICOS LTDA,,SAO JOSE DOS PINHAIS,PR,True,,,,2,Municipio de Piraquara | PREFEITURA MUNICIPAL DE SAO JOSE DOS PINHAIS,41080000.0,76105543000135-2-000162/2025,PREFEITURA MUNICIPAL DE SAO JOSE DOS PINHAIS,LEGAL_REGIME_UNKNOWN,LIKELY_ADJUSTMENT_OPPORTUNITY,obra_classificada_conf=0.92 | fornecedor_privado | obrigacao_financeira_potencialmente_aberta | regime_14133_altamente_provavel | interregno_conservador_por_assinatura_gt_12m | document_request_parallel_action | Objeto classificado como pavimentacao_rodoviaria (conf=0.92) | Interregno mínimo conservador confirmado (level=B_CONSERVATIVE_SIGNATURE_GT_12M; proxy=data_assinatura) | Interregno ≥12m na data-base efetiva (proxy:data_assinatura) [TEMPORAL_CANDIDATE_BY_PROXY],Regime 14.133 provável (ano/PNCP/menção) mas não comprovado em documento oficial | data-base exata do orçamento ausente — cálculo preciso bloqueado,clausula_reajuste | data_base_orcamento_estimado | indice_ou_formula | texto_oficial_contrato_edital | medicoes | apostilas | memoria_reajuste,Oportunidade provável — enriquecer contato e documentos antes da abordagem.,Oportunidade provável — enriquecer contato e documentos antes da abordagem.,"Não afirmar valor devido, inadimplemento, crédito constituído ou reajuste definitivamente não pago sem verificação documental completa e revisão humana registrada.",Oportunidade provável — enriquecer contato e documentos antes da abordagem.,Enriquecer contato empresarial; manter na fila de leads prioritários.,"Saldo/medições indisponíveis — valor sobre total é teto teórico, não valor devido. | indice_contratual_ausente — não aplicar IPCA/INCC/SINAPI por plausibilidade",,,,False,True
112,LIKELY_ADJUSTMENT_OPPORTUNITY,DOCUMENT_REQUEST_CANDIDATE,SUL_SC_PRIORITY,72.12,97.0,17.5,80.8,72.12,sede_ou_execucao_sul | interregno_conservador_gt_12m | multi_contratos=4 | regime_14133_provavel_ou_comprovado,03769527000173,EMPRESA CONSTRUTORA PORTO BETON SA,,Santa Rosa,RS,True,,,,4,BRIGADA MILITAR - DEPARTAMENTO DE LOGÍSTICA E PATRIMÔNIO | GERENCIA DO AEROPORTO MUNICIPAL LUIS ALBERTO LEHR | Prefeitura Municipal de Eldorado do Sul | SOP,128587110.69,88546890000182-2-000125/2024,GERENCIA DO AEROPORTO MUNICIPAL LUIS ALBERTO LEHR,LEGAL_REGIME_UNKNOWN,LIKELY_ADJUSTMENT_OPPORTUNITY,obra_classificada_conf=0.88 | fornecedor_privado | obrigacao_financeira_potencialmente_aberta | regime_14133_altamente_provavel | interregno_conservador_por_assinatura_gt_12m | document_request_parallel_action | Objeto classificado como drenagem_urbanizacao (conf=0.88) | Interregno mínimo conservador confirmado (level=B_CONSERVATIVE_SIGNATURE_GT_12M; proxy=data_assinatura) | Interregno ≥12m na data-base efetiva (proxy:data_assinatura) [TEMPORAL_CANDIDATE_BY_PROXY],Regime 14.133 provável (ano/PNCP/menção) mas não comprovado em documento oficial | data-base exata do orçamento ausente — cálculo preciso bloqueado | maturidade_temporal_insuficiente,clausula_reajuste | data_base_orcamento_estimado | indice_ou_formula | texto_oficial_contrato_edital | medicoes | apostilas | memoria_reajuste,Oportunidade provável — enriquecer contato e documentos antes da abordagem.,Oportunidade provável — enriquecer contato e documentos antes da abordagem.,"Não afirmar valor devido, inadimplemento, crédito constituído ou reajuste definitivamente não pago sem verificação documental completa e revisão humana registrada.",Oportunidade provável — enriquecer contato e documentos antes da abordagem.,Enriquecer contato empresarial; manter na fila de leads prioritários.,"Saldo/medições indisponíveis — valor sobre total é teto teórico, não valor devido. | indice_contratual_ausente — não aplicar IPCA/INCC/SINAPI por plausibilidade",,,,False,True
113,LIKELY_ADJUSTMENT_OPPORTUNITY,DOCUMENT_REQUEST_CANDIDATE,SUL_SC_PRIORITY,72.11,100.0,17.5,82.2,72.11,sede_ou_execucao_sul | interregno_conservador_gt_12m | multi_contratos=3 | regime_14133_provavel_ou_comprovado,90318338000189,SULTEPA CONSTRUCOES E COMERCIO LTDA - EM RECUPERACAO JUDICIA,,PORTO ALEGRE,RS,True,,,,3,DEPARTAMENTO AUTÔNOMO DE ESTRADAS DE RODAGEM | Gabinete do Secretario | SOP,172881433.45999998,87958641000131-2-000124/2025,SOP,LEGAL_REGIME_UNKNOWN,LIKELY_ADJUSTMENT_OPPORTUNITY,obra_classificada_conf=0.92 | fornecedor_privado | obrigacao_financeira_potencialmente_aberta | regime_14133_altamente_provavel | interregno_conservador_por_assinatura_gt_12m | document_request_parallel_action | Objeto classificado como saneamento_redes (conf=0.92) | Interregno mínimo conservador confirmado (level=B_CONSERVATIVE_SIGNATURE_GT_12M; proxy=data_assinatura) | Interregno ≥12m na data-base efetiva (proxy:data_assinatura) [TEMPORAL_CANDIDATE_BY_PROXY],Regime 14.133 provável (ano/PNCP/menção) mas não comprovado em documento oficial | data-base exata do orçamento ausente — cálculo preciso bloqueado,clausula_reajuste | data_base_orcamento_estimado | indice_ou_formula | texto_oficial_contrato_edital | medicoes | apostilas | memoria_reajuste,Oportunidade provável — enriquecer contato e documentos antes da abordagem.,Oportunidade provável — enriquecer contato e documentos antes da abordagem.,"Não afirmar valor devido, inadimplemento, crédito constituído ou reajuste definitivamente não pago sem verificação documental completa e revisão humana registrada.",Oportunidade provável — enriquecer contato e documentos antes da abordagem.,Enriquecer contato empresarial; manter na fila de leads prioritários.,"Saldo/medições indisponíveis — valor sobre total é teto teórico, não valor devido. | indice_contratual_ausente — não aplicar IPCA/INCC/SINAPI por plausibilidade",,,,False,True
114,LIKELY_ADJUSTMENT_OPPORTUNITY,DOCUMENT_REQUEST_CANDIDATE,SUL_SC_PRIORITY,72.07,100.0,17.5,85.0,72.07,sede_ou_execucao_sul | interregno_conservador_gt_12m | multi_contratos=3 | regime_14133_provavel_ou_comprovado,02810894000100,SAMP CONSTRUTORA DE OBRAS LTDA,,SAO MIGUEL DO IGUACU,PR,True,,,,3,DER - Departamento de Estradas de Rodagem do Estado do Paraná | Diretoria de Obras,201700000.0,77857183000190-2-000231/2024,Diretoria de Obras,LEGAL_REGIME_UNKNOWN,LIKELY_ADJUSTMENT_OPPORTUNITY,obra_classificada_conf=1.00 | fornecedor_privado | obrigacao_financeira_potencialmente_aberta | regime_14133_altamente_provavel | interregno_conservador_por_assinatura_gt_12m | document_request_parallel_action | Objeto classificado como pavimentacao_rodoviaria (conf=1.00) | Interregno mínimo conservador confirmado (level=B_CONSERVATIVE_SIGNATURE_GT_12M; proxy=data_assinatura) | Interregno ≥12m na data-base efetiva (proxy:data_assinatura) [TEMPORAL_CANDIDATE_BY_PROXY],Regime 14.133 provável (ano/PNCP/menção) mas não comprovado em documento oficial | data-base exata do orçamento ausente — cálculo preciso bloqueado | maturidade_temporal_insuficiente,clausula_reajuste | data_base_orcamento_estimado | indice_ou_formula | texto_oficial_contrato_edital | medicoes | apostilas | memoria_reajuste,Oportunidade provável — enriquecer contato e documentos antes da abordagem.,Oportunidade provável — enriquecer contato e documentos antes da abordagem.,"Não afirmar valor devido, inadimplemento, crédito constituído ou reajuste definitivamente não pago sem verificação documental completa e revisão humana registrada.",Oportunidade provável — enriquecer contato e documentos antes da abordagem.,Enriquecer contato empresarial; manter na fila de leads prioritários.,"Saldo/medições indisponíveis — valor sobre total é teto teórico, não valor devido. | indice_contratual_ausente — não aplicar IPCA/INCC/SINAPI por plausibilidade",,,,False,True
115,LIKELY_ADJUSTMENT_OPPORTUNITY,DOCUMENT_REQUEST_CANDIDATE,SUL_SC_PRIORITY,72.05,100.0,17.5,85.0,72.05,sede_ou_execucao_sul | interregno_conservador_gt_12m | multi_contratos=10 | regime_14133_provavel_ou_comprovado,03752550000155,SIX PAVIMENTACAO LTDA,,CHOPINZINHO,PR,True,,,,10,"Departamento de Obras | PREFEITURA MUNICIPAL DE RENASCENÇA | SECRETARIA DE AGROPECUARIA | SECRETARIA DE OBRAS E URBANISMO | SECRETARIA DE PLANEJAMENTO, OBRAS E SERVICOS PUBLICOS | Secretaria Municipal de Viacao, Obras e Servicos Publicos Urbanos | Secretaria de Adm. e Financas",97033941.60000001,76205681000196-2-000078/2025,PREFEITURA MUNICIPAL DE RENASCENÇA,LEGAL_REGIME_UNKNOWN,LIKELY_ADJUSTMENT_OPPORTUNITY,obra_classificada_conf=1.00 | fornecedor_privado | obrigacao_financeira_potencialmente_aberta | regime_14133_altamente_provavel | interregno_conservador_por_assinatura_gt_12m | document_request_parallel_action | Objeto classificado como pavimentacao_rodoviaria (conf=1.00) | Interregno mínimo conservador confirmado (level=B_CONSERVATIVE_SIGNATURE_GT_12M; proxy=data_assinatura) | Interregno ≥12m na data-base efetiva (proxy:data_assinatura) [TEMPORAL_CANDIDATE_BY_PROXY],Regime 14.133 provável (ano/PNCP/menção) mas não comprovado em documento oficial | data-base exata do orçamento ausente — cálculo preciso bloqueado | maturidade_temporal_insuficiente,clausula_reajuste | data_base_orcamento_estimado | indice_ou_formula | texto_oficial_contrato_edital | medicoes | apostilas | memoria_reajuste,Oportunidade provável — enriquecer contato e documentos antes da abordagem.,Oportunidade provável — enriquecer contato e documentos antes da abordagem.,"Não afirmar valor devido, inadimplemento, crédito constituído ou reajuste definitivamente não pago sem verificação documental completa e revisão humana registrada.",Oportunidade provável — enriquecer contato e documentos antes da abordagem.,Enriquecer contato empresarial; manter na fila de leads prioritários.,"Saldo/medições indisponíveis — valor sobre total é teto teórico, não valor devido. | indice_contratual_ausente — não aplicar IPCA/INCC/SINAPI por plausibilidade",,,,False,True
116,LIKELY_ADJUSTMENT_OPPORTUNITY,DOCUMENT_REQUEST_CANDIDATE,SUL_SC_PRIORITY,72.02,100.0,17.5,85.0,72.02,sede_ou_execucao_sul | interregno_conservador_gt_12m | regime_14133_provavel_ou_comprovado,28625682000147,JDS PAVIMENTAÇAO LTDA,,Colombo,PR,True,,,,1,Departamento de Obras de Pavimentação,9050000.0,76105634000170-2-000036/2024,Departamento de Obras de Pavimentação,LEGAL_REGIME_UNKNOWN,LIKELY_ADJUSTMENT_OPPORTUNITY,obra_classificada_conf=1.00 | fornecedor_privado | obrigacao_financeira_potencialmente_aberta | regime_14133_altamente_provavel | interregno_conservador_por_assinatura_gt_12m | document_request_parallel_action | Objeto classificado como pavimentacao_rodoviaria (conf=1.00) | Interregno mínimo conservador confirmado (level=B_CONSERVATIVE_SIGNATURE_GT_12M; proxy=data_assinatura) | Interregno ≥12m na data-base efetiva (proxy:data_assinatura) [TEMPORAL_CANDIDATE_BY_PROXY],Regime 14.133 provável (ano/PNCP/menção) mas não comprovado em documento oficial | data-base exata do orçamento ausente — cálculo preciso bloqueado,clausula_reajuste | data_base_orcamento_estimado | indice_ou_formula | texto_oficial_contrato_edital | medicoes | apostilas | memoria_reajuste,Oportunidade provável — enriquecer contato e documentos antes da abordagem.,Oportunidade provável — enriquecer contato e documentos antes da abordagem.,"Não afirmar valor devido, inadimplemento, crédito constituído ou reajuste definitivamente não pago sem verificação documental completa e revisão humana registrada.",Oportunidade provável — enriquecer contato e documentos antes da abordagem.,Enriquecer contato empresarial; manter na fila de leads prioritários.,"Saldo/medições indisponíveis — valor sobre total é teto teórico, não valor devido. | indice_contratual_ausente — não aplicar IPCA/INCC/SINAPI por plausibilidade",,,,False,True
117,LIKELY_ADJUSTMENT_OPPORTUNITY,DOCUMENT_REQUEST_CANDIDATE,SUL_SC_PRIORITY,72.02,100.0,17.5,85.0,72.02,sede_ou_execucao_sul | interregno_conservador_gt_12m | multi_contratos=2 | regime_14133_provavel_ou_comprovado,75871228000156,CODUSA - CIA DE DESENVOLVIMENTO URB. SAN. CAMPO MOURAO,,Campo Mourão,PR,True,,,,2,Gabinete do Secretário de Mobilidade Urbana,15884517.09,75904524000106-2-000183/2024,Gabinete do Secretário de Mobilidade Urbana,LEGAL_REGIME_UNKNOWN,LIKELY_ADJUSTMENT_OPPORTUNITY,obra_classificada_conf=1.00 | fornecedor_privado | obrigacao_financeira_potencialmente_aberta | regime_14133_altamente_provavel | interregno_conservador_por_assinatura_gt_12m | document_request_parallel_action | Objeto classificado como pavimentacao_rodoviaria (conf=1.00) | Interregno mínimo conservador confirmado (level=B_CONSERVATIVE_SIGNATURE_GT_12M; proxy=data_assinatura) | Interregno ≥12m na data-base efetiva (proxy:data_assinatura) [TEMPORAL_CANDIDATE_BY_PROXY],Regime 14.133 provável (ano/PNCP/menção) mas não comprovado em documento oficial | data-base exata do orçamento ausente — cálculo preciso bloqueado | maturidade_temporal_insuficiente,clausula_reajuste | data_base_orcamento_estimado | indice_ou_formula | texto_oficial_contrato_edital | medicoes | apostilas | memoria_reajuste,Oportunidade provável — enriquecer contato e documentos antes da abordagem.,Oportunidade provável — enriquecer contato e documentos antes da abordagem.,"Não afirmar valor devido, inadimplemento, crédito constituído ou reajuste definitivamente não pago sem verificação documental completa e revisão humana registrada.",Oportunidade provável — enriquecer contato e documentos antes da abordagem.,Enriquecer contato empresarial; manter na fila de leads prioritários.,"Saldo/medições indisponíveis — valor sobre total é teto teórico, não valor devido. | indice_contratual_ausente — não aplicar IPCA/INCC/SINAPI por plausibilidade",,,,False,True
118,LIKELY_ADJUSTMENT_OPPORTUNITY,DOCUMENT_REQUEST_CANDIDATE,SUL_SC_PRIORITY,72.01,98.5,17.5,82.9,72.01,sede_ou_execucao_sul | interregno_conservador_gt_12m | regime_14133_provavel_ou_comprovado,03001096000109,NACON ENGENHARIA LTDA,,Porto Alegre,RS,True,,,,1,DEPARTAMENTO AUTÔNOMO DE ESTRADAS DE RODAGEM,19864741.44,92883834000100-2-000029/2025,DEPARTAMENTO AUTÔNOMO DE ESTRADAS DE RODAGEM,LEGAL_REGIME_UNKNOWN,LIKELY_ADJUSTMENT_OPPORTUNITY,obra_classificada_conf=0.94 | fornecedor_privado | obrigacao_financeira_potencialmente_aberta | regime_14133_altamente_provavel | interregno_conservador_por_assinatura_gt_12m | document_request_parallel_action | Objeto classificado como pavimentacao_rodoviaria (conf=0.94) | Interregno mínimo conservador confirmado (level=B_CONSERVATIVE_SIGNATURE_GT_12M; proxy=data_assinatura) | Interregno ≥12m na data-base efetiva (proxy:data_assinatura) [TEMPORAL_CANDIDATE_BY_PROXY],Regime 14.133 provável (ano/PNCP/menção) mas não comprovado em documento oficial | data-base exata do orçamento ausente — cálculo preciso bloqueado,clausula_reajuste | data_base_orcamento_estimado | indice_ou_formula | texto_oficial_contrato_edital | medicoes | apostilas | memoria_reajuste,Oportunidade provável — enriquecer contato e documentos antes da abordagem.,Oportunidade provável — enriquecer contato e documentos antes da abordagem.,"Não afirmar valor devido, inadimplemento, crédito constituído ou reajuste definitivamente não pago sem verificação documental completa e revisão humana registrada.",Oportunidade provável — enriquecer contato e documentos antes da abordagem.,Enriquecer contato empresarial; manter na fila de leads prioritários.,"Saldo/medições indisponíveis — valor sobre total é teto teórico, não valor devido. | indice_contratual_ausente — não aplicar IPCA/INCC/SINAPI por plausibilidade",,,,False,True
119,LIKELY_ADJUSTMENT_OPPORTUNITY,DOCUMENT_REQUEST_CANDIDATE,SUL_SC_PRIORITY,71.9,100.0,17.5,85.0,71.9,sede_ou_execucao_sul | interregno_conservador_gt_12m | regime_14133_provavel_ou_comprovado,61573296000124,PROGRESSO-ENGEON SPE LTDA,,Bituruna,PR,True,,,,1,PREFEITURA MUNICIPAL DE BITURUNA - PR,8180000.0,81648859000103-2-000062/2025,PREFEITURA MUNICIPAL DE BITURUNA - PR,LEGAL_REGIME_UNKNOWN,LIKELY_ADJUSTMENT_OPPORTUNITY,obra_classificada_conf=1.00 | fornecedor_privado | obrigacao_financeira_potencialmente_aberta | regime_14133_altamente_provavel | interregno_conservador_por_assinatura_gt_12m | document_request_parallel_action | Objeto classificado como pavimentacao_rodoviaria (conf=1.00) | Interregno mínimo conservador confirmado (level=B_CONSERVATIVE_SIGNATURE_GT_12M; proxy=data_assinatura) | Interregno ≥12m na data-base efetiva (proxy:data_assinatura) [TEMPORAL_CANDIDATE_BY_PROXY],Regime 14.133 provável (ano/PNCP/menção) mas não comprovado em documento oficial | data-base exata do orçamento ausente — cálculo preciso bloqueado,clausula_reajuste | data_base_orcamento_estimado | indice_ou_formula | texto_oficial_contrato_edital | medicoes | apostilas | memoria_reajuste,Oportunidade provável — enriquecer contato e documentos antes da abordagem.,Oportunidade provável — enriquecer contato e documentos antes da abordagem.,"Não afirmar valor devido, inadimplemento, crédito constituído ou reajuste definitivamente não pago sem verificação documental completa e revisão humana registrada.",Oportunidade provável — enriquecer contato e documentos antes da abordagem.,Enriquecer contato empresarial; manter na fila de leads prioritários.,"Saldo/medições indisponíveis — valor sobre total é teto teórico, não valor devido. | indice_contratual_ausente — não aplicar IPCA/INCC/SINAPI por plausibilidade",,,,False,True
120,LIKELY_ADJUSTMENT_OPPORTUNITY,DOCUMENT_REQUEST_CANDIDATE,SUL_SC_PRIORITY,71.86,98.0,17.5,82.2,71.86,sede_ou_execucao_sul | interregno_conservador_gt_12m | multi_contratos=2 | regime_14133_provavel_ou_comprovado,14651732000156,COB INFRAESTRUTURA LTDA - EPP,,PASSO FUNDO,RS,True,,,,2,MUNICÍPIO DE PASSO FUNDO,28905206.6,87612537000190-2-000175/2024,MUNICÍPIO DE PASSO FUNDO,LEGAL_REGIME_UNKNOWN,LIKELY_ADJUSTMENT_OPPORTUNITY,obra_classificada_conf=0.92 | fornecedor_privado | obrigacao_financeira_potencialmente_aberta | regime_14133_altamente_provavel | interregno_conservador_por_assinatura_gt_12m | document_request_parallel_action | Objeto classificado como pavimentacao_rodoviaria (conf=0.92) | Interregno mínimo conservador confirmado (level=B_CONSERVATIVE_SIGNATURE_GT_12M; proxy=data_assinatura) | Interregno ≥12m na data-base efetiva (proxy:data_assinatura) [TEMPORAL_CANDIDATE_BY_PROXY],Regime 14.133 provável (ano/PNCP/menção) mas não comprovado em documento oficial | data-base exata do orçamento ausente — cálculo preciso bloqueado,clausula_reajuste | data_base_orcamento_estimado | indice_ou_formula | texto_oficial_contrato_edital | medicoes | apostilas | memoria_reajuste,Oportunidade provável — enriquecer contato e documentos antes da abordagem.,Oportunidade provável — enriquecer contato e documentos antes da abordagem.,"Não afirmar valor devido, inadimplemento, crédito constituído ou reajuste definitivamente não pago sem verificação documental completa e revisão humana registrada.",Oportunidade provável — enriquecer contato e documentos antes da abordagem.,Enriquecer contato empresarial; manter na fila de leads prioritários.,"Saldo/medições indisponíveis — valor sobre total é teto teórico, não valor devido. | indice_contratual_ausente — não aplicar IPCA/INCC/SINAPI por plausibilidade",,,,False,True
121,LIKELY_ADJUSTMENT_OPPORTUNITY,DOCUMENT_REQUEST_CANDIDATE,SUL_SC_PRIORITY,71.86,100.0,17.5,85.0,71.86,sede_ou_execucao_sul | interregno_conservador_gt_12m | multi_contratos=11 | regime_14133_provavel_ou_comprovado,67156943000260,SOTRAM- CONSTRUTORA E TERRAPLANAGEM LTDA,,PEROBAL,PR,True,,,,11,Diretoria de Obras | PREFEITURA MUNICIPAL | Unidade administrativa,120563230.52000001,01612269000191-2-000026/2024,Unidade administrativa,LEGAL_REGIME_UNKNOWN,LIKELY_ADJUSTMENT_OPPORTUNITY,obra_classificada_conf=1.00 | fornecedor_privado | obrigacao_financeira_potencialmente_aberta | regime_14133_altamente_provavel | interregno_conservador_por_assinatura_gt_12m | document_request_parallel_action | Objeto classificado como pavimentacao_rodoviaria (conf=1.00) | Interregno mínimo conservador confirmado (level=B_CONSERVATIVE_SIGNATURE_GT_12M; proxy=data_assinatura) | Interregno ≥12m na data-base efetiva (proxy:data_assinatura) [TEMPORAL_CANDIDATE_BY_PROXY],Regime 14.133 provável (ano/PNCP/menção) mas não comprovado em documento oficial | data-base exata do orçamento ausente — cálculo preciso bloqueado,clausula_reajuste | data_base_orcamento_estimado | indice_ou_formula | texto_oficial_contrato_edital | medicoes | apostilas | memoria_reajuste,Oportunidade provável — enriquecer contato e documentos antes da abordagem.,Oportunidade provável — enriquecer contato e documentos antes da abordagem.,"Não afirmar valor devido, inadimplemento, crédito constituído ou reajuste definitivamente não pago sem verificação documental completa e revisão humana registrada.",Oportunidade provável — enriquecer contato e documentos antes da abordagem.,Enriquecer contato empresarial; manter na fila de leads prioritários.,"Saldo/medições indisponíveis — valor sobre total é teto teórico, não valor devido. | indice_contratual_ausente — não aplicar IPCA/INCC/SINAPI por plausibilidade",,,,False,True
122,LIKELY_ADJUSTMENT_OPPORTUNITY,DOCUMENT_REQUEST_CANDIDATE,SUL_SC_PRIORITY,71.62,94.0,17.5,71.6,71.62,sede_ou_execucao_sul | interregno_conservador_gt_12m | regime_14133_provavel_ou_comprovado,10571929000124,ELEVTEC MANUTENCAO DE ELEVADORES LTDA,,CHAPECO,SC,True,,,,1,INSTITUTO FEDERAL DE EDUC.CIENC.E TEC.DE SC,147841777.56,11402887000160-2-000097/2023,INSTITUTO FEDERAL DE EDUC.CIENC.E TEC.DE SC,LEGAL_REGIME_UNKNOWN,LIKELY_ADJUSTMENT_OPPORTUNITY,obra_classificada_conf=0.76 | fornecedor_privado | obrigacao_financeira_potencialmente_aberta | regime_14133_altamente_provavel | interregno_conservador_por_assinatura_gt_12m | document_request_parallel_action | Objeto classificado como obras_engenharia_geral (conf=0.76) | Interregno mínimo conservador confirmado (level=B_CONSERVATIVE_SIGNATURE_GT_12M; proxy=data_assinatura) | Interregno ≥12m na data-base efetiva (proxy:data_assinatura) [TEMPORAL_CANDIDATE_BY_PROXY],Regime 14.133 provável (ano/PNCP/menção) mas não comprovado em documento oficial | data-base exata do orçamento ausente — cálculo preciso bloqueado,clausula_reajuste | data_base_orcamento_estimado | indice_ou_formula | texto_oficial_contrato_edital | medicoes | apostilas | memoria_reajuste,Oportunidade provável — enriquecer contato e documentos antes da abordagem.,Oportunidade provável — enriquecer contato e documentos antes da abordagem.,"Não afirmar valor devido, inadimplemento, crédito constituído ou reajuste definitivamente não pago sem verificação documental completa e revisão humana registrada.",Oportunidade provável — enriquecer contato e documentos antes da abordagem.,Enriquecer contato empresarial; manter na fila de leads prioritários.,"Saldo/medições indisponíveis — valor sobre total é teto teórico, não valor devido. | indice_contratual_ausente — não aplicar IPCA/INCC/SINAPI por plausibilidade",,,,False,True
123,LIKELY_ADJUSTMENT_OPPORTUNITY,DOCUMENT_REQUEST_CANDIDATE,SUL_SC_PRIORITY,71.61,100.0,17.5,85.0,71.61,sede_ou_execucao_sul | interregno_conservador_gt_12m | regime_14133_provavel_ou_comprovado,15030070000160,PLASMA PAVIMENTADORA E CONSTRUTORA  EIRELI,,São Leopoldo,RS,True,,,,1,Prefeitura Municipal de São Leopoldo,6166381.6,89814693000160-2-000165/2024,Prefeitura Municipal de São Leopoldo,LEGAL_REGIME_UNKNOWN,LIKELY_ADJUSTMENT_OPPORTUNITY,obra_classificada_conf=1.00 | fornecedor_privado | obrigacao_financeira_potencialmente_aberta | regime_14133_altamente_provavel | interregno_conservador_por_assinatura_gt_12m | document_request_parallel_action | Objeto classificado como pavimentacao_rodoviaria (conf=1.00) | Interregno mínimo conservador confirmado (level=B_CONSERVATIVE_SIGNATURE_GT_12M; proxy=data_assinatura) | Interregno ≥12m na data-base efetiva (proxy:data_assinatura) [TEMPORAL_CANDIDATE_BY_PROXY],Regime 14.133 provável (ano/PNCP/menção) mas não comprovado em documento oficial | data-base exata do orçamento ausente — cálculo preciso bloqueado,clausula_reajuste | data_base_orcamento_estimado | indice_ou_formula | texto_oficial_contrato_edital | medicoes | apostilas | memoria_reajuste,Oportunidade provável — enriquecer contato e documentos antes da abordagem.,Oportunidade provável — enriquecer contato e documentos antes da abordagem.,"Não afirmar valor devido, inadimplemento, crédito constituído ou reajuste definitivamente não pago sem verificação documental completa e revisão humana registrada.",Oportunidade provável — enriquecer contato e documentos antes da abordagem.,Enriquecer contato empresarial; manter na fila de leads prioritários.,"Saldo/medições indisponíveis — valor sobre total é teto teórico, não valor devido. | indice_contratual_ausente — não aplicar IPCA/INCC/SINAPI por plausibilidade",,,,False,True
124,LIKELY_ADJUSTMENT_OPPORTUNITY,DOCUMENT_REQUEST_CANDIDATE,SUL_SC_PRIORITY,71.54,99.0,17.5,83.6,71.54,sede_ou_execucao_sul | interregno_conservador_gt_12m | multi_contratos=3 | regime_14133_provavel_ou_comprovado,01656992000172,AUTOVIA CONSTRUTORA LTDA.,,SAO JOSE DOS PINHAIS,PR,True,,,,3,Gabinete do Secretário - SMOP | Municipio de Piraquara | SMOP - SECRETARIA MUNICIPAL DE OBRAS PÚBLICAS,23292000.0,76417005000186-2-000054/2024,SMOP - SECRETARIA MUNICIPAL DE OBRAS PÚBLICAS,LEGAL_REGIME_UNKNOWN,LIKELY_ADJUSTMENT_OPPORTUNITY,obra_classificada_conf=0.96 | fornecedor_privado | obrigacao_financeira_potencialmente_aberta | regime_14133_altamente_provavel | interregno_conservador_por_assinatura_gt_12m | document_request_parallel_action | Objeto classificado como pavimentacao_rodoviaria (conf=0.96) | Interregno mínimo conservador confirmado (level=B_CONSERVATIVE_SIGNATURE_GT_12M; proxy=data_assinatura) | Interregno ≥12m na data-base efetiva (proxy:data_assinatura) [TEMPORAL_CANDIDATE_BY_PROXY],Regime 14.133 provável (ano/PNCP/menção) mas não comprovado em documento oficial | data-base exata do orçamento ausente — cálculo preciso bloqueado | maturidade_temporal_insuficiente,clausula_reajuste | data_base_orcamento_estimado | indice_ou_formula | texto_oficial_contrato_edital | medicoes | apostilas | memoria_reajuste,Oportunidade provável — enriquecer contato e documentos antes da abordagem.,Oportunidade provável — enriquecer contato e documentos antes da abordagem.,"Não afirmar valor devido, inadimplemento, crédito constituído ou reajuste definitivamente não pago sem verificação documental completa e revisão humana registrada.",Oportunidade provável — enriquecer contato e documentos antes da abordagem.,Enriquecer contato empresarial; manter na fila de leads prioritários.,"Saldo/medições indisponíveis — valor sobre total é teto teórico, não valor devido. | indice_contratual_ausente — não aplicar IPCA/INCC/SINAPI por plausibilidade",,,,False,True
125,LIKELY_ADJUSTMENT_OPPORTUNITY,DOCUMENT_REQUEST_CANDIDATE,SUL_SC_PRIORITY,71.5,99.0,17.5,83.6,71.5,sede_ou_execucao_sul | interregno_conservador_gt_12m | multi_contratos=3 | regime_14133_provavel_ou_comprovado,27657370000152,DEZEMBRO MINERAÇÃO E PAVIMENTAÇÃO LTDA,,SAO JOSE DOS PINHAIS,PR,True,,,,3,PREFEITURA MUNICIPAL DE SAO JOSE DOS PINHAIS | SMOP - SECRETARIA MUNICIPAL DE OBRAS PÚBLICAS,27991099.439999998,76417005000186-2-000055/2024,SMOP - SECRETARIA MUNICIPAL DE OBRAS PÚBLICAS,LEGAL_REGIME_UNKNOWN,LIKELY_ADJUSTMENT_OPPORTUNITY,obra_classificada_conf=0.96 | fornecedor_privado | obrigacao_financeira_potencialmente_aberta | regime_14133_altamente_provavel | interregno_conservador_por_assinatura_gt_12m | document_request_parallel_action | Objeto classificado como pavimentacao_rodoviaria (conf=0.96) | Interregno mínimo conservador confirmado (level=B_CONSERVATIVE_SIGNATURE_GT_12M; proxy=data_assinatura) | Interregno ≥12m na data-base efetiva (proxy:data_assinatura) [TEMPORAL_CANDIDATE_BY_PROXY],Regime 14.133 provável (ano/PNCP/menção) mas não comprovado em documento oficial | data-base exata do orçamento ausente — cálculo preciso bloqueado,clausula_reajuste | data_base_orcamento_estimado | indice_ou_formula | texto_oficial_contrato_edital | medicoes | apostilas | memoria_reajuste,Oportunidade provável — enriquecer contato e documentos antes da abordagem.,Oportunidade provável — enriquecer contato e documentos antes da abordagem.,"Não afirmar valor devido, inadimplemento, crédito constituído ou reajuste definitivamente não pago sem verificação documental completa e revisão humana registrada.",Oportunidade provável — enriquecer contato e documentos antes da abordagem.,Enriquecer contato empresarial; manter na fila de leads prioritários.,"Saldo/medições indisponíveis — valor sobre total é teto teórico, não valor devido. | indice_contratual_ausente — não aplicar IPCA/INCC/SINAPI por plausibilidade",,,,False,True
126,LIKELY_ADJUSTMENT_OPPORTUNITY,DOCUMENT_REQUEST_CANDIDATE,SUL_SC_PRIORITY,71.42,100.0,17.5,85.0,71.42,sede_ou_execucao_sul | interregno_conservador_gt_12m | multi_contratos=3 | regime_14133_provavel_ou_comprovado,78930435000122,MINERPAL COMERCIO DE MATERIAIS E PAVIMENTAÇÃO EIRELI,,Nova Santa Rosa,PR,True,,,,3,DEPARTAMENTO DE FOMENTO AGROPECUARIO E MEIO AMBIENTE | Diretoria de Obras | PE - Secretaria Municipal de Infraestrutura,21225000.0,77116663000109-2-000002/2024,DEPARTAMENTO DE FOMENTO AGROPECUARIO E MEIO AMBIENTE,LEGAL_REGIME_UNKNOWN,LIKELY_ADJUSTMENT_OPPORTUNITY,obra_classificada_conf=1.00 | fornecedor_privado | obrigacao_financeira_potencialmente_aberta | regime_14133_altamente_provavel | interregno_conservador_por_assinatura_gt_12m | document_request_parallel_action | Objeto classificado como pavimentacao_rodoviaria (conf=1.00) | Interregno mínimo conservador confirmado (level=B_CONSERVATIVE_SIGNATURE_GT_12M; proxy=data_assinatura) | Interregno ≥12m na data-base efetiva (proxy:data_assinatura) [TEMPORAL_CANDIDATE_BY_PROXY],Regime 14.133 provável (ano/PNCP/menção) mas não comprovado em documento oficial | data-base exata do orçamento ausente — cálculo preciso bloqueado | maturidade_temporal_insuficiente,clausula_reajuste | data_base_orcamento_estimado | indice_ou_formula | texto_oficial_contrato_edital | medicoes | apostilas | memoria_reajuste,Oportunidade provável — enriquecer contato e documentos antes da abordagem.,Oportunidade provável — enriquecer contato e documentos antes da abordagem.,"Não afirmar valor devido, inadimplemento, crédito constituído ou reajuste definitivamente não pago sem verificação documental completa e revisão humana registrada.",Oportunidade provável — enriquecer contato e documentos antes da abordagem.,Enriquecer contato empresarial; manter na fila de leads prioritários.,"Saldo/medições indisponíveis — valor sobre total é teto teórico, não valor devido. | indice_contratual_ausente — não aplicar IPCA/INCC/SINAPI por plausibilidade",,,,False,True
127,LIKELY_ADJUSTMENT_OPPORTUNITY,DOCUMENT_REQUEST_CANDIDATE,SUL_SC_PRIORITY,71.41,99.0,17.5,85.0,71.41,sede_ou_execucao_sul | interregno_conservador_gt_12m | multi_contratos=4 | regime_14133_provavel_ou_comprovado,02077639000109,DOBIL ENGENHARIA LTDA,,PORTO ALEGRE,RS,True,,,,4,CAMARA MUNICIPAL DE VEREADORES | DEPARTAMENTO AUTÔNOMO DE ESTRADAS DE RODAGEM | SMOI - DEPARTAMENTO DE INFRAESTRUTURA,109448596.35999998,88000906000157-2-000061/2023,CAMARA MUNICIPAL DE VEREADORES,LEGAL_REGIME_UNKNOWN,LIKELY_ADJUSTMENT_OPPORTUNITY,obra_classificada_conf=0.96 | fornecedor_privado | obrigacao_financeira_potencialmente_aberta | regime_14133_altamente_provavel | interregno_conservador_por_assinatura_gt_12m | document_request_parallel_action | Objeto classificado como pavimentacao_rodoviaria (conf=0.96) | Interregno mínimo conservador confirmado (level=B_CONSERVATIVE_SIGNATURE_GT_12M; proxy=data_assinatura) | Interregno ≥12m na data-base efetiva (proxy:data_assinatura) [TEMPORAL_CANDIDATE_BY_PROXY],Regime 14.133 provável (ano/PNCP/menção) mas não comprovado em documento oficial | data-base exata do orçamento ausente — cálculo preciso bloqueado | maturidade_temporal_insuficiente,clausula_reajuste | data_base_orcamento_estimado | indice_ou_formula | texto_oficial_contrato_edital | medicoes | apostilas | memoria_reajuste,Oportunidade provável — enriquecer contato e documentos antes da abordagem.,Oportunidade provável — enriquecer contato e documentos antes da abordagem.,"Não afirmar valor devido, inadimplemento, crédito constituído ou reajuste definitivamente não pago sem verificação documental completa e revisão humana registrada.",Oportunidade provável — enriquecer contato e documentos antes da abordagem.,Enriquecer contato empresarial; manter na fila de leads prioritários.,"Saldo/medições indisponíveis — valor sobre total é teto teórico, não valor devido. | indice_contratual_ausente — não aplicar IPCA/INCC/SINAPI por plausibilidade",,,,False,True
128,LIKELY_ADJUSTMENT_OPPORTUNITY,DOCUMENT_REQUEST_CANDIDATE,SUL_SC_PRIORITY,71.38,96.0,17.5,79.4,71.38,sede_ou_execucao_sul | interregno_conservador_gt_12m | regime_14133_provavel_ou_comprovado,53673938000139,CONSORCIO VALE DO RIBEIRA,,Curitiba,PR,True,,,,1,DER - Departamento de Estradas de Rodagem do Estado do Paraná,56919000.0,76669324000189-2-000013/2024,DER - Departamento de Estradas de Rodagem do Estado do Paraná,LEGAL_REGIME_UNKNOWN,LIKELY_ADJUSTMENT_OPPORTUNITY,obra_classificada_conf=0.84 | fornecedor_privado | obrigacao_financeira_potencialmente_aberta | regime_14133_altamente_provavel | interregno_conservador_por_assinatura_gt_12m | document_request_parallel_action | Objeto classificado como pavimentacao_rodoviaria (conf=0.84) | Interregno mínimo conservador confirmado (level=B_CONSERVATIVE_SIGNATURE_GT_12M; proxy=data_assinatura) | Interregno ≥12m na data-base efetiva (proxy:data_assinatura) [TEMPORAL_CANDIDATE_BY_PROXY],Regime 14.133 provável (ano/PNCP/menção) mas não comprovado em documento oficial | data-base exata do orçamento ausente — cálculo preciso bloqueado,clausula_reajuste | data_base_orcamento_estimado | indice_ou_formula | texto_oficial_contrato_edital | medicoes | apostilas | memoria_reajuste,Oportunidade provável — enriquecer contato e documentos antes da abordagem.,Oportunidade provável — enriquecer contato e documentos antes da abordagem.,"Não afirmar valor devido, inadimplemento, crédito constituído ou reajuste definitivamente não pago sem verificação documental completa e revisão humana registrada.",Oportunidade provável — enriquecer contato e documentos antes da abordagem.,Enriquecer contato empresarial; manter na fila de leads prioritários.,"Saldo/medições indisponíveis — valor sobre total é teto teórico, não valor devido. | indice_contratual_ausente — não aplicar IPCA/INCC/SINAPI por plausibilidade",,,,False,True
129,LIKELY_ADJUSTMENT_OPPORTUNITY,DOCUMENT_REQUEST_CANDIDATE,SUL_SC_PRIORITY,71.38,96.0,17.5,79.4,71.38,sede_ou_execucao_sul | interregno_conservador_gt_12m | multi_contratos=2 | regime_14133_provavel_ou_comprovado,55219671000130,CONSORCIO PAVIMENTA PONTA GROSSA,,PONTA GROSSA,PR,True,,,,2,Unidade administrativa,187700000.0,76175884000187-2-000148/2024,Unidade administrativa,LEGAL_REGIME_UNKNOWN,LIKELY_ADJUSTMENT_OPPORTUNITY,obra_classificada_conf=0.84 | fornecedor_privado | obrigacao_financeira_potencialmente_aberta | regime_14133_altamente_provavel | interregno_conservador_por_assinatura_gt_12m | document_request_parallel_action | Objeto classificado como pavimentacao_rodoviaria (conf=0.84) | Interregno mínimo conservador confirmado (level=B_CONSERVATIVE_SIGNATURE_GT_12M; proxy=data_assinatura) | Interregno ≥12m na data-base efetiva (proxy:data_assinatura) [TEMPORAL_CANDIDATE_BY_PROXY],Regime 14.133 provável (ano/PNCP/menção) mas não comprovado em documento oficial | data-base exata do orçamento ausente — cálculo preciso bloqueado,clausula_reajuste | data_base_orcamento_estimado | indice_ou_formula | texto_oficial_contrato_edital | medicoes | apostilas | memoria_reajuste,Oportunidade provável — enriquecer contato e documentos antes da abordagem.,Oportunidade provável — enriquecer contato e documentos antes da abordagem.,"Não afirmar valor devido, inadimplemento, crédito constituído ou reajuste definitivamente não pago sem verificação documental completa e revisão humana registrada.",Oportunidade provável — enriquecer contato e documentos antes da abordagem.,Enriquecer contato empresarial; manter na fila de leads prioritários.,"Saldo/medições indisponíveis — valor sobre total é teto teórico, não valor devido. | indice_contratual_ausente — não aplicar IPCA/INCC/SINAPI por plausibilidade",,,,False,True
130,LIKELY_ADJUSTMENT_OPPORTUNITY,DOCUMENT_REQUEST_CANDIDATE,SUL_SC_PRIORITY,71.21,90.0,17.5,81.0,71.21,sede_ou_execucao_sul | interregno_conservador_gt_12m | regime_14133_provavel_ou_comprovado,28967839000112,AM MATERIAIS DE CONSTRUCAO LTDA,,São José,SC,True,,,,1,DISTRITO SANIT.ESP.INDÍGENA - INTERIOR SUL,20800000.0,00394544000185-2-000620/2024,DISTRITO SANIT.ESP.INDÍGENA - INTERIOR SUL,LEGAL_REGIME_UNKNOWN,LIKELY_ADJUSTMENT_OPPORTUNITY,obra_classificada_conf=0.60 | fornecedor_privado | obrigacao_financeira_potencialmente_aberta | regime_14133_altamente_provavel | interregno_conservador_por_assinatura_gt_12m | document_request_parallel_action | Objeto classificado como obras_engenharia_geral (conf=0.60) | Interregno mínimo conservador confirmado (level=B_CONSERVATIVE_SIGNATURE_GT_12M; proxy=data_assinatura) | Interregno ≥12m na data-base efetiva (proxy:data_assinatura) [TEMPORAL_CANDIDATE_BY_PROXY],Regime 14.133 provável (ano/PNCP/menção) mas não comprovado em documento oficial | data-base exata do orçamento ausente — cálculo preciso bloqueado,clausula_reajuste | data_base_orcamento_estimado | indice_ou_formula | texto_oficial_contrato_edital | medicoes | apostilas | memoria_reajuste,Oportunidade provável — enriquecer contato e documentos antes da abordagem.,Oportunidade provável — enriquecer contato e documentos antes da abordagem.,"Não afirmar valor devido, inadimplemento, crédito constituído ou reajuste definitivamente não pago sem verificação documental completa e revisão humana registrada.",Oportunidade provável — enriquecer contato e documentos antes da abordagem.,Enriquecer contato empresarial; manter na fila de leads prioritários.,"Saldo/medições indisponíveis — valor sobre total é teto teórico, não valor devido. | indice_contratual_ausente — não aplicar IPCA/INCC/SINAPI por plausibilidade",,,,False,True
131,LIKELY_ADJUSTMENT_OPPORTUNITY,DOCUMENT_REQUEST_CANDIDATE,SUL_SC_PRIORITY,71.14,90.0,17.5,81.0,71.14,sede_ou_execucao_sul | interregno_conservador_gt_12m | regime_14133_provavel_ou_comprovado,56334462000108,CONSÓRCIO ESCOLA ABRAHÃO,,Joinville,SC,True,,,,1,Prefeitura Municipal de Joinville - PMJ,19960000.0,83169623000110-2-001386/2024,Prefeitura Municipal de Joinville - PMJ,LEGAL_REGIME_UNKNOWN,LIKELY_ADJUSTMENT_OPPORTUNITY,obra_classificada_conf=0.60 | fornecedor_privado | obrigacao_financeira_potencialmente_aberta | regime_14133_altamente_provavel | interregno_conservador_por_assinatura_gt_12m | document_request_parallel_action | Objeto classificado como obras_engenharia_geral (conf=0.60) | Interregno mínimo conservador confirmado (level=B_CONSERVATIVE_SIGNATURE_GT_12M; proxy=data_assinatura) | Interregno ≥12m na data-base efetiva (proxy:data_assinatura) [TEMPORAL_CANDIDATE_BY_PROXY],Regime 14.133 provável (ano/PNCP/menção) mas não comprovado em documento oficial | data-base exata do orçamento ausente — cálculo preciso bloqueado,clausula_reajuste | data_base_orcamento_estimado | indice_ou_formula | texto_oficial_contrato_edital | medicoes | apostilas | memoria_reajuste,Oportunidade provável — enriquecer contato e documentos antes da abordagem.,Oportunidade provável — enriquecer contato e documentos antes da abordagem.,"Não afirmar valor devido, inadimplemento, crédito constituído ou reajuste definitivamente não pago sem verificação documental completa e revisão humana registrada.",Oportunidade provável — enriquecer contato e documentos antes da abordagem.,Enriquecer contato empresarial; manter na fila de leads prioritários.,"Saldo/medições indisponíveis — valor sobre total é teto teórico, não valor devido. | indice_contratual_ausente — não aplicar IPCA/INCC/SINAPI por plausibilidade",,,,False,True
132,LIKELY_ADJUSTMENT_OPPORTUNITY,DOCUMENT_REQUEST_CANDIDATE,SUL_SC_PRIORITY,71.1,99.0,17.5,83.6,71.1,sede_ou_execucao_sul | interregno_conservador_gt_12m | multi_contratos=3 | regime_14133_provavel_ou_comprovado,03716753000196,LONGUINI INDUSTRIA E COMERCIO DE PAVIMENTAÇOES LTDA,,CRUZEIRO DO OESTE,PR,True,,,,3,PREFEITURA MUNICIPAL DE TUNEIRAS DO OESTE | UNIDADE ADMINISTRATIVA | Unidade administrativa,18650900.0,95640553000115-2-000036/2024,UNIDADE ADMINISTRATIVA,LEGAL_REGIME_UNKNOWN,LIKELY_ADJUSTMENT_OPPORTUNITY,obra_classificada_conf=0.96 | fornecedor_privado | obrigacao_financeira_potencialmente_aberta | regime_14133_altamente_provavel | interregno_conservador_por_assinatura_gt_12m | document_request_parallel_action | Objeto classificado como pavimentacao_rodoviaria (conf=0.96) | Interregno mínimo conservador confirmado (level=B_CONSERVATIVE_SIGNATURE_GT_12M; proxy=data_assinatura) | Interregno ≥12m na data-base efetiva (proxy:data_assinatura) [TEMPORAL_CANDIDATE_BY_PROXY],Regime 14.133 provável (ano/PNCP/menção) mas não comprovado em documento oficial | data-base exata do orçamento ausente — cálculo preciso bloqueado | maturidade_temporal_insuficiente,clausula_reajuste | data_base_orcamento_estimado | indice_ou_formula | texto_oficial_contrato_edital | medicoes | apostilas | memoria_reajuste,Oportunidade provável — enriquecer contato e documentos antes da abordagem.,Oportunidade provável — enriquecer contato e documentos antes da abordagem.,"Não afirmar valor devido, inadimplemento, crédito constituído ou reajuste definitivamente não pago sem verificação documental completa e revisão humana registrada.",Oportunidade provável — enriquecer contato e documentos antes da abordagem.,Enriquecer contato empresarial; manter na fila de leads prioritários.,"Saldo/medições indisponíveis — valor sobre total é teto teórico, não valor devido. | indice_contratual_ausente — não aplicar IPCA/INCC/SINAPI por plausibilidade",,,,False,True
133,LIKELY_ADJUSTMENT_OPPORTUNITY,DOCUMENT_REQUEST_CANDIDATE,SUL_SC_PRIORITY,71.05,97.0,17.5,80.8,71.05,sede_ou_execucao_sul | interregno_conservador_gt_12m | multi_contratos=2 | regime_14133_provavel_ou_comprovado,88348024000187,SBS ENGENHARIA E CONSTRUCOES LTDA.,,PORTO ALEGRE,RS,True,,,,2,DEPARTAMENTO AUTÔNOMO DE ESTRADAS DE RODAGEM | SUP. REG. DO DNIT NO EST.DO RIO GRANDE DO SUL,66174282.25,92883834000100-2-000010/2024,DEPARTAMENTO AUTÔNOMO DE ESTRADAS DE RODAGEM,LEGAL_REGIME_UNKNOWN,LIKELY_ADJUSTMENT_OPPORTUNITY,obra_classificada_conf=0.88 | fornecedor_privado | obrigacao_financeira_potencialmente_aberta | regime_14133_altamente_provavel | interregno_conservador_por_assinatura_gt_12m | document_request_parallel_action | Objeto classificado como pavimentacao_rodoviaria (conf=0.88) | Interregno mínimo conservador confirmado (level=B_CONSERVATIVE_SIGNATURE_GT_12M; proxy=data_assinatura) | Interregno ≥12m na data-base efetiva (proxy:data_assinatura) [TEMPORAL_CANDIDATE_BY_PROXY],Regime 14.133 provável (ano/PNCP/menção) mas não comprovado em documento oficial | data-base exata do orçamento ausente — cálculo preciso bloqueado,clausula_reajuste | data_base_orcamento_estimado | indice_ou_formula | texto_oficial_contrato_edital | medicoes | apostilas | memoria_reajuste,Oportunidade provável — enriquecer contato e documentos antes da abordagem.,Oportunidade provável — enriquecer contato e documentos antes da abordagem.,"Não afirmar valor devido, inadimplemento, crédito constituído ou reajuste definitivamente não pago sem verificação documental completa e revisão humana registrada.",Oportunidade provável — enriquecer contato e documentos antes da abordagem.,Enriquecer contato empresarial; manter na fila de leads prioritários.,"Saldo/medições indisponíveis — valor sobre total é teto teórico, não valor devido. | indice_contratual_ausente — não aplicar IPCA/INCC/SINAPI por plausibilidade",,,,False,True
134,LIKELY_ADJUSTMENT_OPPORTUNITY,DOCUMENT_REQUEST_CANDIDATE,SUL_SC_PRIORITY,71.02,99.0,17.5,85.0,71.02,sede_ou_execucao_sul | interregno_conservador_gt_12m | multi_contratos=9 | regime_14133_provavel_ou_comprovado,03222465000185,DALBA ENGENHARIA E EMPREENDIMENTOS LTDA,,FRANCISCO BELTRAO,PR,True,,,,9,"DER - Departamento de Estradas de Rodagem do Estado do Paraná | Departamento de Informacao, Pesquisa e Planejamento | SMPU - Secretaria Municipal de Planejamento e Urbanismo | SVOSU -  Sec de Viação Obras e Serviços Urbanos",785377271.48,76178037000176-2-000087/2024,SMPU - Secretaria Municipal de Planejamento e Urbanismo,LEGAL_REGIME_UNKNOWN,LIKELY_ADJUSTMENT_OPPORTUNITY,obra_classificada_conf=0.96 | fornecedor_privado | obrigacao_financeira_potencialmente_aberta | regime_14133_altamente_provavel | interregno_conservador_por_assinatura_gt_12m | document_request_parallel_action | Objeto classificado como pavimentacao_rodoviaria (conf=0.96) | Interregno mínimo conservador confirmado (level=B_CONSERVATIVE_SIGNATURE_GT_12M; proxy=data_assinatura) | Interregno ≥12m na data-base efetiva (proxy:data_assinatura) [TEMPORAL_CANDIDATE_BY_PROXY],Regime 14.133 provável (ano/PNCP/menção) mas não comprovado em documento oficial | data-base exata do orçamento ausente — cálculo preciso bloqueado | maturidade_temporal_insuficiente,clausula_reajuste | data_base_orcamento_estimado | indice_ou_formula | texto_oficial_contrato_edital | medicoes | apostilas | memoria_reajuste,Oportunidade provável — enriquecer contato e documentos antes da abordagem.,Oportunidade provável — enriquecer contato e documentos antes da abordagem.,"Não afirmar valor devido, inadimplemento, crédito constituído ou reajuste definitivamente não pago sem verificação documental completa e revisão humana registrada.",Oportunidade provável — enriquecer contato e documentos antes da abordagem.,Enriquecer contato empresarial; manter na fila de leads prioritários.,"Saldo/medições indisponíveis — valor sobre total é teto teórico, não valor devido. | indice_contratual_ausente — não aplicar IPCA/INCC/SINAPI por plausibilidade",,,,False,True
135,LIKELY_ADJUSTMENT_OPPORTUNITY,DOCUMENT_REQUEST_CANDIDATE,SUL_SC_PRIORITY,70.97,98.0,17.5,82.2,70.97,sede_ou_execucao_sul | interregno_conservador_gt_12m | multi_contratos=13 | regime_14133_provavel_ou_comprovado,00220982000127,MATT CONSTRUTORA LTDA,,VILA MARIA,RS,True,,,,13,DEPARTAMENTO AUTÔNOMO DE ESTRADAS DE RODAGEM | DIVISÃO DE COMPRAS E CONTRATOS | MUNICÍPIO DE PASSO FUNDO | Município de Relvado | PREFEITURA MUNICIPAL ANTÔNIO PRADO | PREFEITURA MUNICIPAL DE MARAU | SUP. REG. DO DNIT NO EST.DO RIO GRANDE DO SUL,230059935.80999994,87612537000190-2-000037/2025,MUNICÍPIO DE PASSO FUNDO,LEGAL_REGIME_UNKNOWN,LIKELY_ADJUSTMENT_OPPORTUNITY,obra_classificada_conf=0.92 | fornecedor_privado | obrigacao_financeira_potencialmente_aberta | regime_14133_altamente_provavel | interregno_conservador_por_assinatura_gt_12m | document_request_parallel_action | Objeto classificado como pavimentacao_rodoviaria (conf=0.92) | Interregno mínimo conservador confirmado (level=B_CONSERVATIVE_SIGNATURE_GT_12M; proxy=data_assinatura) | Interregno ≥12m na data-base efetiva (proxy:data_assinatura) [TEMPORAL_CANDIDATE_BY_PROXY],Regime 14.133 provável (ano/PNCP/menção) mas não comprovado em documento oficial | data-base exata do orçamento ausente — cálculo preciso bloqueado,clausula_reajuste | data_base_orcamento_estimado | indice_ou_formula | texto_oficial_contrato_edital | medicoes | apostilas | memoria_reajuste,Oportunidade provável — enriquecer contato e documentos antes da abordagem.,Oportunidade provável — enriquecer contato e documentos antes da abordagem.,"Não afirmar valor devido, inadimplemento, crédito constituído ou reajuste definitivamente não pago sem verificação documental completa e revisão humana registrada.",Oportunidade provável — enriquecer contato e documentos antes da abordagem.,Enriquecer contato empresarial; manter na fila de leads prioritários.,"Saldo/medições indisponíveis — valor sobre total é teto teórico, não valor devido. | indice_contratual_ausente — não aplicar IPCA/INCC/SINAPI por plausibilidade",,,,False,True
136,LIKELY_ADJUSTMENT_OPPORTUNITY,DOCUMENT_REQUEST_CANDIDATE,SUL_SC_PRIORITY,70.95,99.0,17.5,83.6,70.95,sede_ou_execucao_sul | interregno_conservador_gt_12m | multi_contratos=4 | regime_14133_provavel_ou_comprovado,75646273000107,SURG CIA DE SERVICOS DE URBANIZACAO DE G,,GUARAPUAVA,PR,True,,,,4,SMPU - Secretaria Municipal de Planejamento e Urbanismo | SVOSU -  Sec de Viação Obras e Serviços Urbanos,84886136.13,76178037000176-2-000145/2024,SMPU - Secretaria Municipal de Planejamento e Urbanismo,LEGAL_REGIME_UNKNOWN,LIKELY_ADJUSTMENT_OPPORTUNITY,obra_classificada_conf=0.96 | fornecedor_privado | obrigacao_financeira_potencialmente_aberta | regime_14133_altamente_provavel | interregno_conservador_por_assinatura_gt_12m | document_request_parallel_action | Objeto classificado como pavimentacao_rodoviaria (conf=0.96) | Interregno mínimo conservador confirmado (level=B_CONSERVATIVE_SIGNATURE_GT_12M; proxy=data_assinatura) | Interregno ≥12m na data-base efetiva (proxy:data_assinatura) [TEMPORAL_CANDIDATE_BY_PROXY],Regime 14.133 provável (ano/PNCP/menção) mas não comprovado em documento oficial | data-base exata do orçamento ausente — cálculo preciso bloqueado,clausula_reajuste | data_base_orcamento_estimado | indice_ou_formula | texto_oficial_contrato_edital | medicoes | apostilas | memoria_reajuste,Oportunidade provável — enriquecer contato e documentos antes da abordagem.,Oportunidade provável — enriquecer contato e documentos antes da abordagem.,"Não afirmar valor devido, inadimplemento, crédito constituído ou reajuste definitivamente não pago sem verificação documental completa e revisão humana registrada.",Oportunidade provável — enriquecer contato e documentos antes da abordagem.,Enriquecer contato empresarial; manter na fila de leads prioritários.,"Saldo/medições indisponíveis — valor sobre total é teto teórico, não valor devido. | indice_contratual_ausente — não aplicar IPCA/INCC/SINAPI por plausibilidade",,,,False,True
137,LIKELY_ADJUSTMENT_OPPORTUNITY,DOCUMENT_REQUEST_CANDIDATE,SUL_SC_PRIORITY,70.92,90.0,17.5,81.0,70.92,sede_ou_execucao_sul | interregno_conservador_gt_12m | multi_contratos=2 | regime_14133_provavel_ou_comprovado,09656330000104,PALOMA CONSTRUCOES EIRELI,,Chapecó,SC,True,,,,2,Prefeitura Municipal de Chapecó | Unidade Única,24888609.75,83021808000182-2-000001/2025,Prefeitura Municipal de Chapecó,LEGAL_REGIME_UNKNOWN,LIKELY_ADJUSTMENT_OPPORTUNITY,obra_classificada_conf=0.60 | fornecedor_privado | obrigacao_financeira_potencialmente_aberta | regime_14133_altamente_provavel | interregno_conservador_por_assinatura_gt_12m | document_request_parallel_action | Objeto classificado como obras_engenharia_geral (conf=0.60) | Interregno mínimo conservador confirmado (level=B_CONSERVATIVE_SIGNATURE_GT_12M; proxy=data_assinatura) | Interregno ≥12m na data-base efetiva (proxy:data_assinatura) [TEMPORAL_CANDIDATE_BY_PROXY],Regime 14.133 provável (ano/PNCP/menção) mas não comprovado em documento oficial | data-base exata do orçamento ausente — cálculo preciso bloqueado,clausula_reajuste | data_base_orcamento_estimado | indice_ou_formula | texto_oficial_contrato_edital | medicoes | apostilas | memoria_reajuste,Oportunidade provável — enriquecer contato e documentos antes da abordagem.,Oportunidade provável — enriquecer contato e documentos antes da abordagem.,"Não afirmar valor devido, inadimplemento, crédito constituído ou reajuste definitivamente não pago sem verificação documental completa e revisão humana registrada.",Oportunidade provável — enriquecer contato e documentos antes da abordagem.,Enriquecer contato empresarial; manter na fila de leads prioritários.,"Saldo/medições indisponíveis — valor sobre total é teto teórico, não valor devido. | indice_contratual_ausente — não aplicar IPCA/INCC/SINAPI por plausibilidade",,,,False,True
138,LIKELY_ADJUSTMENT_OPPORTUNITY,DOCUMENT_REQUEST_CANDIDATE,SUL_SC_PRIORITY,70.88,90.0,17.5,82.75,70.88,sede_ou_execucao_sul | interregno_conservador_gt_12m | multi_contratos=2 | regime_14133_provavel_ou_comprovado,14589125000103,PALETA ENGENHARIA E CONSTRUCOES LTDA,,Joinville,SC,True,,,,2,Prefeitura Municipal de Joinville - PMJ,30948000.0,83169623000110-2-000153/2024,Prefeitura Municipal de Joinville - PMJ,LEGAL_REGIME_UNKNOWN,LIKELY_ADJUSTMENT_OPPORTUNITY,obra_classificada_conf=0.60 | fornecedor_privado | obrigacao_financeira_potencialmente_aberta | regime_14133_altamente_provavel | interregno_conservador_por_assinatura_gt_12m | document_request_parallel_action | Objeto classificado como obras_engenharia_geral (conf=0.60) | Interregno mínimo conservador confirmado (level=B_CONSERVATIVE_SIGNATURE_GT_12M; proxy=data_assinatura) | Interregno ≥12m na data-base efetiva (proxy:data_assinatura) [TEMPORAL_CANDIDATE_BY_PROXY],Regime 14.133 provável (ano/PNCP/menção) mas não comprovado em documento oficial | data-base exata do orçamento ausente — cálculo preciso bloqueado | maturidade_temporal_insuficiente,clausula_reajuste | data_base_orcamento_estimado | indice_ou_formula | texto_oficial_contrato_edital | medicoes | apostilas | memoria_reajuste,Oportunidade provável — enriquecer contato e documentos antes da abordagem.,Oportunidade provável — enriquecer contato e documentos antes da abordagem.,"Não afirmar valor devido, inadimplemento, crédito constituído ou reajuste definitivamente não pago sem verificação documental completa e revisão humana registrada.",Oportunidade provável — enriquecer contato e documentos antes da abordagem.,Enriquecer contato empresarial; manter na fila de leads prioritários.,"Saldo/medições indisponíveis — valor sobre total é teto teórico, não valor devido. | indice_contratual_ausente — não aplicar IPCA/INCC/SINAPI por plausibilidade",,,,False,True
139,LIKELY_ADJUSTMENT_OPPORTUNITY,DOCUMENT_REQUEST_CANDIDATE,SUL_SC_PRIORITY,70.86,91.25,17.5,82.75,70.86,sede_ou_execucao_sul | interregno_conservador_gt_12m | multi_contratos=4 | regime_14133_provavel_ou_comprovado,11173405000148,CONSORCIO INTERMUNICIPAL SERRA CATARINENSE,,Lages,SC,True,,,,4,MUNICÍPIO DE LAGES,38120210.0,82777301000190-2-001567/2024,MUNICÍPIO DE LAGES,LEGAL_REGIME_UNKNOWN,LIKELY_ADJUSTMENT_OPPORTUNITY,obra_classificada_conf=0.65 | fornecedor_privado | obrigacao_financeira_potencialmente_aberta | regime_14133_altamente_provavel | interregno_conservador_por_assinatura_gt_12m | document_request_parallel_action | Objeto classificado como pavimentacao_rodoviaria (conf=0.65) | Interregno mínimo conservador confirmado (level=B_CONSERVATIVE_SIGNATURE_GT_12M; proxy=data_assinatura) | Interregno ≥12m na data-base efetiva (proxy:data_assinatura) [TEMPORAL_CANDIDATE_BY_PROXY],Regime 14.133 provável (ano/PNCP/menção) mas não comprovado em documento oficial | data-base exata do orçamento ausente — cálculo preciso bloqueado | maturidade_temporal_insuficiente,clausula_reajuste | data_base_orcamento_estimado | indice_ou_formula | texto_oficial_contrato_edital | medicoes | apostilas | memoria_reajuste,Oportunidade provável — enriquecer contato e documentos antes da abordagem.,Oportunidade provável — enriquecer contato e documentos antes da abordagem.,"Não afirmar valor devido, inadimplemento, crédito constituído ou reajuste definitivamente não pago sem verificação documental completa e revisão humana registrada.",Oportunidade provável — enriquecer contato e documentos antes da abordagem.,Enriquecer contato empresarial; manter na fila de leads prioritários.,"Saldo/medições indisponíveis — valor sobre total é teto teórico, não valor devido. | indice_contratual_ausente — não aplicar IPCA/INCC/SINAPI por plausibilidade",,,,False,True
140,LIKELY_ADJUSTMENT_OPPORTUNITY,DOCUMENT_REQUEST_CANDIDATE,SUL_SC_PRIORITY,70.83,99.0,17.5,83.6,70.83,sede_ou_execucao_sul | interregno_conservador_gt_12m | multi_contratos=8 | regime_14133_provavel_ou_comprovado,80372808000139,FEG ENGENHARIA DE OBRAS LTDA,,FOZ DO IGUACU,PR,True,,,,8,"DEPARTAMENTO DE OBRAS E SERVICOS RODOVIARIOS | Departamento de Servicos Urbanos | Div. de Transportes Rod. Municipal | MUNICIPIO DE RENASCENÇA | PREFEITURA MUNICIPAL DE DOIS VIZINHOS - PR | SECRETARIA DE PLANEJAMENTO, HABITACAO E URBANISMO",66124049.32,76205673000140-2-000107/2024,"SECRETARIA DE PLANEJAMENTO, HABITACAO E URBANISMO",LEGAL_REGIME_UNKNOWN,LIKELY_ADJUSTMENT_OPPORTUNITY,obra_classificada_conf=0.96 | fornecedor_privado | obrigacao_financeira_potencialmente_aberta | regime_14133_altamente_provavel | interregno_conservador_por_assinatura_gt_12m | document_request_parallel_action | Objeto classificado como pavimentacao_rodoviaria (conf=0.96) | Interregno mínimo conservador confirmado (level=B_CONSERVATIVE_SIGNATURE_GT_12M; proxy=data_assinatura) | Interregno ≥12m na data-base efetiva (proxy:data_assinatura) [TEMPORAL_CANDIDATE_BY_PROXY],Regime 14.133 provável (ano/PNCP/menção) mas não comprovado em documento oficial | data-base exata do orçamento ausente — cálculo preciso bloqueado | maturidade_temporal_insuficiente,clausula_reajuste | data_base_orcamento_estimado | indice_ou_formula | texto_oficial_contrato_edital | medicoes | apostilas | memoria_reajuste,Oportunidade provável — enriquecer contato e documentos antes da abordagem.,Oportunidade provável — enriquecer contato e documentos antes da abordagem.,"Não afirmar valor devido, inadimplemento, crédito constituído ou reajuste definitivamente não pago sem verificação documental completa e revisão humana registrada.",Oportunidade provável — enriquecer contato e documentos antes da abordagem.,Enriquecer contato empresarial; manter na fila de leads prioritários.,"Saldo/medições indisponíveis — valor sobre total é teto teórico, não valor devido. | indice_contratual_ausente — não aplicar IPCA/INCC/SINAPI por plausibilidade",,,,False,True
141,LIKELY_ADJUSTMENT_OPPORTUNITY,DOCUMENT_REQUEST_CANDIDATE,SUL_SC_PRIORITY,70.83,90.0,17.5,81.0,70.83,sede_ou_execucao_sul | interregno_conservador_gt_12m | multi_contratos=2 | regime_14133_provavel_ou_comprovado,81534240000178,CONSTRUTORA RICHTER LTDA,,Joinville,SC,True,,,,2,"Prefeitura Municipal de Joinville - PMJ | SECRETARIA DE EDUCAÇÃO, CULTURA E ESPORTES",26579000.0,83169623000110-2-000345/2023,Prefeitura Municipal de Joinville - PMJ,LEGAL_REGIME_UNKNOWN,LIKELY_ADJUSTMENT_OPPORTUNITY,obra_classificada_conf=0.60 | fornecedor_privado | obrigacao_financeira_potencialmente_aberta | regime_14133_altamente_provavel | interregno_conservador_por_assinatura_gt_12m | document_request_parallel_action | Objeto classificado como edificacoes (conf=0.60) | Interregno mínimo conservador confirmado (level=B_CONSERVATIVE_SIGNATURE_GT_12M; proxy=data_assinatura) | Interregno ≥12m na data-base efetiva (proxy:data_assinatura) [TEMPORAL_CANDIDATE_BY_PROXY],Regime 14.133 provável (ano/PNCP/menção) mas não comprovado em documento oficial | data-base exata do orçamento ausente — cálculo preciso bloqueado | maturidade_temporal_insuficiente,clausula_reajuste | data_base_orcamento_estimado | indice_ou_formula | texto_oficial_contrato_edital | medicoes | apostilas | memoria_reajuste,Oportunidade provável — enriquecer contato e documentos antes da abordagem.,Oportunidade provável — enriquecer contato e documentos antes da abordagem.,"Não afirmar valor devido, inadimplemento, crédito constituído ou reajuste definitivamente não pago sem verificação documental completa e revisão humana registrada.",Oportunidade provável — enriquecer contato e documentos antes da abordagem.,Enriquecer contato empresarial; manter na fila de leads prioritários.,"Saldo/medições indisponíveis — valor sobre total é teto teórico, não valor devido. | indice_contratual_ausente — não aplicar IPCA/INCC/SINAPI por plausibilidade",,,,False,True
142,LIKELY_ADJUSTMENT_OPPORTUNITY,DOCUMENT_REQUEST_CANDIDATE,SUL_SC_PRIORITY,70.78,99.0,17.5,85.0,70.78,sede_ou_execucao_sul | interregno_conservador_gt_12m | multi_contratos=18 | regime_14133_provavel_ou_comprovado,77744134000141,PEDREIRA SANTIAGO LTDA,,CHOPINZINHO,PR,True,,,,18,DEPARTAMENTO MUNICIPAL DE ENGENHARIA | FOMENTO A AGRICULTURA | PREF.MUN. DE MANGUEIRINHA/PR | PREFEITURA MUNICIPAL | REGIAO ADM. CACHOEIRA- VIACAO | SECRETARIA DE OBRAS E URBANISMO,168450447.85,95684478000194-2-000027/2025,FOMENTO A AGRICULTURA,LEGAL_REGIME_UNKNOWN,LIKELY_ADJUSTMENT_OPPORTUNITY,obra_classificada_conf=0.96 | fornecedor_privado | obrigacao_financeira_potencialmente_aberta | regime_14133_altamente_provavel | interregno_conservador_por_assinatura_gt_12m | document_request_parallel_action | Objeto classificado como pavimentacao_rodoviaria (conf=0.96) | Interregno mínimo conservador confirmado (level=B_CONSERVATIVE_SIGNATURE_GT_12M; proxy=data_assinatura) | Interregno ≥12m na data-base efetiva (proxy:data_assinatura) [TEMPORAL_CANDIDATE_BY_PROXY],Regime 14.133 provável (ano/PNCP/menção) mas não comprovado em documento oficial | data-base exata do orçamento ausente — cálculo preciso bloqueado | maturidade_temporal_insuficiente,clausula_reajuste | data_base_orcamento_estimado | indice_ou_formula | texto_oficial_contrato_edital | medicoes | apostilas | memoria_reajuste,Oportunidade provável — enriquecer contato e documentos antes da abordagem.,Oportunidade provável — enriquecer contato e documentos antes da abordagem.,"Não afirmar valor devido, inadimplemento, crédito constituído ou reajuste definitivamente não pago sem verificação documental completa e revisão humana registrada.",Oportunidade provável — enriquecer contato e documentos antes da abordagem.,Enriquecer contato empresarial; manter na fila de leads prioritários.,"Saldo/medições indisponíveis — valor sobre total é teto teórico, não valor devido. | indice_contratual_ausente — não aplicar IPCA/INCC/SINAPI por plausibilidade",,,,False,True
143,LIKELY_ADJUSTMENT_OPPORTUNITY,DOCUMENT_REQUEST_CANDIDATE,SUL_SC_PRIORITY,70.74,99.0,17.5,83.6,70.74,sede_ou_execucao_sul | interregno_conservador_gt_12m | regime_14133_provavel_ou_comprovado,09298156000175,CONSTRUTORA SCHMITZ & SCHMITZ LTDA - EPP,,NOVA PRATA DO IGUACU,PR,True,,,,1,DEPARTAMENTO DE OBRAS DE NOVA PRATA DO IGUAÇU,5383000.0,78103884000105-2-000144/2024,DEPARTAMENTO DE OBRAS DE NOVA PRATA DO IGUAÇU,LEGAL_REGIME_UNKNOWN,LIKELY_ADJUSTMENT_OPPORTUNITY,obra_classificada_conf=0.96 | fornecedor_privado | obrigacao_financeira_potencialmente_aberta | regime_14133_altamente_provavel | interregno_conservador_por_assinatura_gt_12m | document_request_parallel_action | Objeto classificado como pavimentacao_rodoviaria (conf=0.96) | Interregno mínimo conservador confirmado (level=B_CONSERVATIVE_SIGNATURE_GT_12M; proxy=data_assinatura) | Interregno ≥12m na data-base efetiva (proxy:data_assinatura) [TEMPORAL_CANDIDATE_BY_PROXY],Regime 14.133 provável (ano/PNCP/menção) mas não comprovado em documento oficial | data-base exata do orçamento ausente — cálculo preciso bloqueado,clausula_reajuste | data_base_orcamento_estimado | indice_ou_formula | texto_oficial_contrato_edital | medicoes | apostilas | memoria_reajuste,Oportunidade provável — enriquecer contato e documentos antes da abordagem.,Oportunidade provável — enriquecer contato e documentos antes da abordagem.,"Não afirmar valor devido, inadimplemento, crédito constituído ou reajuste definitivamente não pago sem verificação documental completa e revisão humana registrada.",Oportunidade provável — enriquecer contato e documentos antes da abordagem.,Enriquecer contato empresarial; manter na fila de leads prioritários.,"Saldo/medições indisponíveis — valor sobre total é teto teórico, não valor devido. | indice_contratual_ausente — não aplicar IPCA/INCC/SINAPI por plausibilidade",,,,False,True
144,LIKELY_ADJUSTMENT_OPPORTUNITY,DOCUMENT_REQUEST_CANDIDATE,SUL_SC_PRIORITY,70.71,99.0,17.5,85.0,70.71,sede_ou_execucao_sul | interregno_conservador_gt_12m | multi_contratos=22 | regime_14133_provavel_ou_comprovado,16514870000119,Construtora Longuini LTDA,,CRUZEIRO DO OESTE,PR,True,,,,22,Divisão de Agricultura | MUNICÍPIO DE IPORÃ | PREFEITURA DO MUNICIPIO DE PARAISO DO NORTE | PREFEITURA MUNICIPAL DE CIDADE GAÚCHA | PREFEITURA MUNICIPAL DE GOIOERE - PR | PREFEITURA MUNICIPAL DE MIRADOR - PR | PREFEITURA MUNICIPAL DE PÉROLA | PREFEITURA MUNICIPAL DE TUNEIRAS DO OESTE | SAF -  Diretoria de Obras e Planejamento de Janiópolis | SECRETARIA DE PLANEJAMENTO | SECRETARIA DE VIACAO | UNIDADE ADMINISTRATIVA | Unidade administrativa,241531929.06,76974823000180-2-000045/2024,Unidade administrativa,LEGAL_REGIME_UNKNOWN,LIKELY_ADJUSTMENT_OPPORTUNITY,obra_classificada_conf=0.96 | fornecedor_privado | obrigacao_financeira_potencialmente_aberta | regime_14133_altamente_provavel | interregno_conservador_por_assinatura_gt_12m | document_request_parallel_action | Objeto classificado como pavimentacao_rodoviaria (conf=0.96) | Interregno mínimo conservador confirmado (level=B_CONSERVATIVE_SIGNATURE_GT_12M; proxy=data_assinatura) | Interregno ≥12m na data-base efetiva (proxy:data_assinatura) [TEMPORAL_CANDIDATE_BY_PROXY],Regime 14.133 provável (ano/PNCP/menção) mas não comprovado em documento oficial | data-base exata do orçamento ausente — cálculo preciso bloqueado,clausula_reajuste | data_base_orcamento_estimado | indice_ou_formula | texto_oficial_contrato_edital | medicoes | apostilas | memoria_reajuste,Oportunidade provável — enriquecer contato e documentos antes da abordagem.,Oportunidade provável — enriquecer contato e documentos antes da abordagem.,"Não afirmar valor devido, inadimplemento, crédito constituído ou reajuste definitivamente não pago sem verificação documental completa e revisão humana registrada.",Oportunidade provável — enriquecer contato e documentos antes da abordagem.,Enriquecer contato empresarial; manter na fila de leads prioritários.,"Saldo/medições indisponíveis — valor sobre total é teto teórico, não valor devido. | indice_contratual_ausente — não aplicar IPCA/INCC/SINAPI por plausibilidade",,,,False,True
145,LIKELY_ADJUSTMENT_OPPORTUNITY,DOCUMENT_REQUEST_CANDIDATE,SUL_SC_PRIORITY,70.71,99.0,17.5,83.6,70.71,sede_ou_execucao_sul | interregno_conservador_gt_12m | regime_14133_provavel_ou_comprovado,24397802000145,PEDREIRA NORTE & SUL LTDA,,Barbosa Ferraz,PR,True,,,,1,Unidade administrativa,5235000.0,76950062000126-2-000023/2025,Unidade administrativa,LEGAL_REGIME_UNKNOWN,LIKELY_ADJUSTMENT_OPPORTUNITY,obra_classificada_conf=0.96 | fornecedor_privado | obrigacao_financeira_potencialmente_aberta | regime_14133_altamente_provavel | interregno_conservador_por_assinatura_gt_12m | document_request_parallel_action | Objeto classificado como pavimentacao_rodoviaria (conf=0.96) | Interregno mínimo conservador confirmado (level=B_CONSERVATIVE_SIGNATURE_GT_12M; proxy=data_assinatura) | Interregno ≥12m na data-base efetiva (proxy:data_assinatura) [TEMPORAL_CANDIDATE_BY_PROXY],Regime 14.133 provável (ano/PNCP/menção) mas não comprovado em documento oficial | data-base exata do orçamento ausente — cálculo preciso bloqueado,clausula_reajuste | data_base_orcamento_estimado | indice_ou_formula | texto_oficial_contrato_edital | medicoes | apostilas | memoria_reajuste,Oportunidade provável — enriquecer contato e documentos antes da abordagem.,Oportunidade provável — enriquecer contato e documentos antes da abordagem.,"Não afirmar valor devido, inadimplemento, crédito constituído ou reajuste definitivamente não pago sem verificação documental completa e revisão humana registrada.",Oportunidade provável — enriquecer contato e documentos antes da abordagem.,Enriquecer contato empresarial; manter na fila de leads prioritários.,"Saldo/medições indisponíveis — valor sobre total é teto teórico, não valor devido. | indice_contratual_ausente — não aplicar IPCA/INCC/SINAPI por plausibilidade",,,,False,True
146,LIKELY_ADJUSTMENT_OPPORTUNITY,DOCUMENT_REQUEST_CANDIDATE,SUL_SC_PRIORITY,70.69,99.0,17.5,83.6,70.69,sede_ou_execucao_sul | interregno_conservador_gt_12m | multi_contratos=7 | regime_14133_provavel_ou_comprovado,79569398000131,PAVIMAR  CONSTRUTORA DE OBRAS LTDA,,FRANCISCO BELTRAO,PR,True,,,,7,"DIVISAO DE SERVICOS RODOVIARIOS MUNICIPAL | Gabinete Secretario Urbanismo | MUNICIPIO DE RENASCENCA | Secretaria de Viacao Transporte, Obras e Urbanismo",61158016.519999996,76205681000196-2-000127/2024,MUNICIPIO DE RENASCENCA,LEGAL_REGIME_UNKNOWN,LIKELY_ADJUSTMENT_OPPORTUNITY,obra_classificada_conf=0.96 | fornecedor_privado | obrigacao_financeira_potencialmente_aberta | regime_14133_altamente_provavel | interregno_conservador_por_assinatura_gt_12m | document_request_parallel_action | Objeto classificado como pavimentacao_rodoviaria (conf=0.96) | Interregno mínimo conservador confirmado (level=B_CONSERVATIVE_SIGNATURE_GT_12M; proxy=data_assinatura) | Interregno ≥12m na data-base efetiva (proxy:data_assinatura) [TEMPORAL_CANDIDATE_BY_PROXY],Regime 14.133 provável (ano/PNCP/menção) mas não comprovado em documento oficial | data-base exata do orçamento ausente — cálculo preciso bloqueado | maturidade_temporal_insuficiente,clausula_reajuste | data_base_orcamento_estimado | indice_ou_formula | texto_oficial_contrato_edital | medicoes | apostilas | memoria_reajuste,Oportunidade provável — enriquecer contato e documentos antes da abordagem.,Oportunidade provável — enriquecer contato e documentos antes da abordagem.,"Não afirmar valor devido, inadimplemento, crédito constituído ou reajuste definitivamente não pago sem verificação documental completa e revisão humana registrada.",Oportunidade provável — enriquecer contato e documentos antes da abordagem.,Enriquecer contato empresarial; manter na fila de leads prioritários.,"Saldo/medições indisponíveis — valor sobre total é teto teórico, não valor devido. | indice_contratual_ausente — não aplicar IPCA/INCC/SINAPI por plausibilidade",,,,False,True
147,LIKELY_ADJUSTMENT_OPPORTUNITY,DOCUMENT_REQUEST_CANDIDATE,SUL_SC_PRIORITY,70.67,99.0,17.5,83.6,70.67,sede_ou_execucao_sul | interregno_conservador_gt_12m | multi_contratos=5 | regime_14133_provavel_ou_comprovado,02539384000140,EXTRACON MINEIRAÇÃO E OBRAS,,MARINGA,PR,True,,,,5,MUNICIPIO DE FLORAI - PR | UNIDADE ADMINISTRATIVA | Unidade administrativa,44338757.2,75845537000151-2-000014/2024,UNIDADE ADMINISTRATIVA,LEGAL_REGIME_UNKNOWN,LIKELY_ADJUSTMENT_OPPORTUNITY,obra_classificada_conf=0.96 | fornecedor_privado | obrigacao_financeira_potencialmente_aberta | regime_14133_altamente_provavel | interregno_conservador_por_assinatura_gt_12m | document_request_parallel_action | Objeto classificado como pavimentacao_rodoviaria (conf=0.96) | Interregno mínimo conservador confirmado (level=B_CONSERVATIVE_SIGNATURE_GT_12M; proxy=data_assinatura) | Interregno ≥12m na data-base efetiva (proxy:data_assinatura) [TEMPORAL_CANDIDATE_BY_PROXY],Regime 14.133 provável (ano/PNCP/menção) mas não comprovado em documento oficial | data-base exata do orçamento ausente — cálculo preciso bloqueado | maturidade_temporal_insuficiente,clausula_reajuste | data_base_orcamento_estimado | indice_ou_formula | texto_oficial_contrato_edital | medicoes | apostilas | memoria_reajuste,Oportunidade provável — enriquecer contato e documentos antes da abordagem.,Oportunidade provável — enriquecer contato e documentos antes da abordagem.,"Não afirmar valor devido, inadimplemento, crédito constituído ou reajuste definitivamente não pago sem verificação documental completa e revisão humana registrada.",Oportunidade provável — enriquecer contato e documentos antes da abordagem.,Enriquecer contato empresarial; manter na fila de leads prioritários.,"Saldo/medições indisponíveis — valor sobre total é teto teórico, não valor devido. | indice_contratual_ausente — não aplicar IPCA/INCC/SINAPI por plausibilidade",,,,False,True
148,LIKELY_ADJUSTMENT_OPPORTUNITY,DOCUMENT_REQUEST_CANDIDATE,SUL_SC_PRIORITY,70.64,90.0,17.5,81.0,70.64,sede_ou_execucao_sul | interregno_conservador_gt_12m | regime_14133_provavel_ou_comprovado,73461170000147,AZ CONSTRUCOES LTDA,,Joinville,SC,True,,,,1,Prefeitura Municipal de Joinville - PMJ,14532000.0,83169623000110-2-000797/2025,Prefeitura Municipal de Joinville - PMJ,LEGAL_REGIME_UNKNOWN,LIKELY_ADJUSTMENT_OPPORTUNITY,obra_classificada_conf=0.60 | fornecedor_privado | obrigacao_financeira_potencialmente_aberta | regime_14133_altamente_provavel | interregno_conservador_por_assinatura_gt_12m | document_request_parallel_action | Objeto classificado como obras_engenharia_geral (conf=0.60) | Interregno mínimo conservador confirmado (level=B_CONSERVATIVE_SIGNATURE_GT_12M; proxy=data_assinatura) | Interregno ≥12m na data-base efetiva (proxy:data_assinatura) [TEMPORAL_CANDIDATE_BY_PROXY],Regime 14.133 provável (ano/PNCP/menção) mas não comprovado em documento oficial | data-base exata do orçamento ausente — cálculo preciso bloqueado,clausula_reajuste | data_base_orcamento_estimado | indice_ou_formula | texto_oficial_contrato_edital | medicoes | apostilas | memoria_reajuste,Oportunidade provável — enriquecer contato e documentos antes da abordagem.,Oportunidade provável — enriquecer contato e documentos antes da abordagem.,"Não afirmar valor devido, inadimplemento, crédito constituído ou reajuste definitivamente não pago sem verificação documental completa e revisão humana registrada.",Oportunidade provável — enriquecer contato e documentos antes da abordagem.,Enriquecer contato empresarial; manter na fila de leads prioritários.,"Saldo/medições indisponíveis — valor sobre total é teto teórico, não valor devido. | indice_contratual_ausente — não aplicar IPCA/INCC/SINAPI por plausibilidade",,,,False,True
149,LIKELY_ADJUSTMENT_OPPORTUNITY,DOCUMENT_REQUEST_CANDIDATE,SUL_SC_PRIORITY,70.62,100.0,17.5,79.4,70.62,sede_ou_execucao_sul | interregno_conservador_gt_12m | multi_contratos=19 | regime_14133_provavel_ou_comprovado,00061493000170,ENCOPAV ENGENHARIA LTDA,,SAO LEOPOLDO,RS,True,,,,19,DEPARTAMENTO AUTÔNOMO DE ESTRADAS DE RODAGEM | Executivo Administração Direta | SUP. REG. DO DNIT NO EST.DO RIO GRANDE DO SUL | Unidades Administrativas  Subordinadas,722356141.6700001,92883834000100-2-000007/2025,DEPARTAMENTO AUTÔNOMO DE ESTRADAS DE RODAGEM,LEGAL_REGIME_UNKNOWN,LIKELY_ADJUSTMENT_OPPORTUNITY,obra_classificada_conf=1.00 | fornecedor_privado | obrigacao_financeira_potencialmente_aberta | regime_14133_altamente_provavel | interregno_conservador_por_assinatura_gt_12m | document_request_parallel_action | Objeto classificado como pavimentacao_rodoviaria (conf=1.00) | Interregno mínimo conservador confirmado (level=B_CONSERVATIVE_SIGNATURE_GT_12M; proxy=data_assinatura) | Interregno ≥12m na data-base efetiva (proxy:data_assinatura) [TEMPORAL_CANDIDATE_BY_PROXY],Regime 14.133 provável (ano/PNCP/menção) mas não comprovado em documento oficial | data-base exata do orçamento ausente — cálculo preciso bloqueado,clausula_reajuste | data_base_orcamento_estimado | indice_ou_formula | texto_oficial_contrato_edital | medicoes | apostilas | memoria_reajuste,Oportunidade provável — enriquecer contato e documentos antes da abordagem.,Oportunidade provável — enriquecer contato e documentos antes da abordagem.,"Não afirmar valor devido, inadimplemento, crédito constituído ou reajuste definitivamente não pago sem verificação documental completa e revisão humana registrada.",Oportunidade provável — enriquecer contato e documentos antes da abordagem.,Enriquecer contato empresarial; manter na fila de leads prioritários.,"Saldo/medições indisponíveis — valor sobre total é teto teórico, não valor devido. | indice_contratual_ausente — não aplicar IPCA/INCC/SINAPI por plausibilidade",,,,False,True
150,LIKELY_ADJUSTMENT_OPPORTUNITY,DOCUMENT_REQUEST_CANDIDATE,SUL_SC_PRIORITY,70.62,100.0,17.5,78.0,70.62,sede_ou_execucao_sul | interregno_conservador_gt_12m | multi_contratos=4 | regime_14133_provavel_ou_comprovado,07807120000144,CONSTRUTORA ALEGRETENSE LTDA,,ALEGRETE,RS,True,,,,4,DEPARTAMENTO AUTÔNOMO DE ESTRADAS DE RODAGEM | ERS-DEPARTAMENTO AUT. DE ESTRADAS DE RODAGEM,168124925.26000002,92883834000100-2-000015/2025,DEPARTAMENTO AUTÔNOMO DE ESTRADAS DE RODAGEM,LEGAL_REGIME_UNKNOWN,LIKELY_ADJUSTMENT_OPPORTUNITY,obra_classificada_conf=1.00 | fornecedor_privado | obrigacao_financeira_potencialmente_aberta | regime_14133_altamente_provavel | interregno_conservador_por_assinatura_gt_12m | document_request_parallel_action | Objeto classificado como pavimentacao_rodoviaria (conf=1.00) | Interregno mínimo conservador confirmado (level=B_CONSERVATIVE_SIGNATURE_GT_12M; proxy=data_assinatura) | Interregno ≥12m na data-base efetiva (proxy:data_assinatura) [TEMPORAL_CANDIDATE_BY_PROXY],Regime 14.133 provável (ano/PNCP/menção) mas não comprovado em documento oficial | data-base exata do orçamento ausente — cálculo preciso bloqueado | maturidade_temporal_insuficiente,clausula_reajuste | data_base_orcamento_estimado | indice_ou_formula | texto_oficial_contrato_edital | medicoes | apostilas | memoria_reajuste,Oportunidade provável — enriquecer contato e documentos antes da abordagem.,Oportunidade provável — enriquecer contato e documentos antes da abordagem.,"Não afirmar valor devido, inadimplemento, crédito constituído ou reajuste definitivamente não pago sem verificação documental completa e revisão humana registrada.",Oportunidade provável — enriquecer contato e documentos antes da abordagem.,Enriquecer contato empresarial; manter na fila de leads prioritários.,"Saldo/medições indisponíveis — valor sobre total é teto teórico, não valor devido. | indice_contratual_ausente — não aplicar IPCA/INCC/SINAPI por plausibilidade",,,,False,True
151,LIKELY_ADJUSTMENT_OPPORTUNITY,DOCUMENT_REQUEST_CANDIDATE,SUL_SC_PRIORITY,70.62,95.0,17.5,78.0,70.62,sede_ou_execucao_sul | interregno_conservador_gt_12m | multi_contratos=5 | regime_14133_provavel_ou_comprovado,13137265000188,MAK SERVICOS E PAVIMENTACOES LTDA,,SANTA MARIA,RS,True,,,,5,"Prefeitura Municipal de São Gabriel | SECRETARIA DA AGRICULTURA, PECUÁRIA, PRODUÇÃO SUSTENTÁVEL E IRRIGAÇÃO",172189775.79,93021632000112-2-000039/2024,"SECRETARIA DA AGRICULTURA, PECUÁRIA, PRODUÇÃO SUSTENTÁVEL E IRRIGAÇÃO",LEGAL_REGIME_UNKNOWN,LIKELY_ADJUSTMENT_OPPORTUNITY,obra_classificada_conf=0.80 | fornecedor_privado | obrigacao_financeira_potencialmente_aberta | regime_14133_altamente_provavel | interregno_conservador_por_assinatura_gt_12m | document_request_parallel_action | Objeto classificado como pavimentacao_rodoviaria (conf=0.80) | Interregno mínimo conservador confirmado (level=B_CONSERVATIVE_SIGNATURE_GT_12M; proxy=data_assinatura) | Interregno ≥12m na data-base efetiva (proxy:data_assinatura) [TEMPORAL_CANDIDATE_BY_PROXY],Regime 14.133 provável (ano/PNCP/menção) mas não comprovado em documento oficial | data-base exata do orçamento ausente — cálculo preciso bloqueado | maturidade_temporal_insuficiente,clausula_reajuste | data_base_orcamento_estimado | indice_ou_formula | texto_oficial_contrato_edital | medicoes | apostilas | memoria_reajuste,Oportunidade provável — enriquecer contato e documentos antes da abordagem.,Oportunidade provável — enriquecer contato e documentos antes da abordagem.,"Não afirmar valor devido, inadimplemento, crédito constituído ou reajuste definitivamente não pago sem verificação documental completa e revisão humana registrada.",Oportunidade provável — enriquecer contato e documentos antes da abordagem.,Enriquecer contato empresarial; manter na fila de leads prioritários.,"Saldo/medições indisponíveis — valor sobre total é teto teórico, não valor devido. | indice_contratual_ausente — não aplicar IPCA/INCC/SINAPI por plausibilidade",,,,False,True
152,LIKELY_ADJUSTMENT_OPPORTUNITY,DOCUMENT_REQUEST_CANDIDATE,SUL_SC_PRIORITY,70.62,95.0,17.5,78.0,70.62,sede_ou_execucao_sul | interregno_conservador_gt_12m | regime_14133_provavel_ou_comprovado,13646540000199,SANTANA E CIA LTDA,,Porto Alegre,RS,True,,,,1,DEPARTAMENTO AUTÔNOMO DE ESTRADAS DE RODAGEM,39485880.85,92883834000100-2-000019/2024,DEPARTAMENTO AUTÔNOMO DE ESTRADAS DE RODAGEM,LEGAL_REGIME_UNKNOWN,LIKELY_ADJUSTMENT_OPPORTUNITY,obra_classificada_conf=0.80 | fornecedor_privado | obrigacao_financeira_potencialmente_aberta | regime_14133_altamente_provavel | interregno_conservador_por_assinatura_gt_12m | document_request_parallel_action | Objeto classificado como pavimentacao_rodoviaria (conf=0.80) | Interregno mínimo conservador confirmado (level=B_CONSERVATIVE_SIGNATURE_GT_12M; proxy=data_assinatura) | Interregno ≥12m na data-base efetiva (proxy:data_assinatura) [TEMPORAL_CANDIDATE_BY_PROXY],Regime 14.133 provável (ano/PNCP/menção) mas não comprovado em documento oficial | data-base exata do orçamento ausente — cálculo preciso bloqueado,clausula_reajuste | data_base_orcamento_estimado | indice_ou_formula | texto_oficial_contrato_edital | medicoes | apostilas | memoria_reajuste,Oportunidade provável — enriquecer contato e documentos antes da abordagem.,Oportunidade provável — enriquecer contato e documentos antes da abordagem.,"Não afirmar valor devido, inadimplemento, crédito constituído ou reajuste definitivamente não pago sem verificação documental completa e revisão humana registrada.",Oportunidade provável — enriquecer contato e documentos antes da abordagem.,Enriquecer contato empresarial; manter na fila de leads prioritários.,"Saldo/medições indisponíveis — valor sobre total é teto teórico, não valor devido. | indice_contratual_ausente — não aplicar IPCA/INCC/SINAPI por plausibilidade",,,,False,True
153,LIKELY_ADJUSTMENT_OPPORTUNITY,DOCUMENT_REQUEST_CANDIDATE,SUL_SC_PRIORITY,70.62,95.0,17.5,80.8,70.62,sede_ou_execucao_sul | interregno_conservador_gt_12m | multi_contratos=9 | regime_14133_provavel_ou_comprovado,19368227000112,RGS ENGENHARIA S.A.,,PORTO ALEGRE,RS,True,,,,9,DEPARTAMENTO AUTÔNOMO DE ESTRADAS DE RODAGEM | MUNICÍPIO DE MAXIMILIANO DE ALMEIDA - RS | SMOI - GABINETE DO SECRETARIO,245516971.09,92883834000100-2-000012/2024,DEPARTAMENTO AUTÔNOMO DE ESTRADAS DE RODAGEM,LEGAL_REGIME_UNKNOWN,LIKELY_ADJUSTMENT_OPPORTUNITY,obra_classificada_conf=0.80 | fornecedor_privado | obrigacao_financeira_potencialmente_aberta | regime_14133_altamente_provavel | interregno_conservador_por_assinatura_gt_12m | document_request_parallel_action | Objeto classificado como pavimentacao_rodoviaria (conf=0.80) | Interregno mínimo conservador confirmado (level=B_CONSERVATIVE_SIGNATURE_GT_12M; proxy=data_assinatura) | Interregno ≥12m na data-base efetiva (proxy:data_assinatura) [TEMPORAL_CANDIDATE_BY_PROXY],Regime 14.133 provável (ano/PNCP/menção) mas não comprovado em documento oficial | data-base exata do orçamento ausente — cálculo preciso bloqueado,clausula_reajuste | data_base_orcamento_estimado | indice_ou_formula | texto_oficial_contrato_edital | medicoes | apostilas | memoria_reajuste,Oportunidade provável — enriquecer contato e documentos antes da abordagem.,Oportunidade provável — enriquecer contato e documentos antes da abordagem.,"Não afirmar valor devido, inadimplemento, crédito constituído ou reajuste definitivamente não pago sem verificação documental completa e revisão humana registrada.",Oportunidade provável — enriquecer contato e documentos antes da abordagem.,Enriquecer contato empresarial; manter na fila de leads prioritários.,"Saldo/medições indisponíveis — valor sobre total é teto teórico, não valor devido. | indice_contratual_ausente — não aplicar IPCA/INCC/SINAPI por plausibilidade",,,,False,True
154,LIKELY_ADJUSTMENT_OPPORTUNITY,DOCUMENT_REQUEST_CANDIDATE,SUL_SC_PRIORITY,70.62,95.0,17.5,78.0,70.62,sede_ou_execucao_sul | interregno_conservador_gt_12m | regime_14133_provavel_ou_comprovado,31725142000140,EUROVIA CONSTRUTORA EIRELI,,Canoas,RS,True,,,,1,PREFEITURA MUNICIPAL DE CANOAS PREFEITURA MUNICIPAL DE CANOAS,68500000.0,88577416000118-2-000082/2024,PREFEITURA MUNICIPAL DE CANOAS PREFEITURA MUNICIPAL DE CANOAS,LEGAL_REGIME_UNKNOWN,LIKELY_ADJUSTMENT_OPPORTUNITY,obra_classificada_conf=0.80 | fornecedor_privado | obrigacao_financeira_potencialmente_aberta | regime_14133_altamente_provavel | interregno_conservador_por_assinatura_gt_12m | document_request_parallel_action | Objeto classificado como obras_engenharia_geral (conf=0.80) | Interregno mínimo conservador confirmado (level=B_CONSERVATIVE_SIGNATURE_GT_12M; proxy=data_assinatura) | Interregno ≥12m na data-base efetiva (proxy:data_assinatura) [TEMPORAL_CANDIDATE_BY_PROXY],Regime 14.133 provável (ano/PNCP/menção) mas não comprovado em documento oficial | data-base exata do orçamento ausente — cálculo preciso bloqueado,clausula_reajuste | data_base_orcamento_estimado | indice_ou_formula | texto_oficial_contrato_edital | medicoes | apostilas | memoria_reajuste,Oportunidade provável — enriquecer contato e documentos antes da abordagem.,Oportunidade provável — enriquecer contato e documentos antes da abordagem.,"Não afirmar valor devido, inadimplemento, crédito constituído ou reajuste definitivamente não pago sem verificação documental completa e revisão humana registrada.",Oportunidade provável — enriquecer contato e documentos antes da abordagem.,Enriquecer contato empresarial; manter na fila de leads prioritários.,"Saldo/medições indisponíveis — valor sobre total é teto teórico, não valor devido. | indice_contratual_ausente — não aplicar IPCA/INCC/SINAPI por plausibilidade",,,,False,True
155,LIKELY_ADJUSTMENT_OPPORTUNITY,DOCUMENT_REQUEST_CANDIDATE,SUL_SC_PRIORITY,70.62,95.0,17.5,78.0,70.62,sede_ou_execucao_sul | interregno_conservador_gt_12m | regime_14133_provavel_ou_comprovado,33917494000122,EDUARDO JARDIM ALVES DE OLIVEIRA LTDA,,Almirante Tamandaré,PR,True,,,,1,PREFEITURA MUNICIPAL DE ALMIRANTE TAMANDARE,41500000.0,76105659000174-2-000144/2025,PREFEITURA MUNICIPAL DE ALMIRANTE TAMANDARE,LEGAL_REGIME_UNKNOWN,LIKELY_ADJUSTMENT_OPPORTUNITY,obra_classificada_conf=0.80 | fornecedor_privado | obrigacao_financeira_potencialmente_aberta | regime_14133_altamente_provavel | interregno_conservador_por_assinatura_gt_12m | document_request_parallel_action | Objeto classificado como obras_engenharia_geral (conf=0.80) | Interregno mínimo conservador confirmado (level=B_CONSERVATIVE_SIGNATURE_GT_12M; proxy=data_assinatura) | Interregno ≥12m na data-base efetiva (proxy:data_assinatura) [TEMPORAL_CANDIDATE_BY_PROXY],Regime 14.133 provável (ano/PNCP/menção) mas não comprovado em documento oficial | data-base exata do orçamento ausente — cálculo preciso bloqueado,clausula_reajuste | data_base_orcamento_estimado | indice_ou_formula | texto_oficial_contrato_edital | medicoes | apostilas | memoria_reajuste,Oportunidade provável — enriquecer contato e documentos antes da abordagem.,Oportunidade provável — enriquecer contato e documentos antes da abordagem.,"Não afirmar valor devido, inadimplemento, crédito constituído ou reajuste definitivamente não pago sem verificação documental completa e revisão humana registrada.",Oportunidade provável — enriquecer contato e documentos antes da abordagem.,Enriquecer contato empresarial; manter na fila de leads prioritários.,"Saldo/medições indisponíveis — valor sobre total é teto teórico, não valor devido. | indice_contratual_ausente — não aplicar IPCA/INCC/SINAPI por plausibilidade",,,,False,True
156,LIKELY_ADJUSTMENT_OPPORTUNITY,DOCUMENT_REQUEST_CANDIDATE,SUL_SC_PRIORITY,70.62,95.0,17.5,78.0,70.62,sede_ou_execucao_sul | interregno_conservador_gt_12m | regime_14133_provavel_ou_comprovado,40443176000132,MARLON DE PAULA,,Saldanha Marinho,RS,True,,,,1,PREF MUN DE SALDANHA MARINHO,68902020.0,92399153000171-2-000014/2024,PREF MUN DE SALDANHA MARINHO,LEGAL_REGIME_UNKNOWN,LIKELY_ADJUSTMENT_OPPORTUNITY,obra_classificada_conf=0.80 | fornecedor_privado | obrigacao_financeira_potencialmente_aberta | regime_14133_altamente_provavel | interregno_conservador_por_assinatura_gt_12m | document_request_parallel_action | Objeto classificado como edificacoes (conf=0.80) | Interregno mínimo conservador confirmado (level=B_CONSERVATIVE_SIGNATURE_GT_12M; proxy=data_assinatura) | Interregno ≥12m na data-base efetiva (proxy:data_assinatura) [TEMPORAL_CANDIDATE_BY_PROXY],Regime 14.133 provável (ano/PNCP/menção) mas não comprovado em documento oficial | data-base exata do orçamento ausente — cálculo preciso bloqueado,clausula_reajuste | data_base_orcamento_estimado | indice_ou_formula | texto_oficial_contrato_edital | medicoes | apostilas | memoria_reajuste,Oportunidade provável — enriquecer contato e documentos antes da abordagem.,Oportunidade provável — enriquecer contato e documentos antes da abordagem.,"Não afirmar valor devido, inadimplemento, crédito constituído ou reajuste definitivamente não pago sem verificação documental completa e revisão humana registrada.",Oportunidade provável — enriquecer contato e documentos antes da abordagem.,Enriquecer contato empresarial; manter na fila de leads prioritários.,"Saldo/medições indisponíveis — valor sobre total é teto teórico, não valor devido. | indice_contratual_ausente — não aplicar IPCA/INCC/SINAPI por plausibilidade",,,,False,True
157,LIKELY_ADJUSTMENT_OPPORTUNITY,DOCUMENT_REQUEST_CANDIDATE,SUL_SC_PRIORITY,70.62,95.0,17.5,78.0,70.62,sede_ou_execucao_sul | interregno_conservador_gt_12m | regime_14133_provavel_ou_comprovado,58617019000161,CONSORCIO NOVO IVAI,,CURITIBA,PR,True,,,,1,DER - Departamento de Estradas de Rodagem do Estado do Paraná,71592000.0,76669324000189-2-000004/2025,DER - Departamento de Estradas de Rodagem do Estado do Paraná,LEGAL_REGIME_UNKNOWN,LIKELY_ADJUSTMENT_OPPORTUNITY,obra_classificada_conf=0.80 | fornecedor_privado | obrigacao_financeira_potencialmente_aberta | regime_14133_altamente_provavel | interregno_conservador_por_assinatura_gt_12m | document_request_parallel_action | Objeto classificado como pontes_estruturas (conf=0.80) | Interregno mínimo conservador confirmado (level=B_CONSERVATIVE_SIGNATURE_GT_12M; proxy=data_assinatura) | Interregno ≥12m na data-base efetiva (proxy:data_assinatura) [TEMPORAL_CANDIDATE_BY_PROXY],Regime 14.133 provável (ano/PNCP/menção) mas não comprovado em documento oficial | data-base exata do orçamento ausente — cálculo preciso bloqueado,clausula_reajuste | data_base_orcamento_estimado | indice_ou_formula | texto_oficial_contrato_edital | medicoes | apostilas | memoria_reajuste,Oportunidade provável — enriquecer contato e documentos antes da abordagem.,Oportunidade provável — enriquecer contato e documentos antes da abordagem.,"Não afirmar valor devido, inadimplemento, crédito constituído ou reajuste definitivamente não pago sem verificação documental completa e revisão humana registrada.",Oportunidade provável — enriquecer contato e documentos antes da abordagem.,Enriquecer contato empresarial; manter na fila de leads prioritários.,"Saldo/medições indisponíveis — valor sobre total é teto teórico, não valor devido. | indice_contratual_ausente — não aplicar IPCA/INCC/SINAPI por plausibilidade",,,,False,True
158,LIKELY_ADJUSTMENT_OPPORTUNITY,DOCUMENT_REQUEST_CANDIDATE,SUL_SC_PRIORITY,70.62,95.0,17.5,78.0,70.62,sede_ou_execucao_sul | interregno_conservador_gt_12m | multi_contratos=3 | regime_14133_provavel_ou_comprovado,75911438000120,ARTELESTE CONSTRUCOES LTDA,,SAO JOSE DOS PINHAIS,PR,True,,,,3,SUP. REG. DO DNIT NO EST.DO RIO GRANDE DO SUL,252880457.74,04892707000100-2-000169/2024,SUP. REG. DO DNIT NO EST.DO RIO GRANDE DO SUL,LEGAL_REGIME_UNKNOWN,LIKELY_ADJUSTMENT_OPPORTUNITY,obra_classificada_conf=0.80 | fornecedor_privado | obrigacao_financeira_potencialmente_aberta | regime_14133_altamente_provavel | interregno_conservador_por_assinatura_gt_12m | document_request_parallel_action | Objeto classificado como pavimentacao_rodoviaria (conf=0.80) | Interregno mínimo conservador confirmado (level=B_CONSERVATIVE_SIGNATURE_GT_12M; proxy=data_assinatura) | Interregno ≥12m na data-base efetiva (proxy:data_assinatura) [TEMPORAL_CANDIDATE_BY_PROXY],Regime 14.133 provável (ano/PNCP/menção) mas não comprovado em documento oficial | data-base exata do orçamento ausente — cálculo preciso bloqueado | maturidade_temporal_insuficiente,clausula_reajuste | data_base_orcamento_estimado | indice_ou_formula | texto_oficial_contrato_edital | medicoes | apostilas | memoria_reajuste,Oportunidade provável — enriquecer contato e documentos antes da abordagem.,Oportunidade provável — enriquecer contato e documentos antes da abordagem.,"Não afirmar valor devido, inadimplemento, crédito constituído ou reajuste definitivamente não pago sem verificação documental completa e revisão humana registrada.",Oportunidade provável — enriquecer contato e documentos antes da abordagem.,Enriquecer contato empresarial; manter na fila de leads prioritários.,"Saldo/medições indisponíveis — valor sobre total é teto teórico, não valor devido. | indice_contratual_ausente — não aplicar IPCA/INCC/SINAPI por plausibilidade",,,,False,True
159,LIKELY_ADJUSTMENT_OPPORTUNITY,DOCUMENT_REQUEST_CANDIDATE,SUL_SC_PRIORITY,70.62,95.0,17.5,82.2,70.62,sede_ou_execucao_sul | interregno_conservador_gt_12m | multi_contratos=2 | regime_14133_provavel_ou_comprovado,92190503000195,CONSTRUTORA PELOTENSE LTDA,,Porto Alegre,RS,True,,,,2,ERS-DEPARTAMENTO AUT. DE ESTRADAS DE RODAGEM | SUP. REG. DO DNIT NO EST.DO RIO GRANDE DO SUL,92756919.13,04892707000100-2-000567/2024,SUP. REG. DO DNIT NO EST.DO RIO GRANDE DO SUL,LEGAL_REGIME_UNKNOWN,LIKELY_ADJUSTMENT_OPPORTUNITY,obra_classificada_conf=0.80 | fornecedor_privado | obrigacao_financeira_potencialmente_aberta | regime_14133_altamente_provavel | interregno_conservador_por_assinatura_gt_12m | document_request_parallel_action | Objeto classificado como pavimentacao_rodoviaria (conf=0.80) | Interregno mínimo conservador confirmado (level=B_CONSERVATIVE_SIGNATURE_GT_12M; proxy=data_assinatura) | Interregno ≥12m na data-base efetiva (proxy:data_assinatura) [TEMPORAL_CANDIDATE_BY_PROXY],Regime 14.133 provável (ano/PNCP/menção) mas não comprovado em documento oficial | data-base exata do orçamento ausente — cálculo preciso bloqueado | maturidade_temporal_insuficiente,clausula_reajuste | data_base_orcamento_estimado | indice_ou_formula | texto_oficial_contrato_edital | medicoes | apostilas | memoria_reajuste,Oportunidade provável — enriquecer contato e documentos antes da abordagem.,Oportunidade provável — enriquecer contato e documentos antes da abordagem.,"Não afirmar valor devido, inadimplemento, crédito constituído ou reajuste definitivamente não pago sem verificação documental completa e revisão humana registrada.",Oportunidade provável — enriquecer contato e documentos antes da abordagem.,Enriquecer contato empresarial; manter na fila de leads prioritários.,"Saldo/medições indisponíveis — valor sobre total é teto teórico, não valor devido. | indice_contratual_ausente — não aplicar IPCA/INCC/SINAPI por plausibilidade",,,,False,True
160,LIKELY_ADJUSTMENT_OPPORTUNITY,DOCUMENT_REQUEST_CANDIDATE,SUL_SC_PRIORITY,70.62,95.0,17.5,78.0,70.62,sede_ou_execucao_sul | interregno_conservador_gt_12m | regime_14133_provavel_ou_comprovado,93082725000157,RAVANELLO & CIA LTDA.,,Santa Maria,RS,True,,,,1,HOSPITAL UNIVERSITÁRIO DE SANTA MARIA,67773510.97,15126437000143-2-000937/2024,HOSPITAL UNIVERSITÁRIO DE SANTA MARIA,LEGAL_REGIME_UNKNOWN,LIKELY_ADJUSTMENT_OPPORTUNITY,obra_classificada_conf=0.80 | fornecedor_privado | obrigacao_financeira_potencialmente_aberta | regime_14133_altamente_provavel | interregno_conservador_por_assinatura_gt_12m | document_request_parallel_action | Objeto classificado como obras_engenharia_geral (conf=0.80) | Interregno mínimo conservador confirmado (level=B_CONSERVATIVE_SIGNATURE_GT_12M; proxy=data_assinatura) | Interregno ≥12m na data-base efetiva (proxy:data_assinatura) [TEMPORAL_CANDIDATE_BY_PROXY],Regime 14.133 provável (ano/PNCP/menção) mas não comprovado em documento oficial | data-base exata do orçamento ausente — cálculo preciso bloqueado,clausula_reajuste | data_base_orcamento_estimado | indice_ou_formula | texto_oficial_contrato_edital | medicoes | apostilas | memoria_reajuste,Oportunidade provável — enriquecer contato e documentos antes da abordagem.,Oportunidade provável — enriquecer contato e documentos antes da abordagem.,"Não afirmar valor devido, inadimplemento, crédito constituído ou reajuste definitivamente não pago sem verificação documental completa e revisão humana registrada.",Oportunidade provável — enriquecer contato e documentos antes da abordagem.,Enriquecer contato empresarial; manter na fila de leads prioritários.,"Saldo/medições indisponíveis — valor sobre total é teto teórico, não valor devido. | indice_contratual_ausente — não aplicar IPCA/INCC/SINAPI por plausibilidade",,,,False,True
161,LIKELY_ADJUSTMENT_OPPORTUNITY,DOCUMENT_REQUEST_CANDIDATE,SUL_SC_PRIORITY,70.52,97.5,17.5,82.9,70.52,sede_ou_execucao_sul | interregno_conservador_gt_12m | multi_contratos=4 | regime_14133_provavel_ou_comprovado,03255024000180,DIFFERENCIAL ENGENHARIA LTDA,,Curitiba,PR,True,,,,4,DER - Departamento de Estradas de Rodagem do Estado do Paraná | SUP. REG. DO DNIT NO ESTADO DO PARANA,189584349.57999998,04892707000100-2-000385/2024,SUP. REG. DO DNIT NO ESTADO DO PARANA,LEGAL_REGIME_UNKNOWN,LIKELY_ADJUSTMENT_OPPORTUNITY,obra_classificada_conf=0.90 | fornecedor_privado | obrigacao_financeira_potencialmente_aberta | regime_14133_altamente_provavel | interregno_conservador_por_assinatura_gt_12m | document_request_parallel_action | Objeto classificado como pavimentacao_rodoviaria (conf=0.90) | Interregno mínimo conservador confirmado (level=B_CONSERVATIVE_SIGNATURE_GT_12M; proxy=data_assinatura) | Interregno ≥12m na data-base efetiva (proxy:data_assinatura) [TEMPORAL_CANDIDATE_BY_PROXY],Regime 14.133 provável (ano/PNCP/menção) mas não comprovado em documento oficial | data-base exata do orçamento ausente — cálculo preciso bloqueado | maturidade_temporal_insuficiente,clausula_reajuste | data_base_orcamento_estimado | indice_ou_formula | texto_oficial_contrato_edital | medicoes | apostilas | memoria_reajuste,Oportunidade provável — enriquecer contato e documentos antes da abordagem.,Oportunidade provável — enriquecer contato e documentos antes da abordagem.,"Não afirmar valor devido, inadimplemento, crédito constituído ou reajuste definitivamente não pago sem verificação documental completa e revisão humana registrada.",Oportunidade provável — enriquecer contato e documentos antes da abordagem.,Enriquecer contato empresarial; manter na fila de leads prioritários.,"Saldo/medições indisponíveis — valor sobre total é teto teórico, não valor devido. | indice_contratual_ausente — não aplicar IPCA/INCC/SINAPI por plausibilidade",,,,False,True
162,LIKELY_ADJUSTMENT_OPPORTUNITY,DOCUMENT_REQUEST_CANDIDATE,SUL_SC_PRIORITY,70.49,97.0,17.5,83.6,70.49,sede_ou_execucao_sul | interregno_conservador_gt_12m | multi_contratos=6 | regime_14133_provavel_ou_comprovado,12876608000163,JIRAU ALTO INCORPORADORA E CONSTRUTORA LTDA,,Dois Vizinhos,PR,True,,,,6,PREFEITURA MUNICIPAL DE DOIS VIZINHOS - PR | SECRETARIA DE VIACAO E OBRAS,54641147.20999999,76205640000108-2-000046/2024,PREFEITURA MUNICIPAL DE DOIS VIZINHOS - PR,LEGAL_REGIME_UNKNOWN,LIKELY_ADJUSTMENT_OPPORTUNITY,obra_classificada_conf=0.88 | fornecedor_privado | obrigacao_financeira_potencialmente_aberta | regime_14133_altamente_provavel | interregno_conservador_por_assinatura_gt_12m | document_request_parallel_action | Objeto classificado como pavimentacao_rodoviaria (conf=0.88) | Interregno mínimo conservador confirmado (level=B_CONSERVATIVE_SIGNATURE_GT_12M; proxy=data_assinatura) | Interregno ≥12m na data-base efetiva (proxy:data_assinatura) [TEMPORAL_CANDIDATE_BY_PROXY],Regime 14.133 provável (ano/PNCP/menção) mas não comprovado em documento oficial | data-base exata do orçamento ausente — cálculo preciso bloqueado | maturidade_temporal_insuficiente,clausula_reajuste | data_base_orcamento_estimado | indice_ou_formula | texto_oficial_contrato_edital | medicoes | apostilas | memoria_reajuste,Oportunidade provável — enriquecer contato e documentos antes da abordagem.,Oportunidade provável — enriquecer contato e documentos antes da abordagem.,"Não afirmar valor devido, inadimplemento, crédito constituído ou reajuste definitivamente não pago sem verificação documental completa e revisão humana registrada.",Oportunidade provável — enriquecer contato e documentos antes da abordagem.,Enriquecer contato empresarial; manter na fila de leads prioritários.,"Saldo/medições indisponíveis — valor sobre total é teto teórico, não valor devido. | indice_contratual_ausente — não aplicar IPCA/INCC/SINAPI por plausibilidade",,,,False,True
163,LIKELY_ADJUSTMENT_OPPORTUNITY,DOCUMENT_REQUEST_CANDIDATE,SUL_SC_PRIORITY,70.47,90.0,17.5,81.0,70.47,sede_ou_execucao_sul | interregno_conservador_gt_12m | regime_14133_provavel_ou_comprovado,34028316002823,EMPRESA BRASILEIRA DE CORREIOS E TELEGRAFOS,,SAO JOSE,SC,True,,,,1,CASA MILITAR,12937085.51,87934675000196-2-000037/2024,CASA MILITAR,LEGAL_REGIME_UNKNOWN,LIKELY_ADJUSTMENT_OPPORTUNITY,obra_classificada_conf=0.60 | fornecedor_privado | obrigacao_financeira_potencialmente_aberta | regime_14133_altamente_provavel | interregno_conservador_por_assinatura_gt_12m | document_request_parallel_action | Objeto classificado como obras_engenharia_geral (conf=0.60) | Interregno mínimo conservador confirmado (level=B_CONSERVATIVE_SIGNATURE_GT_12M; proxy=data_assinatura) | Interregno ≥12m na data-base efetiva (proxy:data_assinatura) [TEMPORAL_CANDIDATE_BY_PROXY],Regime 14.133 provável (ano/PNCP/menção) mas não comprovado em documento oficial | data-base exata do orçamento ausente — cálculo preciso bloqueado,clausula_reajuste | data_base_orcamento_estimado | indice_ou_formula | texto_oficial_contrato_edital | medicoes | apostilas | memoria_reajuste,Oportunidade provável — enriquecer contato e documentos antes da abordagem.,Oportunidade provável — enriquecer contato e documentos antes da abordagem.,"Não afirmar valor devido, inadimplemento, crédito constituído ou reajuste definitivamente não pago sem verificação documental completa e revisão humana registrada.",Oportunidade provável — enriquecer contato e documentos antes da abordagem.,Enriquecer contato empresarial; manter na fila de leads prioritários.,"Saldo/medições indisponíveis — valor sobre total é teto teórico, não valor devido. | indice_contratual_ausente — não aplicar IPCA/INCC/SINAPI por plausibilidade",,,,False,True
164,LIKELY_ADJUSTMENT_OPPORTUNITY,DOCUMENT_REQUEST_CANDIDATE,SUL_SC_PRIORITY,70.45,97.0,17.5,80.8,70.45,sede_ou_execucao_sul | interregno_conservador_gt_12m | multi_contratos=3 | regime_14133_provavel_ou_comprovado,05253702000109,CONSTRUTORA E PAVIMENTADORA ATUAL EIRELI,,Tramandaí,RS,True,,,,3,Prefeitura Municipal de Imbé | Secretaria Municipal de Obras e Serviços Públicos,26055430.82,88771001000180-2-000046/2025,Secretaria Municipal de Obras e Serviços Públicos,LEGAL_REGIME_UNKNOWN,LIKELY_ADJUSTMENT_OPPORTUNITY,obra_classificada_conf=0.88 | fornecedor_privado | obrigacao_financeira_potencialmente_aberta | regime_14133_altamente_provavel | interregno_conservador_por_assinatura_gt_12m | document_request_parallel_action | Objeto classificado como pavimentacao_rodoviaria (conf=0.88) | Interregno mínimo conservador confirmado (level=B_CONSERVATIVE_SIGNATURE_GT_12M; proxy=data_assinatura) | Interregno ≥12m na data-base efetiva (proxy:data_assinatura) [TEMPORAL_CANDIDATE_BY_PROXY],Regime 14.133 provável (ano/PNCP/menção) mas não comprovado em documento oficial | data-base exata do orçamento ausente — cálculo preciso bloqueado | maturidade_temporal_insuficiente,clausula_reajuste | data_base_orcamento_estimado | indice_ou_formula | texto_oficial_contrato_edital | medicoes | apostilas | memoria_reajuste,Oportunidade provável — enriquecer contato e documentos antes da abordagem.,Oportunidade provável — enriquecer contato e documentos antes da abordagem.,"Não afirmar valor devido, inadimplemento, crédito constituído ou reajuste definitivamente não pago sem verificação documental completa e revisão humana registrada.",Oportunidade provável — enriquecer contato e documentos antes da abordagem.,Enriquecer contato empresarial; manter na fila de leads prioritários.,"Saldo/medições indisponíveis — valor sobre total é teto teórico, não valor devido. | indice_contratual_ausente — não aplicar IPCA/INCC/SINAPI por plausibilidade",,,,False,True
165,LIKELY_ADJUSTMENT_OPPORTUNITY,DOCUMENT_REQUEST_CANDIDATE,SUL_SC_PRIORITY,70.44,98.0,17.5,82.2,70.44,sede_ou_execucao_sul | interregno_conservador_gt_12m | regime_14133_provavel_ou_comprovado,55749793000138,CONSORCIO PAVIMENTA CASTRO,,Castro,PR,True,,,,1,Secretaria Municipal de Desenvolvimento Urbano,8470000.0,77001311000108-2-000009/2024,Secretaria Municipal de Desenvolvimento Urbano,LEGAL_REGIME_UNKNOWN,LIKELY_ADJUSTMENT_OPPORTUNITY,obra_classificada_conf=0.92 | fornecedor_privado | obrigacao_financeira_potencialmente_aberta | regime_14133_altamente_provavel | interregno_conservador_por_assinatura_gt_12m | document_request_parallel_action | Objeto classificado como pavimentacao_rodoviaria (conf=0.92) | Interregno mínimo conservador confirmado (level=B_CONSERVATIVE_SIGNATURE_GT_12M; proxy=data_assinatura) | Interregno ≥12m na data-base efetiva (proxy:data_assinatura) [TEMPORAL_CANDIDATE_BY_PROXY],Regime 14.133 provável (ano/PNCP/menção) mas não comprovado em documento oficial | data-base exata do orçamento ausente — cálculo preciso bloqueado,clausula_reajuste | data_base_orcamento_estimado | indice_ou_formula | texto_oficial_contrato_edital | medicoes | apostilas | memoria_reajuste,Oportunidade provável — enriquecer contato e documentos antes da abordagem.,Oportunidade provável — enriquecer contato e documentos antes da abordagem.,"Não afirmar valor devido, inadimplemento, crédito constituído ou reajuste definitivamente não pago sem verificação documental completa e revisão humana registrada.",Oportunidade provável — enriquecer contato e documentos antes da abordagem.,Enriquecer contato empresarial; manter na fila de leads prioritários.,"Saldo/medições indisponíveis — valor sobre total é teto teórico, não valor devido. | indice_contratual_ausente — não aplicar IPCA/INCC/SINAPI por plausibilidade",,,,False,True
166,LIKELY_ADJUSTMENT_OPPORTUNITY,DOCUMENT_REQUEST_CANDIDATE,SUL_SC_PRIORITY,70.3,90.0,17.5,81.0,70.3,sede_ou_execucao_sul | interregno_conservador_gt_12m | regime_14133_provavel_ou_comprovado,00482840000138,LIDERANCA LIMPEZA E CONSERVACAO LTDA,,SAO JOSE,SC,True,,,,1,TRIBUNAL REGIONAL FEDERAL DA 4A.REGIÃO/RS,11422331.4,00508903000188-2-000667/2025,TRIBUNAL REGIONAL FEDERAL DA 4A.REGIÃO/RS,LEGAL_REGIME_UNKNOWN,LIKELY_ADJUSTMENT_OPPORTUNITY,obra_classificada_conf=0.60 | fornecedor_privado | obrigacao_financeira_potencialmente_aberta | regime_14133_altamente_provavel | interregno_conservador_por_assinatura_gt_12m | document_request_parallel_action | Objeto classificado como edificacoes (conf=0.60) | Interregno mínimo conservador confirmado (level=B_CONSERVATIVE_SIGNATURE_GT_12M; proxy=data_assinatura) | Interregno ≥12m na data-base efetiva (proxy:data_assinatura) [TEMPORAL_CANDIDATE_BY_PROXY],Regime 14.133 provável (ano/PNCP/menção) mas não comprovado em documento oficial | data-base exata do orçamento ausente — cálculo preciso bloqueado,clausula_reajuste | data_base_orcamento_estimado | indice_ou_formula | texto_oficial_contrato_edital | medicoes | apostilas | memoria_reajuste,Oportunidade provável — enriquecer contato e documentos antes da abordagem.,Oportunidade provável — enriquecer contato e documentos antes da abordagem.,"Não afirmar valor devido, inadimplemento, crédito constituído ou reajuste definitivamente não pago sem verificação documental completa e revisão humana registrada.",Oportunidade provável — enriquecer contato e documentos antes da abordagem.,Enriquecer contato empresarial; manter na fila de leads prioritários.,"Saldo/medições indisponíveis — valor sobre total é teto teórico, não valor devido. | indice_contratual_ausente — não aplicar IPCA/INCC/SINAPI por plausibilidade",,,,False,True
167,LIKELY_ADJUSTMENT_OPPORTUNITY,DOCUMENT_REQUEST_CANDIDATE,SUL_SC_PRIORITY,70.29,95.0,17.5,78.0,70.29,sede_ou_execucao_sul | interregno_conservador_gt_12m | multi_contratos=5 | regime_14133_provavel_ou_comprovado,88113477000124,CODECA COMPANHIA DE DESENVOLVIMENTO DE CAXIAS DO SUL,,CAXIAS DO SUL,RS,True,,,,5,Executivo Administração Direta | SERVIÇO AUTONOMO MUNICIPAL DE AGUA E ESGOTO,86659858.87,88659313000105-2-000020/2023,SERVIÇO AUTONOMO MUNICIPAL DE AGUA E ESGOTO,LEGAL_REGIME_UNKNOWN,LIKELY_ADJUSTMENT_OPPORTUNITY,obra_classificada_conf=0.80 | fornecedor_privado | obrigacao_financeira_potencialmente_aberta | regime_14133_altamente_provavel | interregno_conservador_por_assinatura_gt_12m | document_request_parallel_action | Objeto classificado como pavimentacao_rodoviaria (conf=0.80) | Interregno mínimo conservador confirmado (level=B_CONSERVATIVE_SIGNATURE_GT_12M; proxy=data_assinatura) | Interregno ≥12m na data-base efetiva (proxy:data_assinatura) [TEMPORAL_CANDIDATE_BY_PROXY],Regime 14.133 provável (ano/PNCP/menção) mas não comprovado em documento oficial | data-base exata do orçamento ausente — cálculo preciso bloqueado | maturidade_temporal_insuficiente,clausula_reajuste | data_base_orcamento_estimado | indice_ou_formula | texto_oficial_contrato_edital | medicoes | apostilas | memoria_reajuste,Oportunidade provável — enriquecer contato e documentos antes da abordagem.,Oportunidade provável — enriquecer contato e documentos antes da abordagem.,"Não afirmar valor devido, inadimplemento, crédito constituído ou reajuste definitivamente não pago sem verificação documental completa e revisão humana registrada.",Oportunidade provável — enriquecer contato e documentos antes da abordagem.,Enriquecer contato empresarial; manter na fila de leads prioritários.,"Saldo/medições indisponíveis — valor sobre total é teto teórico, não valor devido. | indice_contratual_ausente — não aplicar IPCA/INCC/SINAPI por plausibilidade",,,,False,True
168,LIKELY_ADJUSTMENT_OPPORTUNITY,DOCUMENT_REQUEST_CANDIDATE,SUL_SC_PRIORITY,70.26,95.0,17.5,78.0,70.26,sede_ou_execucao_sul | interregno_conservador_gt_12m | multi_contratos=3 | regime_14133_provavel_ou_comprovado,76388743000142,CONEX CONSTRUCOES E EMPREENDIMENTOS IMOBILIARIOS LTDA,,CURITIBA,PR,True,,,,3,TRIBUNAL DE JUSTIÇA ESTADO DO PARANA | UNIVERSIDADE FEDERAL DO PARANA,50939877.04,75095679000149-2-001020/2025,UNIVERSIDADE FEDERAL DO PARANA,LEGAL_REGIME_UNKNOWN,LIKELY_ADJUSTMENT_OPPORTUNITY,obra_classificada_conf=0.80 | fornecedor_privado | obrigacao_financeira_potencialmente_aberta | regime_14133_altamente_provavel | interregno_conservador_por_assinatura_gt_12m | document_request_parallel_action | Objeto classificado como obras_engenharia_geral (conf=0.80) | Interregno mínimo conservador confirmado (level=B_CONSERVATIVE_SIGNATURE_GT_12M; proxy=data_assinatura) | Interregno ≥12m na data-base efetiva (proxy:data_assinatura) [TEMPORAL_CANDIDATE_BY_PROXY],Regime 14.133 provável (ano/PNCP/menção) mas não comprovado em documento oficial | data-base exata do orçamento ausente — cálculo preciso bloqueado | maturidade_temporal_insuficiente,clausula_reajuste | data_base_orcamento_estimado | indice_ou_formula | texto_oficial_contrato_edital | medicoes | apostilas | memoria_reajuste,Oportunidade provável — enriquecer contato e documentos antes da abordagem.,Oportunidade provável — enriquecer contato e documentos antes da abordagem.,"Não afirmar valor devido, inadimplemento, crédito constituído ou reajuste definitivamente não pago sem verificação documental completa e revisão humana registrada.",Oportunidade provável — enriquecer contato e documentos antes da abordagem.,Enriquecer contato empresarial; manter na fila de leads prioritários.,"Saldo/medições indisponíveis — valor sobre total é teto teórico, não valor devido. | indice_contratual_ausente — não aplicar IPCA/INCC/SINAPI por plausibilidade",,,,False,True
169,LIKELY_ADJUSTMENT_OPPORTUNITY,DOCUMENT_REQUEST_CANDIDATE,SUL_SC_PRIORITY,70.25,98.0,17.5,82.2,70.25,sede_ou_execucao_sul | interregno_conservador_gt_12m | multi_contratos=6 | regime_14133_provavel_ou_comprovado,04375328000143,R C M INFRAESTRUTURA E CONSTRUCOES LTDA,,UMUARAMA,PR,True,,,,6,PREFEITURA MUNICIPAL DE CIDADE GAÚCHA | PREFEITURA MUNICIPAL DE PÉROLA | Unidade administrativa,51816566.51,76247337000160-2-000033/2024,Unidade administrativa,LEGAL_REGIME_UNKNOWN,LIKELY_ADJUSTMENT_OPPORTUNITY,obra_classificada_conf=0.92 | fornecedor_privado | obrigacao_financeira_potencialmente_aberta | regime_14133_altamente_provavel | interregno_conservador_por_assinatura_gt_12m | document_request_parallel_action | Objeto classificado como pavimentacao_rodoviaria (conf=0.92) | Interregno mínimo conservador confirmado (level=B_CONSERVATIVE_SIGNATURE_GT_12M; proxy=data_assinatura) | Interregno ≥12m na data-base efetiva (proxy:data_assinatura) [TEMPORAL_CANDIDATE_BY_PROXY],Regime 14.133 provável (ano/PNCP/menção) mas não comprovado em documento oficial | data-base exata do orçamento ausente — cálculo preciso bloqueado | maturidade_temporal_insuficiente,clausula_reajuste | data_base_orcamento_estimado | indice_ou_formula | texto_oficial_contrato_edital | medicoes | apostilas | memoria_reajuste,Oportunidade provável — enriquecer contato e documentos antes da abordagem.,Oportunidade provável — enriquecer contato e documentos antes da abordagem.,"Não afirmar valor devido, inadimplemento, crédito constituído ou reajuste definitivamente não pago sem verificação documental completa e revisão humana registrada.",Oportunidade provável — enriquecer contato e documentos antes da abordagem.,Enriquecer contato empresarial; manter na fila de leads prioritários.,"Saldo/medições indisponíveis — valor sobre total é teto teórico, não valor devido. | indice_contratual_ausente — não aplicar IPCA/INCC/SINAPI por plausibilidade",,,,False,True
170,LIKELY_ADJUSTMENT_OPPORTUNITY,DOCUMENT_REQUEST_CANDIDATE,SUL_SC_PRIORITY,70.24,98.0,17.5,82.2,70.24,sede_ou_execucao_sul | interregno_conservador_gt_12m | regime_14133_provavel_ou_comprovado,08422142000159,ENGEPON CONSTRUTORA LTDA,,MARINGA,PR,True,,,,1,PREFEITURA MUNICIPAL DE SÃO JOÃO BATISTA,7024160.72,82925652000100-2-000511/2025,PREFEITURA MUNICIPAL DE SÃO JOÃO BATISTA,LEGAL_REGIME_UNKNOWN,LIKELY_ADJUSTMENT_OPPORTUNITY,obra_classificada_conf=0.92 | fornecedor_privado | obrigacao_financeira_potencialmente_aberta | regime_14133_altamente_provavel | interregno_conservador_por_assinatura_gt_12m | document_request_parallel_action | Objeto classificado como edificacoes (conf=0.92) | Interregno mínimo conservador confirmado (level=B_CONSERVATIVE_SIGNATURE_GT_12M; proxy=data_assinatura) | Interregno ≥12m na data-base efetiva (proxy:data_assinatura) [TEMPORAL_CANDIDATE_BY_PROXY],Regime 14.133 provável (ano/PNCP/menção) mas não comprovado em documento oficial | data-base exata do orçamento ausente — cálculo preciso bloqueado,clausula_reajuste | data_base_orcamento_estimado | indice_ou_formula | texto_oficial_contrato_edital | medicoes | apostilas | memoria_reajuste,Oportunidade provável — enriquecer contato e documentos antes da abordagem.,Oportunidade provável — enriquecer contato e documentos antes da abordagem.,"Não afirmar valor devido, inadimplemento, crédito constituído ou reajuste definitivamente não pago sem verificação documental completa e revisão humana registrada.",Oportunidade provável — enriquecer contato e documentos antes da abordagem.,Enriquecer contato empresarial; manter na fila de leads prioritários.,"Saldo/medições indisponíveis — valor sobre total é teto teórico, não valor devido. | indice_contratual_ausente — não aplicar IPCA/INCC/SINAPI por plausibilidade",,,,False,True
171,LIKELY_ADJUSTMENT_OPPORTUNITY,DOCUMENT_REQUEST_CANDIDATE,SUL_SC_PRIORITY,70.11,90.0,17.5,86.6,70.11,sede_ou_execucao_sul | interregno_conservador_gt_12m | multi_contratos=2 | regime_14133_provavel_ou_comprovado,31252609000181,WEST ENGENHARIA LTDA,,Içara,SC,True,,,,2,PREFEITURA MUNICIPAL DE IÇARA - SC,17034730.0,82916800000111-2-000654/2025,PREFEITURA MUNICIPAL DE IÇARA - SC,LEGAL_REGIME_UNKNOWN,LIKELY_ADJUSTMENT_OPPORTUNITY,obra_classificada_conf=0.60 | fornecedor_privado | obrigacao_financeira_potencialmente_aberta | regime_14133_altamente_provavel | interregno_conservador_por_assinatura_gt_12m | document_request_parallel_action | Objeto classificado como edificacoes (conf=0.60) | Interregno mínimo conservador confirmado (level=B_CONSERVATIVE_SIGNATURE_GT_12M; proxy=data_assinatura) | Interregno ≥12m na data-base efetiva (proxy:data_assinatura) [TEMPORAL_CANDIDATE_BY_PROXY],Regime 14.133 provável (ano/PNCP/menção) mas não comprovado em documento oficial | data-base exata do orçamento ausente — cálculo preciso bloqueado | maturidade_temporal_insuficiente,clausula_reajuste | data_base_orcamento_estimado | indice_ou_formula | texto_oficial_contrato_edital | medicoes | apostilas | memoria_reajuste,Oportunidade provável — enriquecer contato e documentos antes da abordagem.,Oportunidade provável — enriquecer contato e documentos antes da abordagem.,"Não afirmar valor devido, inadimplemento, crédito constituído ou reajuste definitivamente não pago sem verificação documental completa e revisão humana registrada.",Oportunidade provável — enriquecer contato e documentos antes da abordagem.,Enriquecer contato empresarial; manter na fila de leads prioritários.,"Saldo/medições indisponíveis — valor sobre total é teto teórico, não valor devido. | indice_contratual_ausente — não aplicar IPCA/INCC/SINAPI por plausibilidade",,,,False,True
172,LIKELY_ADJUSTMENT_OPPORTUNITY,DOCUMENT_REQUEST_CANDIDATE,SUL_SC_PRIORITY,70.1,98.0,17.5,85.0,70.1,sede_ou_execucao_sul | interregno_conservador_gt_12m | multi_contratos=8 | regime_14133_provavel_ou_comprovado,89713903000123,CONSTRUTORA GIOVANELLA LTDA,,LAJEADO,RS,True,,,,8,DEPARTAMENTO AUTÔNOMO DE ESTRADAS DE RODAGEM | MUNICIPIO DE SALVADOR DO SUL | P.M. De Capitao | P.M. De Nova Brescia | PM VENANACIO AIRES,152629356.88,87334918000155-2-000068/2025,PM VENANACIO AIRES,LEGAL_REGIME_UNKNOWN,LIKELY_ADJUSTMENT_OPPORTUNITY,obra_classificada_conf=0.92 | fornecedor_privado | obrigacao_financeira_potencialmente_aberta | regime_14133_altamente_provavel | interregno_conservador_por_assinatura_gt_12m | document_request_parallel_action | Objeto classificado como pavimentacao_rodoviaria (conf=0.92) | Interregno mínimo conservador confirmado (level=B_CONSERVATIVE_SIGNATURE_GT_12M; proxy=data_assinatura) | Interregno ≥12m na data-base efetiva (proxy:data_assinatura) [TEMPORAL_CANDIDATE_BY_PROXY],Regime 14.133 provável (ano/PNCP/menção) mas não comprovado em documento oficial | data-base exata do orçamento ausente — cálculo preciso bloqueado,clausula_reajuste | data_base_orcamento_estimado | indice_ou_formula | texto_oficial_contrato_edital | medicoes | apostilas | memoria_reajuste,Oportunidade provável — enriquecer contato e documentos antes da abordagem.,Oportunidade provável — enriquecer contato e documentos antes da abordagem.,"Não afirmar valor devido, inadimplemento, crédito constituído ou reajuste definitivamente não pago sem verificação documental completa e revisão humana registrada.",Oportunidade provável — enriquecer contato e documentos antes da abordagem.,Enriquecer contato empresarial; manter na fila de leads prioritários.,"Saldo/medições indisponíveis — valor sobre total é teto teórico, não valor devido. | indice_contratual_ausente — não aplicar IPCA/INCC/SINAPI por plausibilidade",,,,False,True
173,LIKELY_ADJUSTMENT_OPPORTUNITY,DOCUMENT_REQUEST_CANDIDATE,SUL_SC_PRIORITY,70.08,98.0,17.5,82.2,70.08,sede_ou_execucao_sul | interregno_conservador_gt_12m | regime_14133_provavel_ou_comprovado,46534246000144,LUCANO INFRAESTRUTURA LTDA,,Maringá,PR,True,,,,1,Unidade administrativa,5981505.73,76282656000106-2-000350/2025,Unidade administrativa,LEGAL_REGIME_UNKNOWN,LIKELY_ADJUSTMENT_OPPORTUNITY,obra_classificada_conf=0.92 | fornecedor_privado | obrigacao_financeira_potencialmente_aberta | regime_14133_altamente_provavel | interregno_conservador_por_assinatura_gt_12m | document_request_parallel_action | Objeto classificado como pavimentacao_rodoviaria (conf=0.92) | Interregno mínimo conservador confirmado (level=B_CONSERVATIVE_SIGNATURE_GT_12M; proxy=data_assinatura) | Interregno ≥12m na data-base efetiva (proxy:data_assinatura) [TEMPORAL_CANDIDATE_BY_PROXY],Regime 14.133 provável (ano/PNCP/menção) mas não comprovado em documento oficial | data-base exata do orçamento ausente — cálculo preciso bloqueado,clausula_reajuste | data_base_orcamento_estimado | indice_ou_formula | texto_oficial_contrato_edital | medicoes | apostilas | memoria_reajuste,Oportunidade provável — enriquecer contato e documentos antes da abordagem.,Oportunidade provável — enriquecer contato e documentos antes da abordagem.,"Não afirmar valor devido, inadimplemento, crédito constituído ou reajuste definitivamente não pago sem verificação documental completa e revisão humana registrada.",Oportunidade provável — enriquecer contato e documentos antes da abordagem.,Enriquecer contato empresarial; manter na fila de leads prioritários.,"Saldo/medições indisponíveis — valor sobre total é teto teórico, não valor devido. | indice_contratual_ausente — não aplicar IPCA/INCC/SINAPI por plausibilidade",,,,False,True
174,LIKELY_ADJUSTMENT_OPPORTUNITY,DOCUMENT_REQUEST_CANDIDATE,SUL_SC_PRIORITY,70.03,98.0,17.5,83.6,70.03,sede_ou_execucao_sul | interregno_conservador_gt_12m | multi_contratos=7 | regime_14133_provavel_ou_comprovado,33248214000130,KMS INCORPORADORA LTDA,,CAMPO LARGO,PR,True,,,,7,Departamento de Obras de Pavimentação | Diretoria de Educação | Diretoria de Obras e Conservação | Municipio de Piraquara | PREFEITURA MUNICIPAL DE ALMIRANTE TAMANDARE | PREFEITURA MUNICIPAL DE BALSA NOVA,51917111.0,76105527000142-2-000035/2024,PREFEITURA MUNICIPAL DE BALSA NOVA,LEGAL_REGIME_UNKNOWN,LIKELY_ADJUSTMENT_OPPORTUNITY,obra_classificada_conf=0.92 | fornecedor_privado | obrigacao_financeira_potencialmente_aberta | regime_14133_altamente_provavel | interregno_conservador_por_assinatura_gt_12m | document_request_parallel_action | Objeto classificado como pavimentacao_rodoviaria (conf=0.92) | Interregno mínimo conservador confirmado (level=B_CONSERVATIVE_SIGNATURE_GT_12M; proxy=data_assinatura) | Interregno ≥12m na data-base efetiva (proxy:data_assinatura) [TEMPORAL_CANDIDATE_BY_PROXY],Regime 14.133 provável (ano/PNCP/menção) mas não comprovado em documento oficial | data-base exata do orçamento ausente — cálculo preciso bloqueado | maturidade_temporal_insuficiente,clausula_reajuste | data_base_orcamento_estimado | indice_ou_formula | texto_oficial_contrato_edital | medicoes | apostilas | memoria_reajuste,Oportunidade provável — enriquecer contato e documentos antes da abordagem.,Oportunidade provável — enriquecer contato e documentos antes da abordagem.,"Não afirmar valor devido, inadimplemento, crédito constituído ou reajuste definitivamente não pago sem verificação documental completa e revisão humana registrada.",Oportunidade provável — enriquecer contato e documentos antes da abordagem.,Enriquecer contato empresarial; manter na fila de leads prioritários.,"Saldo/medições indisponíveis — valor sobre total é teto teórico, não valor devido. | indice_contratual_ausente — não aplicar IPCA/INCC/SINAPI por plausibilidade",,,,False,True
175,LIKELY_ADJUSTMENT_OPPORTUNITY,DOCUMENT_REQUEST_CANDIDATE,SUL_SC_PRIORITY,70.01,98.0,17.5,90.8,70.01,sede_ou_execucao_sul | interregno_conservador_gt_12m | multi_contratos=3 | regime_14133_provavel_ou_comprovado,13480684000118,HIPERPAVI ASFALTOS LTDA,,PATO BRANCO,PR,True,,,,3,MUNICIPIO DE PATO BRANCO | PREFEITURA MUNICIPAL DE PATO BRANCO - PR | PREFEITURA MUNICIPAL DE SÃO LOURENÇO DO OESTE,16687643.4,76995448000154-2-000043/2024,PREFEITURA MUNICIPAL DE PATO BRANCO - PR,LEGAL_REGIME_UNKNOWN,LIKELY_ADJUSTMENT_OPPORTUNITY,obra_classificada_conf=0.92 | fornecedor_privado | obrigacao_financeira_potencialmente_aberta | regime_14133_altamente_provavel | interregno_conservador_por_assinatura_gt_12m | document_request_parallel_action | Objeto classificado como pavimentacao_rodoviaria (conf=0.92) | Interregno mínimo conservador confirmado (level=B_CONSERVATIVE_SIGNATURE_GT_12M; proxy=data_assinatura) | Interregno ≥12m na data-base efetiva (proxy:data_assinatura) [TEMPORAL_CANDIDATE_BY_PROXY],Regime 14.133 provável (ano/PNCP/menção) mas não comprovado em documento oficial | data-base exata do orçamento ausente — cálculo preciso bloqueado | maturidade_temporal_insuficiente,clausula_reajuste | data_base_orcamento_estimado | indice_ou_formula | texto_oficial_contrato_edital | medicoes | apostilas | memoria_reajuste,Oportunidade provável — enriquecer contato e documentos antes da abordagem.,Oportunidade provável — enriquecer contato e documentos antes da abordagem.,"Não afirmar valor devido, inadimplemento, crédito constituído ou reajuste definitivamente não pago sem verificação documental completa e revisão humana registrada.",Oportunidade provável — enriquecer contato e documentos antes da abordagem.,Enriquecer contato empresarial; manter na fila de leads prioritários.,"Saldo/medições indisponíveis — valor sobre total é teto teórico, não valor devido. | indice_contratual_ausente — não aplicar IPCA/INCC/SINAPI por plausibilidade",,,,False,True
176,LIKELY_ADJUSTMENT_OPPORTUNITY,DOCUMENT_REQUEST_CANDIDATE,SUL_SC_PRIORITY,70.01,90.0,17.5,81.0,70.01,sede_ou_execucao_sul | interregno_conservador_gt_12m | regime_14133_provavel_ou_comprovado,40099403000154,RCM CONSTRUÇÕES LTDA,,Forquilhinha,SC,True,,,,1,PREFEITURA MUNICIPAL DE FORQUILHINHA - SC,9000000.0,81531162000158-2-000231/2025,PREFEITURA MUNICIPAL DE FORQUILHINHA - SC,LEGAL_REGIME_UNKNOWN,LIKELY_ADJUSTMENT_OPPORTUNITY,obra_classificada_conf=0.60 | fornecedor_privado | obrigacao_financeira_potencialmente_aberta | regime_14133_altamente_provavel | interregno_conservador_por_assinatura_gt_12m | document_request_parallel_action | Objeto classificado como obras_engenharia_geral (conf=0.60) | Interregno mínimo conservador confirmado (level=B_CONSERVATIVE_SIGNATURE_GT_12M; proxy=data_assinatura) | Interregno ≥12m na data-base efetiva (proxy:data_assinatura) [TEMPORAL_CANDIDATE_BY_PROXY],Regime 14.133 provável (ano/PNCP/menção) mas não comprovado em documento oficial | data-base exata do orçamento ausente — cálculo preciso bloqueado,clausula_reajuste | data_base_orcamento_estimado | indice_ou_formula | texto_oficial_contrato_edital | medicoes | apostilas | memoria_reajuste,Oportunidade provável — enriquecer contato e documentos antes da abordagem.,Oportunidade provável — enriquecer contato e documentos antes da abordagem.,"Não afirmar valor devido, inadimplemento, crédito constituído ou reajuste definitivamente não pago sem verificação documental completa e revisão humana registrada.",Oportunidade provável — enriquecer contato e documentos antes da abordagem.,Enriquecer contato empresarial; manter na fila de leads prioritários.,"Saldo/medições indisponíveis — valor sobre total é teto teórico, não valor devido. | indice_contratual_ausente — não aplicar IPCA/INCC/SINAPI por plausibilidade",,,,False,True
177,LIKELY_ADJUSTMENT_OPPORTUNITY,DOCUMENT_REQUEST_CANDIDATE,SUL_SC_PRIORITY,70.01,97.0,17.5,80.8,70.01,sede_ou_execucao_sul | interregno_conservador_gt_12m | multi_contratos=2 | regime_14133_provavel_ou_comprovado,76807353000160,USINAGEM VALE DO IVAI LTDA - ME,,JARDIM ALEGRE,PR,True,,,,2,PREFEITURA MUNICIPAL DE IVAIPORÃ - PR | Unidade administrativa,18494954.47,76950062000126-2-000039/2024,Unidade administrativa,LEGAL_REGIME_UNKNOWN,LIKELY_ADJUSTMENT_OPPORTUNITY,obra_classificada_conf=0.88 | fornecedor_privado | obrigacao_financeira_potencialmente_aberta | regime_14133_altamente_provavel | interregno_conservador_por_assinatura_gt_12m | document_request_parallel_action | Objeto classificado como pavimentacao_rodoviaria (conf=0.88) | Interregno mínimo conservador confirmado (level=B_CONSERVATIVE_SIGNATURE_GT_12M; proxy=data_assinatura) | Interregno ≥12m na data-base efetiva (proxy:data_assinatura) [TEMPORAL_CANDIDATE_BY_PROXY],Regime 14.133 provável (ano/PNCP/menção) mas não comprovado em documento oficial | data-base exata do orçamento ausente — cálculo preciso bloqueado,clausula_reajuste | data_base_orcamento_estimado | indice_ou_formula | texto_oficial_contrato_edital | medicoes | apostilas | memoria_reajuste,Oportunidade provável — enriquecer contato e documentos antes da abordagem.,Oportunidade provável — enriquecer contato e documentos antes da abordagem.,"Não afirmar valor devido, inadimplemento, crédito constituído ou reajuste definitivamente não pago sem verificação documental completa e revisão humana registrada.",Oportunidade provável — enriquecer contato e documentos antes da abordagem.,Enriquecer contato empresarial; manter na fila de leads prioritários.,"Saldo/medições indisponíveis — valor sobre total é teto teórico, não valor devido. | indice_contratual_ausente — não aplicar IPCA/INCC/SINAPI por plausibilidade",,,,False,True
178,LIKELY_ADJUSTMENT_OPPORTUNITY,DOCUMENT_REQUEST_CANDIDATE,SUL_SC_PRIORITY,69.95,90.0,17.5,81.0,69.95,sede_ou_execucao_sul | interregno_conservador_gt_12m | regime_14133_provavel_ou_comprovado,44192165000188,CAPPELLESSO CONSTRUCOES LTDA,,Balneário Rincão,SC,True,,,,1,PREFEITURA MUNICIPAL DE BALNEÁRIO RINCÃO,8545000.0,17243084000197-2-000327/2025,PREFEITURA MUNICIPAL DE BALNEÁRIO RINCÃO,LEGAL_REGIME_UNKNOWN,LIKELY_ADJUSTMENT_OPPORTUNITY,obra_classificada_conf=0.60 | fornecedor_privado | obrigacao_financeira_potencialmente_aberta | regime_14133_altamente_provavel | interregno_conservador_por_assinatura_gt_12m | document_request_parallel_action | Objeto classificado como edificacoes (conf=0.60) | Interregno mínimo conservador confirmado (level=B_CONSERVATIVE_SIGNATURE_GT_12M; proxy=data_assinatura) | Interregno ≥12m na data-base efetiva (proxy:data_assinatura) [TEMPORAL_CANDIDATE_BY_PROXY],Regime 14.133 provável (ano/PNCP/menção) mas não comprovado em documento oficial | data-base exata do orçamento ausente — cálculo preciso bloqueado,clausula_reajuste | data_base_orcamento_estimado | indice_ou_formula | texto_oficial_contrato_edital | medicoes | apostilas | memoria_reajuste,Oportunidade provável — enriquecer contato e documentos antes da abordagem.,Oportunidade provável — enriquecer contato e documentos antes da abordagem.,"Não afirmar valor devido, inadimplemento, crédito constituído ou reajuste definitivamente não pago sem verificação documental completa e revisão humana registrada.",Oportunidade provável — enriquecer contato e documentos antes da abordagem.,Enriquecer contato empresarial; manter na fila de leads prioritários.,"Saldo/medições indisponíveis — valor sobre total é teto teórico, não valor devido. | indice_contratual_ausente — não aplicar IPCA/INCC/SINAPI por plausibilidade",,,,False,True
179,LIKELY_ADJUSTMENT_OPPORTUNITY,DOCUMENT_REQUEST_CANDIDATE,SUL_SC_PRIORITY,69.88,94.0,17.5,76.6,69.88,sede_ou_execucao_sul | interregno_conservador_gt_12m | multi_contratos=5 | regime_14133_provavel_ou_comprovado,18091212000197,PGC ENGENHARIA DE OBRAS LTDA,,Ponta Grossa,PR,True,,,,5,PREFEITURA MUNICIPAL DE CURITIBANOS | SESA-FUNSAUDE - Fundo Estadual de Saúde do Paraná - FUNSAUDE | TRIBUNAL DE JUSTIÇA DO EST. DE SANTA CATARINA | UTFPR - CAMPUS PONTA GROSSA,149783824.25,75101873000190-2-001686/2023,UTFPR - CAMPUS PONTA GROSSA,LEGAL_REGIME_UNKNOWN,LIKELY_ADJUSTMENT_OPPORTUNITY,obra_classificada_conf=0.76 | fornecedor_privado | obrigacao_financeira_potencialmente_aberta | regime_14133_altamente_provavel | interregno_conservador_por_assinatura_gt_12m | document_request_parallel_action | Objeto classificado como obras_engenharia_geral (conf=0.76) | Interregno mínimo conservador confirmado (level=B_CONSERVATIVE_SIGNATURE_GT_12M; proxy=data_assinatura) | Interregno ≥12m na data-base efetiva (proxy:data_assinatura) [TEMPORAL_CANDIDATE_BY_PROXY],Regime 14.133 provável (ano/PNCP/menção) mas não comprovado em documento oficial | data-base exata do orçamento ausente — cálculo preciso bloqueado | maturidade_temporal_insuficiente,clausula_reajuste | data_base_orcamento_estimado | indice_ou_formula | texto_oficial_contrato_edital | medicoes | apostilas | memoria_reajuste,Oportunidade provável — enriquecer contato e documentos antes da abordagem.,Oportunidade provável — enriquecer contato e documentos antes da abordagem.,"Não afirmar valor devido, inadimplemento, crédito constituído ou reajuste definitivamente não pago sem verificação documental completa e revisão humana registrada.",Oportunidade provável — enriquecer contato e documentos antes da abordagem.,Enriquecer contato empresarial; manter na fila de leads prioritários.,"Saldo/medições indisponíveis — valor sobre total é teto teórico, não valor devido. | indice_contratual_ausente — não aplicar IPCA/INCC/SINAPI por plausibilidade",,,,False,True
180,LIKELY_ADJUSTMENT_OPPORTUNITY,DOCUMENT_REQUEST_CANDIDATE,SUL_SC_PRIORITY,69.88,94.0,17.5,76.6,69.88,sede_ou_execucao_sul | interregno_conservador_gt_12m | multi_contratos=3 | regime_14133_provavel_ou_comprovado,88074364000167,"ICCILA-INDUSTRIA , COMERCIO E CONSTRUCOES IBAGE LTDA",,ESTRELA,RS,True,,,,3,SUP. REG. DO DNIT NO EST.DO RIO GRANDE DO SUL,203779998.64,04892707000100-2-000617/2024,SUP. REG. DO DNIT NO EST.DO RIO GRANDE DO SUL,LEGAL_REGIME_UNKNOWN,LIKELY_ADJUSTMENT_OPPORTUNITY,obra_classificada_conf=0.76 | fornecedor_privado | obrigacao_financeira_potencialmente_aberta | regime_14133_altamente_provavel | interregno_conservador_por_assinatura_gt_12m | document_request_parallel_action | Objeto classificado como pavimentacao_rodoviaria (conf=0.76) | Interregno mínimo conservador confirmado (level=B_CONSERVATIVE_SIGNATURE_GT_12M; proxy=data_assinatura) | Interregno ≥12m na data-base efetiva (proxy:data_assinatura) [TEMPORAL_CANDIDATE_BY_PROXY],Regime 14.133 provável (ano/PNCP/menção) mas não comprovado em documento oficial | data-base exata do orçamento ausente — cálculo preciso bloqueado,clausula_reajuste | data_base_orcamento_estimado | indice_ou_formula | texto_oficial_contrato_edital | medicoes | apostilas | memoria_reajuste,Oportunidade provável — enriquecer contato e documentos antes da abordagem.,Oportunidade provável — enriquecer contato e documentos antes da abordagem.,"Não afirmar valor devido, inadimplemento, crédito constituído ou reajuste definitivamente não pago sem verificação documental completa e revisão humana registrada.",Oportunidade provável — enriquecer contato e documentos antes da abordagem.,Enriquecer contato empresarial; manter na fila de leads prioritários.,"Saldo/medições indisponíveis — valor sobre total é teto teórico, não valor devido. | indice_contratual_ausente — não aplicar IPCA/INCC/SINAPI por plausibilidade",,,,False,True
181,LIKELY_ADJUSTMENT_OPPORTUNITY,DOCUMENT_REQUEST_CANDIDATE,SUL_SC_PRIORITY,69.88,97.0,17.5,80.8,69.88,sede_ou_execucao_sul | interregno_conservador_gt_12m | multi_contratos=6 | regime_14133_provavel_ou_comprovado,91852087000180,CONSTRUSINOS IND COM DE ARTEF DE CIMENTO LTDA,,Canoas,RS,True,,,,6,PREFEITURA MUNICIPAL DE CANOAS PREFEITURA MUNICIPAL DE CANOAS | Prefeitura Municipal de São Leopoldo | SECRETARIA MUN. DE HABITAÇÃO,112245415.42,88577416000118-2-000066/2024,PREFEITURA MUNICIPAL DE CANOAS PREFEITURA MUNICIPAL DE CANOAS,LEGAL_REGIME_UNKNOWN,LIKELY_ADJUSTMENT_OPPORTUNITY,obra_classificada_conf=0.76 | fornecedor_privado | obrigacao_financeira_potencialmente_aberta | regime_14133_altamente_provavel | interregno_conservador_por_assinatura_gt_12m | document_request_parallel_action | Objeto classificado como obras_engenharia_geral (conf=0.76) | Interregno mínimo conservador confirmado (level=B_CONSERVATIVE_SIGNATURE_GT_12M; proxy=data_assinatura) | Interregno ≥12m na data-base efetiva (proxy:data_assinatura) [TEMPORAL_CANDIDATE_BY_PROXY],Regime 14.133 provável (ano/PNCP/menção) mas não comprovado em documento oficial | data-base exata do orçamento ausente — cálculo preciso bloqueado | maturidade_temporal_insuficiente,clausula_reajuste | data_base_orcamento_estimado | indice_ou_formula | texto_oficial_contrato_edital | medicoes | apostilas | memoria_reajuste,Oportunidade provável — enriquecer contato e documentos antes da abordagem.,Oportunidade provável — enriquecer contato e documentos antes da abordagem.,"Não afirmar valor devido, inadimplemento, crédito constituído ou reajuste definitivamente não pago sem verificação documental completa e revisão humana registrada.",Oportunidade provável — enriquecer contato e documentos antes da abordagem.,Enriquecer contato empresarial; manter na fila de leads prioritários.,"Saldo/medições indisponíveis — valor sobre total é teto teórico, não valor devido. | indice_contratual_ausente — não aplicar IPCA/INCC/SINAPI por plausibilidade",,,,False,True
182,LIKELY_ADJUSTMENT_OPPORTUNITY,DOCUMENT_REQUEST_CANDIDATE,SUL_SC_PRIORITY,69.85,97.0,17.5,83.6,69.85,sede_ou_execucao_sul | interregno_conservador_gt_12m | multi_contratos=8 | regime_14133_provavel_ou_comprovado,80237555000190,ANTONIO MORO & CIA LTDA,,PONTA GROSSA,PR,True,,,,8,PREFEITURA MUNICIPAL DE ORTIGUEIRA - PR | Prefeitura de Tibagi | Unidade administrativa,127327659.3,76175884000187-2-000351/2025,Unidade administrativa,LEGAL_REGIME_UNKNOWN,LIKELY_ADJUSTMENT_OPPORTUNITY,obra_classificada_conf=0.88 | fornecedor_privado | obrigacao_financeira_potencialmente_aberta | regime_14133_altamente_provavel | interregno_conservador_por_assinatura_gt_12m | document_request_parallel_action | Objeto classificado como pavimentacao_rodoviaria (conf=0.88) | Interregno mínimo conservador confirmado (level=B_CONSERVATIVE_SIGNATURE_GT_12M; proxy=data_assinatura) | Interregno ≥12m na data-base efetiva (proxy:data_assinatura) [TEMPORAL_CANDIDATE_BY_PROXY],Regime 14.133 provável (ano/PNCP/menção) mas não comprovado em documento oficial | data-base exata do orçamento ausente — cálculo preciso bloqueado | maturidade_temporal_insuficiente,clausula_reajuste | data_base_orcamento_estimado | indice_ou_formula | texto_oficial_contrato_edital | medicoes | apostilas | memoria_reajuste,Oportunidade provável — enriquecer contato e documentos antes da abordagem.,Oportunidade provável — enriquecer contato e documentos antes da abordagem.,"Não afirmar valor devido, inadimplemento, crédito constituído ou reajuste definitivamente não pago sem verificação documental completa e revisão humana registrada.",Oportunidade provável — enriquecer contato e documentos antes da abordagem.,Enriquecer contato empresarial; manter na fila de leads prioritários.,"Saldo/medições indisponíveis — valor sobre total é teto teórico, não valor devido. | indice_contratual_ausente — não aplicar IPCA/INCC/SINAPI por plausibilidade",,,,False,True
183,LIKELY_ADJUSTMENT_OPPORTUNITY,DOCUMENT_REQUEST_CANDIDATE,SUL_SC_PRIORITY,69.81,97.0,17.5,82.2,69.81,sede_ou_execucao_sul | interregno_conservador_gt_12m | multi_contratos=6 | regime_14133_provavel_ou_comprovado,37340810000105,TREVO PAVIMENTAÇÃO LTDA,,Goioerê,PR,True,,,,6,"PREFEITURA MUNICIPAL DE GOIOERE - PR | PREFEITURA MUNICIPAL DE NOVA AURORA - PR | SMGA - DEPART.DE GOVERNO, ASSESSORIA JURIDICA, PLANEJAMENTO E CONTROLADORIA | UNIDADE ADMINISTRATIVA",57791000.0,78198975000163-2-000014/2024,PREFEITURA MUNICIPAL DE GOIOERE - PR,LEGAL_REGIME_UNKNOWN,LIKELY_ADJUSTMENT_OPPORTUNITY,obra_classificada_conf=0.88 | fornecedor_privado | obrigacao_financeira_potencialmente_aberta | regime_14133_altamente_provavel | interregno_conservador_por_assinatura_gt_12m | document_request_parallel_action | Objeto classificado como pavimentacao_rodoviaria (conf=0.88) | Interregno mínimo conservador confirmado (level=B_CONSERVATIVE_SIGNATURE_GT_12M; proxy=data_assinatura) | Interregno ≥12m na data-base efetiva (proxy:data_assinatura) [TEMPORAL_CANDIDATE_BY_PROXY],Regime 14.133 provável (ano/PNCP/menção) mas não comprovado em documento oficial | data-base exata do orçamento ausente — cálculo preciso bloqueado | maturidade_temporal_insuficiente,clausula_reajuste | data_base_orcamento_estimado | indice_ou_formula | texto_oficial_contrato_edital | medicoes | apostilas | memoria_reajuste,Oportunidade provável — enriquecer contato e documentos antes da abordagem.,Oportunidade provável — enriquecer contato e documentos antes da abordagem.,"Não afirmar valor devido, inadimplemento, crédito constituído ou reajuste definitivamente não pago sem verificação documental completa e revisão humana registrada.",Oportunidade provável — enriquecer contato e documentos antes da abordagem.,Enriquecer contato empresarial; manter na fila de leads prioritários.,"Saldo/medições indisponíveis — valor sobre total é teto teórico, não valor devido. | indice_contratual_ausente — não aplicar IPCA/INCC/SINAPI por plausibilidade",,,,False,True
184,LIKELY_ADJUSTMENT_OPPORTUNITY,DOCUMENT_REQUEST_CANDIDATE,SUL_SC_PRIORITY,69.79,95.0,17.5,78.0,69.79,sede_ou_execucao_sul | interregno_conservador_gt_12m | multi_contratos=3 | regime_14133_provavel_ou_comprovado,88849773000198,STE SERVICOS TECNICOS DE ENGENHARIA SA,,CANOAS,RS,True,,,,3,DEPARTAMENTO AUTÔNOMO DE ESTRADAS DE RODAGEM | SUP. REG. DO DNIT NO EST.DO RIO GRANDE DO SUL,87856331.71,92883834000100-2-000034/2025,DEPARTAMENTO AUTÔNOMO DE ESTRADAS DE RODAGEM,LEGAL_REGIME_UNKNOWN,LIKELY_ADJUSTMENT_OPPORTUNITY,obra_classificada_conf=0.80 | fornecedor_privado | obrigacao_financeira_potencialmente_aberta | regime_14133_altamente_provavel | interregno_conservador_por_assinatura_gt_12m | document_request_parallel_action | Objeto classificado como pavimentacao_rodoviaria (conf=0.80) | Interregno mínimo conservador confirmado (level=B_CONSERVATIVE_SIGNATURE_GT_12M; proxy=data_assinatura) | Interregno ≥12m na data-base efetiva (proxy:data_assinatura) [TEMPORAL_CANDIDATE_BY_PROXY],Regime 14.133 provável (ano/PNCP/menção) mas não comprovado em documento oficial | data-base exata do orçamento ausente — cálculo preciso bloqueado,clausula_reajuste | data_base_orcamento_estimado | indice_ou_formula | texto_oficial_contrato_edital | medicoes | apostilas | memoria_reajuste,Oportunidade provável — enriquecer contato e documentos antes da abordagem.,Oportunidade provável — enriquecer contato e documentos antes da abordagem.,"Não afirmar valor devido, inadimplemento, crédito constituído ou reajuste definitivamente não pago sem verificação documental completa e revisão humana registrada.",Oportunidade provável — enriquecer contato e documentos antes da abordagem.,Enriquecer contato empresarial; manter na fila de leads prioritários.,"Saldo/medições indisponíveis — valor sobre total é teto teórico, não valor devido. | indice_contratual_ausente — não aplicar IPCA/INCC/SINAPI por plausibilidade",,,,False,True
185,LIKELY_ADJUSTMENT_OPPORTUNITY,DOCUMENT_REQUEST_CANDIDATE,SUL_SC_PRIORITY,69.72,90.0,17.5,86.6,69.72,sede_ou_execucao_sul | interregno_conservador_gt_12m | multi_contratos=2 | regime_14133_provavel_ou_comprovado,26472634000130,ENGECON SERVICOS DE ENGENHARIA LTDA,,JOINVILLE,SC,True,,,,2,Departamento de Educação | Prefeitura Municipal de Joinville - PMJ,14499999.0,83169623000110-2-000673/2024,Prefeitura Municipal de Joinville - PMJ,LEGAL_REGIME_UNKNOWN,LIKELY_ADJUSTMENT_OPPORTUNITY,obra_classificada_conf=0.60 | fornecedor_privado | obrigacao_financeira_potencialmente_aberta | regime_14133_altamente_provavel | interregno_conservador_por_assinatura_gt_12m | document_request_parallel_action | Objeto classificado como obras_engenharia_geral (conf=0.60) | Interregno mínimo conservador confirmado (level=B_CONSERVATIVE_SIGNATURE_GT_12M; proxy=data_assinatura) | Interregno ≥12m na data-base efetiva (proxy:data_assinatura) [TEMPORAL_CANDIDATE_BY_PROXY],Regime 14.133 provável (ano/PNCP/menção) mas não comprovado em documento oficial | data-base exata do orçamento ausente — cálculo preciso bloqueado | maturidade_temporal_insuficiente,clausula_reajuste | data_base_orcamento_estimado | indice_ou_formula | texto_oficial_contrato_edital | medicoes | apostilas | memoria_reajuste,Oportunidade provável — enriquecer contato e documentos antes da abordagem.,Oportunidade provável — enriquecer contato e documentos antes da abordagem.,"Não afirmar valor devido, inadimplemento, crédito constituído ou reajuste definitivamente não pago sem verificação documental completa e revisão humana registrada.",Oportunidade provável — enriquecer contato e documentos antes da abordagem.,Enriquecer contato empresarial; manter na fila de leads prioritários.,"Saldo/medições indisponíveis — valor sobre total é teto teórico, não valor devido. | indice_contratual_ausente — não aplicar IPCA/INCC/SINAPI por plausibilidade",,,,False,True
186,LIKELY_ADJUSTMENT_OPPORTUNITY,DOCUMENT_REQUEST_CANDIDATE,SUL_SC_PRIORITY,69.72,94.0,17.5,76.6,69.72,sede_ou_execucao_sul | interregno_conservador_gt_12m | regime_14133_provavel_ou_comprovado,59387178000180,CONSORCIO ORLA DE PONTAL,,Curitiba,PR,True,,,,1,IAT - Instituto Água e Terra (Antigo IAP),34500000.0,68596162000178-2-000014/2025,IAT - Instituto Água e Terra (Antigo IAP),LEGAL_REGIME_UNKNOWN,LIKELY_ADJUSTMENT_OPPORTUNITY,obra_classificada_conf=0.76 | fornecedor_privado | obrigacao_financeira_potencialmente_aberta | regime_14133_altamente_provavel | interregno_conservador_por_assinatura_gt_12m | document_request_parallel_action | Objeto classificado como obras_engenharia_geral (conf=0.76) | Interregno mínimo conservador confirmado (level=B_CONSERVATIVE_SIGNATURE_GT_12M; proxy=data_assinatura) | Interregno ≥12m na data-base efetiva (proxy:data_assinatura) [TEMPORAL_CANDIDATE_BY_PROXY],Regime 14.133 provável (ano/PNCP/menção) mas não comprovado em documento oficial | data-base exata do orçamento ausente — cálculo preciso bloqueado,clausula_reajuste | data_base_orcamento_estimado | indice_ou_formula | texto_oficial_contrato_edital | medicoes | apostilas | memoria_reajuste,Oportunidade provável — enriquecer contato e documentos antes da abordagem.,Oportunidade provável — enriquecer contato e documentos antes da abordagem.,"Não afirmar valor devido, inadimplemento, crédito constituído ou reajuste definitivamente não pago sem verificação documental completa e revisão humana registrada.",Oportunidade provável — enriquecer contato e documentos antes da abordagem.,Enriquecer contato empresarial; manter na fila de leads prioritários.,"Saldo/medições indisponíveis — valor sobre total é teto teórico, não valor devido. | indice_contratual_ausente — não aplicar IPCA/INCC/SINAPI por plausibilidade",,,,False,True
187,LIKELY_ADJUSTMENT_OPPORTUNITY,DOCUMENT_REQUEST_CANDIDATE,SUL_SC_PRIORITY,69.69,97.0,17.5,85.0,69.69,sede_ou_execucao_sul | interregno_conservador_gt_12m | multi_contratos=13 | regime_14133_provavel_ou_comprovado,00159291000165,ITAIPU INDUSTRIA E COMERCIO DE BRITAS E ASFALTO LTDA.,,CAMPO MOURAO,PR,True,,,,13,"DER - Departamento de Estradas de Rodagem do Estado do Paraná | Depto. Rodoviário e Operacional | Gabinete do Secretário de Mobilidade Urbana | Prefeitura de Engenheiro Beltrão | SECRETARIA MUN. DE OBRAS, VIAÇÃO E SERV. URBANOS | Unidade administrativa",302046786.65999997,75904524000106-2-000149/2024,Gabinete do Secretário de Mobilidade Urbana,LEGAL_REGIME_UNKNOWN,LIKELY_ADJUSTMENT_OPPORTUNITY,obra_classificada_conf=0.88 | fornecedor_privado | obrigacao_financeira_potencialmente_aberta | regime_14133_altamente_provavel | interregno_conservador_por_assinatura_gt_12m | document_request_parallel_action | Objeto classificado como pavimentacao_rodoviaria (conf=0.88) | Interregno mínimo conservador confirmado (level=B_CONSERVATIVE_SIGNATURE_GT_12M; proxy=data_assinatura) | Interregno ≥12m na data-base efetiva (proxy:data_assinatura) [TEMPORAL_CANDIDATE_BY_PROXY],Regime 14.133 provável (ano/PNCP/menção) mas não comprovado em documento oficial | data-base exata do orçamento ausente — cálculo preciso bloqueado | maturidade_temporal_insuficiente,clausula_reajuste | data_base_orcamento_estimado | indice_ou_formula | texto_oficial_contrato_edital | medicoes | apostilas | memoria_reajuste,Oportunidade provável — enriquecer contato e documentos antes da abordagem.,Oportunidade provável — enriquecer contato e documentos antes da abordagem.,"Não afirmar valor devido, inadimplemento, crédito constituído ou reajuste definitivamente não pago sem verificação documental completa e revisão humana registrada.",Oportunidade provável — enriquecer contato e documentos antes da abordagem.,Enriquecer contato empresarial; manter na fila de leads prioritários.,"Saldo/medições indisponíveis — valor sobre total é teto teórico, não valor devido. | indice_contratual_ausente — não aplicar IPCA/INCC/SINAPI por plausibilidade",,,,False,True
188,LIKELY_ADJUSTMENT_OPPORTUNITY,DOCUMENT_REQUEST_CANDIDATE,SUL_SC_PRIORITY,69.68,97.0,17.5,80.8,69.68,sede_ou_execucao_sul | interregno_conservador_gt_12m | regime_14133_provavel_ou_comprovado,02879936000160,ARENA PARTICIPAÇÕES SOCIETÁRIAS LTDA,,PONTA GROSSA,PR,True,,,,1,Unidade administrativa,8388000.0,76175884000187-2-000350/2025,Unidade administrativa,LEGAL_REGIME_UNKNOWN,LIKELY_ADJUSTMENT_OPPORTUNITY,obra_classificada_conf=0.88 | fornecedor_privado | obrigacao_financeira_potencialmente_aberta | regime_14133_altamente_provavel | interregno_conservador_por_assinatura_gt_12m | document_request_parallel_action | Objeto classificado como pavimentacao_rodoviaria (conf=0.88) | Interregno mínimo conservador confirmado (level=B_CONSERVATIVE_SIGNATURE_GT_12M; proxy=data_assinatura) | Interregno ≥12m na data-base efetiva (proxy:data_assinatura) [TEMPORAL_CANDIDATE_BY_PROXY],Regime 14.133 provável (ano/PNCP/menção) mas não comprovado em documento oficial | data-base exata do orçamento ausente — cálculo preciso bloqueado,clausula_reajuste | data_base_orcamento_estimado | indice_ou_formula | texto_oficial_contrato_edital | medicoes | apostilas | memoria_reajuste,Oportunidade provável — enriquecer contato e documentos antes da abordagem.,Oportunidade provável — enriquecer contato e documentos antes da abordagem.,"Não afirmar valor devido, inadimplemento, crédito constituído ou reajuste definitivamente não pago sem verificação documental completa e revisão humana registrada.",Oportunidade provável — enriquecer contato e documentos antes da abordagem.,Enriquecer contato empresarial; manter na fila de leads prioritários.,"Saldo/medições indisponíveis — valor sobre total é teto teórico, não valor devido. | indice_contratual_ausente — não aplicar IPCA/INCC/SINAPI por plausibilidade",,,,False,True
189,LIKELY_ADJUSTMENT_OPPORTUNITY,DOCUMENT_REQUEST_CANDIDATE,SUL_SC_PRIORITY,69.61,97.0,17.5,80.8,69.61,sede_ou_execucao_sul | interregno_conservador_gt_12m | multi_contratos=3 | regime_14133_provavel_ou_comprovado,33830043000153,ENECON ENGENHARIA LTDA,,PORTO ALEGRE,RS,True,,,,3,DEPARTAMENTO AUTÔNOMO DE ESTRADAS DE RODAGEM | DER - Departamento de Estradas de Rodagem do Estado do Paraná,52268359.94,76669324000189-2-000100/2025,DER - Departamento de Estradas de Rodagem do Estado do Paraná,LEGAL_REGIME_UNKNOWN,LIKELY_ADJUSTMENT_OPPORTUNITY,obra_classificada_conf=0.88 | fornecedor_privado | obrigacao_financeira_potencialmente_aberta | regime_14133_altamente_provavel | interregno_conservador_por_assinatura_gt_12m | document_request_parallel_action | Objeto classificado como pavimentacao_rodoviaria (conf=0.88) | Interregno mínimo conservador confirmado (level=B_CONSERVATIVE_SIGNATURE_GT_12M; proxy=data_assinatura) | Interregno ≥12m na data-base efetiva (proxy:data_assinatura) [TEMPORAL_CANDIDATE_BY_PROXY],Regime 14.133 provável (ano/PNCP/menção) mas não comprovado em documento oficial | data-base exata do orçamento ausente — cálculo preciso bloqueado,clausula_reajuste | data_base_orcamento_estimado | indice_ou_formula | texto_oficial_contrato_edital | medicoes | apostilas | memoria_reajuste,Oportunidade provável — enriquecer contato e documentos antes da abordagem.,Oportunidade provável — enriquecer contato e documentos antes da abordagem.,"Não afirmar valor devido, inadimplemento, crédito constituído ou reajuste definitivamente não pago sem verificação documental completa e revisão humana registrada.",Oportunidade provável — enriquecer contato e documentos antes da abordagem.,Enriquecer contato empresarial; manter na fila de leads prioritários.,"Saldo/medições indisponíveis — valor sobre total é teto teórico, não valor devido. | indice_contratual_ausente — não aplicar IPCA/INCC/SINAPI por plausibilidade",,,,False,True
190,LIKELY_ADJUSTMENT_OPPORTUNITY,DOCUMENT_REQUEST_CANDIDATE,SUL_SC_PRIORITY,69.57,97.0,17.5,80.8,69.57,sede_ou_execucao_sul | interregno_conservador_gt_12m | multi_contratos=4 | regime_14133_provavel_ou_comprovado,10949562000130,AXPAV TERRAPLENAGEM E PAVIMENTACAO LTDA,,ALVORADA DO SUL,PR,True,,,,4,"Coordenacao Geral - SMOP | DIVISAO DE FISCALIZACAO DE OBRAS E EDIFICACOES | GABINETE DO SECRETARIO-OBRAS, EDIFICACOES E VIACAO | Prefeitura Municipal de São Sebastião da Amoreira",50944000.0,75132860000188-2-000018/2024,"GABINETE DO SECRETARIO-OBRAS, EDIFICACOES E VIACAO",LEGAL_REGIME_UNKNOWN,LIKELY_ADJUSTMENT_OPPORTUNITY,obra_classificada_conf=0.88 | fornecedor_privado | obrigacao_financeira_potencialmente_aberta | regime_14133_altamente_provavel | interregno_conservador_por_assinatura_gt_12m | document_request_parallel_action | Objeto classificado como pavimentacao_rodoviaria (conf=0.88) | Interregno mínimo conservador confirmado (level=B_CONSERVATIVE_SIGNATURE_GT_12M; proxy=data_assinatura) | Interregno ≥12m na data-base efetiva (proxy:data_assinatura) [TEMPORAL_CANDIDATE_BY_PROXY],Regime 14.133 provável (ano/PNCP/menção) mas não comprovado em documento oficial | data-base exata do orçamento ausente — cálculo preciso bloqueado | maturidade_temporal_insuficiente,clausula_reajuste | data_base_orcamento_estimado | indice_ou_formula | texto_oficial_contrato_edital | medicoes | apostilas | memoria_reajuste,Oportunidade provável — enriquecer contato e documentos antes da abordagem.,Oportunidade provável — enriquecer contato e documentos antes da abordagem.,"Não afirmar valor devido, inadimplemento, crédito constituído ou reajuste definitivamente não pago sem verificação documental completa e revisão humana registrada.",Oportunidade provável — enriquecer contato e documentos antes da abordagem.,Enriquecer contato empresarial; manter na fila de leads prioritários.,"Saldo/medições indisponíveis — valor sobre total é teto teórico, não valor devido. | indice_contratual_ausente — não aplicar IPCA/INCC/SINAPI por plausibilidade",,,,False,True
191,LIKELY_ADJUSTMENT_OPPORTUNITY,DOCUMENT_REQUEST_CANDIDATE,SUL_SC_PRIORITY,69.53,95.0,17.5,78.0,69.53,sede_ou_execucao_sul | interregno_conservador_gt_12m | regime_14133_provavel_ou_comprovado,54432769000108,3E ENGENHARIA LTDA,,SARANDI,RS,True,,,,1,Município de Sarandi,21650000.0,97320030000117-2-000110/2024,Município de Sarandi,LEGAL_REGIME_UNKNOWN,LIKELY_ADJUSTMENT_OPPORTUNITY,obra_classificada_conf=0.80 | fornecedor_privado | obrigacao_financeira_potencialmente_aberta | regime_14133_altamente_provavel | interregno_conservador_por_assinatura_gt_12m | document_request_parallel_action | Objeto classificado como drenagem_urbanizacao (conf=0.80) | Interregno mínimo conservador confirmado (level=B_CONSERVATIVE_SIGNATURE_GT_12M; proxy=data_assinatura) | Interregno ≥12m na data-base efetiva (proxy:data_assinatura) [TEMPORAL_CANDIDATE_BY_PROXY],Regime 14.133 provável (ano/PNCP/menção) mas não comprovado em documento oficial | data-base exata do orçamento ausente — cálculo preciso bloqueado,clausula_reajuste | data_base_orcamento_estimado | indice_ou_formula | texto_oficial_contrato_edital | medicoes | apostilas | memoria_reajuste,Oportunidade provável — enriquecer contato e documentos antes da abordagem.,Oportunidade provável — enriquecer contato e documentos antes da abordagem.,"Não afirmar valor devido, inadimplemento, crédito constituído ou reajuste definitivamente não pago sem verificação documental completa e revisão humana registrada.",Oportunidade provável — enriquecer contato e documentos antes da abordagem.,Enriquecer contato empresarial; manter na fila de leads prioritários.,"Saldo/medições indisponíveis — valor sobre total é teto teórico, não valor devido. | indice_contratual_ausente — não aplicar IPCA/INCC/SINAPI por plausibilidade",,,,False,True
192,LIKELY_ADJUSTMENT_OPPORTUNITY,DOCUMENT_REQUEST_CANDIDATE,SUL_SC_PRIORITY,69.48,90.0,17.5,81.0,69.48,sede_ou_execucao_sul | interregno_conservador_gt_12m | multi_contratos=2 | regime_14133_provavel_ou_comprovado,13463036000153,TRATARE CONSTRUCOES EIRELI,,ARARANGUA,SC,True,,,,2,Sec Mun Administracao Planejamento-smap | Secr Mun dos Transportes - Smt,11748000.0,88696810000175-2-000063/2024,Sec Mun Administracao Planejamento-smap,LEGAL_REGIME_UNKNOWN,LIKELY_ADJUSTMENT_OPPORTUNITY,obra_classificada_conf=0.60 | fornecedor_privado | obrigacao_financeira_potencialmente_aberta | regime_14133_altamente_provavel | interregno_conservador_por_assinatura_gt_12m | document_request_parallel_action | Objeto classificado como obras_engenharia_geral (conf=0.60) | Interregno mínimo conservador confirmado (level=B_CONSERVATIVE_SIGNATURE_GT_12M; proxy=data_assinatura) | Interregno ≥12m na data-base efetiva (proxy:data_assinatura) [TEMPORAL_CANDIDATE_BY_PROXY],Regime 14.133 provável (ano/PNCP/menção) mas não comprovado em documento oficial | data-base exata do orçamento ausente — cálculo preciso bloqueado | maturidade_temporal_insuficiente,clausula_reajuste | data_base_orcamento_estimado | indice_ou_formula | texto_oficial_contrato_edital | medicoes | apostilas | memoria_reajuste,Oportunidade provável — enriquecer contato e documentos antes da abordagem.,Oportunidade provável — enriquecer contato e documentos antes da abordagem.,"Não afirmar valor devido, inadimplemento, crédito constituído ou reajuste definitivamente não pago sem verificação documental completa e revisão humana registrada.",Oportunidade provável — enriquecer contato e documentos antes da abordagem.,Enriquecer contato empresarial; manter na fila de leads prioritários.,"Saldo/medições indisponíveis — valor sobre total é teto teórico, não valor devido. | indice_contratual_ausente — não aplicar IPCA/INCC/SINAPI por plausibilidade",,,,False,True
193,LIKELY_ADJUSTMENT_OPPORTUNITY,DOCUMENT_REQUEST_CANDIDATE,SUL_SC_PRIORITY,69.48,90.0,17.5,81.0,69.48,sede_ou_execucao_sul | interregno_conservador_gt_12m | regime_14133_provavel_ou_comprovado,21179250000100,SHALON SERVICOS DE CONSERVACAO LTDA,,Florianópolis,SC,True,,,,1,Unidade Administrativa,5351999.52,04426883000157-2-000016/2024,Unidade Administrativa,LEGAL_REGIME_UNKNOWN,LIKELY_ADJUSTMENT_OPPORTUNITY,obra_classificada_conf=0.60 | fornecedor_privado | obrigacao_financeira_potencialmente_aberta | regime_14133_altamente_provavel | interregno_conservador_por_assinatura_gt_12m | document_request_parallel_action | Objeto classificado como obras_engenharia_geral (conf=0.60) | Interregno mínimo conservador confirmado (level=B_CONSERVATIVE_SIGNATURE_GT_12M; proxy=data_assinatura) | Interregno ≥12m na data-base efetiva (proxy:data_assinatura) [TEMPORAL_CANDIDATE_BY_PROXY],Regime 14.133 provável (ano/PNCP/menção) mas não comprovado em documento oficial | data-base exata do orçamento ausente — cálculo preciso bloqueado,clausula_reajuste | data_base_orcamento_estimado | indice_ou_formula | texto_oficial_contrato_edital | medicoes | apostilas | memoria_reajuste,Oportunidade provável — enriquecer contato e documentos antes da abordagem.,Oportunidade provável — enriquecer contato e documentos antes da abordagem.,"Não afirmar valor devido, inadimplemento, crédito constituído ou reajuste definitivamente não pago sem verificação documental completa e revisão humana registrada.",Oportunidade provável — enriquecer contato e documentos antes da abordagem.,Enriquecer contato empresarial; manter na fila de leads prioritários.,"Saldo/medições indisponíveis — valor sobre total é teto teórico, não valor devido. | indice_contratual_ausente — não aplicar IPCA/INCC/SINAPI por plausibilidade",,,,False,True
194,LIKELY_ADJUSTMENT_OPPORTUNITY,DOCUMENT_REQUEST_CANDIDATE,SUL_SC_PRIORITY,69.46,90.0,17.5,81.0,69.46,sede_ou_execucao_sul | interregno_conservador_gt_12m | regime_14133_provavel_ou_comprovado,06123883000103,CONSTRULACER COMERCIO E CONSTRUCOES LACERDOPOLIS LTDA,,Vargem Bonita,SC,True,,,,1,Fundo Municipal de Saúde de Vargem Bonita,5240000.0,10536938000184-2-000004/2024,Fundo Municipal de Saúde de Vargem Bonita,LEGAL_REGIME_UNKNOWN,LIKELY_ADJUSTMENT_OPPORTUNITY,obra_classificada_conf=0.60 | fornecedor_privado | obrigacao_financeira_potencialmente_aberta | regime_14133_altamente_provavel | interregno_conservador_por_assinatura_gt_12m | document_request_parallel_action | Objeto classificado como obras_engenharia_geral (conf=0.60) | Interregno mínimo conservador confirmado (level=B_CONSERVATIVE_SIGNATURE_GT_12M; proxy=data_assinatura) | Interregno ≥12m na data-base efetiva (proxy:data_assinatura) [TEMPORAL_CANDIDATE_BY_PROXY],Regime 14.133 provável (ano/PNCP/menção) mas não comprovado em documento oficial | data-base exata do orçamento ausente — cálculo preciso bloqueado,clausula_reajuste | data_base_orcamento_estimado | indice_ou_formula | texto_oficial_contrato_edital | medicoes | apostilas | memoria_reajuste,Oportunidade provável — enriquecer contato e documentos antes da abordagem.,Oportunidade provável — enriquecer contato e documentos antes da abordagem.,"Não afirmar valor devido, inadimplemento, crédito constituído ou reajuste definitivamente não pago sem verificação documental completa e revisão humana registrada.",Oportunidade provável — enriquecer contato e documentos antes da abordagem.,Enriquecer contato empresarial; manter na fila de leads prioritários.,"Saldo/medições indisponíveis — valor sobre total é teto teórico, não valor devido. | indice_contratual_ausente — não aplicar IPCA/INCC/SINAPI por plausibilidade",,,,False,True
195,LIKELY_ADJUSTMENT_OPPORTUNITY,DOCUMENT_REQUEST_CANDIDATE,SUL_SC_PRIORITY,69.45,95.5,17.5,80.8,69.45,sede_ou_execucao_sul | interregno_conservador_gt_12m | multi_contratos=6 | regime_14133_provavel_ou_comprovado,18728542000140,HIPERTEX  SERVICOS DE CONCRETAGEM LTDA,,São Luiz Gonzaga,RS,True,,,,6,Assessoria de Planejamento e Politicas Publicas | MUNICIPIO DE SAO LUIZ GONZAGA/RS | Prefeitura Municipal de São Gabriel,70221785.97,87613022000105-2-000241/2024,MUNICIPIO DE SAO LUIZ GONZAGA/RS,LEGAL_REGIME_UNKNOWN,LIKELY_ADJUSTMENT_OPPORTUNITY,obra_classificada_conf=0.82 | fornecedor_privado | obrigacao_financeira_potencialmente_aberta | regime_14133_altamente_provavel | interregno_conservador_por_assinatura_gt_12m | document_request_parallel_action | Objeto classificado como pavimentacao_rodoviaria (conf=0.82) | Interregno mínimo conservador confirmado (level=B_CONSERVATIVE_SIGNATURE_GT_12M; proxy=data_assinatura) | Interregno ≥12m na data-base efetiva (proxy:data_assinatura) [TEMPORAL_CANDIDATE_BY_PROXY],Regime 14.133 provável (ano/PNCP/menção) mas não comprovado em documento oficial | data-base exata do orçamento ausente — cálculo preciso bloqueado | maturidade_temporal_insuficiente,clausula_reajuste | data_base_orcamento_estimado | indice_ou_formula | texto_oficial_contrato_edital | medicoes | apostilas | memoria_reajuste,Oportunidade provável — enriquecer contato e documentos antes da abordagem.,Oportunidade provável — enriquecer contato e documentos antes da abordagem.,"Não afirmar valor devido, inadimplemento, crédito constituído ou reajuste definitivamente não pago sem verificação documental completa e revisão humana registrada.",Oportunidade provável — enriquecer contato e documentos antes da abordagem.,Enriquecer contato empresarial; manter na fila de leads prioritários.,"Saldo/medições indisponíveis — valor sobre total é teto teórico, não valor devido. | indice_contratual_ausente — não aplicar IPCA/INCC/SINAPI por plausibilidade",,,,False,True
196,LIKELY_ADJUSTMENT_OPPORTUNITY,DOCUMENT_REQUEST_CANDIDATE,SUL_SC_PRIORITY,69.43,94.0,17.5,76.6,69.43,sede_ou_execucao_sul | interregno_conservador_gt_12m | multi_contratos=2 | regime_14133_provavel_ou_comprovado,33980905000124,MAGNA ENGENHARIA LTDA,,PORTO ALEGRE,RS,True,,,,2,SUP. REG. DO DNIT NO EST.DO RIO GRANDE DO SUL,75862829.92,04892707000100-2-000162/2024,SUP. REG. DO DNIT NO EST.DO RIO GRANDE DO SUL,LEGAL_REGIME_UNKNOWN,LIKELY_ADJUSTMENT_OPPORTUNITY,obra_classificada_conf=0.76 | fornecedor_privado | obrigacao_financeira_potencialmente_aberta | regime_14133_altamente_provavel | interregno_conservador_por_assinatura_gt_12m | document_request_parallel_action | Objeto classificado como obras_engenharia_geral (conf=0.76) | Interregno mínimo conservador confirmado (level=B_CONSERVATIVE_SIGNATURE_GT_12M; proxy=data_assinatura) | Interregno ≥12m na data-base efetiva (proxy:data_assinatura) [TEMPORAL_CANDIDATE_BY_PROXY],Regime 14.133 provável (ano/PNCP/menção) mas não comprovado em documento oficial | data-base exata do orçamento ausente — cálculo preciso bloqueado,clausula_reajuste | data_base_orcamento_estimado | indice_ou_formula | texto_oficial_contrato_edital | medicoes | apostilas | memoria_reajuste,Oportunidade provável — enriquecer contato e documentos antes da abordagem.,Oportunidade provável — enriquecer contato e documentos antes da abordagem.,"Não afirmar valor devido, inadimplemento, crédito constituído ou reajuste definitivamente não pago sem verificação documental completa e revisão humana registrada.",Oportunidade provável — enriquecer contato e documentos antes da abordagem.,Enriquecer contato empresarial; manter na fila de leads prioritários.,"Saldo/medições indisponíveis — valor sobre total é teto teórico, não valor devido. | indice_contratual_ausente — não aplicar IPCA/INCC/SINAPI por plausibilidade",,,,False,True
197,LIKELY_ADJUSTMENT_OPPORTUNITY,DOCUMENT_REQUEST_CANDIDATE,SUL_SC_PRIORITY,69.42,97.0,17.5,82.2,69.42,sede_ou_execucao_sul | interregno_conservador_gt_12m | multi_contratos=3 | regime_14133_provavel_ou_comprovado,26277170000101,CONCRESUL ENGENHARIA LTDA,,BENTO GONCALVES,RS,True,,,,3,MUNICIPIO DE IVOTI | Município de Garibaldi | PM DE COTIPORÃ,28465646.97,88594999000195-2-000266/2024,Município de Garibaldi,LEGAL_REGIME_UNKNOWN,LIKELY_ADJUSTMENT_OPPORTUNITY,obra_classificada_conf=0.88 | fornecedor_privado | obrigacao_financeira_potencialmente_aberta | regime_14133_altamente_provavel | interregno_conservador_por_assinatura_gt_12m | document_request_parallel_action | Objeto classificado como pavimentacao_rodoviaria (conf=0.88) | Interregno mínimo conservador confirmado (level=B_CONSERVATIVE_SIGNATURE_GT_12M; proxy=data_assinatura) | Interregno ≥12m na data-base efetiva (proxy:data_assinatura) [TEMPORAL_CANDIDATE_BY_PROXY],Regime 14.133 provável (ano/PNCP/menção) mas não comprovado em documento oficial | data-base exata do orçamento ausente — cálculo preciso bloqueado | maturidade_temporal_insuficiente,clausula_reajuste | data_base_orcamento_estimado | indice_ou_formula | texto_oficial_contrato_edital | medicoes | apostilas | memoria_reajuste,Oportunidade provável — enriquecer contato e documentos antes da abordagem.,Oportunidade provável — enriquecer contato e documentos antes da abordagem.,"Não afirmar valor devido, inadimplemento, crédito constituído ou reajuste definitivamente não pago sem verificação documental completa e revisão humana registrada.",Oportunidade provável — enriquecer contato e documentos antes da abordagem.,Enriquecer contato empresarial; manter na fila de leads prioritários.,"Saldo/medições indisponíveis — valor sobre total é teto teórico, não valor devido. | indice_contratual_ausente — não aplicar IPCA/INCC/SINAPI por plausibilidade",,,,False,True
198,LIKELY_ADJUSTMENT_OPPORTUNITY,DOCUMENT_REQUEST_CANDIDATE,SUL_SC_PRIORITY,69.41,95.0,17.5,78.0,69.41,sede_ou_execucao_sul | interregno_conservador_gt_12m | regime_14133_provavel_ou_comprovado,59716326000162,CONSORCIO BITURUNA - ENGEMASS / ENGMETRIA,,Curitiba,PR,True,,,,1,DER - Departamento de Estradas de Rodagem do Estado do Paraná,20198000.0,76669324000189-2-000017/2025,DER - Departamento de Estradas de Rodagem do Estado do Paraná,LEGAL_REGIME_UNKNOWN,LIKELY_ADJUSTMENT_OPPORTUNITY,obra_classificada_conf=0.80 | fornecedor_privado | obrigacao_financeira_potencialmente_aberta | regime_14133_altamente_provavel | interregno_conservador_por_assinatura_gt_12m | document_request_parallel_action | Objeto classificado como pavimentacao_rodoviaria (conf=0.80) | Interregno mínimo conservador confirmado (level=B_CONSERVATIVE_SIGNATURE_GT_12M; proxy=data_assinatura) | Interregno ≥12m na data-base efetiva (proxy:data_assinatura) [TEMPORAL_CANDIDATE_BY_PROXY],Regime 14.133 provável (ano/PNCP/menção) mas não comprovado em documento oficial | data-base exata do orçamento ausente — cálculo preciso bloqueado,clausula_reajuste | data_base_orcamento_estimado | indice_ou_formula | texto_oficial_contrato_edital | medicoes | apostilas | memoria_reajuste,Oportunidade provável — enriquecer contato e documentos antes da abordagem.,Oportunidade provável — enriquecer contato e documentos antes da abordagem.,"Não afirmar valor devido, inadimplemento, crédito constituído ou reajuste definitivamente não pago sem verificação documental completa e revisão humana registrada.",Oportunidade provável — enriquecer contato e documentos antes da abordagem.,Enriquecer contato empresarial; manter na fila de leads prioritários.,"Saldo/medições indisponíveis — valor sobre total é teto teórico, não valor devido. | indice_contratual_ausente — não aplicar IPCA/INCC/SINAPI por plausibilidade",,,,False,True
199,LIKELY_ADJUSTMENT_OPPORTUNITY,DOCUMENT_REQUEST_CANDIDATE,SUL_SC_PRIORITY,69.4,97.0,17.5,80.8,69.4,sede_ou_execucao_sul | interregno_conservador_gt_12m | regime_14133_provavel_ou_comprovado,26453541000169,URBAN GREEN SERVIÇOS URBANÍSTICOS LTDA,,Medianeira,PR,True,,,,1,MUNICIPIO DE MEDIANEIRA,6390000.0,76206481000158-2-000041/2025,MUNICIPIO DE MEDIANEIRA,LEGAL_REGIME_UNKNOWN,LIKELY_ADJUSTMENT_OPPORTUNITY,obra_classificada_conf=0.88 | fornecedor_privado | obrigacao_financeira_potencialmente_aberta | regime_14133_altamente_provavel | interregno_conservador_por_assinatura_gt_12m | document_request_parallel_action | Objeto classificado como pavimentacao_rodoviaria (conf=0.88) | Interregno mínimo conservador confirmado (level=B_CONSERVATIVE_SIGNATURE_GT_12M; proxy=data_assinatura) | Interregno ≥12m na data-base efetiva (proxy:data_assinatura) [TEMPORAL_CANDIDATE_BY_PROXY],Regime 14.133 provável (ano/PNCP/menção) mas não comprovado em documento oficial | data-base exata do orçamento ausente — cálculo preciso bloqueado,clausula_reajuste | data_base_orcamento_estimado | indice_ou_formula | texto_oficial_contrato_edital | medicoes | apostilas | memoria_reajuste,Oportunidade provável — enriquecer contato e documentos antes da abordagem.,Oportunidade provável — enriquecer contato e documentos antes da abordagem.,"Não afirmar valor devido, inadimplemento, crédito constituído ou reajuste definitivamente não pago sem verificação documental completa e revisão humana registrada.",Oportunidade provável — enriquecer contato e documentos antes da abordagem.,Enriquecer contato empresarial; manter na fila de leads prioritários.,"Saldo/medições indisponíveis — valor sobre total é teto teórico, não valor devido. | indice_contratual_ausente — não aplicar IPCA/INCC/SINAPI por plausibilidade",,,,False,True
200,LIKELY_ADJUSTMENT_OPPORTUNITY,DOCUMENT_REQUEST_CANDIDATE,SUL_SC_PRIORITY,69.4,97.0,17.5,80.8,69.4,sede_ou_execucao_sul | interregno_conservador_gt_12m | regime_14133_provavel_ou_comprovado,40331747000147,R J A VICTOR CONSTRUTORA LTDA,,Umuarama,PR,True,,,,1,Unidade administrativa,6430000.0,76247378000156-2-000415/2024,Unidade administrativa,LEGAL_REGIME_UNKNOWN,LIKELY_ADJUSTMENT_OPPORTUNITY,obra_classificada_conf=0.88 | fornecedor_privado | obrigacao_financeira_potencialmente_aberta | regime_14133_altamente_provavel | interregno_conservador_por_assinatura_gt_12m | document_request_parallel_action | Objeto classificado como edificacoes (conf=0.88) | Interregno mínimo conservador confirmado (level=B_CONSERVATIVE_SIGNATURE_GT_12M; proxy=data_assinatura) | Interregno ≥12m na data-base efetiva (proxy:data_assinatura) [TEMPORAL_CANDIDATE_BY_PROXY],Regime 14.133 provável (ano/PNCP/menção) mas não comprovado em documento oficial | data-base exata do orçamento ausente — cálculo preciso bloqueado,clausula_reajuste | data_base_orcamento_estimado | indice_ou_formula | texto_oficial_contrato_edital | medicoes | apostilas | memoria_reajuste,Oportunidade provável — enriquecer contato e documentos antes da abordagem.,Oportunidade provável — enriquecer contato e documentos antes da abordagem.,"Não afirmar valor devido, inadimplemento, crédito constituído ou reajuste definitivamente não pago sem verificação documental completa e revisão humana registrada.",Oportunidade provável — enriquecer contato e documentos antes da abordagem.,Enriquecer contato empresarial; manter na fila de leads prioritários.,"Saldo/medições indisponíveis — valor sobre total é teto teórico, não valor devido. | indice_contratual_ausente — não aplicar IPCA/INCC/SINAPI por plausibilidade",,,,False,True
201,LIKELY_ADJUSTMENT_OPPORTUNITY,DOCUMENT_REQUEST_CANDIDATE,SUL_SC_PRIORITY,69.39,95.0,17.5,78.0,69.39,sede_ou_execucao_sul | interregno_conservador_gt_12m | multi_contratos=7 | regime_14133_provavel_ou_comprovado,81066953000154,KS CONSTRUTORA GALVAN LTDA,,DOIS VIZINHOS,PR,True,,,,7,FUNDEPAR - Instituto Paranaense de Desenvolvimento Educacional | MUNICÍPIO DE UBIRATÃ | PREFEITURA MUNICIPAL,108656412.0,22112109000153-2-000050/2024,FUNDEPAR - Instituto Paranaense de Desenvolvimento Educacional,LEGAL_REGIME_UNKNOWN,LIKELY_ADJUSTMENT_OPPORTUNITY,obra_classificada_conf=0.80 | fornecedor_privado | obrigacao_financeira_potencialmente_aberta | regime_14133_altamente_provavel | interregno_conservador_por_assinatura_gt_12m | document_request_parallel_action | Objeto classificado como obras_engenharia_geral (conf=0.80) | Interregno mínimo conservador confirmado (level=B_CONSERVATIVE_SIGNATURE_GT_12M; proxy=data_assinatura) | Interregno ≥12m na data-base efetiva (proxy:data_assinatura) [TEMPORAL_CANDIDATE_BY_PROXY],Regime 14.133 provável (ano/PNCP/menção) mas não comprovado em documento oficial | data-base exata do orçamento ausente — cálculo preciso bloqueado | maturidade_temporal_insuficiente,clausula_reajuste | data_base_orcamento_estimado | indice_ou_formula | texto_oficial_contrato_edital | medicoes | apostilas | memoria_reajuste,Oportunidade provável — enriquecer contato e documentos antes da abordagem.,Oportunidade provável — enriquecer contato e documentos antes da abordagem.,"Não afirmar valor devido, inadimplemento, crédito constituído ou reajuste definitivamente não pago sem verificação documental completa e revisão humana registrada.",Oportunidade provável — enriquecer contato e documentos antes da abordagem.,Enriquecer contato empresarial; manter na fila de leads prioritários.,"Saldo/medições indisponíveis — valor sobre total é teto teórico, não valor devido. | indice_contratual_ausente — não aplicar IPCA/INCC/SINAPI por plausibilidade",,,,False,True
202,LIKELY_ADJUSTMENT_OPPORTUNITY,DOCUMENT_REQUEST_CANDIDATE,SUL_SC_PRIORITY,69.38,97.0,17.5,80.8,69.38,sede_ou_execucao_sul | interregno_conservador_gt_12m | multi_contratos=4 | regime_14133_provavel_ou_comprovado,04345893000168,CONSTRUTORA TANGARA LTDA,,IRATI,PR,True,,,,4,"DEPARTAMENTO DE OBRAS | PREFEITURA MUNICIPAL DE MALLET - PR | SECRETARIA DE VIACAO, OBRAS E URBANISMO",30544362.090000004,01619323000120-2-000098/2024,"SECRETARIA DE VIACAO, OBRAS E URBANISMO",LEGAL_REGIME_UNKNOWN,LIKELY_ADJUSTMENT_OPPORTUNITY,obra_classificada_conf=0.88 | fornecedor_privado | obrigacao_financeira_potencialmente_aberta | regime_14133_altamente_provavel | interregno_conservador_por_assinatura_gt_12m | document_request_parallel_action | Objeto classificado como pavimentacao_rodoviaria (conf=0.88) | Interregno mínimo conservador confirmado (level=B_CONSERVATIVE_SIGNATURE_GT_12M; proxy=data_assinatura) | Interregno ≥12m na data-base efetiva (proxy:data_assinatura) [TEMPORAL_CANDIDATE_BY_PROXY],Regime 14.133 provável (ano/PNCP/menção) mas não comprovado em documento oficial | data-base exata do orçamento ausente — cálculo preciso bloqueado | maturidade_temporal_insuficiente,clausula_reajuste | data_base_orcamento_estimado | indice_ou_formula | texto_oficial_contrato_edital | medicoes | apostilas | memoria_reajuste,Oportunidade provável — enriquecer contato e documentos antes da abordagem.,Oportunidade provável — enriquecer contato e documentos antes da abordagem.,"Não afirmar valor devido, inadimplemento, crédito constituído ou reajuste definitivamente não pago sem verificação documental completa e revisão humana registrada.",Oportunidade provável — enriquecer contato e documentos antes da abordagem.,Enriquecer contato empresarial; manter na fila de leads prioritários.,"Saldo/medições indisponíveis — valor sobre total é teto teórico, não valor devido. | indice_contratual_ausente — não aplicar IPCA/INCC/SINAPI por plausibilidade",,,,False,True
203,LIKELY_ADJUSTMENT_OPPORTUNITY,DOCUMENT_REQUEST_CANDIDATE,SUL_SC_PRIORITY,69.37,96.0,17.5,79.4,69.37,sede_ou_execucao_sul | interregno_conservador_gt_12m | multi_contratos=4 | regime_14133_provavel_ou_comprovado,78917242000131,RECONSTRUL CONSTRUCOES CIVIS LTDA,,LONDRINA,PR,True,,,,4,Coordenacao Geral - SME | FUNDEPAR - Instituto Paranaense de Desenvolvimento Educacional | Manutenção e Desenvolvimento do Ensino - Infantil,31585570.0,22112109000153-2-000048/2024,FUNDEPAR - Instituto Paranaense de Desenvolvimento Educacional,LEGAL_REGIME_UNKNOWN,LIKELY_ADJUSTMENT_OPPORTUNITY,obra_classificada_conf=0.84 | fornecedor_privado | obrigacao_financeira_potencialmente_aberta | regime_14133_altamente_provavel | interregno_conservador_por_assinatura_gt_12m | document_request_parallel_action | Objeto classificado como pavimentacao_rodoviaria (conf=0.84) | Interregno mínimo conservador confirmado (level=B_CONSERVATIVE_SIGNATURE_GT_12M; proxy=data_assinatura) | Interregno ≥12m na data-base efetiva (proxy:data_assinatura) [TEMPORAL_CANDIDATE_BY_PROXY],Regime 14.133 provável (ano/PNCP/menção) mas não comprovado em documento oficial | data-base exata do orçamento ausente — cálculo preciso bloqueado | maturidade_temporal_insuficiente,clausula_reajuste | data_base_orcamento_estimado | indice_ou_formula | texto_oficial_contrato_edital | medicoes | apostilas | memoria_reajuste,Oportunidade provável — enriquecer contato e documentos antes da abordagem.,Oportunidade provável — enriquecer contato e documentos antes da abordagem.,"Não afirmar valor devido, inadimplemento, crédito constituído ou reajuste definitivamente não pago sem verificação documental completa e revisão humana registrada.",Oportunidade provável — enriquecer contato e documentos antes da abordagem.,Enriquecer contato empresarial; manter na fila de leads prioritários.,"Saldo/medições indisponíveis — valor sobre total é teto teórico, não valor devido. | indice_contratual_ausente — não aplicar IPCA/INCC/SINAPI por plausibilidade",,,,False,True
204,LIKELY_ADJUSTMENT_OPPORTUNITY,DOCUMENT_REQUEST_CANDIDATE,SUL_SC_PRIORITY,69.36,97.0,17.5,80.8,69.36,sede_ou_execucao_sul | interregno_conservador_gt_12m | regime_14133_provavel_ou_comprovado,79324083000124,ITAUBA INCORPORACOES E CONSTRUCOES LTDA,,Dois Vizinhos,PR,True,,,,1,PREFEITURA MUNICIPAL DE DOIS VIZINHOS - PR,6127000.0,76205640000108-2-000267/2024,PREFEITURA MUNICIPAL DE DOIS VIZINHOS - PR,LEGAL_REGIME_UNKNOWN,LIKELY_ADJUSTMENT_OPPORTUNITY,obra_classificada_conf=0.88 | fornecedor_privado | obrigacao_financeira_potencialmente_aberta | regime_14133_altamente_provavel | interregno_conservador_por_assinatura_gt_12m | document_request_parallel_action | Objeto classificado como pavimentacao_rodoviaria (conf=0.88) | Interregno mínimo conservador confirmado (level=B_CONSERVATIVE_SIGNATURE_GT_12M; proxy=data_assinatura) | Interregno ≥12m na data-base efetiva (proxy:data_assinatura) [TEMPORAL_CANDIDATE_BY_PROXY],Regime 14.133 provável (ano/PNCP/menção) mas não comprovado em documento oficial | data-base exata do orçamento ausente — cálculo preciso bloqueado,clausula_reajuste | data_base_orcamento_estimado | indice_ou_formula | texto_oficial_contrato_edital | medicoes | apostilas | memoria_reajuste,Oportunidade provável — enriquecer contato e documentos antes da abordagem.,Oportunidade provável — enriquecer contato e documentos antes da abordagem.,"Não afirmar valor devido, inadimplemento, crédito constituído ou reajuste definitivamente não pago sem verificação documental completa e revisão humana registrada.",Oportunidade provável — enriquecer contato e documentos antes da abordagem.,Enriquecer contato empresarial; manter na fila de leads prioritários.,"Saldo/medições indisponíveis — valor sobre total é teto teórico, não valor devido. | indice_contratual_ausente — não aplicar IPCA/INCC/SINAPI por plausibilidade",,,,False,True
205,LIKELY_ADJUSTMENT_OPPORTUNITY,DOCUMENT_REQUEST_CANDIDATE,SUL_SC_PRIORITY,69.33,94.0,17.5,76.6,69.33,sede_ou_execucao_sul | interregno_conservador_gt_12m | regime_14133_provavel_ou_comprovado,97404842000140,KRUM CONSTRUCOES E INCORPORACOES LTDA,,CASCAVEL,PR,True,,,,1,MINISTERIO PUBLICO DO ESTADO DO PARANA,28751000.0,78206307000130-2-000008/2024,MINISTERIO PUBLICO DO ESTADO DO PARANA,LEGAL_REGIME_UNKNOWN,LIKELY_ADJUSTMENT_OPPORTUNITY,obra_classificada_conf=0.76 | fornecedor_privado | obrigacao_financeira_potencialmente_aberta | regime_14133_altamente_provavel | interregno_conservador_por_assinatura_gt_12m | document_request_parallel_action | Objeto classificado como edificacoes (conf=0.76) | Interregno mínimo conservador confirmado (level=B_CONSERVATIVE_SIGNATURE_GT_12M; proxy=data_assinatura) | Interregno ≥12m na data-base efetiva (proxy:data_assinatura) [TEMPORAL_CANDIDATE_BY_PROXY],Regime 14.133 provável (ano/PNCP/menção) mas não comprovado em documento oficial | data-base exata do orçamento ausente — cálculo preciso bloqueado,clausula_reajuste | data_base_orcamento_estimado | indice_ou_formula | texto_oficial_contrato_edital | medicoes | apostilas | memoria_reajuste,Oportunidade provável — enriquecer contato e documentos antes da abordagem.,Oportunidade provável — enriquecer contato e documentos antes da abordagem.,"Não afirmar valor devido, inadimplemento, crédito constituído ou reajuste definitivamente não pago sem verificação documental completa e revisão humana registrada.",Oportunidade provável — enriquecer contato e documentos antes da abordagem.,Enriquecer contato empresarial; manter na fila de leads prioritários.,"Saldo/medições indisponíveis — valor sobre total é teto teórico, não valor devido. | indice_contratual_ausente — não aplicar IPCA/INCC/SINAPI por plausibilidade",,,,False,True
206,LIKELY_ADJUSTMENT_OPPORTUNITY,DOCUMENT_REQUEST_CANDIDATE,SUL_SC_PRIORITY,69.32,97.0,17.5,83.6,69.32,sede_ou_execucao_sul | interregno_conservador_gt_12m | multi_contratos=8 | regime_14133_provavel_ou_comprovado,05826387000153,"ALUGALILA - USINA DE ASFALTO, TRANSPORTES E SERVIÇOS LTDA",,PEROBAL,PR,True,,,,8,PREFEITURA MUNICIPAL | PREFEITURA MUNICIPAL DE PÉROLA | Secretaria Municipal de Agricultura | Unidade administrativa,60644985.0,76247352000108-2-000114/2024,Unidade administrativa,LEGAL_REGIME_UNKNOWN,LIKELY_ADJUSTMENT_OPPORTUNITY,obra_classificada_conf=0.88 | fornecedor_privado | obrigacao_financeira_potencialmente_aberta | regime_14133_altamente_provavel | interregno_conservador_por_assinatura_gt_12m | document_request_parallel_action | Objeto classificado como pavimentacao_rodoviaria (conf=0.88) | Interregno mínimo conservador confirmado (level=B_CONSERVATIVE_SIGNATURE_GT_12M; proxy=data_assinatura) | Interregno ≥12m na data-base efetiva (proxy:data_assinatura) [TEMPORAL_CANDIDATE_BY_PROXY],Regime 14.133 provável (ano/PNCP/menção) mas não comprovado em documento oficial | data-base exata do orçamento ausente — cálculo preciso bloqueado | maturidade_temporal_insuficiente,clausula_reajuste | data_base_orcamento_estimado | indice_ou_formula | texto_oficial_contrato_edital | medicoes | apostilas | memoria_reajuste,Oportunidade provável — enriquecer contato e documentos antes da abordagem.,Oportunidade provável — enriquecer contato e documentos antes da abordagem.,"Não afirmar valor devido, inadimplemento, crédito constituído ou reajuste definitivamente não pago sem verificação documental completa e revisão humana registrada.",Oportunidade provável — enriquecer contato e documentos antes da abordagem.,Enriquecer contato empresarial; manter na fila de leads prioritários.,"Saldo/medições indisponíveis — valor sobre total é teto teórico, não valor devido. | indice_contratual_ausente — não aplicar IPCA/INCC/SINAPI por plausibilidade",,,,False,True
207,LIKELY_ADJUSTMENT_OPPORTUNITY,DOCUMENT_REQUEST_CANDIDATE,SUL_SC_PRIORITY,69.3,97.0,17.5,85.0,69.3,sede_ou_execucao_sul | interregno_conservador_gt_12m | multi_contratos=12 | regime_14133_provavel_ou_comprovado,46782494000104,MINERPAV LTDA,,REALEZA,PR,True,,,,12,"DEPARTAMENTO DE OBRAS DE NOVA PRATA DO IGUAÇU | DEPARTAMENTO DE OBRAS E SERVICOS RODOVIARIOS | GABINETE DA SECRETARIA DE OBRAS | PREFEITURA MUNICIPAL DE SALTO DO LONTRA - PR | SECRETARIA DE PLANEJAMENTO, HABITACAO E URBANISMO",94088789.86000001,75927582000155-2-000018/2025,GABINETE DA SECRETARIA DE OBRAS,LEGAL_REGIME_UNKNOWN,LIKELY_ADJUSTMENT_OPPORTUNITY,obra_classificada_conf=0.88 | fornecedor_privado | obrigacao_financeira_potencialmente_aberta | regime_14133_altamente_provavel | interregno_conservador_por_assinatura_gt_12m | document_request_parallel_action | Objeto classificado como pavimentacao_rodoviaria (conf=0.88) | Interregno mínimo conservador confirmado (level=B_CONSERVATIVE_SIGNATURE_GT_12M; proxy=data_assinatura) | Interregno ≥12m na data-base efetiva (proxy:data_assinatura) [TEMPORAL_CANDIDATE_BY_PROXY],Regime 14.133 provável (ano/PNCP/menção) mas não comprovado em documento oficial | data-base exata do orçamento ausente — cálculo preciso bloqueado | maturidade_temporal_insuficiente,clausula_reajuste | data_base_orcamento_estimado | indice_ou_formula | texto_oficial_contrato_edital | medicoes | apostilas | memoria_reajuste,Oportunidade provável — enriquecer contato e documentos antes da abordagem.,Oportunidade provável — enriquecer contato e documentos antes da abordagem.,"Não afirmar valor devido, inadimplemento, crédito constituído ou reajuste definitivamente não pago sem verificação documental completa e revisão humana registrada.",Oportunidade provável — enriquecer contato e documentos antes da abordagem.,Enriquecer contato empresarial; manter na fila de leads prioritários.,"Saldo/medições indisponíveis — valor sobre total é teto teórico, não valor devido. | indice_contratual_ausente — não aplicar IPCA/INCC/SINAPI por plausibilidade",,,,False,True
208,LIKELY_ADJUSTMENT_OPPORTUNITY,DOCUMENT_REQUEST_CANDIDATE,SUL_SC_PRIORITY,69.29,94.0,17.5,76.6,69.29,sede_ou_execucao_sul | interregno_conservador_gt_12m | regime_14133_provavel_ou_comprovado,80359771000109,SIAL CONSTRUCOES CIVIS LTDA.,,CURITIBA,PR,True,,,,1,TRIBUNAL DE JUSTIÇA DO ESTADO DO RIO G.DO SUL,28148000.0,89522064000166-2-000317/2024,TRIBUNAL DE JUSTIÇA DO ESTADO DO RIO G.DO SUL,LEGAL_REGIME_UNKNOWN,LIKELY_ADJUSTMENT_OPPORTUNITY,obra_classificada_conf=0.76 | fornecedor_privado | obrigacao_financeira_potencialmente_aberta | regime_14133_altamente_provavel | interregno_conservador_por_assinatura_gt_12m | document_request_parallel_action | Objeto classificado como edificacoes (conf=0.76) | Interregno mínimo conservador confirmado (level=B_CONSERVATIVE_SIGNATURE_GT_12M; proxy=data_assinatura) | Interregno ≥12m na data-base efetiva (proxy:data_assinatura) [TEMPORAL_CANDIDATE_BY_PROXY],Regime 14.133 provável (ano/PNCP/menção) mas não comprovado em documento oficial | data-base exata do orçamento ausente — cálculo preciso bloqueado,clausula_reajuste | data_base_orcamento_estimado | indice_ou_formula | texto_oficial_contrato_edital | medicoes | apostilas | memoria_reajuste,Oportunidade provável — enriquecer contato e documentos antes da abordagem.,Oportunidade provável — enriquecer contato e documentos antes da abordagem.,"Não afirmar valor devido, inadimplemento, crédito constituído ou reajuste definitivamente não pago sem verificação documental completa e revisão humana registrada.",Oportunidade provável — enriquecer contato e documentos antes da abordagem.,Enriquecer contato empresarial; manter na fila de leads prioritários.,"Saldo/medições indisponíveis — valor sobre total é teto teórico, não valor devido. | indice_contratual_ausente — não aplicar IPCA/INCC/SINAPI por plausibilidade",,,,False,True
209,LIKELY_ADJUSTMENT_OPPORTUNITY,DOCUMENT_REQUEST_CANDIDATE,SUL_SC_PRIORITY,69.29,95.0,17.5,80.8,69.29,sede_ou_execucao_sul | interregno_conservador_gt_12m | multi_contratos=4 | regime_14133_provavel_ou_comprovado,95257945000108,CONSTRUBRAS CONSTRUTORA LTDA,,BARRA FUNDA,RS,True,,,,4,DEPARTAMENTO AUTÔNOMO DE ESTRADAS DE RODAGEM,105157189.94,92883834000100-2-000009/2024,DEPARTAMENTO AUTÔNOMO DE ESTRADAS DE RODAGEM,LEGAL_REGIME_UNKNOWN,LIKELY_ADJUSTMENT_OPPORTUNITY,obra_classificada_conf=0.76 | fornecedor_privado | obrigacao_financeira_potencialmente_aberta | regime_14133_altamente_provavel | interregno_conservador_por_assinatura_gt_12m | document_request_parallel_action | Objeto classificado como pavimentacao_rodoviaria (conf=0.76) | Interregno mínimo conservador confirmado (level=B_CONSERVATIVE_SIGNATURE_GT_12M; proxy=data_assinatura) | Interregno ≥12m na data-base efetiva (proxy:data_assinatura) [TEMPORAL_CANDIDATE_BY_PROXY],Regime 14.133 provável (ano/PNCP/menção) mas não comprovado em documento oficial | data-base exata do orçamento ausente — cálculo preciso bloqueado | maturidade_temporal_insuficiente,clausula_reajuste | data_base_orcamento_estimado | indice_ou_formula | texto_oficial_contrato_edital | medicoes | apostilas | memoria_reajuste,Oportunidade provável — enriquecer contato e documentos antes da abordagem.,Oportunidade provável — enriquecer contato e documentos antes da abordagem.,"Não afirmar valor devido, inadimplemento, crédito constituído ou reajuste definitivamente não pago sem verificação documental completa e revisão humana registrada.",Oportunidade provável — enriquecer contato e documentos antes da abordagem.,Enriquecer contato empresarial; manter na fila de leads prioritários.,"Saldo/medições indisponíveis — valor sobre total é teto teórico, não valor devido. | indice_contratual_ausente — não aplicar IPCA/INCC/SINAPI por plausibilidade",,,,False,True
210,LIKELY_ADJUSTMENT_OPPORTUNITY,DOCUMENT_REQUEST_CANDIDATE,SUL_SC_PRIORITY,69.25,97.0,17.5,80.8,69.25,sede_ou_execucao_sul | interregno_conservador_gt_12m | multi_contratos=4 | regime_14133_provavel_ou_comprovado,27227825000108,CIAPAV CONSTRUCOES CIVIS LTDA,,CIANORTE,PR,True,,,,4,"PREFEITURA MUNICIPAL DE JAPURÁ - PR | SECRETARIA DE TRANSPORTE, INFRAESTRUTURA E SERVICOS URBANOS | Unidade administrativa",26318000.0,76309806000128-2-000074/2024,Unidade administrativa,LEGAL_REGIME_UNKNOWN,LIKELY_ADJUSTMENT_OPPORTUNITY,obra_classificada_conf=0.88 | fornecedor_privado | obrigacao_financeira_potencialmente_aberta | regime_14133_altamente_provavel | interregno_conservador_por_assinatura_gt_12m | document_request_parallel_action | Objeto classificado como pavimentacao_rodoviaria (conf=0.88) | Interregno mínimo conservador confirmado (level=B_CONSERVATIVE_SIGNATURE_GT_12M; proxy=data_assinatura) | Interregno ≥12m na data-base efetiva (proxy:data_assinatura) [TEMPORAL_CANDIDATE_BY_PROXY],Regime 14.133 provável (ano/PNCP/menção) mas não comprovado em documento oficial | data-base exata do orçamento ausente — cálculo preciso bloqueado | maturidade_temporal_insuficiente,clausula_reajuste | data_base_orcamento_estimado | indice_ou_formula | texto_oficial_contrato_edital | medicoes | apostilas | memoria_reajuste,Oportunidade provável — enriquecer contato e documentos antes da abordagem.,Oportunidade provável — enriquecer contato e documentos antes da abordagem.,"Não afirmar valor devido, inadimplemento, crédito constituído ou reajuste definitivamente não pago sem verificação documental completa e revisão humana registrada.",Oportunidade provável — enriquecer contato e documentos antes da abordagem.,Enriquecer contato empresarial; manter na fila de leads prioritários.,"Saldo/medições indisponíveis — valor sobre total é teto teórico, não valor devido. | indice_contratual_ausente — não aplicar IPCA/INCC/SINAPI por plausibilidade",,,,False,True
211,LIKELY_ADJUSTMENT_OPPORTUNITY,DOCUMENT_REQUEST_CANDIDATE,SUL_SC_PRIORITY,69.25,97.0,17.5,85.0,69.25,sede_ou_execucao_sul | interregno_conservador_gt_12m | multi_contratos=8 | regime_14133_provavel_ou_comprovado,95818399000129,CARPENEDO & CIA LTDA,,SANTA ROSA,RS,True,,,,8,DEPARTAMENTO AUTÔNOMO DE ESTRADAS DE RODAGEM | MUNICIPIO DE SANTO ANGELO/RS | MUNICIPIO DE SANTO CRISTO/RS | SMO - SEÇÃO DE PAVIMENTAÇÃO | SMPH -  DEPTO DE PLANEJAMENTO URBANA | SUP. REG. DO DNIT NO EST.DO RIO GRANDE DO SUL,160451752.22,87612818000143-2-000075/2024,MUNICIPIO DE SANTO CRISTO/RS,LEGAL_REGIME_UNKNOWN,LIKELY_ADJUSTMENT_OPPORTUNITY,obra_classificada_conf=0.88 | fornecedor_privado | obrigacao_financeira_potencialmente_aberta | regime_14133_altamente_provavel | interregno_conservador_por_assinatura_gt_12m | document_request_parallel_action | Objeto classificado como pavimentacao_rodoviaria (conf=0.88) | Interregno mínimo conservador confirmado (level=B_CONSERVATIVE_SIGNATURE_GT_12M; proxy=data_assinatura) | Interregno ≥12m na data-base efetiva (proxy:data_assinatura) [TEMPORAL_CANDIDATE_BY_PROXY],Regime 14.133 provável (ano/PNCP/menção) mas não comprovado em documento oficial | data-base exata do orçamento ausente — cálculo preciso bloqueado | maturidade_temporal_insuficiente,clausula_reajuste | data_base_orcamento_estimado | indice_ou_formula | texto_oficial_contrato_edital | medicoes | apostilas | memoria_reajuste,Oportunidade provável — enriquecer contato e documentos antes da abordagem.,Oportunidade provável — enriquecer contato e documentos antes da abordagem.,"Não afirmar valor devido, inadimplemento, crédito constituído ou reajuste definitivamente não pago sem verificação documental completa e revisão humana registrada.",Oportunidade provável — enriquecer contato e documentos antes da abordagem.,Enriquecer contato empresarial; manter na fila de leads prioritários.,"Saldo/medições indisponíveis — valor sobre total é teto teórico, não valor devido. | indice_contratual_ausente — não aplicar IPCA/INCC/SINAPI por plausibilidade",,,,False,True
212,LIKELY_ADJUSTMENT_OPPORTUNITY,DOCUMENT_REQUEST_CANDIDATE,SUL_SC_PRIORITY,69.19,96.0,17.5,79.4,69.19,sede_ou_execucao_sul | interregno_conservador_gt_12m | multi_contratos=2 | regime_14133_provavel_ou_comprovado,13561077000182,D&D PAVIMENTACOES LTDA,,MARECHAL CANDIDO RONDON,PR,True,,,,2,PE - Secretaria Municipal de Infraestrutura | Secretaria Munl de Agricultura,30547000.0,76205814000124-2-000194/2024,PE - Secretaria Municipal de Infraestrutura,LEGAL_REGIME_UNKNOWN,LIKELY_ADJUSTMENT_OPPORTUNITY,obra_classificada_conf=0.84 | fornecedor_privado | obrigacao_financeira_potencialmente_aberta | regime_14133_altamente_provavel | interregno_conservador_por_assinatura_gt_12m | document_request_parallel_action | Objeto classificado como pavimentacao_rodoviaria (conf=0.84) | Interregno mínimo conservador confirmado (level=B_CONSERVATIVE_SIGNATURE_GT_12M; proxy=data_assinatura) | Interregno ≥12m na data-base efetiva (proxy:data_assinatura) [TEMPORAL_CANDIDATE_BY_PROXY],Regime 14.133 provável (ano/PNCP/menção) mas não comprovado em documento oficial | data-base exata do orçamento ausente — cálculo preciso bloqueado | maturidade_temporal_insuficiente,clausula_reajuste | data_base_orcamento_estimado | indice_ou_formula | texto_oficial_contrato_edital | medicoes | apostilas | memoria_reajuste,Oportunidade provável — enriquecer contato e documentos antes da abordagem.,Oportunidade provável — enriquecer contato e documentos antes da abordagem.,"Não afirmar valor devido, inadimplemento, crédito constituído ou reajuste definitivamente não pago sem verificação documental completa e revisão humana registrada.",Oportunidade provável — enriquecer contato e documentos antes da abordagem.,Enriquecer contato empresarial; manter na fila de leads prioritários.,"Saldo/medições indisponíveis — valor sobre total é teto teórico, não valor devido. | indice_contratual_ausente — não aplicar IPCA/INCC/SINAPI por plausibilidade",,,,False,True
213,LIKELY_ADJUSTMENT_OPPORTUNITY,DOCUMENT_REQUEST_CANDIDATE,SUL_SC_PRIORITY,69.11,96.0,17.5,80.8,69.11,sede_ou_execucao_sul | interregno_conservador_gt_12m | multi_contratos=6 | regime_14133_provavel_ou_comprovado,03030002000111,PAVIMENTACOES E TERRAPLENAGENS SCHMITT LTDA,,GUARAPUAVA,PR,True,,,,6,DER - Departamento de Estradas de Rodagem do Estado do Paraná | SECRETARIA DE OBRAS E SERVICOS PUBLICOS | Secretaria Mun Serviços e Obras Publicas | UNIDADE ADMINISTRATIVA,481861600.0,78279981000145-2-000049/2024,SECRETARIA DE OBRAS E SERVICOS PUBLICOS,LEGAL_REGIME_UNKNOWN,LIKELY_ADJUSTMENT_OPPORTUNITY,obra_classificada_conf=0.84 | fornecedor_privado | obrigacao_financeira_potencialmente_aberta | regime_14133_altamente_provavel | interregno_conservador_por_assinatura_gt_12m | document_request_parallel_action | Objeto classificado como pavimentacao_rodoviaria (conf=0.84) | Interregno mínimo conservador confirmado (level=B_CONSERVATIVE_SIGNATURE_GT_12M; proxy=data_assinatura) | Interregno ≥12m na data-base efetiva (proxy:data_assinatura) [TEMPORAL_CANDIDATE_BY_PROXY],Regime 14.133 provável (ano/PNCP/menção) mas não comprovado em documento oficial | data-base exata do orçamento ausente — cálculo preciso bloqueado | maturidade_temporal_insuficiente,clausula_reajuste | data_base_orcamento_estimado | indice_ou_formula | texto_oficial_contrato_edital | medicoes | apostilas | memoria_reajuste,Oportunidade provável — enriquecer contato e documentos antes da abordagem.,Oportunidade provável — enriquecer contato e documentos antes da abordagem.,"Não afirmar valor devido, inadimplemento, crédito constituído ou reajuste definitivamente não pago sem verificação documental completa e revisão humana registrada.",Oportunidade provável — enriquecer contato e documentos antes da abordagem.,Enriquecer contato empresarial; manter na fila de leads prioritários.,"Saldo/medições indisponíveis — valor sobre total é teto teórico, não valor devido. | indice_contratual_ausente — não aplicar IPCA/INCC/SINAPI por plausibilidade",,,,False,True
214,LIKELY_ADJUSTMENT_OPPORTUNITY,DOCUMENT_REQUEST_CANDIDATE,SUL_SC_PRIORITY,69.05,96.0,17.5,79.4,69.05,sede_ou_execucao_sul | interregno_conservador_gt_12m | regime_14133_provavel_ou_comprovado,57359712000119,CONSORCIO PR-471 GUARANIACU,,Curitiba,PR,True,,,,1,DER - Departamento de Estradas de Rodagem do Estado do Paraná,9299790.0,76669324000189-2-000086/2024,DER - Departamento de Estradas de Rodagem do Estado do Paraná,LEGAL_REGIME_UNKNOWN,LIKELY_ADJUSTMENT_OPPORTUNITY,obra_classificada_conf=0.84 | fornecedor_privado | obrigacao_financeira_potencialmente_aberta | regime_14133_altamente_provavel | interregno_conservador_por_assinatura_gt_12m | document_request_parallel_action | Objeto classificado como pavimentacao_rodoviaria (conf=0.84) | Interregno mínimo conservador confirmado (level=B_CONSERVATIVE_SIGNATURE_GT_12M; proxy=data_assinatura) | Interregno ≥12m na data-base efetiva (proxy:data_assinatura) [TEMPORAL_CANDIDATE_BY_PROXY],Regime 14.133 provável (ano/PNCP/menção) mas não comprovado em documento oficial | data-base exata do orçamento ausente — cálculo preciso bloqueado,clausula_reajuste | data_base_orcamento_estimado | indice_ou_formula | texto_oficial_contrato_edital | medicoes | apostilas | memoria_reajuste,Oportunidade provável — enriquecer contato e documentos antes da abordagem.,Oportunidade provável — enriquecer contato e documentos antes da abordagem.,"Não afirmar valor devido, inadimplemento, crédito constituído ou reajuste definitivamente não pago sem verificação documental completa e revisão humana registrada.",Oportunidade provável — enriquecer contato e documentos antes da abordagem.,Enriquecer contato empresarial; manter na fila de leads prioritários.,"Saldo/medições indisponíveis — valor sobre total é teto teórico, não valor devido. | indice_contratual_ausente — não aplicar IPCA/INCC/SINAPI por plausibilidade",,,,False,True
215,LIKELY_ADJUSTMENT_OPPORTUNITY,DOCUMENT_REQUEST_CANDIDATE,SUL_SC_PRIORITY,69.04,95.0,17.5,78.0,69.04,sede_ou_execucao_sul | interregno_conservador_gt_12m | regime_14133_provavel_ou_comprovado,30698840000130,JK  CONSTRUÇÕES LTDA,,Guarapuava,PR,True,,,,1,SME -  Secretaria de Educação,16135000.0,76178037000176-2-000089/2025,SME -  Secretaria de Educação,LEGAL_REGIME_UNKNOWN,LIKELY_ADJUSTMENT_OPPORTUNITY,obra_classificada_conf=0.80 | fornecedor_privado | obrigacao_financeira_potencialmente_aberta | regime_14133_altamente_provavel | interregno_conservador_por_assinatura_gt_12m | document_request_parallel_action | Objeto classificado como edificacoes (conf=0.80) | Interregno mínimo conservador confirmado (level=B_CONSERVATIVE_SIGNATURE_GT_12M; proxy=data_assinatura) | Interregno ≥12m na data-base efetiva (proxy:data_assinatura) [TEMPORAL_CANDIDATE_BY_PROXY],Regime 14.133 provável (ano/PNCP/menção) mas não comprovado em documento oficial | data-base exata do orçamento ausente — cálculo preciso bloqueado,clausula_reajuste | data_base_orcamento_estimado | indice_ou_formula | texto_oficial_contrato_edital | medicoes | apostilas | memoria_reajuste,Oportunidade provável — enriquecer contato e documentos antes da abordagem.,Oportunidade provável — enriquecer contato e documentos antes da abordagem.,"Não afirmar valor devido, inadimplemento, crédito constituído ou reajuste definitivamente não pago sem verificação documental completa e revisão humana registrada.",Oportunidade provável — enriquecer contato e documentos antes da abordagem.,Enriquecer contato empresarial; manter na fila de leads prioritários.,"Saldo/medições indisponíveis — valor sobre total é teto teórico, não valor devido. | indice_contratual_ausente — não aplicar IPCA/INCC/SINAPI por plausibilidade",,,,False,True
216,LIKELY_ADJUSTMENT_OPPORTUNITY,DOCUMENT_REQUEST_CANDIDATE,SUL_SC_PRIORITY,69.04,95.0,17.5,78.0,69.04,sede_ou_execucao_sul | interregno_conservador_gt_12m | regime_14133_provavel_ou_comprovado,57632705000149,ENGETAL ENGENHARIA E CONSTRUCOES LTDA,,Rio Branco do Sul,PR,True,,,,1,DEPARTAMENTO DE INFRAESTRUTURA ESCOLAR,16142443.0,76105576000185-2-000067/2025,DEPARTAMENTO DE INFRAESTRUTURA ESCOLAR,LEGAL_REGIME_UNKNOWN,LIKELY_ADJUSTMENT_OPPORTUNITY,obra_classificada_conf=0.80 | fornecedor_privado | obrigacao_financeira_potencialmente_aberta | regime_14133_altamente_provavel | interregno_conservador_por_assinatura_gt_12m | document_request_parallel_action | Objeto classificado como edificacoes (conf=0.80) | Interregno mínimo conservador confirmado (level=B_CONSERVATIVE_SIGNATURE_GT_12M; proxy=data_assinatura) | Interregno ≥12m na data-base efetiva (proxy:data_assinatura) [TEMPORAL_CANDIDATE_BY_PROXY],Regime 14.133 provável (ano/PNCP/menção) mas não comprovado em documento oficial | data-base exata do orçamento ausente — cálculo preciso bloqueado,clausula_reajuste | data_base_orcamento_estimado | indice_ou_formula | texto_oficial_contrato_edital | medicoes | apostilas | memoria_reajuste,Oportunidade provável — enriquecer contato e documentos antes da abordagem.,Oportunidade provável — enriquecer contato e documentos antes da abordagem.,"Não afirmar valor devido, inadimplemento, crédito constituído ou reajuste definitivamente não pago sem verificação documental completa e revisão humana registrada.",Oportunidade provável — enriquecer contato e documentos antes da abordagem.,Enriquecer contato empresarial; manter na fila de leads prioritários.,"Saldo/medições indisponíveis — valor sobre total é teto teórico, não valor devido. | indice_contratual_ausente — não aplicar IPCA/INCC/SINAPI por plausibilidade",,,,False,True
217,LIKELY_ADJUSTMENT_OPPORTUNITY,DOCUMENT_REQUEST_CANDIDATE,SUL_SC_PRIORITY,69.02,95.0,17.5,78.0,69.02,sede_ou_execucao_sul | interregno_conservador_gt_12m | regime_14133_provavel_ou_comprovado,24342072000185,MLOBATO ENGENHARIA LTDA,,Porto Alegre,RS,True,,,,1,TRIBUNAL REGIONAL DO TRABALHO DA 4A.REGIAO,15899990.35,00509968000148-2-002118/2023,TRIBUNAL REGIONAL DO TRABALHO DA 4A.REGIAO,LEGAL_REGIME_UNKNOWN,LIKELY_ADJUSTMENT_OPPORTUNITY,obra_classificada_conf=0.80 | fornecedor_privado | obrigacao_financeira_potencialmente_aberta | regime_14133_altamente_provavel | interregno_conservador_por_assinatura_gt_12m | document_request_parallel_action | Objeto classificado como edificacoes (conf=0.80) | Interregno mínimo conservador confirmado (level=B_CONSERVATIVE_SIGNATURE_GT_12M; proxy=data_assinatura) | Interregno ≥12m na data-base efetiva (proxy:data_assinatura) [TEMPORAL_CANDIDATE_BY_PROXY],Regime 14.133 provável (ano/PNCP/menção) mas não comprovado em documento oficial | data-base exata do orçamento ausente — cálculo preciso bloqueado,clausula_reajuste | data_base_orcamento_estimado | indice_ou_formula | texto_oficial_contrato_edital | medicoes | apostilas | memoria_reajuste,Oportunidade provável — enriquecer contato e documentos antes da abordagem.,Oportunidade provável — enriquecer contato e documentos antes da abordagem.,"Não afirmar valor devido, inadimplemento, crédito constituído ou reajuste definitivamente não pago sem verificação documental completa e revisão humana registrada.",Oportunidade provável — enriquecer contato e documentos antes da abordagem.,Enriquecer contato empresarial; manter na fila de leads prioritários.,"Saldo/medições indisponíveis — valor sobre total é teto teórico, não valor devido. | indice_contratual_ausente — não aplicar IPCA/INCC/SINAPI por plausibilidade",,,,False,True
218,LIKELY_ADJUSTMENT_OPPORTUNITY,DOCUMENT_REQUEST_CANDIDATE,SUL_SC_PRIORITY,69.02,96.0,17.5,80.8,69.02,sede_ou_execucao_sul | interregno_conservador_gt_12m | multi_contratos=3 | regime_14133_provavel_ou_comprovado,30745979000198,RMP PROJETOS E EXECUCOES LTDA,,IRATI,PR,True,,,,3,Unidade administrativa,26732000.0,75654574000182-2-000018/2024,Unidade administrativa,LEGAL_REGIME_UNKNOWN,LIKELY_ADJUSTMENT_OPPORTUNITY,obra_classificada_conf=0.84 | fornecedor_privado | obrigacao_financeira_potencialmente_aberta | regime_14133_altamente_provavel | interregno_conservador_por_assinatura_gt_12m | document_request_parallel_action | Objeto classificado como drenagem_urbanizacao (conf=0.84) | Interregno mínimo conservador confirmado (level=B_CONSERVATIVE_SIGNATURE_GT_12M; proxy=data_assinatura) | Interregno ≥12m na data-base efetiva (proxy:data_assinatura) [TEMPORAL_CANDIDATE_BY_PROXY],Regime 14.133 provável (ano/PNCP/menção) mas não comprovado em documento oficial | data-base exata do orçamento ausente — cálculo preciso bloqueado | maturidade_temporal_insuficiente,clausula_reajuste | data_base_orcamento_estimado | indice_ou_formula | texto_oficial_contrato_edital | medicoes | apostilas | memoria_reajuste,Oportunidade provável — enriquecer contato e documentos antes da abordagem.,Oportunidade provável — enriquecer contato e documentos antes da abordagem.,"Não afirmar valor devido, inadimplemento, crédito constituído ou reajuste definitivamente não pago sem verificação documental completa e revisão humana registrada.",Oportunidade provável — enriquecer contato e documentos antes da abordagem.,Enriquecer contato empresarial; manter na fila de leads prioritários.,"Saldo/medições indisponíveis — valor sobre total é teto teórico, não valor devido. | indice_contratual_ausente — não aplicar IPCA/INCC/SINAPI por plausibilidade",,,,False,True
219,LIKELY_ADJUSTMENT_OPPORTUNITY,DOCUMENT_REQUEST_CANDIDATE,SUL_SC_PRIORITY,69.01,96.0,17.5,79.4,69.01,sede_ou_execucao_sul | interregno_conservador_gt_12m | regime_14133_provavel_ou_comprovado,10375712000149,CONSTRUCOES MOOG LTDA,,São Leopoldo,RS,True,,,,1,Prefeitura Municipal de São Leopoldo,9000000.0,89814693000160-2-000006/2024,Prefeitura Municipal de São Leopoldo,LEGAL_REGIME_UNKNOWN,LIKELY_ADJUSTMENT_OPPORTUNITY,obra_classificada_conf=0.84 | fornecedor_privado | obrigacao_financeira_potencialmente_aberta | regime_14133_altamente_provavel | interregno_conservador_por_assinatura_gt_12m | document_request_parallel_action | Objeto classificado como edificacoes (conf=0.84) | Interregno mínimo conservador confirmado (level=B_CONSERVATIVE_SIGNATURE_GT_12M; proxy=data_assinatura) | Interregno ≥12m na data-base efetiva (proxy:data_assinatura) [TEMPORAL_CANDIDATE_BY_PROXY],Regime 14.133 provável (ano/PNCP/menção) mas não comprovado em documento oficial | data-base exata do orçamento ausente — cálculo preciso bloqueado,clausula_reajuste | data_base_orcamento_estimado | indice_ou_formula | texto_oficial_contrato_edital | medicoes | apostilas | memoria_reajuste,Oportunidade provável — enriquecer contato e documentos antes da abordagem.,Oportunidade provável — enriquecer contato e documentos antes da abordagem.,"Não afirmar valor devido, inadimplemento, crédito constituído ou reajuste definitivamente não pago sem verificação documental completa e revisão humana registrada.",Oportunidade provável — enriquecer contato e documentos antes da abordagem.,Enriquecer contato empresarial; manter na fila de leads prioritários.,"Saldo/medições indisponíveis — valor sobre total é teto teórico, não valor devido. | indice_contratual_ausente — não aplicar IPCA/INCC/SINAPI por plausibilidade",,,,False,True
220,LIKELY_ADJUSTMENT_OPPORTUNITY,DOCUMENT_REQUEST_CANDIDATE,SUL_SC_PRIORITY,68.99,96.0,17.5,79.4,68.99,sede_ou_execucao_sul | interregno_conservador_gt_12m | regime_14133_provavel_ou_comprovado,15277959000146,CONFERIR ENGENHARIA LTDA,,Porto Alegre,RS,True,,,,1,UNIVERSIDADE FED. DE CIENCIAS DA SAUDE/RS,8875000.0,92967595000177-2-000094/2025,UNIVERSIDADE FED. DE CIENCIAS DA SAUDE/RS,LEGAL_REGIME_UNKNOWN,LIKELY_ADJUSTMENT_OPPORTUNITY,obra_classificada_conf=0.84 | fornecedor_privado | obrigacao_financeira_potencialmente_aberta | regime_14133_altamente_provavel | interregno_conservador_por_assinatura_gt_12m | document_request_parallel_action | Objeto classificado como edificacoes (conf=0.84) | Interregno mínimo conservador confirmado (level=B_CONSERVATIVE_SIGNATURE_GT_12M; proxy=data_assinatura) | Interregno ≥12m na data-base efetiva (proxy:data_assinatura) [TEMPORAL_CANDIDATE_BY_PROXY],Regime 14.133 provável (ano/PNCP/menção) mas não comprovado em documento oficial | data-base exata do orçamento ausente — cálculo preciso bloqueado,clausula_reajuste | data_base_orcamento_estimado | indice_ou_formula | texto_oficial_contrato_edital | medicoes | apostilas | memoria_reajuste,Oportunidade provável — enriquecer contato e documentos antes da abordagem.,Oportunidade provável — enriquecer contato e documentos antes da abordagem.,"Não afirmar valor devido, inadimplemento, crédito constituído ou reajuste definitivamente não pago sem verificação documental completa e revisão humana registrada.",Oportunidade provável — enriquecer contato e documentos antes da abordagem.,Enriquecer contato empresarial; manter na fila de leads prioritários.,"Saldo/medições indisponíveis — valor sobre total é teto teórico, não valor devido. | indice_contratual_ausente — não aplicar IPCA/INCC/SINAPI por plausibilidade",,,,False,True
221,LIKELY_ADJUSTMENT_OPPORTUNITY,DOCUMENT_REQUEST_CANDIDATE,SUL_SC_PRIORITY,68.95,95.0,17.5,76.6,68.95,sede_ou_execucao_sul | interregno_conservador_gt_12m | multi_contratos=2 | regime_14133_provavel_ou_comprovado,76436146000146,TCE ENGENHARIA LTDA,,CURITIBA,PR,True,,,,2,DER - Departamento de Estradas de Rodagem do Estado do Paraná,111000000.0,76669324000189-2-000002/2023,DER - Departamento de Estradas de Rodagem do Estado do Paraná,LEGAL_REGIME_UNKNOWN,LIKELY_ADJUSTMENT_OPPORTUNITY,obra_classificada_conf=0.76 | fornecedor_privado | obrigacao_financeira_potencialmente_aberta | regime_14133_altamente_provavel | interregno_conservador_por_assinatura_gt_12m | document_request_parallel_action | Objeto classificado como obras_engenharia_geral (conf=0.76) | Interregno mínimo conservador confirmado (level=B_CONSERVATIVE_SIGNATURE_GT_12M; proxy=data_assinatura) | Interregno ≥12m na data-base efetiva (proxy:data_assinatura) [TEMPORAL_CANDIDATE_BY_PROXY],Regime 14.133 provável (ano/PNCP/menção) mas não comprovado em documento oficial | data-base exata do orçamento ausente — cálculo preciso bloqueado,clausula_reajuste | data_base_orcamento_estimado | indice_ou_formula | texto_oficial_contrato_edital | medicoes | apostilas | memoria_reajuste,Oportunidade provável — enriquecer contato e documentos antes da abordagem.,Oportunidade provável — enriquecer contato e documentos antes da abordagem.,"Não afirmar valor devido, inadimplemento, crédito constituído ou reajuste definitivamente não pago sem verificação documental completa e revisão humana registrada.",Oportunidade provável — enriquecer contato e documentos antes da abordagem.,Enriquecer contato empresarial; manter na fila de leads prioritários.,"Saldo/medições indisponíveis — valor sobre total é teto teórico, não valor devido. | indice_contratual_ausente — não aplicar IPCA/INCC/SINAPI por plausibilidade",,,,False,True
222,LIKELY_ADJUSTMENT_OPPORTUNITY,DOCUMENT_REQUEST_CANDIDATE,SUL_SC_PRIORITY,68.94,96.0,17.5,79.4,68.94,sede_ou_execucao_sul | interregno_conservador_gt_12m | multi_contratos=2 | regime_14133_provavel_ou_comprovado,90932401000253,PAP CONSTRUTORA E INCORPORADORA LTDA,,LAJEADO,RS,True,,,,2,MUNICIPIO DE ENCANTADO | SECRETARIA MUN AGRICULTURA,13852900.0,87246120000151-2-000187/2024,SECRETARIA MUN AGRICULTURA,LEGAL_REGIME_UNKNOWN,LIKELY_ADJUSTMENT_OPPORTUNITY,obra_classificada_conf=0.84 | fornecedor_privado | obrigacao_financeira_potencialmente_aberta | regime_14133_altamente_provavel | interregno_conservador_por_assinatura_gt_12m | document_request_parallel_action | Objeto classificado como pavimentacao_rodoviaria (conf=0.84) | Interregno mínimo conservador confirmado (level=B_CONSERVATIVE_SIGNATURE_GT_12M; proxy=data_assinatura) | Interregno ≥12m na data-base efetiva (proxy:data_assinatura) [TEMPORAL_CANDIDATE_BY_PROXY],Regime 14.133 provável (ano/PNCP/menção) mas não comprovado em documento oficial | data-base exata do orçamento ausente — cálculo preciso bloqueado | maturidade_temporal_insuficiente,clausula_reajuste | data_base_orcamento_estimado | indice_ou_formula | texto_oficial_contrato_edital | medicoes | apostilas | memoria_reajuste,Oportunidade provável — enriquecer contato e documentos antes da abordagem.,Oportunidade provável — enriquecer contato e documentos antes da abordagem.,"Não afirmar valor devido, inadimplemento, crédito constituído ou reajuste definitivamente não pago sem verificação documental completa e revisão humana registrada.",Oportunidade provável — enriquecer contato e documentos antes da abordagem.,Enriquecer contato empresarial; manter na fila de leads prioritários.,"Saldo/medições indisponíveis — valor sobre total é teto teórico, não valor devido. | indice_contratual_ausente — não aplicar IPCA/INCC/SINAPI por plausibilidade",,,,False,True
223,LIKELY_ADJUSTMENT_OPPORTUNITY,DOCUMENT_REQUEST_CANDIDATE,SUL_SC_PRIORITY,68.92,94.0,17.5,76.6,68.92,sede_ou_execucao_sul | interregno_conservador_gt_12m | multi_contratos=2 | regime_14133_provavel_ou_comprovado,79957791000100,CONSTRUTORA ABAPAN LTDA.,,CASCAVEL,PR,True,,,,2,TRIBUNAL DE JUSTIÇA DO ESTADO DO RIO G.DO SUL,214039998.22,89522064000166-2-000357/2024,TRIBUNAL DE JUSTIÇA DO ESTADO DO RIO G.DO SUL,LEGAL_REGIME_UNKNOWN,LIKELY_ADJUSTMENT_OPPORTUNITY,obra_classificada_conf=0.76 | fornecedor_privado | obrigacao_financeira_potencialmente_aberta | regime_14133_altamente_provavel | interregno_conservador_por_assinatura_gt_12m | document_request_parallel_action | Objeto classificado como edificacoes (conf=0.76) | Interregno mínimo conservador confirmado (level=B_CONSERVATIVE_SIGNATURE_GT_12M; proxy=data_assinatura) | Interregno ≥12m na data-base efetiva (proxy:data_assinatura) [TEMPORAL_CANDIDATE_BY_PROXY],Regime 14.133 provável (ano/PNCP/menção) mas não comprovado em documento oficial | data-base exata do orçamento ausente — cálculo preciso bloqueado | maturidade_temporal_insuficiente,clausula_reajuste | data_base_orcamento_estimado | indice_ou_formula | texto_oficial_contrato_edital | medicoes | apostilas | memoria_reajuste,Oportunidade provável — enriquecer contato e documentos antes da abordagem.,Oportunidade provável — enriquecer contato e documentos antes da abordagem.,"Não afirmar valor devido, inadimplemento, crédito constituído ou reajuste definitivamente não pago sem verificação documental completa e revisão humana registrada.",Oportunidade provável — enriquecer contato e documentos antes da abordagem.,Enriquecer contato empresarial; manter na fila de leads prioritários.,"Saldo/medições indisponíveis — valor sobre total é teto teórico, não valor devido. | indice_contratual_ausente — não aplicar IPCA/INCC/SINAPI por plausibilidade",,,,False,True
224,LIKELY_ADJUSTMENT_OPPORTUNITY,DOCUMENT_REQUEST_CANDIDATE,SUL_SC_PRIORITY,68.9,94.0,17.5,76.6,68.9,sede_ou_execucao_sul | interregno_conservador_gt_12m | regime_14133_provavel_ou_comprovado,13168343000101,INFOCABLE INFRAESTRUTURA E TECNOLOGIA LTDA,,IBIPORA,PR,True,,,,1,TRIBUNAL REGIONAL ELEITORAL DO PARANA,23108808.68,00509018000113-2-000015/2025,TRIBUNAL REGIONAL ELEITORAL DO PARANA,LEGAL_REGIME_UNKNOWN,LIKELY_ADJUSTMENT_OPPORTUNITY,obra_classificada_conf=0.76 | fornecedor_privado | obrigacao_financeira_potencialmente_aberta | regime_14133_altamente_provavel | interregno_conservador_por_assinatura_gt_12m | document_request_parallel_action | Objeto classificado como edificacoes (conf=0.76) | Interregno mínimo conservador confirmado (level=B_CONSERVATIVE_SIGNATURE_GT_12M; proxy=data_assinatura) | Interregno ≥12m na data-base efetiva (proxy:data_assinatura) [TEMPORAL_CANDIDATE_BY_PROXY],Regime 14.133 provável (ano/PNCP/menção) mas não comprovado em documento oficial | data-base exata do orçamento ausente — cálculo preciso bloqueado,clausula_reajuste | data_base_orcamento_estimado | indice_ou_formula | texto_oficial_contrato_edital | medicoes | apostilas | memoria_reajuste,Oportunidade provável — enriquecer contato e documentos antes da abordagem.,Oportunidade provável — enriquecer contato e documentos antes da abordagem.,"Não afirmar valor devido, inadimplemento, crédito constituído ou reajuste definitivamente não pago sem verificação documental completa e revisão humana registrada.",Oportunidade provável — enriquecer contato e documentos antes da abordagem.,Enriquecer contato empresarial; manter na fila de leads prioritários.,"Saldo/medições indisponíveis — valor sobre total é teto teórico, não valor devido. | indice_contratual_ausente — não aplicar IPCA/INCC/SINAPI por plausibilidade",,,,False,True
225,LIKELY_ADJUSTMENT_OPPORTUNITY,DOCUMENT_REQUEST_CANDIDATE,SUL_SC_PRIORITY,68.89,96.0,17.5,79.4,68.89,sede_ou_execucao_sul | interregno_conservador_gt_12m | regime_14133_provavel_ou_comprovado,88291018000130,DALFOVO TRANSPORTES E TERRAPLENAGEM LTDA,,São Marcos,RS,True,,,,1,Município de São Marcos,8057071.42,88818299000137-2-000065/2024,Município de São Marcos,LEGAL_REGIME_UNKNOWN,LIKELY_ADJUSTMENT_OPPORTUNITY,obra_classificada_conf=0.84 | fornecedor_privado | obrigacao_financeira_potencialmente_aberta | regime_14133_altamente_provavel | interregno_conservador_por_assinatura_gt_12m | document_request_parallel_action | Objeto classificado como pavimentacao_rodoviaria (conf=0.84) | Interregno mínimo conservador confirmado (level=B_CONSERVATIVE_SIGNATURE_GT_12M; proxy=data_assinatura) | Interregno ≥12m na data-base efetiva (proxy:data_assinatura) [TEMPORAL_CANDIDATE_BY_PROXY],Regime 14.133 provável (ano/PNCP/menção) mas não comprovado em documento oficial | data-base exata do orçamento ausente — cálculo preciso bloqueado,clausula_reajuste | data_base_orcamento_estimado | indice_ou_formula | texto_oficial_contrato_edital | medicoes | apostilas | memoria_reajuste,Oportunidade provável — enriquecer contato e documentos antes da abordagem.,Oportunidade provável — enriquecer contato e documentos antes da abordagem.,"Não afirmar valor devido, inadimplemento, crédito constituído ou reajuste definitivamente não pago sem verificação documental completa e revisão humana registrada.",Oportunidade provável — enriquecer contato e documentos antes da abordagem.,Enriquecer contato empresarial; manter na fila de leads prioritários.,"Saldo/medições indisponíveis — valor sobre total é teto teórico, não valor devido. | indice_contratual_ausente — não aplicar IPCA/INCC/SINAPI por plausibilidade",,,,False,True
226,LIKELY_ADJUSTMENT_OPPORTUNITY,DOCUMENT_REQUEST_CANDIDATE,SUL_SC_PRIORITY,68.87,96.0,17.5,79.4,68.87,sede_ou_execucao_sul | interregno_conservador_gt_12m | regime_14133_provavel_ou_comprovado,04255148000128,ENGEMAC CONSTRUCOES LTDA,,Campo Mourão,PR,True,,,,1,Gerência de Serviços Especializados - GERSE,7947596.92,75904524000106-2-000073/2025,Gerência de Serviços Especializados - GERSE,LEGAL_REGIME_UNKNOWN,LIKELY_ADJUSTMENT_OPPORTUNITY,obra_classificada_conf=0.84 | fornecedor_privado | obrigacao_financeira_potencialmente_aberta | regime_14133_altamente_provavel | interregno_conservador_por_assinatura_gt_12m | document_request_parallel_action | Objeto classificado como obras_infraestrutura (conf=0.84) | Interregno mínimo conservador confirmado (level=B_CONSERVATIVE_SIGNATURE_GT_12M; proxy=data_assinatura) | Interregno ≥12m na data-base efetiva (proxy:data_assinatura) [TEMPORAL_CANDIDATE_BY_PROXY],Regime 14.133 provável (ano/PNCP/menção) mas não comprovado em documento oficial | data-base exata do orçamento ausente — cálculo preciso bloqueado,clausula_reajuste | data_base_orcamento_estimado | indice_ou_formula | texto_oficial_contrato_edital | medicoes | apostilas | memoria_reajuste,Oportunidade provável — enriquecer contato e documentos antes da abordagem.,Oportunidade provável — enriquecer contato e documentos antes da abordagem.,"Não afirmar valor devido, inadimplemento, crédito constituído ou reajuste definitivamente não pago sem verificação documental completa e revisão humana registrada.",Oportunidade provável — enriquecer contato e documentos antes da abordagem.,Enriquecer contato empresarial; manter na fila de leads prioritários.,"Saldo/medições indisponíveis — valor sobre total é teto teórico, não valor devido. | indice_contratual_ausente — não aplicar IPCA/INCC/SINAPI por plausibilidade",,,,False,True
227,LIKELY_ADJUSTMENT_OPPORTUNITY,DOCUMENT_REQUEST_CANDIDATE,SUL_SC_PRIORITY,68.83,96.0,17.5,83.6,68.83,sede_ou_execucao_sul | interregno_conservador_gt_12m | multi_contratos=3 | regime_14133_provavel_ou_comprovado,19406928000107,TECHPAVI PAVIMENTAÇÃO LTDA,,ARAPONGAS,PR,True,,,,3,"Manutenção dos Serviços da Secretaria Municipal de Obras, Transporte e Desenvolvimento Urbano | Secretaria Municipal de Infraestrutura e Servicos Publicos | Unidade administrativa",19673592.7,76958966000106-2-000205/2024,"Manutenção dos Serviços da Secretaria Municipal de Obras, Transporte e Desenvolvimento Urbano",LEGAL_REGIME_UNKNOWN,LIKELY_ADJUSTMENT_OPPORTUNITY,obra_classificada_conf=0.84 | fornecedor_privado | obrigacao_financeira_potencialmente_aberta | regime_14133_altamente_provavel | interregno_conservador_por_assinatura_gt_12m | document_request_parallel_action | Objeto classificado como pavimentacao_rodoviaria (conf=0.84) | Interregno mínimo conservador confirmado (level=B_CONSERVATIVE_SIGNATURE_GT_12M; proxy=data_assinatura) | Interregno ≥12m na data-base efetiva (proxy:data_assinatura) [TEMPORAL_CANDIDATE_BY_PROXY],Regime 14.133 provável (ano/PNCP/menção) mas não comprovado em documento oficial | data-base exata do orçamento ausente — cálculo preciso bloqueado | maturidade_temporal_insuficiente,clausula_reajuste | data_base_orcamento_estimado | indice_ou_formula | texto_oficial_contrato_edital | medicoes | apostilas | memoria_reajuste,Oportunidade provável — enriquecer contato e documentos antes da abordagem.,Oportunidade provável — enriquecer contato e documentos antes da abordagem.,"Não afirmar valor devido, inadimplemento, crédito constituído ou reajuste definitivamente não pago sem verificação documental completa e revisão humana registrada.",Oportunidade provável — enriquecer contato e documentos antes da abordagem.,Enriquecer contato empresarial; manter na fila de leads prioritários.,"Saldo/medições indisponíveis — valor sobre total é teto teórico, não valor devido. | indice_contratual_ausente — não aplicar IPCA/INCC/SINAPI por plausibilidade",,,,False,True
228,LIKELY_ADJUSTMENT_OPPORTUNITY,DOCUMENT_REQUEST_CANDIDATE,SUL_SC_PRIORITY,68.82,95.0,17.5,78.0,68.82,sede_ou_execucao_sul | interregno_conservador_gt_12m | multi_contratos=4 | regime_14133_provavel_ou_comprovado,27097119000180,C S MAGON CONSTRUTORA LTDA,,CAMBIRA,PR,True,,,,4,FUNDEPAR - Instituto Paranaense de Desenvolvimento Educacional | FUNDO MUNICIPAL DE SAÚDE | TRIBUNAL DE JUSTIÇA DO EST. DE SANTA CATARINA,69135971.19,83845701000159-2-000027/2025,TRIBUNAL DE JUSTIÇA DO EST. DE SANTA CATARINA,LEGAL_REGIME_UNKNOWN,LIKELY_ADJUSTMENT_OPPORTUNITY,obra_classificada_conf=0.76 | fornecedor_privado | obrigacao_financeira_potencialmente_aberta | regime_14133_altamente_provavel | interregno_conservador_por_assinatura_gt_12m | document_request_parallel_action | Objeto classificado como obras_infraestrutura (conf=0.76) | Interregno mínimo conservador confirmado (level=B_CONSERVATIVE_SIGNATURE_GT_12M; proxy=data_assinatura) | Interregno ≥12m na data-base efetiva (proxy:data_assinatura) [TEMPORAL_CANDIDATE_BY_PROXY],Regime 14.133 provável (ano/PNCP/menção) mas não comprovado em documento oficial | data-base exata do orçamento ausente — cálculo preciso bloqueado,clausula_reajuste | data_base_orcamento_estimado | indice_ou_formula | texto_oficial_contrato_edital | medicoes | apostilas | memoria_reajuste,Oportunidade provável — enriquecer contato e documentos antes da abordagem.,Oportunidade provável — enriquecer contato e documentos antes da abordagem.,"Não afirmar valor devido, inadimplemento, crédito constituído ou reajuste definitivamente não pago sem verificação documental completa e revisão humana registrada.",Oportunidade provável — enriquecer contato e documentos antes da abordagem.,Enriquecer contato empresarial; manter na fila de leads prioritários.,"Saldo/medições indisponíveis — valor sobre total é teto teórico, não valor devido. | indice_contratual_ausente — não aplicar IPCA/INCC/SINAPI por plausibilidade",,,,False,True
229,LIKELY_ADJUSTMENT_OPPORTUNITY,DOCUMENT_REQUEST_CANDIDATE,SUL_SC_PRIORITY,68.81,96.0,17.5,79.4,68.81,sede_ou_execucao_sul | interregno_conservador_gt_12m | multi_contratos=5 | regime_14133_provavel_ou_comprovado,02586175000158,PROENERG ENGENHARIA LTDA,,CASCAVEL,PR,True,,,,5,CONSELHO REG.DE ENGENHARIA E AGRONOMIA DO PR,37018853.25,76639384000159-2-000080/2025,CONSELHO REG.DE ENGENHARIA E AGRONOMIA DO PR,LEGAL_REGIME_UNKNOWN,LIKELY_ADJUSTMENT_OPPORTUNITY,obra_classificada_conf=0.84 | fornecedor_privado | obrigacao_financeira_potencialmente_aberta | regime_14133_altamente_provavel | interregno_conservador_por_assinatura_gt_12m | document_request_parallel_action | Objeto classificado como edificacoes (conf=0.84) | Interregno mínimo conservador confirmado (level=B_CONSERVATIVE_SIGNATURE_GT_12M; proxy=data_assinatura) | Interregno ≥12m na data-base efetiva (proxy:data_assinatura) [TEMPORAL_CANDIDATE_BY_PROXY],Regime 14.133 provável (ano/PNCP/menção) mas não comprovado em documento oficial | data-base exata do orçamento ausente — cálculo preciso bloqueado | maturidade_temporal_insuficiente,clausula_reajuste | data_base_orcamento_estimado | indice_ou_formula | texto_oficial_contrato_edital | medicoes | apostilas | memoria_reajuste,Oportunidade provável — enriquecer contato e documentos antes da abordagem.,Oportunidade provável — enriquecer contato e documentos antes da abordagem.,"Não afirmar valor devido, inadimplemento, crédito constituído ou reajuste definitivamente não pago sem verificação documental completa e revisão humana registrada.",Oportunidade provável — enriquecer contato e documentos antes da abordagem.,Enriquecer contato empresarial; manter na fila de leads prioritários.,"Saldo/medições indisponíveis — valor sobre total é teto teórico, não valor devido. | indice_contratual_ausente — não aplicar IPCA/INCC/SINAPI por plausibilidade",,,,False,True
230,LIKELY_ADJUSTMENT_OPPORTUNITY,DOCUMENT_REQUEST_CANDIDATE,SUL_SC_PRIORITY,68.81,96.0,17.5,79.4,68.81,sede_ou_execucao_sul | interregno_conservador_gt_12m | regime_14133_provavel_ou_comprovado,08093504000105,BRF ENGENHARIA DE OBRAS LTDA,,PARANAGUA,PR,True,,,,1,Unidade administrativa,7490000.0,01609843000152-2-000026/2024,Unidade administrativa,LEGAL_REGIME_UNKNOWN,LIKELY_ADJUSTMENT_OPPORTUNITY,obra_classificada_conf=0.84 | fornecedor_privado | obrigacao_financeira_potencialmente_aberta | regime_14133_altamente_provavel | interregno_conservador_por_assinatura_gt_12m | document_request_parallel_action | Objeto classificado como pavimentacao_rodoviaria (conf=0.84) | Interregno mínimo conservador confirmado (level=B_CONSERVATIVE_SIGNATURE_GT_12M; proxy=data_assinatura) | Interregno ≥12m na data-base efetiva (proxy:data_assinatura) [TEMPORAL_CANDIDATE_BY_PROXY],Regime 14.133 provável (ano/PNCP/menção) mas não comprovado em documento oficial | data-base exata do orçamento ausente — cálculo preciso bloqueado,clausula_reajuste | data_base_orcamento_estimado | indice_ou_formula | texto_oficial_contrato_edital | medicoes | apostilas | memoria_reajuste,Oportunidade provável — enriquecer contato e documentos antes da abordagem.,Oportunidade provável — enriquecer contato e documentos antes da abordagem.,"Não afirmar valor devido, inadimplemento, crédito constituído ou reajuste definitivamente não pago sem verificação documental completa e revisão humana registrada.",Oportunidade provável — enriquecer contato e documentos antes da abordagem.,Enriquecer contato empresarial; manter na fila de leads prioritários.,"Saldo/medições indisponíveis — valor sobre total é teto teórico, não valor devido. | indice_contratual_ausente — não aplicar IPCA/INCC/SINAPI por plausibilidade",,,,False,True
231,LIKELY_ADJUSTMENT_OPPORTUNITY,DOCUMENT_REQUEST_CANDIDATE,SUL_SC_PRIORITY,68.78,94.0,17.5,76.6,68.78,sede_ou_execucao_sul | interregno_conservador_gt_12m | regime_14133_provavel_ou_comprovado,02351006000139,GRECA DISTRIBUIDORA DE ASFALTOS S/A,,ARAUCARIA,PR,True,,,,1,Diretoria de Gestao de Licitacoes e Contratos -SMGP,21595000.0,75771477000170-2-000011/2023,Diretoria de Gestao de Licitacoes e Contratos -SMGP,LEGAL_REGIME_UNKNOWN,LIKELY_ADJUSTMENT_OPPORTUNITY,obra_classificada_conf=0.76 | fornecedor_privado | obrigacao_financeira_potencialmente_aberta | regime_14133_altamente_provavel | interregno_conservador_por_assinatura_gt_12m | document_request_parallel_action | Objeto classificado como pavimentacao_rodoviaria (conf=0.76) | Interregno mínimo conservador confirmado (level=B_CONSERVATIVE_SIGNATURE_GT_12M; proxy=data_assinatura) | Interregno ≥12m na data-base efetiva (proxy:data_assinatura) [TEMPORAL_CANDIDATE_BY_PROXY],Regime 14.133 provável (ano/PNCP/menção) mas não comprovado em documento oficial | data-base exata do orçamento ausente — cálculo preciso bloqueado,clausula_reajuste | data_base_orcamento_estimado | indice_ou_formula | texto_oficial_contrato_edital | medicoes | apostilas | memoria_reajuste,Oportunidade provável — enriquecer contato e documentos antes da abordagem.,Oportunidade provável — enriquecer contato e documentos antes da abordagem.,"Não afirmar valor devido, inadimplemento, crédito constituído ou reajuste definitivamente não pago sem verificação documental completa e revisão humana registrada.",Oportunidade provável — enriquecer contato e documentos antes da abordagem.,Enriquecer contato empresarial; manter na fila de leads prioritários.,"Saldo/medições indisponíveis — valor sobre total é teto teórico, não valor devido. | indice_contratual_ausente — não aplicar IPCA/INCC/SINAPI por plausibilidade",,,,False,True
232,LIKELY_ADJUSTMENT_OPPORTUNITY,DOCUMENT_REQUEST_CANDIDATE,SUL_SC_PRIORITY,68.77,94.0,17.5,76.6,68.77,sede_ou_execucao_sul | interregno_conservador_gt_12m | multi_contratos=2 | regime_14133_provavel_ou_comprovado,92930643000152,ECOPLAN ENGENHARIA LTDA,,PORTO ALEGRE,RS,True,,,,2,SUP. REG. DO DNIT NO EST.DO RIO GRANDE DO SUL,40540928.260000005,04892707000100-2-000294/2025,SUP. REG. DO DNIT NO EST.DO RIO GRANDE DO SUL,LEGAL_REGIME_UNKNOWN,LIKELY_ADJUSTMENT_OPPORTUNITY,obra_classificada_conf=0.76 | fornecedor_privado | obrigacao_financeira_potencialmente_aberta | regime_14133_altamente_provavel | interregno_conservador_por_assinatura_gt_12m | document_request_parallel_action | Objeto classificado como pontes_estruturas (conf=0.76) | Interregno mínimo conservador confirmado (level=B_CONSERVATIVE_SIGNATURE_GT_12M; proxy=data_assinatura) | Interregno ≥12m na data-base efetiva (proxy:data_assinatura) [TEMPORAL_CANDIDATE_BY_PROXY],Regime 14.133 provável (ano/PNCP/menção) mas não comprovado em documento oficial | data-base exata do orçamento ausente — cálculo preciso bloqueado,clausula_reajuste | data_base_orcamento_estimado | indice_ou_formula | texto_oficial_contrato_edital | medicoes | apostilas | memoria_reajuste,Oportunidade provável — enriquecer contato e documentos antes da abordagem.,Oportunidade provável — enriquecer contato e documentos antes da abordagem.,"Não afirmar valor devido, inadimplemento, crédito constituído ou reajuste definitivamente não pago sem verificação documental completa e revisão humana registrada.",Oportunidade provável — enriquecer contato e documentos antes da abordagem.,Enriquecer contato empresarial; manter na fila de leads prioritários.,"Saldo/medições indisponíveis — valor sobre total é teto teórico, não valor devido. | indice_contratual_ausente — não aplicar IPCA/INCC/SINAPI por plausibilidade",,,,False,True
233,LIKELY_ADJUSTMENT_OPPORTUNITY,DOCUMENT_REQUEST_CANDIDATE,SUL_SC_PRIORITY,68.73,94.0,17.5,76.6,68.73,sede_ou_execucao_sul | interregno_conservador_gt_12m | regime_14133_provavel_ou_comprovado,03229363000191,BETRON TECNOLOGIA EM SEGURANCA LTDA,,CURITIBA,PR,True,,,,1,TRIBUNAL DE JUSTIÇA ESTADO DO PARANA,21052700.0,77821841000194-2-000009/2024,TRIBUNAL DE JUSTIÇA ESTADO DO PARANA,LEGAL_REGIME_UNKNOWN,LIKELY_ADJUSTMENT_OPPORTUNITY,obra_classificada_conf=0.76 | fornecedor_privado | obrigacao_financeira_potencialmente_aberta | regime_14133_altamente_provavel | interregno_conservador_por_assinatura_gt_12m | document_request_parallel_action | Objeto classificado como obras_infraestrutura (conf=0.76) | Interregno mínimo conservador confirmado (level=B_CONSERVATIVE_SIGNATURE_GT_12M; proxy=data_assinatura) | Interregno ≥12m na data-base efetiva (proxy:data_assinatura) [TEMPORAL_CANDIDATE_BY_PROXY],Regime 14.133 provável (ano/PNCP/menção) mas não comprovado em documento oficial | data-base exata do orçamento ausente — cálculo preciso bloqueado,clausula_reajuste | data_base_orcamento_estimado | indice_ou_formula | texto_oficial_contrato_edital | medicoes | apostilas | memoria_reajuste,Oportunidade provável — enriquecer contato e documentos antes da abordagem.,Oportunidade provável — enriquecer contato e documentos antes da abordagem.,"Não afirmar valor devido, inadimplemento, crédito constituído ou reajuste definitivamente não pago sem verificação documental completa e revisão humana registrada.",Oportunidade provável — enriquecer contato e documentos antes da abordagem.,Enriquecer contato empresarial; manter na fila de leads prioritários.,"Saldo/medições indisponíveis — valor sobre total é teto teórico, não valor devido. | indice_contratual_ausente — não aplicar IPCA/INCC/SINAPI por plausibilidade",,,,False,True
234,LIKELY_ADJUSTMENT_OPPORTUNITY,DOCUMENT_REQUEST_CANDIDATE,SUL_SC_PRIORITY,68.7,95.0,17.5,78.0,68.7,sede_ou_execucao_sul | interregno_conservador_gt_12m | multi_contratos=2 | regime_14133_provavel_ou_comprovado,09245019000172,MATT - CONSTRUTORA DE OBRAS LTDA,,CURITIBA,PR,True,,,,2,FUNDEPAR - Instituto Paranaense de Desenvolvimento Educacional | INSTITUTO PARAN.DESENVOLVIMENTO EDUCACIONAL,25493295.9,22112109000153-2-000436/2025,INSTITUTO PARAN.DESENVOLVIMENTO EDUCACIONAL,LEGAL_REGIME_UNKNOWN,LIKELY_ADJUSTMENT_OPPORTUNITY,obra_classificada_conf=0.80 | fornecedor_privado | obrigacao_financeira_potencialmente_aberta | regime_14133_altamente_provavel | interregno_conservador_por_assinatura_gt_12m | document_request_parallel_action | Objeto classificado como edificacoes (conf=0.80) | Interregno mínimo conservador confirmado (level=B_CONSERVATIVE_SIGNATURE_GT_12M; proxy=data_assinatura) | Interregno ≥12m na data-base efetiva (proxy:data_assinatura) [TEMPORAL_CANDIDATE_BY_PROXY],Regime 14.133 provável (ano/PNCP/menção) mas não comprovado em documento oficial | data-base exata do orçamento ausente — cálculo preciso bloqueado,clausula_reajuste | data_base_orcamento_estimado | indice_ou_formula | texto_oficial_contrato_edital | medicoes | apostilas | memoria_reajuste,Oportunidade provável — enriquecer contato e documentos antes da abordagem.,Oportunidade provável — enriquecer contato e documentos antes da abordagem.,"Não afirmar valor devido, inadimplemento, crédito constituído ou reajuste definitivamente não pago sem verificação documental completa e revisão humana registrada.",Oportunidade provável — enriquecer contato e documentos antes da abordagem.,Enriquecer contato empresarial; manter na fila de leads prioritários.,"Saldo/medições indisponíveis — valor sobre total é teto teórico, não valor devido. | indice_contratual_ausente — não aplicar IPCA/INCC/SINAPI por plausibilidade",,,,False,True
235,LIKELY_ADJUSTMENT_OPPORTUNITY,DOCUMENT_REQUEST_CANDIDATE,SUL_SC_PRIORITY,68.66,96.0,17.5,79.4,68.66,sede_ou_execucao_sul | interregno_conservador_gt_12m | multi_contratos=2 | regime_14133_provavel_ou_comprovado,06218782000116,CASA DO ASFALTO DISTRIBUIDORA IND. E COM. DE ASFAL,,Umuarama,PR,True,,,,2,PREFEITURA MUNICIPAL DE FOZ DO IGUAÇU - PR | Unidade administrativa,16746500.0,76247378000156-2-000038/2023,Unidade administrativa,LEGAL_REGIME_UNKNOWN,LIKELY_ADJUSTMENT_OPPORTUNITY,obra_classificada_conf=0.84 | fornecedor_privado | obrigacao_financeira_potencialmente_aberta | regime_14133_altamente_provavel | interregno_conservador_por_assinatura_gt_12m | document_request_parallel_action | Objeto classificado como pavimentacao_rodoviaria (conf=0.84) | Interregno mínimo conservador confirmado (level=B_CONSERVATIVE_SIGNATURE_GT_12M; proxy=data_assinatura) | Interregno ≥12m na data-base efetiva (proxy:data_assinatura) [TEMPORAL_CANDIDATE_BY_PROXY],Regime 14.133 provável (ano/PNCP/menção) mas não comprovado em documento oficial | data-base exata do orçamento ausente — cálculo preciso bloqueado,clausula_reajuste | data_base_orcamento_estimado | indice_ou_formula | texto_oficial_contrato_edital | medicoes | apostilas | memoria_reajuste,Oportunidade provável — enriquecer contato e documentos antes da abordagem.,Oportunidade provável — enriquecer contato e documentos antes da abordagem.,"Não afirmar valor devido, inadimplemento, crédito constituído ou reajuste definitivamente não pago sem verificação documental completa e revisão humana registrada.",Oportunidade provável — enriquecer contato e documentos antes da abordagem.,Enriquecer contato empresarial; manter na fila de leads prioritários.,"Saldo/medições indisponíveis — valor sobre total é teto teórico, não valor devido. | indice_contratual_ausente — não aplicar IPCA/INCC/SINAPI por plausibilidade",,,,False,True
236,LIKELY_ADJUSTMENT_OPPORTUNITY,DOCUMENT_REQUEST_CANDIDATE,SUL_SC_PRIORITY,68.65,96.0,17.5,78.0,68.65,sede_ou_execucao_sul | interregno_conservador_gt_12m | multi_contratos=3 | regime_14133_provavel_ou_comprovado,11279714000105,AGR ENGENHARIA E EMPREENDIMENTOS LTDA,,PORTO ALEGRE,RS,True,,,,3,Divisão de Compras | PREFEITURA MUNICIPAL DE CANOAS PREFEITURA MUNICIPAL DE CANOAS,123045564.03,92220862000148-2-000016/2024,Divisão de Compras,LEGAL_REGIME_UNKNOWN,LIKELY_ADJUSTMENT_OPPORTUNITY,obra_classificada_conf=0.80 | fornecedor_privado | obrigacao_financeira_potencialmente_aberta | regime_14133_altamente_provavel | interregno_conservador_por_assinatura_gt_12m | document_request_parallel_action | Objeto classificado como instalacoes_prediais (conf=0.80) | Interregno mínimo conservador confirmado (level=B_CONSERVATIVE_SIGNATURE_GT_12M; proxy=data_assinatura) | Interregno ≥12m na data-base efetiva (proxy:data_assinatura) [TEMPORAL_CANDIDATE_BY_PROXY],Regime 14.133 provável (ano/PNCP/menção) mas não comprovado em documento oficial | data-base exata do orçamento ausente — cálculo preciso bloqueado,clausula_reajuste | data_base_orcamento_estimado | indice_ou_formula | texto_oficial_contrato_edital | medicoes | apostilas | memoria_reajuste,Oportunidade provável — enriquecer contato e documentos antes da abordagem.,Oportunidade provável — enriquecer contato e documentos antes da abordagem.,"Não afirmar valor devido, inadimplemento, crédito constituído ou reajuste definitivamente não pago sem verificação documental completa e revisão humana registrada.",Oportunidade provável — enriquecer contato e documentos antes da abordagem.,Enriquecer contato empresarial; manter na fila de leads prioritários.,"Saldo/medições indisponíveis — valor sobre total é teto teórico, não valor devido. | indice_contratual_ausente — não aplicar IPCA/INCC/SINAPI por plausibilidade",,,,False,True
237,LIKELY_ADJUSTMENT_OPPORTUNITY,DOCUMENT_REQUEST_CANDIDATE,SUL_SC_PRIORITY,68.63,96.0,17.5,79.4,68.63,sede_ou_execucao_sul | interregno_conservador_gt_12m | multi_contratos=2 | regime_14133_provavel_ou_comprovado,43420909000101,EBC COMERCIO E SERVICOS DE CONSTRUCAO LTDA,,Cachoeirinha,RS,True,,,,2,FUNDO MUNICIPAL DE SAUDE | PREFEITURA MUNICIPAL DE CACHOEIRINHA,12548000.0,87990800000185-2-000073/2025,FUNDO MUNICIPAL DE SAUDE,LEGAL_REGIME_UNKNOWN,LIKELY_ADJUSTMENT_OPPORTUNITY,obra_classificada_conf=0.84 | fornecedor_privado | obrigacao_financeira_potencialmente_aberta | regime_14133_altamente_provavel | interregno_conservador_por_assinatura_gt_12m | document_request_parallel_action | Objeto classificado como obras_infraestrutura (conf=0.84) | Interregno mínimo conservador confirmado (level=B_CONSERVATIVE_SIGNATURE_GT_12M; proxy=data_assinatura) | Interregno ≥12m na data-base efetiva (proxy:data_assinatura) [TEMPORAL_CANDIDATE_BY_PROXY],Regime 14.133 provável (ano/PNCP/menção) mas não comprovado em documento oficial | data-base exata do orçamento ausente — cálculo preciso bloqueado,clausula_reajuste | data_base_orcamento_estimado | indice_ou_formula | texto_oficial_contrato_edital | medicoes | apostilas | memoria_reajuste,Oportunidade provável — enriquecer contato e documentos antes da abordagem.,Oportunidade provável — enriquecer contato e documentos antes da abordagem.,"Não afirmar valor devido, inadimplemento, crédito constituído ou reajuste definitivamente não pago sem verificação documental completa e revisão humana registrada.",Oportunidade provável — enriquecer contato e documentos antes da abordagem.,Enriquecer contato empresarial; manter na fila de leads prioritários.,"Saldo/medições indisponíveis — valor sobre total é teto teórico, não valor devido. | indice_contratual_ausente — não aplicar IPCA/INCC/SINAPI por plausibilidade",,,,False,True
238,LIKELY_ADJUSTMENT_OPPORTUNITY,DOCUMENT_REQUEST_CANDIDATE,SUL_SC_PRIORITY,68.63,90.0,17.5,86.6,68.63,sede_ou_execucao_sul | interregno_conservador_gt_12m | multi_contratos=2 | regime_14133_provavel_ou_comprovado,80464753000197,EQS ENGENHARIA S.A.,,SAO JOSE,SC,True,,,,2,CENTRO NACIONAL DE TECNOL.ELETRONICA AVANÇADA | JUSTICA FEDERAL DE 1A. INSTANCIA - SC,112370798.92999999,10770641000189-2-000003/2024,CENTRO NACIONAL DE TECNOL.ELETRONICA AVANÇADA,LEGAL_REGIME_UNKNOWN,LIKELY_ADJUSTMENT_OPPORTUNITY,obra_classificada_conf=0.60 | fornecedor_privado | obrigacao_financeira_potencialmente_aberta | regime_14133_altamente_provavel | interregno_conservador_por_assinatura_gt_12m | document_request_parallel_action | Objeto classificado como obras_infraestrutura (conf=0.60) | Interregno mínimo conservador confirmado (level=B_CONSERVATIVE_SIGNATURE_GT_12M; proxy=data_assinatura) | Interregno ≥12m na data-base efetiva (proxy:data_assinatura) [TEMPORAL_CANDIDATE_BY_PROXY],Regime 14.133 provável (ano/PNCP/menção) mas não comprovado em documento oficial | data-base exata do orçamento ausente — cálculo preciso bloqueado | maturidade_temporal_insuficiente,clausula_reajuste | data_base_orcamento_estimado | indice_ou_formula | texto_oficial_contrato_edital | medicoes | apostilas | memoria_reajuste,Oportunidade provável — enriquecer contato e documentos antes da abordagem.,Oportunidade provável — enriquecer contato e documentos antes da abordagem.,"Não afirmar valor devido, inadimplemento, crédito constituído ou reajuste definitivamente não pago sem verificação documental completa e revisão humana registrada.",Oportunidade provável — enriquecer contato e documentos antes da abordagem.,Enriquecer contato empresarial; manter na fila de leads prioritários.,"Saldo/medições indisponíveis — valor sobre total é teto teórico, não valor devido. | indice_contratual_ausente — não aplicar IPCA/INCC/SINAPI por plausibilidade",,,,False,True
239,LIKELY_ADJUSTMENT_OPPORTUNITY,DOCUMENT_REQUEST_CANDIDATE,SUL_SC_PRIORITY,68.62,96.0,17.5,79.4,68.62,sede_ou_execucao_sul | interregno_conservador_gt_12m | regime_14133_provavel_ou_comprovado,19268196000128,PERSONAL SERVICOS DE PAVIMENTACAO LTDA,,Marechal Cândido Rondon,PR,True,,,,1,PE - Secretaria Municipal de Infraestrutura,6197750.38,76205814000124-2-000065/2024,PE - Secretaria Municipal de Infraestrutura,LEGAL_REGIME_UNKNOWN,LIKELY_ADJUSTMENT_OPPORTUNITY,obra_classificada_conf=0.84 | fornecedor_privado | obrigacao_financeira_potencialmente_aberta | regime_14133_altamente_provavel | interregno_conservador_por_assinatura_gt_12m | document_request_parallel_action | Objeto classificado como pavimentacao_rodoviaria (conf=0.84) | Interregno mínimo conservador confirmado (level=B_CONSERVATIVE_SIGNATURE_GT_12M; proxy=data_assinatura) | Interregno ≥12m na data-base efetiva (proxy:data_assinatura) [TEMPORAL_CANDIDATE_BY_PROXY],Regime 14.133 provável (ano/PNCP/menção) mas não comprovado em documento oficial | data-base exata do orçamento ausente — cálculo preciso bloqueado,clausula_reajuste | data_base_orcamento_estimado | indice_ou_formula | texto_oficial_contrato_edital | medicoes | apostilas | memoria_reajuste,Oportunidade provável — enriquecer contato e documentos antes da abordagem.,Oportunidade provável — enriquecer contato e documentos antes da abordagem.,"Não afirmar valor devido, inadimplemento, crédito constituído ou reajuste definitivamente não pago sem verificação documental completa e revisão humana registrada.",Oportunidade provável — enriquecer contato e documentos antes da abordagem.,Enriquecer contato empresarial; manter na fila de leads prioritários.,"Saldo/medições indisponíveis — valor sobre total é teto teórico, não valor devido. | indice_contratual_ausente — não aplicar IPCA/INCC/SINAPI por plausibilidade",,,,False,True
240,LIKELY_ADJUSTMENT_OPPORTUNITY,DOCUMENT_REQUEST_CANDIDATE,SUL_SC_PRIORITY,68.6,96.0,17.5,79.4,68.6,sede_ou_execucao_sul | interregno_conservador_gt_12m | regime_14133_provavel_ou_comprovado,09042444000164,TERRAS BARRIL TERRAPLANAGENS E PAVIMENTACAO LTDA,,Rodeio Bonito,RS,True,,,,1,PREFEITURA MUN RODEIO BONITO,6062325.0,87613204000186-2-000179/2024,PREFEITURA MUN RODEIO BONITO,LEGAL_REGIME_UNKNOWN,LIKELY_ADJUSTMENT_OPPORTUNITY,obra_classificada_conf=0.84 | fornecedor_privado | obrigacao_financeira_potencialmente_aberta | regime_14133_altamente_provavel | interregno_conservador_por_assinatura_gt_12m | document_request_parallel_action | Objeto classificado como pavimentacao_rodoviaria (conf=0.84) | Interregno mínimo conservador confirmado (level=B_CONSERVATIVE_SIGNATURE_GT_12M; proxy=data_assinatura) | Interregno ≥12m na data-base efetiva (proxy:data_assinatura) [TEMPORAL_CANDIDATE_BY_PROXY],Regime 14.133 provável (ano/PNCP/menção) mas não comprovado em documento oficial | data-base exata do orçamento ausente — cálculo preciso bloqueado,clausula_reajuste | data_base_orcamento_estimado | indice_ou_formula | texto_oficial_contrato_edital | medicoes | apostilas | memoria_reajuste,Oportunidade provável — enriquecer contato e documentos antes da abordagem.,Oportunidade provável — enriquecer contato e documentos antes da abordagem.,"Não afirmar valor devido, inadimplemento, crédito constituído ou reajuste definitivamente não pago sem verificação documental completa e revisão humana registrada.",Oportunidade provável — enriquecer contato e documentos antes da abordagem.,Enriquecer contato empresarial; manter na fila de leads prioritários.,"Saldo/medições indisponíveis — valor sobre total é teto teórico, não valor devido. | indice_contratual_ausente — não aplicar IPCA/INCC/SINAPI por plausibilidade",,,,False,True
241,LIKELY_ADJUSTMENT_OPPORTUNITY,DOCUMENT_REQUEST_CANDIDATE,SUL_SC_PRIORITY,68.59,96.0,17.5,82.2,68.59,sede_ou_execucao_sul | interregno_conservador_gt_12m | multi_contratos=4 | regime_14133_provavel_ou_comprovado,08961340000190,D. H. M. GRAMS & CIA LTDA,,Marechal Cândido Rondon,PR,True,,,,4,"PE -  Secretaria Municipal de Administração | PE - Secretaria Municipal de Infraestrutura | SMGA - DEPART.DE GOVERNO, ASSESSORIA JURIDICA, PLANEJAMENTO E CONTROLADORIA",27934000.0,76205814000124-2-000070/2024,PE -  Secretaria Municipal de Administração,LEGAL_REGIME_UNKNOWN,LIKELY_ADJUSTMENT_OPPORTUNITY,obra_classificada_conf=0.84 | fornecedor_privado | obrigacao_financeira_potencialmente_aberta | regime_14133_altamente_provavel | interregno_conservador_por_assinatura_gt_12m | document_request_parallel_action | Objeto classificado como pavimentacao_rodoviaria (conf=0.84) | Interregno mínimo conservador confirmado (level=B_CONSERVATIVE_SIGNATURE_GT_12M; proxy=data_assinatura) | Interregno ≥12m na data-base efetiva (proxy:data_assinatura) [TEMPORAL_CANDIDATE_BY_PROXY],Regime 14.133 provável (ano/PNCP/menção) mas não comprovado em documento oficial | data-base exata do orçamento ausente — cálculo preciso bloqueado | maturidade_temporal_insuficiente,clausula_reajuste | data_base_orcamento_estimado | indice_ou_formula | texto_oficial_contrato_edital | medicoes | apostilas | memoria_reajuste,Oportunidade provável — enriquecer contato e documentos antes da abordagem.,Oportunidade provável — enriquecer contato e documentos antes da abordagem.,"Não afirmar valor devido, inadimplemento, crédito constituído ou reajuste definitivamente não pago sem verificação documental completa e revisão humana registrada.",Oportunidade provável — enriquecer contato e documentos antes da abordagem.,Enriquecer contato empresarial; manter na fila de leads prioritários.,"Saldo/medições indisponíveis — valor sobre total é teto teórico, não valor devido. | indice_contratual_ausente — não aplicar IPCA/INCC/SINAPI por plausibilidade",,,,False,True
242,LIKELY_ADJUSTMENT_OPPORTUNITY,DOCUMENT_REQUEST_CANDIDATE,SUL_SC_PRIORITY,68.59,96.0,17.5,79.4,68.59,sede_ou_execucao_sul | interregno_conservador_gt_12m | multi_contratos=3 | regime_14133_provavel_ou_comprovado,18914483000103,MTX CONSTRUCOES LTDA,,Palmitinho,RS,True,,,,3,PM VENANACIO AIRES | Prefeitura Municipal de Palmitinho | Secretaria Municipal de Desenvolvimento Urbano - Órgãos Subordinados,18260002.310000002,87612909000189-2-000076/2025,Prefeitura Municipal de Palmitinho,LEGAL_REGIME_UNKNOWN,LIKELY_ADJUSTMENT_OPPORTUNITY,obra_classificada_conf=0.84 | fornecedor_privado | obrigacao_financeira_potencialmente_aberta | regime_14133_altamente_provavel | interregno_conservador_por_assinatura_gt_12m | document_request_parallel_action | Objeto classificado como edificacoes (conf=0.84) | Interregno mínimo conservador confirmado (level=B_CONSERVATIVE_SIGNATURE_GT_12M; proxy=data_assinatura) | Interregno ≥12m na data-base efetiva (proxy:data_assinatura) [TEMPORAL_CANDIDATE_BY_PROXY],Regime 14.133 provável (ano/PNCP/menção) mas não comprovado em documento oficial | data-base exata do orçamento ausente — cálculo preciso bloqueado | maturidade_temporal_insuficiente,clausula_reajuste | data_base_orcamento_estimado | indice_ou_formula | texto_oficial_contrato_edital | medicoes | apostilas | memoria_reajuste,Oportunidade provável — enriquecer contato e documentos antes da abordagem.,Oportunidade provável — enriquecer contato e documentos antes da abordagem.,"Não afirmar valor devido, inadimplemento, crédito constituído ou reajuste definitivamente não pago sem verificação documental completa e revisão humana registrada.",Oportunidade provável — enriquecer contato e documentos antes da abordagem.,Enriquecer contato empresarial; manter na fila de leads prioritários.,"Saldo/medições indisponíveis — valor sobre total é teto teórico, não valor devido. | indice_contratual_ausente — não aplicar IPCA/INCC/SINAPI por plausibilidade",,,,False,True
243,LIKELY_ADJUSTMENT_OPPORTUNITY,DOCUMENT_REQUEST_CANDIDATE,SUL_SC_PRIORITY,68.58,95.0,17.5,85.0,68.58,sede_ou_execucao_sul | interregno_conservador_gt_12m | multi_contratos=7 | regime_14133_provavel_ou_comprovado,04279785000134,VDL PAVIMENTAÇÃO,,CURITIBA,PR,True,,,,7,Departamento de Infraestrutura Urbana | Departamento de Tecnologia da Informação e Comunicação | PREFEITURA MUNICIPAL DE CAMPO MAGRO - PR | UNIDADE ADMINISTRATIVA,58963023.62,95423000000100-2-000044/2023,Departamento de Tecnologia da Informação e Comunicação,LEGAL_REGIME_UNKNOWN,LIKELY_ADJUSTMENT_OPPORTUNITY,obra_classificada_conf=0.80 | fornecedor_privado | obrigacao_financeira_potencialmente_aberta | regime_14133_altamente_provavel | interregno_conservador_por_assinatura_gt_12m | document_request_parallel_action | Objeto classificado como obras_infraestrutura (conf=0.80) | Interregno mínimo conservador confirmado (level=B_CONSERVATIVE_SIGNATURE_GT_12M; proxy=data_assinatura) | Interregno ≥12m na data-base efetiva (proxy:data_assinatura) [TEMPORAL_CANDIDATE_BY_PROXY],Regime 14.133 provável (ano/PNCP/menção) mas não comprovado em documento oficial | data-base exata do orçamento ausente — cálculo preciso bloqueado | maturidade_temporal_insuficiente,clausula_reajuste | data_base_orcamento_estimado | indice_ou_formula | texto_oficial_contrato_edital | medicoes | apostilas | memoria_reajuste,Oportunidade provável — enriquecer contato e documentos antes da abordagem.,Oportunidade provável — enriquecer contato e documentos antes da abordagem.,"Não afirmar valor devido, inadimplemento, crédito constituído ou reajuste definitivamente não pago sem verificação documental completa e revisão humana registrada.",Oportunidade provável — enriquecer contato e documentos antes da abordagem.,Enriquecer contato empresarial; manter na fila de leads prioritários.,"Saldo/medições indisponíveis — valor sobre total é teto teórico, não valor devido. | indice_contratual_ausente — não aplicar IPCA/INCC/SINAPI por plausibilidade",,,,False,True
244,LIKELY_ADJUSTMENT_OPPORTUNITY,DOCUMENT_REQUEST_CANDIDATE,SUL_SC_PRIORITY,68.57,95.0,17.5,78.0,68.57,sede_ou_execucao_sul | interregno_conservador_gt_12m | multi_contratos=6 | regime_14133_provavel_ou_comprovado,12947501000169,PREVIBRAS SOLUCOES INDUSTRIAIS LTDA,,GRAVATAI,RS,True,,,,6,DIVISÃO DE COMPRAS E CONTRATOS | Departamento de Habitação | Município de Tapejara | Prefeitura Municipal de Esteio | SMPH -  DEPARTAMENTO DE HABITAÇÃO | SUPERINTENDÊNCIA DOS SERVIÇOS PENITENCIÁRIOS,57959512.0,17176399000169-2-000034/2024,SUPERINTENDÊNCIA DOS SERVIÇOS PENITENCIÁRIOS,LEGAL_REGIME_UNKNOWN,LIKELY_ADJUSTMENT_OPPORTUNITY,obra_classificada_conf=0.80 | fornecedor_privado | obrigacao_financeira_potencialmente_aberta | regime_14133_altamente_provavel | interregno_conservador_por_assinatura_gt_12m | document_request_parallel_action | Objeto classificado como edificacoes (conf=0.80) | Interregno mínimo conservador confirmado (level=B_CONSERVATIVE_SIGNATURE_GT_12M; proxy=data_assinatura) | Interregno ≥12m na data-base efetiva (proxy:data_assinatura) [TEMPORAL_CANDIDATE_BY_PROXY],Regime 14.133 provável (ano/PNCP/menção) mas não comprovado em documento oficial | data-base exata do orçamento ausente — cálculo preciso bloqueado | maturidade_temporal_insuficiente,clausula_reajuste | data_base_orcamento_estimado | indice_ou_formula | texto_oficial_contrato_edital | medicoes | apostilas | memoria_reajuste,Oportunidade provável — enriquecer contato e documentos antes da abordagem.,Oportunidade provável — enriquecer contato e documentos antes da abordagem.,"Não afirmar valor devido, inadimplemento, crédito constituído ou reajuste definitivamente não pago sem verificação documental completa e revisão humana registrada.",Oportunidade provável — enriquecer contato e documentos antes da abordagem.,Enriquecer contato empresarial; manter na fila de leads prioritários.,"Saldo/medições indisponíveis — valor sobre total é teto teórico, não valor devido. | indice_contratual_ausente — não aplicar IPCA/INCC/SINAPI por plausibilidade",,,,False,True
245,LIKELY_ADJUSTMENT_OPPORTUNITY,DOCUMENT_REQUEST_CANDIDATE,SUL_SC_PRIORITY,68.57,96.0,17.5,85.0,68.57,sede_ou_execucao_sul | interregno_conservador_gt_12m | multi_contratos=5 | regime_14133_provavel_ou_comprovado,90063470000197,CONPASUL CONSTRUCAO E SERVICOS LTDA,,ESTRELA,RS,True,,,,5,DEPARTAMENTO AUTÔNOMO DE ESTRADAS DE RODAGEM | INFRAESTRUTURA  RURAL -  OBRAS | MUNICIPIO DE COLINAS | MUNICIPIO DE ENCANTADO | PREFEITURA MUNICIPAL DE SÃO JERONIMO,67054900.27,88117700000101-2-000162/2024,PREFEITURA MUNICIPAL DE SÃO JERONIMO,LEGAL_REGIME_UNKNOWN,LIKELY_ADJUSTMENT_OPPORTUNITY,obra_classificada_conf=0.84 | fornecedor_privado | obrigacao_financeira_potencialmente_aberta | regime_14133_altamente_provavel | interregno_conservador_por_assinatura_gt_12m | document_request_parallel_action | Objeto classificado como pavimentacao_rodoviaria (conf=0.84) | Interregno mínimo conservador confirmado (level=B_CONSERVATIVE_SIGNATURE_GT_12M; proxy=data_assinatura) | Interregno ≥12m na data-base efetiva (proxy:data_assinatura) [TEMPORAL_CANDIDATE_BY_PROXY],Regime 14.133 provável (ano/PNCP/menção) mas não comprovado em documento oficial | data-base exata do orçamento ausente — cálculo preciso bloqueado | maturidade_temporal_insuficiente,clausula_reajuste | data_base_orcamento_estimado | indice_ou_formula | texto_oficial_contrato_edital | medicoes | apostilas | memoria_reajuste,Oportunidade provável — enriquecer contato e documentos antes da abordagem.,Oportunidade provável — enriquecer contato e documentos antes da abordagem.,"Não afirmar valor devido, inadimplemento, crédito constituído ou reajuste definitivamente não pago sem verificação documental completa e revisão humana registrada.",Oportunidade provável — enriquecer contato e documentos antes da abordagem.,Enriquecer contato empresarial; manter na fila de leads prioritários.,"Saldo/medições indisponíveis — valor sobre total é teto teórico, não valor devido. | indice_contratual_ausente — não aplicar IPCA/INCC/SINAPI por plausibilidade",,,,False,True
246,LIKELY_ADJUSTMENT_OPPORTUNITY,DOCUMENT_REQUEST_CANDIDATE,SUL_SC_PRIORITY,68.56,96.0,17.5,79.4,68.56,sede_ou_execucao_sul | interregno_conservador_gt_12m | multi_contratos=2 | regime_14133_provavel_ou_comprovado,58559761000168,CONSORCIO AG UBIRATA,,CURITIBA,PR,True,,,,2,MUNICÍPIO DE UBIRATÃ | PREF.MUN.DE UBIRATA - PR,11700000.0,76950096000110-2-000031/2025,PREF.MUN.DE UBIRATA - PR,LEGAL_REGIME_UNKNOWN,LIKELY_ADJUSTMENT_OPPORTUNITY,obra_classificada_conf=0.84 | fornecedor_privado | obrigacao_financeira_potencialmente_aberta | regime_14133_altamente_provavel | interregno_conservador_por_assinatura_gt_12m | document_request_parallel_action | Objeto classificado como pavimentacao_rodoviaria (conf=0.84) | Interregno mínimo conservador confirmado (level=B_CONSERVATIVE_SIGNATURE_GT_12M; proxy=data_assinatura) | Interregno ≥12m na data-base efetiva (proxy:data_assinatura) [TEMPORAL_CANDIDATE_BY_PROXY],Regime 14.133 provável (ano/PNCP/menção) mas não comprovado em documento oficial | data-base exata do orçamento ausente — cálculo preciso bloqueado,clausula_reajuste | data_base_orcamento_estimado | indice_ou_formula | texto_oficial_contrato_edital | medicoes | apostilas | memoria_reajuste,Oportunidade provável — enriquecer contato e documentos antes da abordagem.,Oportunidade provável — enriquecer contato e documentos antes da abordagem.,"Não afirmar valor devido, inadimplemento, crédito constituído ou reajuste definitivamente não pago sem verificação documental completa e revisão humana registrada.",Oportunidade provável — enriquecer contato e documentos antes da abordagem.,Enriquecer contato empresarial; manter na fila de leads prioritários.,"Saldo/medições indisponíveis — valor sobre total é teto teórico, não valor devido. | indice_contratual_ausente — não aplicar IPCA/INCC/SINAPI por plausibilidade",,,,False,True
247,LIKELY_ADJUSTMENT_OPPORTUNITY,DOCUMENT_REQUEST_CANDIDATE,SUL_SC_PRIORITY,68.54,95.0,17.5,78.0,68.54,sede_ou_execucao_sul | interregno_conservador_gt_12m | regime_14133_provavel_ou_comprovado,15712958000182,ROCHAPAVI LTDA,,APUCARANA,PR,True,,,,1,PREFEITURA MUNICIPAL,11280000.0,76288760000108-2-000058/2024,PREFEITURA MUNICIPAL,LEGAL_REGIME_UNKNOWN,LIKELY_ADJUSTMENT_OPPORTUNITY,obra_classificada_conf=0.80 | fornecedor_privado | obrigacao_financeira_potencialmente_aberta | regime_14133_altamente_provavel | interregno_conservador_por_assinatura_gt_12m | document_request_parallel_action | Objeto classificado como pavimentacao_rodoviaria (conf=0.80) | Interregno mínimo conservador confirmado (level=B_CONSERVATIVE_SIGNATURE_GT_12M; proxy=data_assinatura) | Interregno ≥12m na data-base efetiva (proxy:data_assinatura) [TEMPORAL_CANDIDATE_BY_PROXY],Regime 14.133 provável (ano/PNCP/menção) mas não comprovado em documento oficial | data-base exata do orçamento ausente — cálculo preciso bloqueado,clausula_reajuste | data_base_orcamento_estimado | indice_ou_formula | texto_oficial_contrato_edital | medicoes | apostilas | memoria_reajuste,Oportunidade provável — enriquecer contato e documentos antes da abordagem.,Oportunidade provável — enriquecer contato e documentos antes da abordagem.,"Não afirmar valor devido, inadimplemento, crédito constituído ou reajuste definitivamente não pago sem verificação documental completa e revisão humana registrada.",Oportunidade provável — enriquecer contato e documentos antes da abordagem.,Enriquecer contato empresarial; manter na fila de leads prioritários.,"Saldo/medições indisponíveis — valor sobre total é teto teórico, não valor devido. | indice_contratual_ausente — não aplicar IPCA/INCC/SINAPI por plausibilidade",,,,False,True
248,LIKELY_ADJUSTMENT_OPPORTUNITY,DOCUMENT_REQUEST_CANDIDATE,SUL_SC_PRIORITY,68.53,94.0,17.5,76.6,68.53,sede_ou_execucao_sul | interregno_conservador_gt_12m | regime_14133_provavel_ou_comprovado,61145906000199,CONSÓRCIO SUPERVISÃO E APOIO - LOTE 2 - CAMPOS GERAIS,,Curitiba,PR,True,,,,1,DER - Departamento de Estradas de Rodagem do Estado do Paraná,18652550.0,76669324000189-2-000104/2025,DER - Departamento de Estradas de Rodagem do Estado do Paraná,LEGAL_REGIME_UNKNOWN,LIKELY_ADJUSTMENT_OPPORTUNITY,obra_classificada_conf=0.76 | fornecedor_privado | obrigacao_financeira_potencialmente_aberta | regime_14133_altamente_provavel | interregno_conservador_por_assinatura_gt_12m | document_request_parallel_action | Objeto classificado como pavimentacao_rodoviaria (conf=0.76) | Interregno mínimo conservador confirmado (level=B_CONSERVATIVE_SIGNATURE_GT_12M; proxy=data_assinatura) | Interregno ≥12m na data-base efetiva (proxy:data_assinatura) [TEMPORAL_CANDIDATE_BY_PROXY],Regime 14.133 provável (ano/PNCP/menção) mas não comprovado em documento oficial | data-base exata do orçamento ausente — cálculo preciso bloqueado,clausula_reajuste | data_base_orcamento_estimado | indice_ou_formula | texto_oficial_contrato_edital | medicoes | apostilas | memoria_reajuste,Oportunidade provável — enriquecer contato e documentos antes da abordagem.,Oportunidade provável — enriquecer contato e documentos antes da abordagem.,"Não afirmar valor devido, inadimplemento, crédito constituído ou reajuste definitivamente não pago sem verificação documental completa e revisão humana registrada.",Oportunidade provável — enriquecer contato e documentos antes da abordagem.,Enriquecer contato empresarial; manter na fila de leads prioritários.,"Saldo/medições indisponíveis — valor sobre total é teto teórico, não valor devido. | indice_contratual_ausente — não aplicar IPCA/INCC/SINAPI por plausibilidade",,,,False,True
249,LIKELY_ADJUSTMENT_OPPORTUNITY,DOCUMENT_REQUEST_CANDIDATE,SUL_SC_PRIORITY,68.51,96.0,17.5,79.4,68.51,sede_ou_execucao_sul | interregno_conservador_gt_12m | regime_14133_provavel_ou_comprovado,06283997000110,ARTEBASE CONSTRUTORA LTDA - EPP,,PALMEIRA DAS MISSOES,RS,True,,,,1,Município de Sinimbu,5514900.0,94577632000166-2-000031/2025,Município de Sinimbu,LEGAL_REGIME_UNKNOWN,LIKELY_ADJUSTMENT_OPPORTUNITY,obra_classificada_conf=0.84 | fornecedor_privado | obrigacao_financeira_potencialmente_aberta | regime_14133_altamente_provavel | interregno_conservador_por_assinatura_gt_12m | document_request_parallel_action | Objeto classificado como edificacoes (conf=0.84) | Interregno mínimo conservador confirmado (level=B_CONSERVATIVE_SIGNATURE_GT_12M; proxy=data_assinatura) | Interregno ≥12m na data-base efetiva (proxy:data_assinatura) [TEMPORAL_CANDIDATE_BY_PROXY],Regime 14.133 provável (ano/PNCP/menção) mas não comprovado em documento oficial | data-base exata do orçamento ausente — cálculo preciso bloqueado,clausula_reajuste | data_base_orcamento_estimado | indice_ou_formula | texto_oficial_contrato_edital | medicoes | apostilas | memoria_reajuste,Oportunidade provável — enriquecer contato e documentos antes da abordagem.,Oportunidade provável — enriquecer contato e documentos antes da abordagem.,"Não afirmar valor devido, inadimplemento, crédito constituído ou reajuste definitivamente não pago sem verificação documental completa e revisão humana registrada.",Oportunidade provável — enriquecer contato e documentos antes da abordagem.,Enriquecer contato empresarial; manter na fila de leads prioritários.,"Saldo/medições indisponíveis — valor sobre total é teto teórico, não valor devido. | indice_contratual_ausente — não aplicar IPCA/INCC/SINAPI por plausibilidade",,,,False,True
250,LIKELY_ADJUSTMENT_OPPORTUNITY,DOCUMENT_REQUEST_CANDIDATE,SUL_SC_PRIORITY,68.45,96.0,17.5,79.4,68.45,sede_ou_execucao_sul | interregno_conservador_gt_12m | regime_14133_provavel_ou_comprovado,12324563000114,De Souza   Ribas Construtora e Incorporadora LTDA ME,,Nova Petrópolis,RS,True,,,,1,Prefeitura Municipal de Nova Petrópolis,5160589.63,88572748000100-2-001002/2025,Prefeitura Municipal de Nova Petrópolis,LEGAL_REGIME_UNKNOWN,LIKELY_ADJUSTMENT_OPPORTUNITY,obra_classificada_conf=0.84 | fornecedor_privado | obrigacao_financeira_potencialmente_aberta | regime_14133_altamente_provavel | interregno_conservador_por_assinatura_gt_12m | document_request_parallel_action | Objeto classificado como terraplenagem_contencao (conf=0.84) | Interregno mínimo conservador confirmado (level=B_CONSERVATIVE_SIGNATURE_GT_12M; proxy=data_assinatura) | Interregno ≥12m na data-base efetiva (proxy:data_assinatura) [TEMPORAL_CANDIDATE_BY_PROXY],Regime 14.133 provável (ano/PNCP/menção) mas não comprovado em documento oficial | data-base exata do orçamento ausente — cálculo preciso bloqueado,clausula_reajuste | data_base_orcamento_estimado | indice_ou_formula | texto_oficial_contrato_edital | medicoes | apostilas | memoria_reajuste,Oportunidade provável — enriquecer contato e documentos antes da abordagem.,Oportunidade provável — enriquecer contato e documentos antes da abordagem.,"Não afirmar valor devido, inadimplemento, crédito constituído ou reajuste definitivamente não pago sem verificação documental completa e revisão humana registrada.",Oportunidade provável — enriquecer contato e documentos antes da abordagem.,Enriquecer contato empresarial; manter na fila de leads prioritários.,"Saldo/medições indisponíveis — valor sobre total é teto teórico, não valor devido. | indice_contratual_ausente — não aplicar IPCA/INCC/SINAPI por plausibilidade",,,,False,True
251,LIKELY_ADJUSTMENT_OPPORTUNITY,DOCUMENT_REQUEST_CANDIDATE,SUL_SC_PRIORITY,68.45,95.0,17.5,78.0,68.45,sede_ou_execucao_sul | interregno_conservador_gt_12m | multi_contratos=3 | regime_14133_provavel_ou_comprovado,23704923000120,"DUAL D ENGENHARIA, SERVICOS E ASSESSORIA LTDA",,Curitiba,PR,True,,,,3,Departamento de Tecnologia da Informação e Comunicação | FUNDEPAR - Instituto Paranaense de Desenvolvimento Educacional,25351703.77,22112109000153-2-000026/2024,FUNDEPAR - Instituto Paranaense de Desenvolvimento Educacional,LEGAL_REGIME_UNKNOWN,LIKELY_ADJUSTMENT_OPPORTUNITY,obra_classificada_conf=0.80 | fornecedor_privado | obrigacao_financeira_potencialmente_aberta | regime_14133_altamente_provavel | interregno_conservador_por_assinatura_gt_12m | document_request_parallel_action | Objeto classificado como edificacoes (conf=0.80) | Interregno mínimo conservador confirmado (level=B_CONSERVATIVE_SIGNATURE_GT_12M; proxy=data_assinatura) | Interregno ≥12m na data-base efetiva (proxy:data_assinatura) [TEMPORAL_CANDIDATE_BY_PROXY],Regime 14.133 provável (ano/PNCP/menção) mas não comprovado em documento oficial | data-base exata do orçamento ausente — cálculo preciso bloqueado | maturidade_temporal_insuficiente,clausula_reajuste | data_base_orcamento_estimado | indice_ou_formula | texto_oficial_contrato_edital | medicoes | apostilas | memoria_reajuste,Oportunidade provável — enriquecer contato e documentos antes da abordagem.,Oportunidade provável — enriquecer contato e documentos antes da abordagem.,"Não afirmar valor devido, inadimplemento, crédito constituído ou reajuste definitivamente não pago sem verificação documental completa e revisão humana registrada.",Oportunidade provável — enriquecer contato e documentos antes da abordagem.,Enriquecer contato empresarial; manter na fila de leads prioritários.,"Saldo/medições indisponíveis — valor sobre total é teto teórico, não valor devido. | indice_contratual_ausente — não aplicar IPCA/INCC/SINAPI por plausibilidade",,,,False,True
252,LIKELY_ADJUSTMENT_OPPORTUNITY,DOCUMENT_REQUEST_CANDIDATE,SUL_SC_PRIORITY,68.42,94.0,17.5,76.6,68.42,sede_ou_execucao_sul | interregno_conservador_gt_12m | multi_contratos=3 | regime_14133_provavel_ou_comprovado,10364152000399,LINCE - SEGURANCA PATRIMONIAL LTDA.,,Curitiba,PR,True,,,,3,TRIBUNAL DE JUSTIÇA ESTADO DO PARANA,40011229.4,77821841000194-2-000014/2024,TRIBUNAL DE JUSTIÇA ESTADO DO PARANA,LEGAL_REGIME_UNKNOWN,LIKELY_ADJUSTMENT_OPPORTUNITY,obra_classificada_conf=0.76 | fornecedor_privado | obrigacao_financeira_potencialmente_aberta | regime_14133_altamente_provavel | interregno_conservador_por_assinatura_gt_12m | document_request_parallel_action | Objeto classificado como obras_infraestrutura (conf=0.76) | Interregno mínimo conservador confirmado (level=B_CONSERVATIVE_SIGNATURE_GT_12M; proxy=data_assinatura) | Interregno ≥12m na data-base efetiva (proxy:data_assinatura) [TEMPORAL_CANDIDATE_BY_PROXY],Regime 14.133 provável (ano/PNCP/menção) mas não comprovado em documento oficial | data-base exata do orçamento ausente — cálculo preciso bloqueado,clausula_reajuste | data_base_orcamento_estimado | indice_ou_formula | texto_oficial_contrato_edital | medicoes | apostilas | memoria_reajuste,Oportunidade provável — enriquecer contato e documentos antes da abordagem.,Oportunidade provável — enriquecer contato e documentos antes da abordagem.,"Não afirmar valor devido, inadimplemento, crédito constituído ou reajuste definitivamente não pago sem verificação documental completa e revisão humana registrada.",Oportunidade provável — enriquecer contato e documentos antes da abordagem.,Enriquecer contato empresarial; manter na fila de leads prioritários.,"Saldo/medições indisponíveis — valor sobre total é teto teórico, não valor devido. | indice_contratual_ausente — não aplicar IPCA/INCC/SINAPI por plausibilidade",,,,False,True
253,LIKELY_ADJUSTMENT_OPPORTUNITY,DOCUMENT_REQUEST_CANDIDATE,SUL_SC_PRIORITY,68.41,95.0,17.5,78.0,68.41,sede_ou_execucao_sul | interregno_conservador_gt_12m | multi_contratos=2 | regime_14133_provavel_ou_comprovado,10684046000120,CONSTRUTORA DANILO BANDEIRA LTDA,,CASCAVEL,PR,True,,,,2,TRIBUNAL DE JUSTIÇA ESTADO DO PARANA,21758900.0,77821841000194-2-000241/2023,TRIBUNAL DE JUSTIÇA ESTADO DO PARANA,LEGAL_REGIME_UNKNOWN,LIKELY_ADJUSTMENT_OPPORTUNITY,obra_classificada_conf=0.80 | fornecedor_privado | obrigacao_financeira_potencialmente_aberta | regime_14133_altamente_provavel | interregno_conservador_por_assinatura_gt_12m | document_request_parallel_action | Objeto classificado como edificacoes (conf=0.80) | Interregno mínimo conservador confirmado (level=B_CONSERVATIVE_SIGNATURE_GT_12M; proxy=data_assinatura) | Interregno ≥12m na data-base efetiva (proxy:data_assinatura) [TEMPORAL_CANDIDATE_BY_PROXY],Regime 14.133 provável (ano/PNCP/menção) mas não comprovado em documento oficial | data-base exata do orçamento ausente — cálculo preciso bloqueado,clausula_reajuste | data_base_orcamento_estimado | indice_ou_formula | texto_oficial_contrato_edital | medicoes | apostilas | memoria_reajuste,Oportunidade provável — enriquecer contato e documentos antes da abordagem.,Oportunidade provável — enriquecer contato e documentos antes da abordagem.,"Não afirmar valor devido, inadimplemento, crédito constituído ou reajuste definitivamente não pago sem verificação documental completa e revisão humana registrada.",Oportunidade provável — enriquecer contato e documentos antes da abordagem.,Enriquecer contato empresarial; manter na fila de leads prioritários.,"Saldo/medições indisponíveis — valor sobre total é teto teórico, não valor devido. | indice_contratual_ausente — não aplicar IPCA/INCC/SINAPI por plausibilidade",,,,False,True
254,LIKELY_ADJUSTMENT_OPPORTUNITY,DOCUMENT_REQUEST_CANDIDATE,SUL_SC_PRIORITY,68.38,94.0,17.5,76.6,68.38,sede_ou_execucao_sul | interregno_conservador_gt_12m | regime_14133_provavel_ou_comprovado,00065497000126,AMBIENTAL LTDA,,Capão da Canoa,RS,True,,,,1,"Secretaria de Gestão, Inovação e Planejamento",17053758.35,90836693000140-2-000223/2025,"Secretaria de Gestão, Inovação e Planejamento",LEGAL_REGIME_UNKNOWN,LIKELY_ADJUSTMENT_OPPORTUNITY,obra_classificada_conf=0.76 | fornecedor_privado | obrigacao_financeira_potencialmente_aberta | regime_14133_altamente_provavel | interregno_conservador_por_assinatura_gt_12m | document_request_parallel_action | Objeto classificado como obras_infraestrutura (conf=0.76) | Interregno mínimo conservador confirmado (level=B_CONSERVATIVE_SIGNATURE_GT_12M; proxy=data_assinatura) | Interregno ≥12m na data-base efetiva (proxy:data_assinatura) [TEMPORAL_CANDIDATE_BY_PROXY],Regime 14.133 provável (ano/PNCP/menção) mas não comprovado em documento oficial | data-base exata do orçamento ausente — cálculo preciso bloqueado,clausula_reajuste | data_base_orcamento_estimado | indice_ou_formula | texto_oficial_contrato_edital | medicoes | apostilas | memoria_reajuste,Oportunidade provável — enriquecer contato e documentos antes da abordagem.,Oportunidade provável — enriquecer contato e documentos antes da abordagem.,"Não afirmar valor devido, inadimplemento, crédito constituído ou reajuste definitivamente não pago sem verificação documental completa e revisão humana registrada.",Oportunidade provável — enriquecer contato e documentos antes da abordagem.,Enriquecer contato empresarial; manter na fila de leads prioritários.,"Saldo/medições indisponíveis — valor sobre total é teto teórico, não valor devido. | indice_contratual_ausente — não aplicar IPCA/INCC/SINAPI por plausibilidade",,,,False,True
255,LIKELY_ADJUSTMENT_OPPORTUNITY,DOCUMENT_REQUEST_CANDIDATE,SUL_SC_PRIORITY,68.38,95.0,17.5,78.0,68.38,sede_ou_execucao_sul | interregno_conservador_gt_12m | regime_14133_provavel_ou_comprovado,39819708000104,CLEOMAR NUNES DE ALMEIDA LTDA   ME,,Itapejara d'Oeste,PR,True,,,,1,MUNICIPIO DE ITAPEJARA D'OESTE,9988000.0,76995430000152-2-000052/2025,MUNICIPIO DE ITAPEJARA D'OESTE,LEGAL_REGIME_UNKNOWN,LIKELY_ADJUSTMENT_OPPORTUNITY,obra_classificada_conf=0.80 | fornecedor_privado | obrigacao_financeira_potencialmente_aberta | regime_14133_altamente_provavel | interregno_conservador_por_assinatura_gt_12m | document_request_parallel_action | Objeto classificado como edificacoes (conf=0.80) | Interregno mínimo conservador confirmado (level=B_CONSERVATIVE_SIGNATURE_GT_12M; proxy=data_assinatura) | Interregno ≥12m na data-base efetiva (proxy:data_assinatura) [TEMPORAL_CANDIDATE_BY_PROXY],Regime 14.133 provável (ano/PNCP/menção) mas não comprovado em documento oficial | data-base exata do orçamento ausente — cálculo preciso bloqueado,clausula_reajuste | data_base_orcamento_estimado | indice_ou_formula | texto_oficial_contrato_edital | medicoes | apostilas | memoria_reajuste,Oportunidade provável — enriquecer contato e documentos antes da abordagem.,Oportunidade provável — enriquecer contato e documentos antes da abordagem.,"Não afirmar valor devido, inadimplemento, crédito constituído ou reajuste definitivamente não pago sem verificação documental completa e revisão humana registrada.",Oportunidade provável — enriquecer contato e documentos antes da abordagem.,Enriquecer contato empresarial; manter na fila de leads prioritários.,"Saldo/medições indisponíveis — valor sobre total é teto teórico, não valor devido. | indice_contratual_ausente — não aplicar IPCA/INCC/SINAPI por plausibilidade",,,,False,True
256,LIKELY_ADJUSTMENT_OPPORTUNITY,DOCUMENT_REQUEST_CANDIDATE,SUL_SC_PRIORITY,68.38,95.0,17.5,78.0,68.38,sede_ou_execucao_sul | interregno_conservador_gt_12m | regime_14133_provavel_ou_comprovado,82083270000178,CONSTRUTORA SERRA DA PRATA LTDA,,Pontal do Paraná,PR,True,,,,1,Unidade administrativa,9929964.04,01609843000152-2-000380/2024,Unidade administrativa,LEGAL_REGIME_UNKNOWN,LIKELY_ADJUSTMENT_OPPORTUNITY,obra_classificada_conf=0.80 | fornecedor_privado | obrigacao_financeira_potencialmente_aberta | regime_14133_altamente_provavel | interregno_conservador_por_assinatura_gt_12m | document_request_parallel_action | Objeto classificado como saneamento_redes (conf=0.80) | Interregno mínimo conservador confirmado (level=B_CONSERVATIVE_SIGNATURE_GT_12M; proxy=data_assinatura) | Interregno ≥12m na data-base efetiva (proxy:data_assinatura) [TEMPORAL_CANDIDATE_BY_PROXY],Regime 14.133 provável (ano/PNCP/menção) mas não comprovado em documento oficial | data-base exata do orçamento ausente — cálculo preciso bloqueado,clausula_reajuste | data_base_orcamento_estimado | indice_ou_formula | texto_oficial_contrato_edital | medicoes | apostilas | memoria_reajuste,Oportunidade provável — enriquecer contato e documentos antes da abordagem.,Oportunidade provável — enriquecer contato e documentos antes da abordagem.,"Não afirmar valor devido, inadimplemento, crédito constituído ou reajuste definitivamente não pago sem verificação documental completa e revisão humana registrada.",Oportunidade provável — enriquecer contato e documentos antes da abordagem.,Enriquecer contato empresarial; manter na fila de leads prioritários.,"Saldo/medições indisponíveis — valor sobre total é teto teórico, não valor devido. | indice_contratual_ausente — não aplicar IPCA/INCC/SINAPI por plausibilidade",,,,False,True
257,LIKELY_ADJUSTMENT_OPPORTUNITY,DOCUMENT_REQUEST_CANDIDATE,SUL_SC_PRIORITY,68.33,95.0,17.5,78.0,68.33,sede_ou_execucao_sul | interregno_conservador_gt_12m | regime_14133_provavel_ou_comprovado,27943728000103,O.S.L. INFRAESTRUTURA LTDA,,Nova Olímpia,PR,True,,,,1,Unidade administrativa,9534297.96,75799577000104-2-000001/2025,Unidade administrativa,LEGAL_REGIME_UNKNOWN,LIKELY_ADJUSTMENT_OPPORTUNITY,obra_classificada_conf=0.80 | fornecedor_privado | obrigacao_financeira_potencialmente_aberta | regime_14133_altamente_provavel | interregno_conservador_por_assinatura_gt_12m | document_request_parallel_action | Objeto classificado como edificacoes (conf=0.80) | Interregno mínimo conservador confirmado (level=B_CONSERVATIVE_SIGNATURE_GT_12M; proxy=data_assinatura) | Interregno ≥12m na data-base efetiva (proxy:data_assinatura) [TEMPORAL_CANDIDATE_BY_PROXY],Regime 14.133 provável (ano/PNCP/menção) mas não comprovado em documento oficial | data-base exata do orçamento ausente — cálculo preciso bloqueado,clausula_reajuste | data_base_orcamento_estimado | indice_ou_formula | texto_oficial_contrato_edital | medicoes | apostilas | memoria_reajuste,Oportunidade provável — enriquecer contato e documentos antes da abordagem.,Oportunidade provável — enriquecer contato e documentos antes da abordagem.,"Não afirmar valor devido, inadimplemento, crédito constituído ou reajuste definitivamente não pago sem verificação documental completa e revisão humana registrada.",Oportunidade provável — enriquecer contato e documentos antes da abordagem.,Enriquecer contato empresarial; manter na fila de leads prioritários.,"Saldo/medições indisponíveis — valor sobre total é teto teórico, não valor devido. | indice_contratual_ausente — não aplicar IPCA/INCC/SINAPI por plausibilidade",,,,False,True
258,LIKELY_ADJUSTMENT_OPPORTUNITY,DOCUMENT_REQUEST_CANDIDATE,SUL_SC_PRIORITY,68.23,94.0,17.5,76.6,68.23,sede_ou_execucao_sul | interregno_conservador_gt_12m | regime_14133_provavel_ou_comprovado,26387303000100,TROIA ASSESSORIA E SERVIÇOS TECNICOS LTDA,,Passo Fundo,RS,True,,,,1,MUNICÍPIO DE PASSO FUNDO,15520753.92,87612537000190-2-000106/2024,MUNICÍPIO DE PASSO FUNDO,LEGAL_REGIME_UNKNOWN,LIKELY_ADJUSTMENT_OPPORTUNITY,obra_classificada_conf=0.76 | fornecedor_privado | obrigacao_financeira_potencialmente_aberta | regime_14133_altamente_provavel | interregno_conservador_por_assinatura_gt_12m | document_request_parallel_action | Objeto classificado como obras_infraestrutura (conf=0.76) | Interregno mínimo conservador confirmado (level=B_CONSERVATIVE_SIGNATURE_GT_12M; proxy=data_assinatura) | Interregno ≥12m na data-base efetiva (proxy:data_assinatura) [TEMPORAL_CANDIDATE_BY_PROXY],Regime 14.133 provável (ano/PNCP/menção) mas não comprovado em documento oficial | data-base exata do orçamento ausente — cálculo preciso bloqueado,clausula_reajuste | data_base_orcamento_estimado | indice_ou_formula | texto_oficial_contrato_edital | medicoes | apostilas | memoria_reajuste,Oportunidade provável — enriquecer contato e documentos antes da abordagem.,Oportunidade provável — enriquecer contato e documentos antes da abordagem.,"Não afirmar valor devido, inadimplemento, crédito constituído ou reajuste definitivamente não pago sem verificação documental completa e revisão humana registrada.",Oportunidade provável — enriquecer contato e documentos antes da abordagem.,Enriquecer contato empresarial; manter na fila de leads prioritários.,"Saldo/medições indisponíveis — valor sobre total é teto teórico, não valor devido. | indice_contratual_ausente — não aplicar IPCA/INCC/SINAPI por plausibilidade",,,,False,True
259,LIKELY_ADJUSTMENT_OPPORTUNITY,DOCUMENT_REQUEST_CANDIDATE,SUL_SC_PRIORITY,68.23,94.0,17.5,76.6,68.23,sede_ou_execucao_sul | interregno_conservador_gt_12m | regime_14133_provavel_ou_comprovado,78080199000100,N DALMINA CONSTRUCOES LTDA,,Cascavel,PR,True,,,,1,UNIOESTE REITOR - Universidade Estadual do Oeste do Paraná - Reitoria,15447105.0,78680337000184-2-000059/2024,UNIOESTE REITOR - Universidade Estadual do Oeste do Paraná - Reitoria,LEGAL_REGIME_UNKNOWN,LIKELY_ADJUSTMENT_OPPORTUNITY,obra_classificada_conf=0.76 | fornecedor_privado | obrigacao_financeira_potencialmente_aberta | regime_14133_altamente_provavel | interregno_conservador_por_assinatura_gt_12m | document_request_parallel_action | Objeto classificado como edificacoes (conf=0.76) | Interregno mínimo conservador confirmado (level=B_CONSERVATIVE_SIGNATURE_GT_12M; proxy=data_assinatura) | Interregno ≥12m na data-base efetiva (proxy:data_assinatura) [TEMPORAL_CANDIDATE_BY_PROXY],Regime 14.133 provável (ano/PNCP/menção) mas não comprovado em documento oficial | data-base exata do orçamento ausente — cálculo preciso bloqueado,clausula_reajuste | data_base_orcamento_estimado | indice_ou_formula | texto_oficial_contrato_edital | medicoes | apostilas | memoria_reajuste,Oportunidade provável — enriquecer contato e documentos antes da abordagem.,Oportunidade provável — enriquecer contato e documentos antes da abordagem.,"Não afirmar valor devido, inadimplemento, crédito constituído ou reajuste definitivamente não pago sem verificação documental completa e revisão humana registrada.",Oportunidade provável — enriquecer contato e documentos antes da abordagem.,Enriquecer contato empresarial; manter na fila de leads prioritários.,"Saldo/medições indisponíveis — valor sobre total é teto teórico, não valor devido. | indice_contratual_ausente — não aplicar IPCA/INCC/SINAPI por plausibilidade",,,,False,True
260,LIKELY_ADJUSTMENT_OPPORTUNITY,DOCUMENT_REQUEST_CANDIDATE,SUL_SC_PRIORITY,68.17,94.0,17.5,76.6,68.17,sede_ou_execucao_sul | interregno_conservador_gt_12m | multi_contratos=3 | regime_14133_provavel_ou_comprovado,05338024000179,GENESY - VIGILANCIA E SEGURANCA PATRIMONIAL LTDA,,Curitiba,PR,True,,,,3,TRIBUNAL DE JUSTIÇA ESTADO DO PARANA,31624560.0,77821841000194-2-000015/2024,TRIBUNAL DE JUSTIÇA ESTADO DO PARANA,LEGAL_REGIME_UNKNOWN,LIKELY_ADJUSTMENT_OPPORTUNITY,obra_classificada_conf=0.76 | fornecedor_privado | obrigacao_financeira_potencialmente_aberta | regime_14133_altamente_provavel | interregno_conservador_por_assinatura_gt_12m | document_request_parallel_action | Objeto classificado como obras_infraestrutura (conf=0.76) | Interregno mínimo conservador confirmado (level=B_CONSERVATIVE_SIGNATURE_GT_12M; proxy=data_assinatura) | Interregno ≥12m na data-base efetiva (proxy:data_assinatura) [TEMPORAL_CANDIDATE_BY_PROXY],Regime 14.133 provável (ano/PNCP/menção) mas não comprovado em documento oficial | data-base exata do orçamento ausente — cálculo preciso bloqueado,clausula_reajuste | data_base_orcamento_estimado | indice_ou_formula | texto_oficial_contrato_edital | medicoes | apostilas | memoria_reajuste,Oportunidade provável — enriquecer contato e documentos antes da abordagem.,Oportunidade provável — enriquecer contato e documentos antes da abordagem.,"Não afirmar valor devido, inadimplemento, crédito constituído ou reajuste definitivamente não pago sem verificação documental completa e revisão humana registrada.",Oportunidade provável — enriquecer contato e documentos antes da abordagem.,Enriquecer contato empresarial; manter na fila de leads prioritários.,"Saldo/medições indisponíveis — valor sobre total é teto teórico, não valor devido. | indice_contratual_ausente — não aplicar IPCA/INCC/SINAPI por plausibilidade",,,,False,True
261,LIKELY_ADJUSTMENT_OPPORTUNITY,DOCUMENT_REQUEST_CANDIDATE,SUL_SC_PRIORITY,68.17,94.0,17.5,76.6,68.17,sede_ou_execucao_sul | interregno_conservador_gt_12m | regime_14133_provavel_ou_comprovado,60342215000112,CONSORCIO NOVAS CONCESSOES PARANAENSE,,Curitiba,PR,True,,,,1,DER - Departamento de Estradas de Rodagem do Estado do Paraná,14830902.0,76669324000189-2-000054/2025,DER - Departamento de Estradas de Rodagem do Estado do Paraná,LEGAL_REGIME_UNKNOWN,LIKELY_ADJUSTMENT_OPPORTUNITY,obra_classificada_conf=0.76 | fornecedor_privado | obrigacao_financeira_potencialmente_aberta | regime_14133_altamente_provavel | interregno_conservador_por_assinatura_gt_12m | document_request_parallel_action | Objeto classificado como pavimentacao_rodoviaria (conf=0.76) | Interregno mínimo conservador confirmado (level=B_CONSERVATIVE_SIGNATURE_GT_12M; proxy=data_assinatura) | Interregno ≥12m na data-base efetiva (proxy:data_assinatura) [TEMPORAL_CANDIDATE_BY_PROXY],Regime 14.133 provável (ano/PNCP/menção) mas não comprovado em documento oficial | data-base exata do orçamento ausente — cálculo preciso bloqueado,clausula_reajuste | data_base_orcamento_estimado | indice_ou_formula | texto_oficial_contrato_edital | medicoes | apostilas | memoria_reajuste,Oportunidade provável — enriquecer contato e documentos antes da abordagem.,Oportunidade provável — enriquecer contato e documentos antes da abordagem.,"Não afirmar valor devido, inadimplemento, crédito constituído ou reajuste definitivamente não pago sem verificação documental completa e revisão humana registrada.",Oportunidade provável — enriquecer contato e documentos antes da abordagem.,Enriquecer contato empresarial; manter na fila de leads prioritários.,"Saldo/medições indisponíveis — valor sobre total é teto teórico, não valor devido. | indice_contratual_ausente — não aplicar IPCA/INCC/SINAPI por plausibilidade",,,,False,True
262,LIKELY_ADJUSTMENT_OPPORTUNITY,DOCUMENT_REQUEST_CANDIDATE,SUL_SC_PRIORITY,68.16,95.0,17.5,78.0,68.16,sede_ou_execucao_sul | interregno_conservador_gt_12m | regime_14133_provavel_ou_comprovado,27895111000160,HOPE ENGTECH LTDA,,Agudos do Sul,PR,True,,,,1,PREFEITURA MUNICIPAL DE AGUDOS DO SUL - PR,8270000.0,76105667000110-2-000037/2024,PREFEITURA MUNICIPAL DE AGUDOS DO SUL - PR,LEGAL_REGIME_UNKNOWN,LIKELY_ADJUSTMENT_OPPORTUNITY,obra_classificada_conf=0.80 | fornecedor_privado | obrigacao_financeira_potencialmente_aberta | regime_14133_altamente_provavel | interregno_conservador_por_assinatura_gt_12m | document_request_parallel_action | Objeto classificado como edificacoes (conf=0.80) | Interregno mínimo conservador confirmado (level=B_CONSERVATIVE_SIGNATURE_GT_12M; proxy=data_assinatura) | Interregno ≥12m na data-base efetiva (proxy:data_assinatura) [TEMPORAL_CANDIDATE_BY_PROXY],Regime 14.133 provável (ano/PNCP/menção) mas não comprovado em documento oficial | data-base exata do orçamento ausente — cálculo preciso bloqueado,clausula_reajuste | data_base_orcamento_estimado | indice_ou_formula | texto_oficial_contrato_edital | medicoes | apostilas | memoria_reajuste,Oportunidade provável — enriquecer contato e documentos antes da abordagem.,Oportunidade provável — enriquecer contato e documentos antes da abordagem.,"Não afirmar valor devido, inadimplemento, crédito constituído ou reajuste definitivamente não pago sem verificação documental completa e revisão humana registrada.",Oportunidade provável — enriquecer contato e documentos antes da abordagem.,Enriquecer contato empresarial; manter na fila de leads prioritários.,"Saldo/medições indisponíveis — valor sobre total é teto teórico, não valor devido. | indice_contratual_ausente — não aplicar IPCA/INCC/SINAPI por plausibilidade",,,,False,True
263,LIKELY_ADJUSTMENT_OPPORTUNITY,DOCUMENT_REQUEST_CANDIDATE,SUL_SC_PRIORITY,68.16,95.0,17.5,79.4,68.16,sede_ou_execucao_sul | interregno_conservador_gt_12m | multi_contratos=3 | regime_14133_provavel_ou_comprovado,81088965000180,CONSTRUTORA DEL PLATA LTDA,,MARINGA,PR,True,,,,3,FUNDEPAR - Instituto Paranaense de Desenvolvimento Educacional | UNIDADE ADMINISTRATIVA | Unidade administrativa,25175732.12,22112109000153-2-000075/2025,FUNDEPAR - Instituto Paranaense de Desenvolvimento Educacional,LEGAL_REGIME_UNKNOWN,LIKELY_ADJUSTMENT_OPPORTUNITY,obra_classificada_conf=0.80 | fornecedor_privado | obrigacao_financeira_potencialmente_aberta | regime_14133_altamente_provavel | interregno_conservador_por_assinatura_gt_12m | document_request_parallel_action | Objeto classificado como edificacoes (conf=0.80) | Interregno mínimo conservador confirmado (level=B_CONSERVATIVE_SIGNATURE_GT_12M; proxy=data_assinatura) | Interregno ≥12m na data-base efetiva (proxy:data_assinatura) [TEMPORAL_CANDIDATE_BY_PROXY],Regime 14.133 provável (ano/PNCP/menção) mas não comprovado em documento oficial | data-base exata do orçamento ausente — cálculo preciso bloqueado | maturidade_temporal_insuficiente,clausula_reajuste | data_base_orcamento_estimado | indice_ou_formula | texto_oficial_contrato_edital | medicoes | apostilas | memoria_reajuste,Oportunidade provável — enriquecer contato e documentos antes da abordagem.,Oportunidade provável — enriquecer contato e documentos antes da abordagem.,"Não afirmar valor devido, inadimplemento, crédito constituído ou reajuste definitivamente não pago sem verificação documental completa e revisão humana registrada.",Oportunidade provável — enriquecer contato e documentos antes da abordagem.,Enriquecer contato empresarial; manter na fila de leads prioritários.,"Saldo/medições indisponíveis — valor sobre total é teto teórico, não valor devido. | indice_contratual_ausente — não aplicar IPCA/INCC/SINAPI por plausibilidade",,,,False,True
264,LIKELY_ADJUSTMENT_OPPORTUNITY,DOCUMENT_REQUEST_CANDIDATE,SUL_SC_PRIORITY,68.13,95.0,17.5,78.0,68.13,sede_ou_execucao_sul | interregno_conservador_gt_12m | multi_contratos=3 | regime_14133_provavel_ou_comprovado,21514376000194,LONDRINA ILUMINACAO S A,,LONDRINA,PR,True,,,,3,Diretoria de Gestao de Licitacoes e Contratos -SMGP | Instituto de Desenvolvimento de Londrina - CODEL,57323775.78,75771477000170-2-000026/2024,Diretoria de Gestao de Licitacoes e Contratos -SMGP,LEGAL_REGIME_UNKNOWN,LIKELY_ADJUSTMENT_OPPORTUNITY,obra_classificada_conf=0.80 | fornecedor_privado | obrigacao_financeira_potencialmente_aberta | regime_14133_altamente_provavel | interregno_conservador_por_assinatura_gt_12m | document_request_parallel_action | Objeto classificado como obras_engenharia_geral (conf=0.80) | Interregno mínimo conservador confirmado (level=B_CONSERVATIVE_SIGNATURE_GT_12M; proxy=data_assinatura) | Interregno ≥12m na data-base efetiva (proxy:data_assinatura) [TEMPORAL_CANDIDATE_BY_PROXY],Regime 14.133 provável (ano/PNCP/menção) mas não comprovado em documento oficial | data-base exata do orçamento ausente — cálculo preciso bloqueado | maturidade_temporal_insuficiente,clausula_reajuste | data_base_orcamento_estimado | indice_ou_formula | texto_oficial_contrato_edital | medicoes | apostilas | memoria_reajuste,Oportunidade provável — enriquecer contato e documentos antes da abordagem.,Oportunidade provável — enriquecer contato e documentos antes da abordagem.,"Não afirmar valor devido, inadimplemento, crédito constituído ou reajuste definitivamente não pago sem verificação documental completa e revisão humana registrada.",Oportunidade provável — enriquecer contato e documentos antes da abordagem.,Enriquecer contato empresarial; manter na fila de leads prioritários.,"Saldo/medições indisponíveis — valor sobre total é teto teórico, não valor devido. | indice_contratual_ausente — não aplicar IPCA/INCC/SINAPI por plausibilidade",,,,False,True
265,LIKELY_ADJUSTMENT_OPPORTUNITY,DOCUMENT_REQUEST_CANDIDATE,SUL_SC_PRIORITY,68.12,95.0,17.5,78.0,68.12,sede_ou_execucao_sul | interregno_conservador_gt_12m | regime_14133_provavel_ou_comprovado,24156301000177,CONSTRUTORA DE OBRAS SAID LTDA,,Tijucas do Sul,PR,True,,,,1,SECRETARIA MUNICIPAL DE URBANISMO E SERVICOS URBANOS,7970000.0,76105584000121-2-000028/2025,SECRETARIA MUNICIPAL DE URBANISMO E SERVICOS URBANOS,LEGAL_REGIME_UNKNOWN,LIKELY_ADJUSTMENT_OPPORTUNITY,obra_classificada_conf=0.80 | fornecedor_privado | obrigacao_financeira_potencialmente_aberta | regime_14133_altamente_provavel | interregno_conservador_por_assinatura_gt_12m | document_request_parallel_action | Objeto classificado como pavimentacao_rodoviaria (conf=0.80) | Interregno mínimo conservador confirmado (level=B_CONSERVATIVE_SIGNATURE_GT_12M; proxy=data_assinatura) | Interregno ≥12m na data-base efetiva (proxy:data_assinatura) [TEMPORAL_CANDIDATE_BY_PROXY],Regime 14.133 provável (ano/PNCP/menção) mas não comprovado em documento oficial | data-base exata do orçamento ausente — cálculo preciso bloqueado,clausula_reajuste | data_base_orcamento_estimado | indice_ou_formula | texto_oficial_contrato_edital | medicoes | apostilas | memoria_reajuste,Oportunidade provável — enriquecer contato e documentos antes da abordagem.,Oportunidade provável — enriquecer contato e documentos antes da abordagem.,"Não afirmar valor devido, inadimplemento, crédito constituído ou reajuste definitivamente não pago sem verificação documental completa e revisão humana registrada.",Oportunidade provável — enriquecer contato e documentos antes da abordagem.,Enriquecer contato empresarial; manter na fila de leads prioritários.,"Saldo/medições indisponíveis — valor sobre total é teto teórico, não valor devido. | indice_contratual_ausente — não aplicar IPCA/INCC/SINAPI por plausibilidade",,,,False,True
266,LIKELY_ADJUSTMENT_OPPORTUNITY,DOCUMENT_REQUEST_CANDIDATE,SUL_SC_PRIORITY,68.11,94.0,17.5,76.6,68.11,sede_ou_execucao_sul | interregno_conservador_gt_12m | regime_14133_provavel_ou_comprovado,04860074000159,JGD CONSTRUÇÃO CIVIL LTDA,,Alvorada,RS,True,,,,1,CAMARA MUNICIPAL DE VEREADORES,14300000.0,88000906000157-2-000009/2024,CAMARA MUNICIPAL DE VEREADORES,LEGAL_REGIME_UNKNOWN,LIKELY_ADJUSTMENT_OPPORTUNITY,obra_classificada_conf=0.76 | fornecedor_privado | obrigacao_financeira_potencialmente_aberta | regime_14133_altamente_provavel | interregno_conservador_por_assinatura_gt_12m | document_request_parallel_action | Objeto classificado como pavimentacao_rodoviaria (conf=0.76) | Interregno mínimo conservador confirmado (level=B_CONSERVATIVE_SIGNATURE_GT_12M; proxy=data_assinatura) | Interregno ≥12m na data-base efetiva (proxy:data_assinatura) [TEMPORAL_CANDIDATE_BY_PROXY],Regime 14.133 provável (ano/PNCP/menção) mas não comprovado em documento oficial | data-base exata do orçamento ausente — cálculo preciso bloqueado,clausula_reajuste | data_base_orcamento_estimado | indice_ou_formula | texto_oficial_contrato_edital | medicoes | apostilas | memoria_reajuste,Oportunidade provável — enriquecer contato e documentos antes da abordagem.,Oportunidade provável — enriquecer contato e documentos antes da abordagem.,"Não afirmar valor devido, inadimplemento, crédito constituído ou reajuste definitivamente não pago sem verificação documental completa e revisão humana registrada.",Oportunidade provável — enriquecer contato e documentos antes da abordagem.,Enriquecer contato empresarial; manter na fila de leads prioritários.,"Saldo/medições indisponíveis — valor sobre total é teto teórico, não valor devido. | indice_contratual_ausente — não aplicar IPCA/INCC/SINAPI por plausibilidade",,,,False,True
267,LIKELY_ADJUSTMENT_OPPORTUNITY,DOCUMENT_REQUEST_CANDIDATE,SUL_SC_PRIORITY,68.1,94.0,17.5,76.6,68.1,sede_ou_execucao_sul | interregno_conservador_gt_12m | regime_14133_provavel_ou_comprovado,93527794000399,BORMANA COMERCIO DE AUTOPECAS LTDA,,Porto Alegre,RS,True,,,,1,BRIGADA MILITAR - DEPARTAMENTO DE LOGÍSTICA E PATRIMÔNIO,14186500.0,89175541000164-2-000179/2024,BRIGADA MILITAR - DEPARTAMENTO DE LOGÍSTICA E PATRIMÔNIO,LEGAL_REGIME_UNKNOWN,LIKELY_ADJUSTMENT_OPPORTUNITY,obra_classificada_conf=0.76 | fornecedor_privado | obrigacao_financeira_potencialmente_aberta | regime_14133_altamente_provavel | interregno_conservador_por_assinatura_gt_12m | document_request_parallel_action | Objeto classificado como pavimentacao_rodoviaria (conf=0.76) | Interregno mínimo conservador confirmado (level=B_CONSERVATIVE_SIGNATURE_GT_12M; proxy=data_assinatura) | Interregno ≥12m na data-base efetiva (proxy:data_assinatura) [TEMPORAL_CANDIDATE_BY_PROXY],Regime 14.133 provável (ano/PNCP/menção) mas não comprovado em documento oficial | data-base exata do orçamento ausente — cálculo preciso bloqueado,clausula_reajuste | data_base_orcamento_estimado | indice_ou_formula | texto_oficial_contrato_edital | medicoes | apostilas | memoria_reajuste,Oportunidade provável — enriquecer contato e documentos antes da abordagem.,Oportunidade provável — enriquecer contato e documentos antes da abordagem.,"Não afirmar valor devido, inadimplemento, crédito constituído ou reajuste definitivamente não pago sem verificação documental completa e revisão humana registrada.",Oportunidade provável — enriquecer contato e documentos antes da abordagem.,Enriquecer contato empresarial; manter na fila de leads prioritários.,"Saldo/medições indisponíveis — valor sobre total é teto teórico, não valor devido. | indice_contratual_ausente — não aplicar IPCA/INCC/SINAPI por plausibilidade",,,,False,True
268,LIKELY_ADJUSTMENT_OPPORTUNITY,DOCUMENT_REQUEST_CANDIDATE,SUL_SC_PRIORITY,68.09,95.0,17.5,78.0,68.09,sede_ou_execucao_sul | interregno_conservador_gt_12m | multi_contratos=4 | regime_14133_provavel_ou_comprovado,36986317000196,PARANASOLO CONSTRUCAO E PAVIMENTACAO LTDA.,,PARANAVAI,PR,True,,,,4,COORDENAÇÃO DA SECRETARIA DE AGRICULTURA | PREFEITURA MUNICIPAL DE ALTO PARANÁ | PREFEITURA MUNICIPAL DE ITAGUAJÉ - PR | Unidade administrativa,50275521.18,76977768000181-2-000079/2024,COORDENAÇÃO DA SECRETARIA DE AGRICULTURA,LEGAL_REGIME_UNKNOWN,LIKELY_ADJUSTMENT_OPPORTUNITY,obra_classificada_conf=0.80 | fornecedor_privado | obrigacao_financeira_potencialmente_aberta | regime_14133_altamente_provavel | interregno_conservador_por_assinatura_gt_12m | document_request_parallel_action | Objeto classificado como pavimentacao_rodoviaria (conf=0.80) | Interregno mínimo conservador confirmado (level=B_CONSERVATIVE_SIGNATURE_GT_12M; proxy=data_assinatura) | Interregno ≥12m na data-base efetiva (proxy:data_assinatura) [TEMPORAL_CANDIDATE_BY_PROXY],Regime 14.133 provável (ano/PNCP/menção) mas não comprovado em documento oficial | data-base exata do orçamento ausente — cálculo preciso bloqueado | maturidade_temporal_insuficiente,clausula_reajuste | data_base_orcamento_estimado | indice_ou_formula | texto_oficial_contrato_edital | medicoes | apostilas | memoria_reajuste,Oportunidade provável — enriquecer contato e documentos antes da abordagem.,Oportunidade provável — enriquecer contato e documentos antes da abordagem.,"Não afirmar valor devido, inadimplemento, crédito constituído ou reajuste definitivamente não pago sem verificação documental completa e revisão humana registrada.",Oportunidade provável — enriquecer contato e documentos antes da abordagem.,Enriquecer contato empresarial; manter na fila de leads prioritários.,"Saldo/medições indisponíveis — valor sobre total é teto teórico, não valor devido. | indice_contratual_ausente — não aplicar IPCA/INCC/SINAPI por plausibilidade",,,,False,True
269,LIKELY_ADJUSTMENT_OPPORTUNITY,DOCUMENT_REQUEST_CANDIDATE,SUL_SC_PRIORITY,68.07,94.0,17.5,76.6,68.07,sede_ou_execucao_sul | interregno_conservador_gt_12m | regime_14133_provavel_ou_comprovado,13809328000103,SINNC - SOLUCOES LTDA,,Curitiba,PR,True,,,,1,FUNEAS - Fundação Estatal de Atenção em Saúde do Estado do Paraná,13910400.0,24039073000155-2-000442/2025,FUNEAS - Fundação Estatal de Atenção em Saúde do Estado do Paraná,LEGAL_REGIME_UNKNOWN,LIKELY_ADJUSTMENT_OPPORTUNITY,obra_classificada_conf=0.76 | fornecedor_privado | obrigacao_financeira_potencialmente_aberta | regime_14133_altamente_provavel | interregno_conservador_por_assinatura_gt_12m | document_request_parallel_action | Objeto classificado como obras_engenharia_geral (conf=0.76) | Interregno mínimo conservador confirmado (level=B_CONSERVATIVE_SIGNATURE_GT_12M; proxy=data_assinatura) | Interregno ≥12m na data-base efetiva (proxy:data_assinatura) [TEMPORAL_CANDIDATE_BY_PROXY],Regime 14.133 provável (ano/PNCP/menção) mas não comprovado em documento oficial | data-base exata do orçamento ausente — cálculo preciso bloqueado,clausula_reajuste | data_base_orcamento_estimado | indice_ou_formula | texto_oficial_contrato_edital | medicoes | apostilas | memoria_reajuste,Oportunidade provável — enriquecer contato e documentos antes da abordagem.,Oportunidade provável — enriquecer contato e documentos antes da abordagem.,"Não afirmar valor devido, inadimplemento, crédito constituído ou reajuste definitivamente não pago sem verificação documental completa e revisão humana registrada.",Oportunidade provável — enriquecer contato e documentos antes da abordagem.,Enriquecer contato empresarial; manter na fila de leads prioritários.,"Saldo/medições indisponíveis — valor sobre total é teto teórico, não valor devido. | indice_contratual_ausente — não aplicar IPCA/INCC/SINAPI por plausibilidade",,,,False,True
270,LIKELY_ADJUSTMENT_OPPORTUNITY,DOCUMENT_REQUEST_CANDIDATE,SUL_SC_PRIORITY,68.02,95.0,17.5,78.0,68.02,sede_ou_execucao_sul | interregno_conservador_gt_12m | multi_contratos=2 | regime_14133_provavel_ou_comprovado,03505277000164,ECSAM SERVIÇOS AMBIENTAIS LTDA,,BOCAIUVA DO SUL,PR,True,,,,2,SMMA - SECRETARIA MUNICIPAL DO MEIO AMBIENTE,14400000.0,76417005000186-2-000233/2024,SMMA - SECRETARIA MUNICIPAL DO MEIO AMBIENTE,LEGAL_REGIME_UNKNOWN,LIKELY_ADJUSTMENT_OPPORTUNITY,obra_classificada_conf=0.80 | fornecedor_privado | obrigacao_financeira_potencialmente_aberta | regime_14133_altamente_provavel | interregno_conservador_por_assinatura_gt_12m | document_request_parallel_action | Objeto classificado como obras_engenharia_geral (conf=0.80) | Interregno mínimo conservador confirmado (level=B_CONSERVATIVE_SIGNATURE_GT_12M; proxy=data_assinatura) | Interregno ≥12m na data-base efetiva (proxy:data_assinatura) [TEMPORAL_CANDIDATE_BY_PROXY],Regime 14.133 provável (ano/PNCP/menção) mas não comprovado em documento oficial | data-base exata do orçamento ausente — cálculo preciso bloqueado,clausula_reajuste | data_base_orcamento_estimado | indice_ou_formula | texto_oficial_contrato_edital | medicoes | apostilas | memoria_reajuste,Oportunidade provável — enriquecer contato e documentos antes da abordagem.,Oportunidade provável — enriquecer contato e documentos antes da abordagem.,"Não afirmar valor devido, inadimplemento, crédito constituído ou reajuste definitivamente não pago sem verificação documental completa e revisão humana registrada.",Oportunidade provável — enriquecer contato e documentos antes da abordagem.,Enriquecer contato empresarial; manter na fila de leads prioritários.,"Saldo/medições indisponíveis — valor sobre total é teto teórico, não valor devido. | indice_contratual_ausente — não aplicar IPCA/INCC/SINAPI por plausibilidade",,,,False,True
271,LIKELY_ADJUSTMENT_OPPORTUNITY,DOCUMENT_REQUEST_CANDIDATE,SUL_SC_PRIORITY,68.02,94.0,17.5,76.6,68.02,sede_ou_execucao_sul | interregno_conservador_gt_12m | regime_14133_provavel_ou_comprovado,85489078000174,ENGELUZ ILUMINACAO E ELETRICIDADE LTDA,,WENCESLAU BRAZ,PR,True,,,,1,Prefeitura Municipal de Joinville - PMJ,13448665.95,83169623000110-2-000476/2025,Prefeitura Municipal de Joinville - PMJ,LEGAL_REGIME_UNKNOWN,LIKELY_ADJUSTMENT_OPPORTUNITY,obra_classificada_conf=0.76 | fornecedor_privado | obrigacao_financeira_potencialmente_aberta | regime_14133_altamente_provavel | interregno_conservador_por_assinatura_gt_12m | document_request_parallel_action | Objeto classificado como obras_engenharia_geral (conf=0.76) | Interregno mínimo conservador confirmado (level=B_CONSERVATIVE_SIGNATURE_GT_12M; proxy=data_assinatura) | Interregno ≥12m na data-base efetiva (proxy:data_assinatura) [TEMPORAL_CANDIDATE_BY_PROXY],Regime 14.133 provável (ano/PNCP/menção) mas não comprovado em documento oficial | data-base exata do orçamento ausente — cálculo preciso bloqueado,clausula_reajuste | data_base_orcamento_estimado | indice_ou_formula | texto_oficial_contrato_edital | medicoes | apostilas | memoria_reajuste,Oportunidade provável — enriquecer contato e documentos antes da abordagem.,Oportunidade provável — enriquecer contato e documentos antes da abordagem.,"Não afirmar valor devido, inadimplemento, crédito constituído ou reajuste definitivamente não pago sem verificação documental completa e revisão humana registrada.",Oportunidade provável — enriquecer contato e documentos antes da abordagem.,Enriquecer contato empresarial; manter na fila de leads prioritários.,"Saldo/medições indisponíveis — valor sobre total é teto teórico, não valor devido. | indice_contratual_ausente — não aplicar IPCA/INCC/SINAPI por plausibilidade",,,,False,True
272,LIKELY_ADJUSTMENT_OPPORTUNITY,DOCUMENT_REQUEST_CANDIDATE,SUL_SC_PRIORITY,68.01,94.0,17.5,76.6,68.01,sede_ou_execucao_sul | interregno_conservador_gt_12m | regime_14133_provavel_ou_comprovado,26322885000139,CONSTRUTORA AZULMAX LTDA,,CAMPO DO TENENTE,PR,True,,,,1,Prefeitura Municipal de Joinville - PMJ,13273327.71,83169623000110-2-000178/2023,Prefeitura Municipal de Joinville - PMJ,LEGAL_REGIME_UNKNOWN,LIKELY_ADJUSTMENT_OPPORTUNITY,obra_classificada_conf=0.76 | fornecedor_privado | obrigacao_financeira_potencialmente_aberta | regime_14133_altamente_provavel | interregno_conservador_por_assinatura_gt_12m | document_request_parallel_action | Objeto classificado como obras_engenharia_geral (conf=0.76) | Interregno mínimo conservador confirmado (level=B_CONSERVATIVE_SIGNATURE_GT_12M; proxy=data_assinatura) | Interregno ≥12m na data-base efetiva (proxy:data_assinatura) [TEMPORAL_CANDIDATE_BY_PROXY],Regime 14.133 provável (ano/PNCP/menção) mas não comprovado em documento oficial | data-base exata do orçamento ausente — cálculo preciso bloqueado,clausula_reajuste | data_base_orcamento_estimado | indice_ou_formula | texto_oficial_contrato_edital | medicoes | apostilas | memoria_reajuste,Oportunidade provável — enriquecer contato e documentos antes da abordagem.,Oportunidade provável — enriquecer contato e documentos antes da abordagem.,"Não afirmar valor devido, inadimplemento, crédito constituído ou reajuste definitivamente não pago sem verificação documental completa e revisão humana registrada.",Oportunidade provável — enriquecer contato e documentos antes da abordagem.,Enriquecer contato empresarial; manter na fila de leads prioritários.,"Saldo/medições indisponíveis — valor sobre total é teto teórico, não valor devido. | indice_contratual_ausente — não aplicar IPCA/INCC/SINAPI por plausibilidade",,,,False,True
273,LIKELY_ADJUSTMENT_OPPORTUNITY,DOCUMENT_REQUEST_CANDIDATE,SUL_SC_PRIORITY,68.0,94.0,17.5,76.6,68.0,sede_ou_execucao_sul | interregno_conservador_gt_12m | regime_14133_provavel_ou_comprovado,02492735000105,RODRIGUES E COUTO LTDA,,Cornélio Procópio,PR,True,,,,1,UTFPR - CAMPUS CORNÉLIO PROCÓPIO,13215880.0,75101873000190-2-000711/2023,UTFPR - CAMPUS CORNÉLIO PROCÓPIO,LEGAL_REGIME_UNKNOWN,LIKELY_ADJUSTMENT_OPPORTUNITY,obra_classificada_conf=0.76 | fornecedor_privado | obrigacao_financeira_potencialmente_aberta | regime_14133_altamente_provavel | interregno_conservador_por_assinatura_gt_12m | document_request_parallel_action | Objeto classificado como pavimentacao_rodoviaria (conf=0.76) | Interregno mínimo conservador confirmado (level=B_CONSERVATIVE_SIGNATURE_GT_12M; proxy=data_assinatura) | Interregno ≥12m na data-base efetiva (proxy:data_assinatura) [TEMPORAL_CANDIDATE_BY_PROXY],Regime 14.133 provável (ano/PNCP/menção) mas não comprovado em documento oficial | data-base exata do orçamento ausente — cálculo preciso bloqueado,clausula_reajuste | data_base_orcamento_estimado | indice_ou_formula | texto_oficial_contrato_edital | medicoes | apostilas | memoria_reajuste,Oportunidade provável — enriquecer contato e documentos antes da abordagem.,Oportunidade provável — enriquecer contato e documentos antes da abordagem.,"Não afirmar valor devido, inadimplemento, crédito constituído ou reajuste definitivamente não pago sem verificação documental completa e revisão humana registrada.",Oportunidade provável — enriquecer contato e documentos antes da abordagem.,Enriquecer contato empresarial; manter na fila de leads prioritários.,"Saldo/medições indisponíveis — valor sobre total é teto teórico, não valor devido. | indice_contratual_ausente — não aplicar IPCA/INCC/SINAPI por plausibilidade",,,,False,True
274,LIKELY_ADJUSTMENT_OPPORTUNITY,DOCUMENT_REQUEST_CANDIDATE,SUL_SC_PRIORITY,67.98,95.0,17.5,78.0,67.98,sede_ou_execucao_sul | interregno_conservador_gt_12m | multi_contratos=3 | regime_14133_provavel_ou_comprovado,34197115000130,CEZ ENGENHARIA LTDA.,,TELEMACO BORBA,PR,True,,,,3,DISTRITO SANIT.ESP.INDÍGENA - LITORAL SUL | Unidade administrativa,20778688.47,76282656000106-2-000341/2024,Unidade administrativa,LEGAL_REGIME_UNKNOWN,LIKELY_ADJUSTMENT_OPPORTUNITY,obra_classificada_conf=0.80 | fornecedor_privado | obrigacao_financeira_potencialmente_aberta | regime_14133_altamente_provavel | interregno_conservador_por_assinatura_gt_12m | document_request_parallel_action | Objeto classificado como obras_engenharia_geral (conf=0.80) | Interregno mínimo conservador confirmado (level=B_CONSERVATIVE_SIGNATURE_GT_12M; proxy=data_assinatura) | Interregno ≥12m na data-base efetiva (proxy:data_assinatura) [TEMPORAL_CANDIDATE_BY_PROXY],Regime 14.133 provável (ano/PNCP/menção) mas não comprovado em documento oficial | data-base exata do orçamento ausente — cálculo preciso bloqueado | maturidade_temporal_insuficiente,clausula_reajuste | data_base_orcamento_estimado | indice_ou_formula | texto_oficial_contrato_edital | medicoes | apostilas | memoria_reajuste,Oportunidade provável — enriquecer contato e documentos antes da abordagem.,Oportunidade provável — enriquecer contato e documentos antes da abordagem.,"Não afirmar valor devido, inadimplemento, crédito constituído ou reajuste definitivamente não pago sem verificação documental completa e revisão humana registrada.",Oportunidade provável — enriquecer contato e documentos antes da abordagem.,Enriquecer contato empresarial; manter na fila de leads prioritários.,"Saldo/medições indisponíveis — valor sobre total é teto teórico, não valor devido. | indice_contratual_ausente — não aplicar IPCA/INCC/SINAPI por plausibilidade",,,,False,True
275,LIKELY_ADJUSTMENT_OPPORTUNITY,DOCUMENT_REQUEST_CANDIDATE,SUL_SC_PRIORITY,67.97,95.0,17.5,78.0,67.97,sede_ou_execucao_sul | interregno_conservador_gt_12m | regime_14133_provavel_ou_comprovado,37827348000167,LEAL COMERCIO DE PEDRAS LTDA,,Palmeira,PR,True,,,,1,UNIDADE ADMINISTRATIVA,6900000.0,76179829000165-2-000025/2024,UNIDADE ADMINISTRATIVA,LEGAL_REGIME_UNKNOWN,LIKELY_ADJUSTMENT_OPPORTUNITY,obra_classificada_conf=0.80 | fornecedor_privado | obrigacao_financeira_potencialmente_aberta | regime_14133_altamente_provavel | interregno_conservador_por_assinatura_gt_12m | document_request_parallel_action | Objeto classificado como pavimentacao_rodoviaria (conf=0.80) | Interregno mínimo conservador confirmado (level=B_CONSERVATIVE_SIGNATURE_GT_12M; proxy=data_assinatura) | Interregno ≥12m na data-base efetiva (proxy:data_assinatura) [TEMPORAL_CANDIDATE_BY_PROXY],Regime 14.133 provável (ano/PNCP/menção) mas não comprovado em documento oficial | data-base exata do orçamento ausente — cálculo preciso bloqueado,clausula_reajuste | data_base_orcamento_estimado | indice_ou_formula | texto_oficial_contrato_edital | medicoes | apostilas | memoria_reajuste,Oportunidade provável — enriquecer contato e documentos antes da abordagem.,Oportunidade provável — enriquecer contato e documentos antes da abordagem.,"Não afirmar valor devido, inadimplemento, crédito constituído ou reajuste definitivamente não pago sem verificação documental completa e revisão humana registrada.",Oportunidade provável — enriquecer contato e documentos antes da abordagem.,Enriquecer contato empresarial; manter na fila de leads prioritários.,"Saldo/medições indisponíveis — valor sobre total é teto teórico, não valor devido. | indice_contratual_ausente — não aplicar IPCA/INCC/SINAPI por plausibilidade",,,,False,True
276,LIKELY_ADJUSTMENT_OPPORTUNITY,DOCUMENT_REQUEST_CANDIDATE,SUL_SC_PRIORITY,67.96,95.0,17.5,78.0,67.96,sede_ou_execucao_sul | interregno_conservador_gt_12m | regime_14133_provavel_ou_comprovado,21431687000190,NVN AR CONDICIONADO LTDA,,Curitiba,PR,True,,,,1,TRIBUNAL REGIONAL ELEITORAL DO PARANA,6840000.0,00509018000113-2-001535/2024,TRIBUNAL REGIONAL ELEITORAL DO PARANA,LEGAL_REGIME_UNKNOWN,LIKELY_ADJUSTMENT_OPPORTUNITY,obra_classificada_conf=0.80 | fornecedor_privado | obrigacao_financeira_potencialmente_aberta | regime_14133_altamente_provavel | interregno_conservador_por_assinatura_gt_12m | document_request_parallel_action | Objeto classificado como obras_engenharia_geral (conf=0.80) | Interregno mínimo conservador confirmado (level=B_CONSERVATIVE_SIGNATURE_GT_12M; proxy=data_assinatura) | Interregno ≥12m na data-base efetiva (proxy:data_assinatura) [TEMPORAL_CANDIDATE_BY_PROXY],Regime 14.133 provável (ano/PNCP/menção) mas não comprovado em documento oficial | data-base exata do orçamento ausente — cálculo preciso bloqueado,clausula_reajuste | data_base_orcamento_estimado | indice_ou_formula | texto_oficial_contrato_edital | medicoes | apostilas | memoria_reajuste,Oportunidade provável — enriquecer contato e documentos antes da abordagem.,Oportunidade provável — enriquecer contato e documentos antes da abordagem.,"Não afirmar valor devido, inadimplemento, crédito constituído ou reajuste definitivamente não pago sem verificação documental completa e revisão humana registrada.",Oportunidade provável — enriquecer contato e documentos antes da abordagem.,Enriquecer contato empresarial; manter na fila de leads prioritários.,"Saldo/medições indisponíveis — valor sobre total é teto teórico, não valor devido. | indice_contratual_ausente — não aplicar IPCA/INCC/SINAPI por plausibilidade",,,,False,True
277,LIKELY_ADJUSTMENT_OPPORTUNITY,DOCUMENT_REQUEST_CANDIDATE,SUL_SC_PRIORITY,67.95,94.0,17.5,76.6,67.95,sede_ou_execucao_sul | interregno_conservador_gt_12m | regime_14133_provavel_ou_comprovado,29039646000164,TOTTAL SINALIZAÇÃO LTDA,,PINHAIS,PR,True,,,,1,CONSÓRCIO INTERFEDERATIVO SANTA CATARINA - CINCATARINA,12719322.76,12075748000132-2-000085/2024,CONSÓRCIO INTERFEDERATIVO SANTA CATARINA - CINCATARINA,LEGAL_REGIME_UNKNOWN,LIKELY_ADJUSTMENT_OPPORTUNITY,obra_classificada_conf=0.76 | fornecedor_privado | obrigacao_financeira_potencialmente_aberta | regime_14133_altamente_provavel | interregno_conservador_por_assinatura_gt_12m | document_request_parallel_action | Objeto classificado como pavimentacao_rodoviaria (conf=0.76) | Interregno mínimo conservador confirmado (level=B_CONSERVATIVE_SIGNATURE_GT_12M; proxy=data_assinatura) | Interregno ≥12m na data-base efetiva (proxy:data_assinatura) [TEMPORAL_CANDIDATE_BY_PROXY],Regime 14.133 provável (ano/PNCP/menção) mas não comprovado em documento oficial | data-base exata do orçamento ausente — cálculo preciso bloqueado,clausula_reajuste | data_base_orcamento_estimado | indice_ou_formula | texto_oficial_contrato_edital | medicoes | apostilas | memoria_reajuste,Oportunidade provável — enriquecer contato e documentos antes da abordagem.,Oportunidade provável — enriquecer contato e documentos antes da abordagem.,"Não afirmar valor devido, inadimplemento, crédito constituído ou reajuste definitivamente não pago sem verificação documental completa e revisão humana registrada.",Oportunidade provável — enriquecer contato e documentos antes da abordagem.,Enriquecer contato empresarial; manter na fila de leads prioritários.,"Saldo/medições indisponíveis — valor sobre total é teto teórico, não valor devido. | indice_contratual_ausente — não aplicar IPCA/INCC/SINAPI por plausibilidade",,,,False,True
278,LIKELY_ADJUSTMENT_OPPORTUNITY,DOCUMENT_REQUEST_CANDIDATE,SUL_SC_PRIORITY,67.93,95.0,17.5,78.0,67.93,sede_ou_execucao_sul | interregno_conservador_gt_12m | regime_14133_provavel_ou_comprovado,89593529000170,COMPANHIA IND E DE DESENV URBANO DE CRUZ ALTA CIDUSA,,Cruz Alta,RS,True,,,,1,PREFEITURA MUNICIPAL DE CRUZ ALTA - RS,6630400.0,88775390000112-2-000200/2023,PREFEITURA MUNICIPAL DE CRUZ ALTA - RS,LEGAL_REGIME_UNKNOWN,LIKELY_ADJUSTMENT_OPPORTUNITY,obra_classificada_conf=0.80 | fornecedor_privado | obrigacao_financeira_potencialmente_aberta | regime_14133_altamente_provavel | interregno_conservador_por_assinatura_gt_12m | document_request_parallel_action | Objeto classificado como pavimentacao_rodoviaria (conf=0.80) | Interregno mínimo conservador confirmado (level=B_CONSERVATIVE_SIGNATURE_GT_12M; proxy=data_assinatura) | Interregno ≥12m na data-base efetiva (proxy:data_assinatura) [TEMPORAL_CANDIDATE_BY_PROXY],Regime 14.133 provável (ano/PNCP/menção) mas não comprovado em documento oficial | data-base exata do orçamento ausente — cálculo preciso bloqueado,clausula_reajuste | data_base_orcamento_estimado | indice_ou_formula | texto_oficial_contrato_edital | medicoes | apostilas | memoria_reajuste,Oportunidade provável — enriquecer contato e documentos antes da abordagem.,Oportunidade provável — enriquecer contato e documentos antes da abordagem.,"Não afirmar valor devido, inadimplemento, crédito constituído ou reajuste definitivamente não pago sem verificação documental completa e revisão humana registrada.",Oportunidade provável — enriquecer contato e documentos antes da abordagem.,Enriquecer contato empresarial; manter na fila de leads prioritários.,"Saldo/medições indisponíveis — valor sobre total é teto teórico, não valor devido. | indice_contratual_ausente — não aplicar IPCA/INCC/SINAPI por plausibilidade",,,,False,True
279,LIKELY_ADJUSTMENT_OPPORTUNITY,DOCUMENT_REQUEST_CANDIDATE,SUL_SC_PRIORITY,67.91,95.0,17.5,78.0,67.91,sede_ou_execucao_sul | interregno_conservador_gt_12m | multi_contratos=2 | regime_14133_provavel_ou_comprovado,13585722000105,TAILORED ENGENHARIA LTDA,,PARANAVAI,PR,True,,,,2,FUNDEB - FUNDO DE MANUTENÇÃO DA EDUCAÇÃO BÁSICA | UEM - Universidade Estadual de Maringá,19730000.0,76977768000181-2-000036/2023,FUNDEB - FUNDO DE MANUTENÇÃO DA EDUCAÇÃO BÁSICA,LEGAL_REGIME_UNKNOWN,LIKELY_ADJUSTMENT_OPPORTUNITY,obra_classificada_conf=0.80 | fornecedor_privado | obrigacao_financeira_potencialmente_aberta | regime_14133_altamente_provavel | interregno_conservador_por_assinatura_gt_12m | document_request_parallel_action | Objeto classificado como edificacoes (conf=0.80) | Interregno mínimo conservador confirmado (level=B_CONSERVATIVE_SIGNATURE_GT_12M; proxy=data_assinatura) | Interregno ≥12m na data-base efetiva (proxy:data_assinatura) [TEMPORAL_CANDIDATE_BY_PROXY],Regime 14.133 provável (ano/PNCP/menção) mas não comprovado em documento oficial | data-base exata do orçamento ausente — cálculo preciso bloqueado,clausula_reajuste | data_base_orcamento_estimado | indice_ou_formula | texto_oficial_contrato_edital | medicoes | apostilas | memoria_reajuste,Oportunidade provável — enriquecer contato e documentos antes da abordagem.,Oportunidade provável — enriquecer contato e documentos antes da abordagem.,"Não afirmar valor devido, inadimplemento, crédito constituído ou reajuste definitivamente não pago sem verificação documental completa e revisão humana registrada.",Oportunidade provável — enriquecer contato e documentos antes da abordagem.,Enriquecer contato empresarial; manter na fila de leads prioritários.,"Saldo/medições indisponíveis — valor sobre total é teto teórico, não valor devido. | indice_contratual_ausente — não aplicar IPCA/INCC/SINAPI por plausibilidade",,,,False,True
280,LIKELY_ADJUSTMENT_OPPORTUNITY,DOCUMENT_REQUEST_CANDIDATE,SUL_SC_PRIORITY,67.87,94.0,17.5,76.6,67.87,sede_ou_execucao_sul | interregno_conservador_gt_12m | multi_contratos=3 | regime_14133_provavel_ou_comprovado,12406332000150,ALOM CONSTRUCOES LTDA,,Londrina,PR,True,,,,3,Coordenacao Geral - SME | Diretoria de Gestao de Licitacoes e Contratos -SMGP,28945000.0,75771477000170-2-000036/2024,Coordenacao Geral - SME,LEGAL_REGIME_UNKNOWN,LIKELY_ADJUSTMENT_OPPORTUNITY,obra_classificada_conf=0.76 | fornecedor_privado | obrigacao_financeira_potencialmente_aberta | regime_14133_altamente_provavel | interregno_conservador_por_assinatura_gt_12m | document_request_parallel_action | Objeto classificado como edificacoes (conf=0.76) | Interregno mínimo conservador confirmado (level=B_CONSERVATIVE_SIGNATURE_GT_12M; proxy=data_assinatura) | Interregno ≥12m na data-base efetiva (proxy:data_assinatura) [TEMPORAL_CANDIDATE_BY_PROXY],Regime 14.133 provável (ano/PNCP/menção) mas não comprovado em documento oficial | data-base exata do orçamento ausente — cálculo preciso bloqueado,clausula_reajuste | data_base_orcamento_estimado | indice_ou_formula | texto_oficial_contrato_edital | medicoes | apostilas | memoria_reajuste,Oportunidade provável — enriquecer contato e documentos antes da abordagem.,Oportunidade provável — enriquecer contato e documentos antes da abordagem.,"Não afirmar valor devido, inadimplemento, crédito constituído ou reajuste definitivamente não pago sem verificação documental completa e revisão humana registrada.",Oportunidade provável — enriquecer contato e documentos antes da abordagem.,Enriquecer contato empresarial; manter na fila de leads prioritários.,"Saldo/medições indisponíveis — valor sobre total é teto teórico, não valor devido. | indice_contratual_ausente — não aplicar IPCA/INCC/SINAPI por plausibilidade",,,,False,True
281,LIKELY_ADJUSTMENT_OPPORTUNITY,DOCUMENT_REQUEST_CANDIDATE,SUL_SC_PRIORITY,67.86,95.0,17.5,78.0,67.86,sede_ou_execucao_sul | interregno_conservador_gt_12m | regime_14133_provavel_ou_comprovado,04199777000188,LOTEADORA MERCOSUL LTDA,,Londrina,PR,True,,,,1,Coordenacao Geral - SMOP,6140000.0,75771477000170-2-000024/2023,Coordenacao Geral - SMOP,LEGAL_REGIME_UNKNOWN,LIKELY_ADJUSTMENT_OPPORTUNITY,obra_classificada_conf=0.80 | fornecedor_privado | obrigacao_financeira_potencialmente_aberta | regime_14133_altamente_provavel | interregno_conservador_por_assinatura_gt_12m | document_request_parallel_action | Objeto classificado como obras_infraestrutura (conf=0.80) | Interregno mínimo conservador confirmado (level=B_CONSERVATIVE_SIGNATURE_GT_12M; proxy=data_assinatura) | Interregno ≥12m na data-base efetiva (proxy:data_assinatura) [TEMPORAL_CANDIDATE_BY_PROXY],Regime 14.133 provável (ano/PNCP/menção) mas não comprovado em documento oficial | data-base exata do orçamento ausente — cálculo preciso bloqueado,clausula_reajuste | data_base_orcamento_estimado | indice_ou_formula | texto_oficial_contrato_edital | medicoes | apostilas | memoria_reajuste,Oportunidade provável — enriquecer contato e documentos antes da abordagem.,Oportunidade provável — enriquecer contato e documentos antes da abordagem.,"Não afirmar valor devido, inadimplemento, crédito constituído ou reajuste definitivamente não pago sem verificação documental completa e revisão humana registrada.",Oportunidade provável — enriquecer contato e documentos antes da abordagem.,Enriquecer contato empresarial; manter na fila de leads prioritários.,"Saldo/medições indisponíveis — valor sobre total é teto teórico, não valor devido. | indice_contratual_ausente — não aplicar IPCA/INCC/SINAPI por plausibilidade",,,,False,True
282,LIKELY_ADJUSTMENT_OPPORTUNITY,DOCUMENT_REQUEST_CANDIDATE,SUL_SC_PRIORITY,67.82,95.0,17.5,79.4,67.82,sede_ou_execucao_sul | interregno_conservador_gt_12m | multi_contratos=5 | regime_14133_provavel_ou_comprovado,03436676000110,CONTERSOLO CONSTRUTORA DE OBRAS LTDA,,MANDAGUACU,PR,True,,,,5,Diretoria de Obras | SUP. REG. DO DNIT NO ESTADO DO PARANA | Unidade administrativa,67244802.44999999,04892707000100-2-000573/2024,SUP. REG. DO DNIT NO ESTADO DO PARANA,LEGAL_REGIME_UNKNOWN,LIKELY_ADJUSTMENT_OPPORTUNITY,obra_classificada_conf=0.80 | fornecedor_privado | obrigacao_financeira_potencialmente_aberta | regime_14133_altamente_provavel | interregno_conservador_por_assinatura_gt_12m | document_request_parallel_action | Objeto classificado como pavimentacao_rodoviaria (conf=0.80) | Interregno mínimo conservador confirmado (level=B_CONSERVATIVE_SIGNATURE_GT_12M; proxy=data_assinatura) | Interregno ≥12m na data-base efetiva (proxy:data_assinatura) [TEMPORAL_CANDIDATE_BY_PROXY],Regime 14.133 provável (ano/PNCP/menção) mas não comprovado em documento oficial | data-base exata do orçamento ausente — cálculo preciso bloqueado | maturidade_temporal_insuficiente,clausula_reajuste | data_base_orcamento_estimado | indice_ou_formula | texto_oficial_contrato_edital | medicoes | apostilas | memoria_reajuste,Oportunidade provável — enriquecer contato e documentos antes da abordagem.,Oportunidade provável — enriquecer contato e documentos antes da abordagem.,"Não afirmar valor devido, inadimplemento, crédito constituído ou reajuste definitivamente não pago sem verificação documental completa e revisão humana registrada.",Oportunidade provável — enriquecer contato e documentos antes da abordagem.,Enriquecer contato empresarial; manter na fila de leads prioritários.,"Saldo/medições indisponíveis — valor sobre total é teto teórico, não valor devido. | indice_contratual_ausente — não aplicar IPCA/INCC/SINAPI por plausibilidade",,,,False,True
283,LIKELY_ADJUSTMENT_OPPORTUNITY,DOCUMENT_REQUEST_CANDIDATE,SUL_SC_PRIORITY,67.76,94.0,17.5,76.6,67.76,sede_ou_execucao_sul | interregno_conservador_gt_12m | multi_contratos=3 | regime_14133_provavel_ou_comprovado,23559633000130,BINOTTO CONSTRUCOES LTD,,GRAVATAI,RS,True,,,,3,Executivo Administração Direta | PREFEITURA MUNICIPAL DE CAMPO BOM | Prefeitura Municipal de Viamão,51858534.20999999,90832619000155-2-000210/2024,PREFEITURA MUNICIPAL DE CAMPO BOM,LEGAL_REGIME_UNKNOWN,LIKELY_ADJUSTMENT_OPPORTUNITY,obra_classificada_conf=0.76 | fornecedor_privado | obrigacao_financeira_potencialmente_aberta | regime_14133_altamente_provavel | interregno_conservador_por_assinatura_gt_12m | document_request_parallel_action | Objeto classificado como obras_infraestrutura (conf=0.76) | Interregno mínimo conservador confirmado (level=B_CONSERVATIVE_SIGNATURE_GT_12M; proxy=data_assinatura) | Interregno ≥12m na data-base efetiva (proxy:data_assinatura) [TEMPORAL_CANDIDATE_BY_PROXY],Regime 14.133 provável (ano/PNCP/menção) mas não comprovado em documento oficial | data-base exata do orçamento ausente — cálculo preciso bloqueado | maturidade_temporal_insuficiente,clausula_reajuste | data_base_orcamento_estimado | indice_ou_formula | texto_oficial_contrato_edital | medicoes | apostilas | memoria_reajuste,Oportunidade provável — enriquecer contato e documentos antes da abordagem.,Oportunidade provável — enriquecer contato e documentos antes da abordagem.,"Não afirmar valor devido, inadimplemento, crédito constituído ou reajuste definitivamente não pago sem verificação documental completa e revisão humana registrada.",Oportunidade provável — enriquecer contato e documentos antes da abordagem.,Enriquecer contato empresarial; manter na fila de leads prioritários.,"Saldo/medições indisponíveis — valor sobre total é teto teórico, não valor devido. | indice_contratual_ausente — não aplicar IPCA/INCC/SINAPI por plausibilidade",,,,False,True
284,LIKELY_ADJUSTMENT_OPPORTUNITY,DOCUMENT_REQUEST_CANDIDATE,SUL_SC_PRIORITY,67.75,94.0,17.5,76.6,67.75,sede_ou_execucao_sul | interregno_conservador_gt_12m | multi_contratos=2 | regime_14133_provavel_ou_comprovado,61084823000137,CONSORCIO GH CASCALHO,,Curitiba,PR,True,,,,2,DER - Departamento de Estradas de Rodagem do Estado do Paraná,19147814.0,76669324000189-2-000091/2025,DER - Departamento de Estradas de Rodagem do Estado do Paraná,LEGAL_REGIME_UNKNOWN,LIKELY_ADJUSTMENT_OPPORTUNITY,obra_classificada_conf=0.76 | fornecedor_privado | obrigacao_financeira_potencialmente_aberta | regime_14133_altamente_provavel | interregno_conservador_por_assinatura_gt_12m | document_request_parallel_action | Objeto classificado como pavimentacao_rodoviaria (conf=0.76) | Interregno mínimo conservador confirmado (level=B_CONSERVATIVE_SIGNATURE_GT_12M; proxy=data_assinatura) | Interregno ≥12m na data-base efetiva (proxy:data_assinatura) [TEMPORAL_CANDIDATE_BY_PROXY],Regime 14.133 provável (ano/PNCP/menção) mas não comprovado em documento oficial | data-base exata do orçamento ausente — cálculo preciso bloqueado,clausula_reajuste | data_base_orcamento_estimado | indice_ou_formula | texto_oficial_contrato_edital | medicoes | apostilas | memoria_reajuste,Oportunidade provável — enriquecer contato e documentos antes da abordagem.,Oportunidade provável — enriquecer contato e documentos antes da abordagem.,"Não afirmar valor devido, inadimplemento, crédito constituído ou reajuste definitivamente não pago sem verificação documental completa e revisão humana registrada.",Oportunidade provável — enriquecer contato e documentos antes da abordagem.,Enriquecer contato empresarial; manter na fila de leads prioritários.,"Saldo/medições indisponíveis — valor sobre total é teto teórico, não valor devido. | indice_contratual_ausente — não aplicar IPCA/INCC/SINAPI por plausibilidade",,,,False,True
285,LIKELY_ADJUSTMENT_OPPORTUNITY,DOCUMENT_REQUEST_CANDIDATE,SUL_SC_PRIORITY,67.73,95.0,17.5,78.0,67.73,sede_ou_execucao_sul | interregno_conservador_gt_12m | regime_14133_provavel_ou_comprovado,25341150000190,SV INCORPORADORA CONSTRUTORA E SERVIÇOS LTDA,,CAXIAS DO SUL,RS,True,,,,1,Gabinete do Prefeito,5348999.48,83024257000100-2-000072/2024,Gabinete do Prefeito,LEGAL_REGIME_UNKNOWN,LIKELY_ADJUSTMENT_OPPORTUNITY,obra_classificada_conf=0.80 | fornecedor_privado | obrigacao_financeira_potencialmente_aberta | regime_14133_altamente_provavel | interregno_conservador_por_assinatura_gt_12m | document_request_parallel_action | Objeto classificado como edificacoes (conf=0.80) | Interregno mínimo conservador confirmado (level=B_CONSERVATIVE_SIGNATURE_GT_12M; proxy=data_assinatura) | Interregno ≥12m na data-base efetiva (proxy:data_assinatura) [TEMPORAL_CANDIDATE_BY_PROXY],Regime 14.133 provável (ano/PNCP/menção) mas não comprovado em documento oficial | data-base exata do orçamento ausente — cálculo preciso bloqueado,clausula_reajuste | data_base_orcamento_estimado | indice_ou_formula | texto_oficial_contrato_edital | medicoes | apostilas | memoria_reajuste,Oportunidade provável — enriquecer contato e documentos antes da abordagem.,Oportunidade provável — enriquecer contato e documentos antes da abordagem.,"Não afirmar valor devido, inadimplemento, crédito constituído ou reajuste definitivamente não pago sem verificação documental completa e revisão humana registrada.",Oportunidade provável — enriquecer contato e documentos antes da abordagem.,Enriquecer contato empresarial; manter na fila de leads prioritários.,"Saldo/medições indisponíveis — valor sobre total é teto teórico, não valor devido. | indice_contratual_ausente — não aplicar IPCA/INCC/SINAPI por plausibilidade",,,,False,True
286,LIKELY_ADJUSTMENT_OPPORTUNITY,DOCUMENT_REQUEST_CANDIDATE,SUL_SC_PRIORITY,67.71,95.0,17.5,80.8,67.71,sede_ou_execucao_sul | interregno_conservador_gt_12m | multi_contratos=7 | regime_14133_provavel_ou_comprovado,26499438000150,SUDOPAV CONSTRUTORA LTDA,,CORONEL VIVIDA,PR,True,,,,7,MUNICIPIO DE PATO BRANCO | PREFEITURA MUNICIPAL | PREFEITURA MUNICIPAL DE BOM SUCESSO DO SUL-PR | PREFEITURA MUNICIPAL DE PATO BRANCO - PR,44011802.32,80874100000186-2-000124/2024,PREFEITURA MUNICIPAL DE BOM SUCESSO DO SUL-PR,LEGAL_REGIME_UNKNOWN,LIKELY_ADJUSTMENT_OPPORTUNITY,obra_classificada_conf=0.80 | fornecedor_privado | obrigacao_financeira_potencialmente_aberta | regime_14133_altamente_provavel | interregno_conservador_por_assinatura_gt_12m | document_request_parallel_action | Objeto classificado como pavimentacao_rodoviaria (conf=0.80) | Interregno mínimo conservador confirmado (level=B_CONSERVATIVE_SIGNATURE_GT_12M; proxy=data_assinatura) | Interregno ≥12m na data-base efetiva (proxy:data_assinatura) [TEMPORAL_CANDIDATE_BY_PROXY],Regime 14.133 provável (ano/PNCP/menção) mas não comprovado em documento oficial | data-base exata do orçamento ausente — cálculo preciso bloqueado | maturidade_temporal_insuficiente,clausula_reajuste | data_base_orcamento_estimado | indice_ou_formula | texto_oficial_contrato_edital | medicoes | apostilas | memoria_reajuste,Oportunidade provável — enriquecer contato e documentos antes da abordagem.,Oportunidade provável — enriquecer contato e documentos antes da abordagem.,"Não afirmar valor devido, inadimplemento, crédito constituído ou reajuste definitivamente não pago sem verificação documental completa e revisão humana registrada.",Oportunidade provável — enriquecer contato e documentos antes da abordagem.,Enriquecer contato empresarial; manter na fila de leads prioritários.,"Saldo/medições indisponíveis — valor sobre total é teto teórico, não valor devido. | indice_contratual_ausente — não aplicar IPCA/INCC/SINAPI por plausibilidade",,,,False,True
287,LIKELY_ADJUSTMENT_OPPORTUNITY,DOCUMENT_REQUEST_CANDIDATE,SUL_SC_PRIORITY,67.69,95.0,17.5,78.0,67.69,sede_ou_execucao_sul | interregno_conservador_gt_12m | regime_14133_provavel_ou_comprovado,10569078000185,HAMMER CONSTRUÇÕES E INCORPORAÇÕES LTDA,,Rio Negro,PR,True,,,,1,Departamento de Assistência à Saúde -das,5127900.0,76002641000147-2-000070/2023,Departamento de Assistência à Saúde -das,LEGAL_REGIME_UNKNOWN,LIKELY_ADJUSTMENT_OPPORTUNITY,obra_classificada_conf=0.80 | fornecedor_privado | obrigacao_financeira_potencialmente_aberta | regime_14133_altamente_provavel | interregno_conservador_por_assinatura_gt_12m | document_request_parallel_action | Objeto classificado como obras_engenharia_geral (conf=0.80) | Interregno mínimo conservador confirmado (level=B_CONSERVATIVE_SIGNATURE_GT_12M; proxy=data_assinatura) | Interregno ≥12m na data-base efetiva (proxy:data_assinatura) [TEMPORAL_CANDIDATE_BY_PROXY],Regime 14.133 provável (ano/PNCP/menção) mas não comprovado em documento oficial | data-base exata do orçamento ausente — cálculo preciso bloqueado,clausula_reajuste | data_base_orcamento_estimado | indice_ou_formula | texto_oficial_contrato_edital | medicoes | apostilas | memoria_reajuste,Oportunidade provável — enriquecer contato e documentos antes da abordagem.,Oportunidade provável — enriquecer contato e documentos antes da abordagem.,"Não afirmar valor devido, inadimplemento, crédito constituído ou reajuste definitivamente não pago sem verificação documental completa e revisão humana registrada.",Oportunidade provável — enriquecer contato e documentos antes da abordagem.,Enriquecer contato empresarial; manter na fila de leads prioritários.,"Saldo/medições indisponíveis — valor sobre total é teto teórico, não valor devido. | indice_contratual_ausente — não aplicar IPCA/INCC/SINAPI por plausibilidade",,,,False,True
288,LIKELY_ADJUSTMENT_OPPORTUNITY,DOCUMENT_REQUEST_CANDIDATE,SUL_SC_PRIORITY,67.68,94.0,17.5,80.8,67.68,sede_ou_execucao_sul | interregno_conservador_gt_12m | multi_contratos=5 | regime_14133_provavel_ou_comprovado,03329452000100,R. SCHAEFFER CONSTRUCOES LTDA,,CACHOEIRINHA,RS,True,,,,5,ERS-DEPARTAMENTO AUT. DE ESTRADAS DE RODAGEM | Gabinete do Secretario | PREFEITURA MUNICIPAL DE CANOAS PREFEITURA MUNICIPAL DE CANOAS | SECRETARIA MUN DE INFRAESTRUTURA E SERV URBANOS,128417058.88000001,87890992000158-2-000074/2024,Gabinete do Secretario,LEGAL_REGIME_UNKNOWN,LIKELY_ADJUSTMENT_OPPORTUNITY,obra_classificada_conf=0.76 | fornecedor_privado | obrigacao_financeira_potencialmente_aberta | regime_14133_altamente_provavel | interregno_conservador_por_assinatura_gt_12m | document_request_parallel_action | Objeto classificado como pavimentacao_rodoviaria (conf=0.76) | Interregno mínimo conservador confirmado (level=B_CONSERVATIVE_SIGNATURE_GT_12M; proxy=data_assinatura) | Interregno ≥12m na data-base efetiva (proxy:data_assinatura) [TEMPORAL_CANDIDATE_BY_PROXY],Regime 14.133 provável (ano/PNCP/menção) mas não comprovado em documento oficial | data-base exata do orçamento ausente — cálculo preciso bloqueado | maturidade_temporal_insuficiente,clausula_reajuste | data_base_orcamento_estimado | indice_ou_formula | texto_oficial_contrato_edital | medicoes | apostilas | memoria_reajuste,Oportunidade provável — enriquecer contato e documentos antes da abordagem.,Oportunidade provável — enriquecer contato e documentos antes da abordagem.,"Não afirmar valor devido, inadimplemento, crédito constituído ou reajuste definitivamente não pago sem verificação documental completa e revisão humana registrada.",Oportunidade provável — enriquecer contato e documentos antes da abordagem.,Enriquecer contato empresarial; manter na fila de leads prioritários.,"Saldo/medições indisponíveis — valor sobre total é teto teórico, não valor devido. | indice_contratual_ausente — não aplicar IPCA/INCC/SINAPI por plausibilidade",,,,False,True
289,LIKELY_ADJUSTMENT_OPPORTUNITY,DOCUMENT_REQUEST_CANDIDATE,SUL_SC_PRIORITY,67.68,95.0,17.5,78.0,67.68,sede_ou_execucao_sul | interregno_conservador_gt_12m | regime_14133_provavel_ou_comprovado,45717678000128,CONSTRUTORA REALEZA LTDA,,Cianorte,PR,True,,,,1,Unidade administrativa,5040490.75,76309806000128-2-000216/2025,Unidade administrativa,LEGAL_REGIME_UNKNOWN,LIKELY_ADJUSTMENT_OPPORTUNITY,obra_classificada_conf=0.80 | fornecedor_privado | obrigacao_financeira_potencialmente_aberta | regime_14133_altamente_provavel | interregno_conservador_por_assinatura_gt_12m | document_request_parallel_action | Objeto classificado como edificacoes (conf=0.80) | Interregno mínimo conservador confirmado (level=B_CONSERVATIVE_SIGNATURE_GT_12M; proxy=data_assinatura) | Interregno ≥12m na data-base efetiva (proxy:data_assinatura) [TEMPORAL_CANDIDATE_BY_PROXY],Regime 14.133 provável (ano/PNCP/menção) mas não comprovado em documento oficial | data-base exata do orçamento ausente — cálculo preciso bloqueado,clausula_reajuste | data_base_orcamento_estimado | indice_ou_formula | texto_oficial_contrato_edital | medicoes | apostilas | memoria_reajuste,Oportunidade provável — enriquecer contato e documentos antes da abordagem.,Oportunidade provável — enriquecer contato e documentos antes da abordagem.,"Não afirmar valor devido, inadimplemento, crédito constituído ou reajuste definitivamente não pago sem verificação documental completa e revisão humana registrada.",Oportunidade provável — enriquecer contato e documentos antes da abordagem.,Enriquecer contato empresarial; manter na fila de leads prioritários.,"Saldo/medições indisponíveis — valor sobre total é teto teórico, não valor devido. | indice_contratual_ausente — não aplicar IPCA/INCC/SINAPI por plausibilidade",,,,False,True
290,LIKELY_ADJUSTMENT_OPPORTUNITY,DOCUMENT_REQUEST_CANDIDATE,SUL_SC_PRIORITY,67.68,94.0,17.5,76.6,67.68,sede_ou_execucao_sul | interregno_conservador_gt_12m | multi_contratos=2 | regime_14133_provavel_ou_comprovado,92221589000176,IRMAOS KOPERECK LTDA,,Pelotas,RS,True,,,,2,INSTITUTO FED SUL R.GRANDENSE,17151189.5,10729992000146-2-000118/2023,INSTITUTO FED SUL R.GRANDENSE,LEGAL_REGIME_UNKNOWN,LIKELY_ADJUSTMENT_OPPORTUNITY,obra_classificada_conf=0.76 | fornecedor_privado | obrigacao_financeira_potencialmente_aberta | regime_14133_altamente_provavel | interregno_conservador_por_assinatura_gt_12m | document_request_parallel_action | Objeto classificado como pavimentacao_rodoviaria (conf=0.76) | Interregno mínimo conservador confirmado (level=B_CONSERVATIVE_SIGNATURE_GT_12M; proxy=data_assinatura) | Interregno ≥12m na data-base efetiva (proxy:data_assinatura) [TEMPORAL_CANDIDATE_BY_PROXY],Regime 14.133 provável (ano/PNCP/menção) mas não comprovado em documento oficial | data-base exata do orçamento ausente — cálculo preciso bloqueado,clausula_reajuste | data_base_orcamento_estimado | indice_ou_formula | texto_oficial_contrato_edital | medicoes | apostilas | memoria_reajuste,Oportunidade provável — enriquecer contato e documentos antes da abordagem.,Oportunidade provável — enriquecer contato e documentos antes da abordagem.,"Não afirmar valor devido, inadimplemento, crédito constituído ou reajuste definitivamente não pago sem verificação documental completa e revisão humana registrada.",Oportunidade provável — enriquecer contato e documentos antes da abordagem.,Enriquecer contato empresarial; manter na fila de leads prioritários.,"Saldo/medições indisponíveis — valor sobre total é teto teórico, não valor devido. | indice_contratual_ausente — não aplicar IPCA/INCC/SINAPI por plausibilidade",,,,False,True
291,LIKELY_ADJUSTMENT_OPPORTUNITY,DOCUMENT_REQUEST_CANDIDATE,SUL_SC_PRIORITY,67.63,94.0,17.5,76.6,67.63,sede_ou_execucao_sul | interregno_conservador_gt_12m | regime_14133_provavel_ou_comprovado,01278335000139,MARSOU ENGENHARIA LTDA,,Porto Alegre,RS,True,,,,1,TRIBUNAL DE JUSTIÇA DO ESTADO DO RIO G.DO SUL,10000000.0,89522064000166-2-000052/2025,TRIBUNAL DE JUSTIÇA DO ESTADO DO RIO G.DO SUL,LEGAL_REGIME_UNKNOWN,LIKELY_ADJUSTMENT_OPPORTUNITY,obra_classificada_conf=0.76 | fornecedor_privado | obrigacao_financeira_potencialmente_aberta | regime_14133_altamente_provavel | interregno_conservador_por_assinatura_gt_12m | document_request_parallel_action | Objeto classificado como edificacoes (conf=0.76) | Interregno mínimo conservador confirmado (level=B_CONSERVATIVE_SIGNATURE_GT_12M; proxy=data_assinatura) | Interregno ≥12m na data-base efetiva (proxy:data_assinatura) [TEMPORAL_CANDIDATE_BY_PROXY],Regime 14.133 provável (ano/PNCP/menção) mas não comprovado em documento oficial | data-base exata do orçamento ausente — cálculo preciso bloqueado,clausula_reajuste | data_base_orcamento_estimado | indice_ou_formula | texto_oficial_contrato_edital | medicoes | apostilas | memoria_reajuste,Oportunidade provável — enriquecer contato e documentos antes da abordagem.,Oportunidade provável — enriquecer contato e documentos antes da abordagem.,"Não afirmar valor devido, inadimplemento, crédito constituído ou reajuste definitivamente não pago sem verificação documental completa e revisão humana registrada.",Oportunidade provável — enriquecer contato e documentos antes da abordagem.,Enriquecer contato empresarial; manter na fila de leads prioritários.,"Saldo/medições indisponíveis — valor sobre total é teto teórico, não valor devido. | indice_contratual_ausente — não aplicar IPCA/INCC/SINAPI por plausibilidade",,,,False,True
292,LIKELY_ADJUSTMENT_OPPORTUNITY,DOCUMENT_REQUEST_CANDIDATE,SUL_SC_PRIORITY,67.63,96.0,17.5,64.4,67.63,sede_ou_execucao_sul | interregno_conservador_gt_12m | regime_14133_provavel_ou_comprovado,61302961000145,CONSÓRCIO PR 574-575,,MANDAGUACU,PR,True,,,,1,DER - Departamento de Estradas de Rodagem do Estado do Paraná,95680000.0,76669324000189-2-000108/2025,DER - Departamento de Estradas de Rodagem do Estado do Paraná,LEGAL_REGIME_UNKNOWN,LIKELY_ADJUSTMENT_OPPORTUNITY,obra_classificada_conf=0.84 | fornecedor_privado | obrigacao_financeira_potencialmente_aberta | regime_14133_altamente_provavel | interregno_conservador_por_assinatura_gt_12m | document_request_parallel_action | Objeto classificado como pavimentacao_rodoviaria (conf=0.84) | Interregno mínimo conservador confirmado (level=B_CONSERVATIVE_SIGNATURE_GT_12M; proxy=data_assinatura) | Interregno ≥12m na data-base efetiva (proxy:data_assinatura) [TEMPORAL_CANDIDATE_BY_PROXY],Regime 14.133 provável (ano/PNCP/menção) mas não comprovado em documento oficial | data-base exata do orçamento ausente — cálculo preciso bloqueado,clausula_reajuste | data_base_orcamento_estimado | indice_ou_formula | texto_oficial_contrato_edital | medicoes | apostilas | memoria_reajuste,Oportunidade provável — enriquecer contato e documentos antes da abordagem.,Oportunidade provável — enriquecer contato e documentos antes da abordagem.,"Não afirmar valor devido, inadimplemento, crédito constituído ou reajuste definitivamente não pago sem verificação documental completa e revisão humana registrada.",Oportunidade provável — enriquecer contato e documentos antes da abordagem.,Enriquecer contato empresarial; manter na fila de leads prioritários.,"Saldo/medições indisponíveis — valor sobre total é teto teórico, não valor devido. | indice_contratual_ausente — não aplicar IPCA/INCC/SINAPI por plausibilidade",,,,False,True
293,LIKELY_ADJUSTMENT_OPPORTUNITY,DOCUMENT_REQUEST_CANDIDATE,SUL_SC_PRIORITY,67.59,94.0,17.5,76.6,67.59,sede_ou_execucao_sul | interregno_conservador_gt_12m | regime_14133_provavel_ou_comprovado,27343319000176,B3M CONSTRUTORA LTDA,,Porto Alegre,RS,True,,,,1,SUPERINT.DE ADMINIST.NO RIO GRANDE DO SUL,9674021.4,26994558000123-2-000234/2024,SUPERINT.DE ADMINIST.NO RIO GRANDE DO SUL,LEGAL_REGIME_UNKNOWN,LIKELY_ADJUSTMENT_OPPORTUNITY,obra_classificada_conf=0.76 | fornecedor_privado | obrigacao_financeira_potencialmente_aberta | regime_14133_altamente_provavel | interregno_conservador_por_assinatura_gt_12m | document_request_parallel_action | Objeto classificado como obras_engenharia_geral (conf=0.76) | Interregno mínimo conservador confirmado (level=B_CONSERVATIVE_SIGNATURE_GT_12M; proxy=data_assinatura) | Interregno ≥12m na data-base efetiva (proxy:data_assinatura) [TEMPORAL_CANDIDATE_BY_PROXY],Regime 14.133 provável (ano/PNCP/menção) mas não comprovado em documento oficial | data-base exata do orçamento ausente — cálculo preciso bloqueado,clausula_reajuste | data_base_orcamento_estimado | indice_ou_formula | texto_oficial_contrato_edital | medicoes | apostilas | memoria_reajuste,Oportunidade provável — enriquecer contato e documentos antes da abordagem.,Oportunidade provável — enriquecer contato e documentos antes da abordagem.,"Não afirmar valor devido, inadimplemento, crédito constituído ou reajuste definitivamente não pago sem verificação documental completa e revisão humana registrada.",Oportunidade provável — enriquecer contato e documentos antes da abordagem.,Enriquecer contato empresarial; manter na fila de leads prioritários.,"Saldo/medições indisponíveis — valor sobre total é teto teórico, não valor devido. | indice_contratual_ausente — não aplicar IPCA/INCC/SINAPI por plausibilidade",,,,False,True
294,LIKELY_ADJUSTMENT_OPPORTUNITY,DOCUMENT_REQUEST_CANDIDATE,SUL_SC_PRIORITY,67.58,94.0,17.5,76.6,67.58,sede_ou_execucao_sul | interregno_conservador_gt_12m | regime_14133_provavel_ou_comprovado,92966571000101,EPAVI VIGILANCIA LTDA,,Passo Fundo,RS,True,,,,1,MUNICÍPIO DE PASSO FUNDO,9544099.2,87612537000190-2-000027/2025,MUNICÍPIO DE PASSO FUNDO,LEGAL_REGIME_UNKNOWN,LIKELY_ADJUSTMENT_OPPORTUNITY,obra_classificada_conf=0.76 | fornecedor_privado | obrigacao_financeira_potencialmente_aberta | regime_14133_altamente_provavel | interregno_conservador_por_assinatura_gt_12m | document_request_parallel_action | Objeto classificado como obras_infraestrutura (conf=0.76) | Interregno mínimo conservador confirmado (level=B_CONSERVATIVE_SIGNATURE_GT_12M; proxy=data_assinatura) | Interregno ≥12m na data-base efetiva (proxy:data_assinatura) [TEMPORAL_CANDIDATE_BY_PROXY],Regime 14.133 provável (ano/PNCP/menção) mas não comprovado em documento oficial | data-base exata do orçamento ausente — cálculo preciso bloqueado,clausula_reajuste | data_base_orcamento_estimado | indice_ou_formula | texto_oficial_contrato_edital | medicoes | apostilas | memoria_reajuste,Oportunidade provável — enriquecer contato e documentos antes da abordagem.,Oportunidade provável — enriquecer contato e documentos antes da abordagem.,"Não afirmar valor devido, inadimplemento, crédito constituído ou reajuste definitivamente não pago sem verificação documental completa e revisão humana registrada.",Oportunidade provável — enriquecer contato e documentos antes da abordagem.,Enriquecer contato empresarial; manter na fila de leads prioritários.,"Saldo/medições indisponíveis — valor sobre total é teto teórico, não valor devido. | indice_contratual_ausente — não aplicar IPCA/INCC/SINAPI por plausibilidade",,,,False,True
295,LIKELY_ADJUSTMENT_OPPORTUNITY,DOCUMENT_REQUEST_CANDIDATE,SUL_SC_PRIORITY,67.57,94.0,17.5,76.6,67.57,sede_ou_execucao_sul | interregno_conservador_gt_12m | regime_14133_provavel_ou_comprovado,03620220000106,GRATT INDÚSTRIA DE MÁQUINAS LTDA,,Sant'Ana do Livramento,RS,True,,,,1,DAE-Departamento de Água e Esgotos,9496000.0,96041330000102-2-000015/2024,DAE-Departamento de Água e Esgotos,LEGAL_REGIME_UNKNOWN,LIKELY_ADJUSTMENT_OPPORTUNITY,obra_classificada_conf=0.76 | fornecedor_privado | obrigacao_financeira_potencialmente_aberta | regime_14133_altamente_provavel | interregno_conservador_por_assinatura_gt_12m | document_request_parallel_action | Objeto classificado como saneamento_redes (conf=0.76) | Interregno mínimo conservador confirmado (level=B_CONSERVATIVE_SIGNATURE_GT_12M; proxy=data_assinatura) | Interregno ≥12m na data-base efetiva (proxy:data_assinatura) [TEMPORAL_CANDIDATE_BY_PROXY],Regime 14.133 provável (ano/PNCP/menção) mas não comprovado em documento oficial | data-base exata do orçamento ausente — cálculo preciso bloqueado,clausula_reajuste | data_base_orcamento_estimado | indice_ou_formula | texto_oficial_contrato_edital | medicoes | apostilas | memoria_reajuste,Oportunidade provável — enriquecer contato e documentos antes da abordagem.,Oportunidade provável — enriquecer contato e documentos antes da abordagem.,"Não afirmar valor devido, inadimplemento, crédito constituído ou reajuste definitivamente não pago sem verificação documental completa e revisão humana registrada.",Oportunidade provável — enriquecer contato e documentos antes da abordagem.,Enriquecer contato empresarial; manter na fila de leads prioritários.,"Saldo/medições indisponíveis — valor sobre total é teto teórico, não valor devido. | indice_contratual_ausente — não aplicar IPCA/INCC/SINAPI por plausibilidade",,,,False,True
296,LIKELY_ADJUSTMENT_OPPORTUNITY,DOCUMENT_REQUEST_CANDIDATE,SUL_SC_PRIORITY,67.57,94.0,17.5,82.2,67.57,sede_ou_execucao_sul | interregno_conservador_gt_12m | multi_contratos=3 | regime_14133_provavel_ou_comprovado,07289188000189,ENGEMASS ENGENHARIA E CONSTRUCAO LTDA,,UNIAO DA VITORIA,PR,True,,,,3,PREFEITURA MUNICIPAL DE BITURUNA - PR | SUP. REG. DO DNIT NO ESTADO DO PARANA | Secretaria de Estado da Infraestrutura e Mobilidade,48296161.63,82951344000140-2-000002/2023,Secretaria de Estado da Infraestrutura e Mobilidade,LEGAL_REGIME_UNKNOWN,LIKELY_ADJUSTMENT_OPPORTUNITY,obra_classificada_conf=0.76 | fornecedor_privado | obrigacao_financeira_potencialmente_aberta | regime_14133_altamente_provavel | interregno_conservador_por_assinatura_gt_12m | document_request_parallel_action | Objeto classificado como pavimentacao_rodoviaria (conf=0.76) | Interregno mínimo conservador confirmado (level=B_CONSERVATIVE_SIGNATURE_GT_12M; proxy=data_assinatura) | Interregno ≥12m na data-base efetiva (proxy:data_assinatura) [TEMPORAL_CANDIDATE_BY_PROXY],Regime 14.133 provável (ano/PNCP/menção) mas não comprovado em documento oficial | data-base exata do orçamento ausente — cálculo preciso bloqueado | maturidade_temporal_insuficiente,clausula_reajuste | data_base_orcamento_estimado | indice_ou_formula | texto_oficial_contrato_edital | medicoes | apostilas | memoria_reajuste,Oportunidade provável — enriquecer contato e documentos antes da abordagem.,Oportunidade provável — enriquecer contato e documentos antes da abordagem.,"Não afirmar valor devido, inadimplemento, crédito constituído ou reajuste definitivamente não pago sem verificação documental completa e revisão humana registrada.",Oportunidade provável — enriquecer contato e documentos antes da abordagem.,Enriquecer contato empresarial; manter na fila de leads prioritários.,"Saldo/medições indisponíveis — valor sobre total é teto teórico, não valor devido. | indice_contratual_ausente — não aplicar IPCA/INCC/SINAPI por plausibilidade",,,,False,True
297,LIKELY_ADJUSTMENT_OPPORTUNITY,DOCUMENT_REQUEST_CANDIDATE,SUL_SC_PRIORITY,67.57,94.0,17.5,76.6,67.57,sede_ou_execucao_sul | interregno_conservador_gt_12m | regime_14133_provavel_ou_comprovado,94107919000122,BRISA TRANSPORTES LTDA.,,Novo Hamburgo,RS,True,,,,1,Diretoria de Limpeza Urbana,9498000.0,88254875000160-2-000038/2025,Diretoria de Limpeza Urbana,LEGAL_REGIME_UNKNOWN,LIKELY_ADJUSTMENT_OPPORTUNITY,obra_classificada_conf=0.76 | fornecedor_privado | obrigacao_financeira_potencialmente_aberta | regime_14133_altamente_provavel | interregno_conservador_por_assinatura_gt_12m | document_request_parallel_action | Objeto classificado como saneamento_redes (conf=0.76) | Interregno mínimo conservador confirmado (level=B_CONSERVATIVE_SIGNATURE_GT_12M; proxy=data_assinatura) | Interregno ≥12m na data-base efetiva (proxy:data_assinatura) [TEMPORAL_CANDIDATE_BY_PROXY],Regime 14.133 provável (ano/PNCP/menção) mas não comprovado em documento oficial | data-base exata do orçamento ausente — cálculo preciso bloqueado,clausula_reajuste | data_base_orcamento_estimado | indice_ou_formula | texto_oficial_contrato_edital | medicoes | apostilas | memoria_reajuste,Oportunidade provável — enriquecer contato e documentos antes da abordagem.,Oportunidade provável — enriquecer contato e documentos antes da abordagem.,"Não afirmar valor devido, inadimplemento, crédito constituído ou reajuste definitivamente não pago sem verificação documental completa e revisão humana registrada.",Oportunidade provável — enriquecer contato e documentos antes da abordagem.,Enriquecer contato empresarial; manter na fila de leads prioritários.,"Saldo/medições indisponíveis — valor sobre total é teto teórico, não valor devido. | indice_contratual_ausente — não aplicar IPCA/INCC/SINAPI por plausibilidade",,,,False,True
298,LIKELY_ADJUSTMENT_OPPORTUNITY,DOCUMENT_REQUEST_CANDIDATE,SUL_SC_PRIORITY,67.55,94.0,17.5,76.6,67.55,sede_ou_execucao_sul | interregno_conservador_gt_12m | regime_14133_provavel_ou_comprovado,10218086000187,NUTRI HOSPITALAR ALIMENTACAO E SERVICOS LTDA,,Curitiba,PR,True,,,,1,FUNDAÇÃO ESTATAL DE ATENÇÃO A SAÚDE - PR,9349970.76,14814139000183-2-000032/2025,FUNDAÇÃO ESTATAL DE ATENÇÃO A SAÚDE - PR,LEGAL_REGIME_UNKNOWN,LIKELY_ADJUSTMENT_OPPORTUNITY,obra_classificada_conf=0.76 | fornecedor_privado | obrigacao_financeira_potencialmente_aberta | regime_14133_altamente_provavel | interregno_conservador_por_assinatura_gt_12m | document_request_parallel_action | Objeto classificado como obras_engenharia_geral (conf=0.76) | Interregno mínimo conservador confirmado (level=B_CONSERVATIVE_SIGNATURE_GT_12M; proxy=data_assinatura) | Interregno ≥12m na data-base efetiva (proxy:data_assinatura) [TEMPORAL_CANDIDATE_BY_PROXY],Regime 14.133 provável (ano/PNCP/menção) mas não comprovado em documento oficial | data-base exata do orçamento ausente — cálculo preciso bloqueado,clausula_reajuste | data_base_orcamento_estimado | indice_ou_formula | texto_oficial_contrato_edital | medicoes | apostilas | memoria_reajuste,Oportunidade provável — enriquecer contato e documentos antes da abordagem.,Oportunidade provável — enriquecer contato e documentos antes da abordagem.,"Não afirmar valor devido, inadimplemento, crédito constituído ou reajuste definitivamente não pago sem verificação documental completa e revisão humana registrada.",Oportunidade provável — enriquecer contato e documentos antes da abordagem.,Enriquecer contato empresarial; manter na fila de leads prioritários.,"Saldo/medições indisponíveis — valor sobre total é teto teórico, não valor devido. | indice_contratual_ausente — não aplicar IPCA/INCC/SINAPI por plausibilidade",,,,False,True
299,LIKELY_ADJUSTMENT_OPPORTUNITY,DOCUMENT_REQUEST_CANDIDATE,SUL_SC_PRIORITY,67.52,94.0,17.5,76.6,67.52,sede_ou_execucao_sul | interregno_conservador_gt_12m | multi_contratos=2 | regime_14133_provavel_ou_comprovado,12964775000166,URBAN SERVI¿OS E TRANSPORTES LTDA,,CHARQUEADAS,RS,True,,,,2,PREFEITURA MUNICIPAL DE GUAÍBA/RS | Prefeitura Municipal de São Leopoldo,56888072.16,88811922000120-2-000019/2024,PREFEITURA MUNICIPAL DE GUAÍBA/RS,LEGAL_REGIME_UNKNOWN,LIKELY_ADJUSTMENT_OPPORTUNITY,obra_classificada_conf=0.76 | fornecedor_privado | obrigacao_financeira_potencialmente_aberta | regime_14133_altamente_provavel | interregno_conservador_por_assinatura_gt_12m | document_request_parallel_action | Objeto classificado como obras_engenharia_geral (conf=0.76) | Interregno mínimo conservador confirmado (level=B_CONSERVATIVE_SIGNATURE_GT_12M; proxy=data_assinatura) | Interregno ≥12m na data-base efetiva (proxy:data_assinatura) [TEMPORAL_CANDIDATE_BY_PROXY],Regime 14.133 provável (ano/PNCP/menção) mas não comprovado em documento oficial | data-base exata do orçamento ausente — cálculo preciso bloqueado,clausula_reajuste | data_base_orcamento_estimado | indice_ou_formula | texto_oficial_contrato_edital | medicoes | apostilas | memoria_reajuste,Oportunidade provável — enriquecer contato e documentos antes da abordagem.,Oportunidade provável — enriquecer contato e documentos antes da abordagem.,"Não afirmar valor devido, inadimplemento, crédito constituído ou reajuste definitivamente não pago sem verificação documental completa e revisão humana registrada.",Oportunidade provável — enriquecer contato e documentos antes da abordagem.,Enriquecer contato empresarial; manter na fila de leads prioritários.,"Saldo/medições indisponíveis — valor sobre total é teto teórico, não valor devido. | indice_contratual_ausente — não aplicar IPCA/INCC/SINAPI por plausibilidade",,,,False,True
300,LIKELY_ADJUSTMENT_OPPORTUNITY,DOCUMENT_REQUEST_CANDIDATE,SUL_SC_PRIORITY,67.51,94.0,17.5,76.6,67.51,sede_ou_execucao_sul | interregno_conservador_gt_12m | regime_14133_provavel_ou_comprovado,03210810000160,PAVISERVICE ENGENHARIA E SERVICOS LTDA,,PARANAGUA,PR,True,,,,1,SETU - Secretaria de Estado do Turismo,9027000.0,49179242000183-2-000001/2024,SETU - Secretaria de Estado do Turismo,LEGAL_REGIME_UNKNOWN,LIKELY_ADJUSTMENT_OPPORTUNITY,obra_classificada_conf=0.76 | fornecedor_privado | obrigacao_financeira_potencialmente_aberta | regime_14133_altamente_provavel | interregno_conservador_por_assinatura_gt_12m | document_request_parallel_action | Objeto classificado como saneamento_redes (conf=0.76) | Interregno mínimo conservador confirmado (level=B_CONSERVATIVE_SIGNATURE_GT_12M; proxy=data_assinatura) | Interregno ≥12m na data-base efetiva (proxy:data_assinatura) [TEMPORAL_CANDIDATE_BY_PROXY],Regime 14.133 provável (ano/PNCP/menção) mas não comprovado em documento oficial | data-base exata do orçamento ausente — cálculo preciso bloqueado,clausula_reajuste | data_base_orcamento_estimado | indice_ou_formula | texto_oficial_contrato_edital | medicoes | apostilas | memoria_reajuste,Oportunidade provável — enriquecer contato e documentos antes da abordagem.,Oportunidade provável — enriquecer contato e documentos antes da abordagem.,"Não afirmar valor devido, inadimplemento, crédito constituído ou reajuste definitivamente não pago sem verificação documental completa e revisão humana registrada.",Oportunidade provável — enriquecer contato e documentos antes da abordagem.,Enriquecer contato empresarial; manter na fila de leads prioritários.,"Saldo/medições indisponíveis — valor sobre total é teto teórico, não valor devido. | indice_contratual_ausente — não aplicar IPCA/INCC/SINAPI por plausibilidade",,,,False,True
301,LIKELY_ADJUSTMENT_OPPORTUNITY,DOCUMENT_REQUEST_CANDIDATE,SUL_SC_PRIORITY,67.48,94.0,17.5,76.6,67.48,sede_ou_execucao_sul | interregno_conservador_gt_12m | regime_14133_provavel_ou_comprovado,02807490000168,POLIBOX SISTEMAS CONSTRUTIVOS LTDA,,Cascavel,PR,True,,,,1,Secretaria Munl de Educação,8801000.0,76208867000107-2-000140/2024,Secretaria Munl de Educação,LEGAL_REGIME_UNKNOWN,LIKELY_ADJUSTMENT_OPPORTUNITY,obra_classificada_conf=0.76 | fornecedor_privado | obrigacao_financeira_potencialmente_aberta | regime_14133_altamente_provavel | interregno_conservador_por_assinatura_gt_12m | document_request_parallel_action | Objeto classificado como edificacoes (conf=0.76) | Interregno mínimo conservador confirmado (level=B_CONSERVATIVE_SIGNATURE_GT_12M; proxy=data_assinatura) | Interregno ≥12m na data-base efetiva (proxy:data_assinatura) [TEMPORAL_CANDIDATE_BY_PROXY],Regime 14.133 provável (ano/PNCP/menção) mas não comprovado em documento oficial | data-base exata do orçamento ausente — cálculo preciso bloqueado,clausula_reajuste | data_base_orcamento_estimado | indice_ou_formula | texto_oficial_contrato_edital | medicoes | apostilas | memoria_reajuste,Oportunidade provável — enriquecer contato e documentos antes da abordagem.,Oportunidade provável — enriquecer contato e documentos antes da abordagem.,"Não afirmar valor devido, inadimplemento, crédito constituído ou reajuste definitivamente não pago sem verificação documental completa e revisão humana registrada.",Oportunidade provável — enriquecer contato e documentos antes da abordagem.,Enriquecer contato empresarial; manter na fila de leads prioritários.,"Saldo/medições indisponíveis — valor sobre total é teto teórico, não valor devido. | indice_contratual_ausente — não aplicar IPCA/INCC/SINAPI por plausibilidade",,,,False,True
302,LIKELY_ADJUSTMENT_OPPORTUNITY,DOCUMENT_REQUEST_CANDIDATE,SUL_SC_PRIORITY,67.46,94.0,17.5,78.0,67.46,sede_ou_execucao_sul | interregno_conservador_gt_12m | multi_contratos=3 | regime_14133_provavel_ou_comprovado,95258174000165,DCS - CL CONSTRUTORA E PAVIMENTADORA LTDA,,Sapucaia do Sul,RS,True,,,,3,Gabinete do Secretario | SECRETARIA MUNICIPAL DE OBRAS | Secretaria de Obras,50214052.89,88185020000125-2-000176/2024,SECRETARIA MUNICIPAL DE OBRAS,LEGAL_REGIME_UNKNOWN,LIKELY_ADJUSTMENT_OPPORTUNITY,obra_classificada_conf=0.76 | fornecedor_privado | obrigacao_financeira_potencialmente_aberta | regime_14133_altamente_provavel | interregno_conservador_por_assinatura_gt_12m | document_request_parallel_action | Objeto classificado como pavimentacao_rodoviaria (conf=0.76) | Interregno mínimo conservador confirmado (level=B_CONSERVATIVE_SIGNATURE_GT_12M; proxy=data_assinatura) | Interregno ≥12m na data-base efetiva (proxy:data_assinatura) [TEMPORAL_CANDIDATE_BY_PROXY],Regime 14.133 provável (ano/PNCP/menção) mas não comprovado em documento oficial | data-base exata do orçamento ausente — cálculo preciso bloqueado | maturidade_temporal_insuficiente,clausula_reajuste | data_base_orcamento_estimado | indice_ou_formula | texto_oficial_contrato_edital | medicoes | apostilas | memoria_reajuste,Oportunidade provável — enriquecer contato e documentos antes da abordagem.,Oportunidade provável — enriquecer contato e documentos antes da abordagem.,"Não afirmar valor devido, inadimplemento, crédito constituído ou reajuste definitivamente não pago sem verificação documental completa e revisão humana registrada.",Oportunidade provável — enriquecer contato e documentos antes da abordagem.,Enriquecer contato empresarial; manter na fila de leads prioritários.,"Saldo/medições indisponíveis — valor sobre total é teto teórico, não valor devido. | indice_contratual_ausente — não aplicar IPCA/INCC/SINAPI por plausibilidade",,,,False,True
303,LIKELY_ADJUSTMENT_OPPORTUNITY,DOCUMENT_REQUEST_CANDIDATE,SUL_SC_PRIORITY,67.43,94.0,17.5,76.6,67.43,sede_ou_execucao_sul | interregno_conservador_gt_12m | regime_14133_provavel_ou_comprovado,18742098000118,TRENA - TERRAPLENAGEM E CONSTRUCOES S.A.,,Porto Alegre,RS,True,,,,1,SUP. REG. DO DNIT NO EST.DO RIO GRANDE DO SUL,8414006.6,04892707000100-2-000170/2025,SUP. REG. DO DNIT NO EST.DO RIO GRANDE DO SUL,LEGAL_REGIME_UNKNOWN,LIKELY_ADJUSTMENT_OPPORTUNITY,obra_classificada_conf=0.76 | fornecedor_privado | obrigacao_financeira_potencialmente_aberta | regime_14133_altamente_provavel | interregno_conservador_por_assinatura_gt_12m | document_request_parallel_action | Objeto classificado como pavimentacao_rodoviaria (conf=0.76) | Interregno mínimo conservador confirmado (level=B_CONSERVATIVE_SIGNATURE_GT_12M; proxy=data_assinatura) | Interregno ≥12m na data-base efetiva (proxy:data_assinatura) [TEMPORAL_CANDIDATE_BY_PROXY],Regime 14.133 provável (ano/PNCP/menção) mas não comprovado em documento oficial | data-base exata do orçamento ausente — cálculo preciso bloqueado,clausula_reajuste | data_base_orcamento_estimado | indice_ou_formula | texto_oficial_contrato_edital | medicoes | apostilas | memoria_reajuste,Oportunidade provável — enriquecer contato e documentos antes da abordagem.,Oportunidade provável — enriquecer contato e documentos antes da abordagem.,"Não afirmar valor devido, inadimplemento, crédito constituído ou reajuste definitivamente não pago sem verificação documental completa e revisão humana registrada.",Oportunidade provável — enriquecer contato e documentos antes da abordagem.,Enriquecer contato empresarial; manter na fila de leads prioritários.,"Saldo/medições indisponíveis — valor sobre total é teto teórico, não valor devido. | indice_contratual_ausente — não aplicar IPCA/INCC/SINAPI por plausibilidade",,,,False,True
304,LIKELY_ADJUSTMENT_OPPORTUNITY,DOCUMENT_REQUEST_CANDIDATE,SUL_SC_PRIORITY,67.4,94.0,17.5,76.6,67.4,sede_ou_execucao_sul | interregno_conservador_gt_12m | regime_14133_provavel_ou_comprovado,32064547000147,CAETANO & MARCHINI ENGENHARIA LTDA,,Maringá,PR,True,,,,1,UEM - Universidade Estadual de Maringá,8190000.0,79151312000156-2-000397/2024,UEM - Universidade Estadual de Maringá,LEGAL_REGIME_UNKNOWN,LIKELY_ADJUSTMENT_OPPORTUNITY,obra_classificada_conf=0.76 | fornecedor_privado | obrigacao_financeira_potencialmente_aberta | regime_14133_altamente_provavel | interregno_conservador_por_assinatura_gt_12m | document_request_parallel_action | Objeto classificado como obras_engenharia_geral (conf=0.76) | Interregno mínimo conservador confirmado (level=B_CONSERVATIVE_SIGNATURE_GT_12M; proxy=data_assinatura) | Interregno ≥12m na data-base efetiva (proxy:data_assinatura) [TEMPORAL_CANDIDATE_BY_PROXY],Regime 14.133 provável (ano/PNCP/menção) mas não comprovado em documento oficial | data-base exata do orçamento ausente — cálculo preciso bloqueado,clausula_reajuste | data_base_orcamento_estimado | indice_ou_formula | texto_oficial_contrato_edital | medicoes | apostilas | memoria_reajuste,Oportunidade provável — enriquecer contato e documentos antes da abordagem.,Oportunidade provável — enriquecer contato e documentos antes da abordagem.,"Não afirmar valor devido, inadimplemento, crédito constituído ou reajuste definitivamente não pago sem verificação documental completa e revisão humana registrada.",Oportunidade provável — enriquecer contato e documentos antes da abordagem.,Enriquecer contato empresarial; manter na fila de leads prioritários.,"Saldo/medições indisponíveis — valor sobre total é teto teórico, não valor devido. | indice_contratual_ausente — não aplicar IPCA/INCC/SINAPI por plausibilidade",,,,False,True
305,LIKELY_ADJUSTMENT_OPPORTUNITY,DOCUMENT_REQUEST_CANDIDATE,SUL_SC_PRIORITY,67.39,94.0,17.5,76.6,67.39,sede_ou_execucao_sul | interregno_conservador_gt_12m | multi_contratos=4 | regime_14133_provavel_ou_comprovado,25138093000146,MJ EMPREENDIMENTOS E SERVICOS LTDA,,Vacaria,RS,True,,,,4,P.M. De Bom Retiro Do Sul | PREFEITURA MUNICIPAL | PREFEITURA MUNICIPAL DE BARROS CASSAL | Prefeitura Municipal de Viamão,31606299.869999997,87866745000116-2-000072/2024,PREFEITURA MUNICIPAL,LEGAL_REGIME_UNKNOWN,LIKELY_ADJUSTMENT_OPPORTUNITY,obra_classificada_conf=0.76 | fornecedor_privado | obrigacao_financeira_potencialmente_aberta | regime_14133_altamente_provavel | interregno_conservador_por_assinatura_gt_12m | document_request_parallel_action | Objeto classificado como obras_engenharia_geral (conf=0.76) | Interregno mínimo conservador confirmado (level=B_CONSERVATIVE_SIGNATURE_GT_12M; proxy=data_assinatura) | Interregno ≥12m na data-base efetiva (proxy:data_assinatura) [TEMPORAL_CANDIDATE_BY_PROXY],Regime 14.133 provável (ano/PNCP/menção) mas não comprovado em documento oficial | data-base exata do orçamento ausente — cálculo preciso bloqueado | maturidade_temporal_insuficiente,clausula_reajuste | data_base_orcamento_estimado | indice_ou_formula | texto_oficial_contrato_edital | medicoes | apostilas | memoria_reajuste,Oportunidade provável — enriquecer contato e documentos antes da abordagem.,Oportunidade provável — enriquecer contato e documentos antes da abordagem.,"Não afirmar valor devido, inadimplemento, crédito constituído ou reajuste definitivamente não pago sem verificação documental completa e revisão humana registrada.",Oportunidade provável — enriquecer contato e documentos antes da abordagem.,Enriquecer contato empresarial; manter na fila de leads prioritários.,"Saldo/medições indisponíveis — valor sobre total é teto teórico, não valor devido. | indice_contratual_ausente — não aplicar IPCA/INCC/SINAPI por plausibilidade",,,,False,True
306,LIKELY_ADJUSTMENT_OPPORTUNITY,DOCUMENT_REQUEST_CANDIDATE,SUL_SC_PRIORITY,67.39,94.0,17.5,76.6,67.39,sede_ou_execucao_sul | interregno_conservador_gt_12m | multi_contratos=2 | regime_14133_provavel_ou_comprovado,95592077000104,PLANALTO TRANSPORTES LTDA - EM RECUPERACAO JUDICIAL,,Santiago,RS,True,,,,2,HOSPITAL DA GUARNICAO DE ALEGRETE/RS | HOSPITAL DE GUARNICAO DE SANTIAGO,13731541.0,00394452000103-2-001269/2024,HOSPITAL DE GUARNICAO DE SANTIAGO,LEGAL_REGIME_UNKNOWN,LIKELY_ADJUSTMENT_OPPORTUNITY,obra_classificada_conf=0.76 | fornecedor_privado | obrigacao_financeira_potencialmente_aberta | regime_14133_altamente_provavel | interregno_conservador_por_assinatura_gt_12m | document_request_parallel_action | Objeto classificado como pavimentacao_rodoviaria (conf=0.76) | Interregno mínimo conservador confirmado (level=B_CONSERVATIVE_SIGNATURE_GT_12M; proxy=data_assinatura) | Interregno ≥12m na data-base efetiva (proxy:data_assinatura) [TEMPORAL_CANDIDATE_BY_PROXY],Regime 14.133 provável (ano/PNCP/menção) mas não comprovado em documento oficial | data-base exata do orçamento ausente — cálculo preciso bloqueado,clausula_reajuste | data_base_orcamento_estimado | indice_ou_formula | texto_oficial_contrato_edital | medicoes | apostilas | memoria_reajuste,Oportunidade provável — enriquecer contato e documentos antes da abordagem.,Oportunidade provável — enriquecer contato e documentos antes da abordagem.,"Não afirmar valor devido, inadimplemento, crédito constituído ou reajuste definitivamente não pago sem verificação documental completa e revisão humana registrada.",Oportunidade provável — enriquecer contato e documentos antes da abordagem.,Enriquecer contato empresarial; manter na fila de leads prioritários.,"Saldo/medições indisponíveis — valor sobre total é teto teórico, não valor devido. | indice_contratual_ausente — não aplicar IPCA/INCC/SINAPI por plausibilidade",,,,False,True
307,LIKELY_ADJUSTMENT_OPPORTUNITY,DOCUMENT_REQUEST_CANDIDATE,SUL_SC_PRIORITY,67.38,94.0,17.5,76.6,67.38,sede_ou_execucao_sul | interregno_conservador_gt_12m | regime_14133_provavel_ou_comprovado,17302533000120,BRAGAGNOLO CONSTRUCAO CIVIL LTDA.,,Porto Alegre,RS,True,,,,1,TRIBUNAL DE JUSTIÇA DO ESTADO DO RIO G.DO SUL,8047174.62,89522064000166-2-000021/2025,TRIBUNAL DE JUSTIÇA DO ESTADO DO RIO G.DO SUL,LEGAL_REGIME_UNKNOWN,LIKELY_ADJUSTMENT_OPPORTUNITY,obra_classificada_conf=0.76 | fornecedor_privado | obrigacao_financeira_potencialmente_aberta | regime_14133_altamente_provavel | interregno_conservador_por_assinatura_gt_12m | document_request_parallel_action | Objeto classificado como edificacoes (conf=0.76) | Interregno mínimo conservador confirmado (level=B_CONSERVATIVE_SIGNATURE_GT_12M; proxy=data_assinatura) | Interregno ≥12m na data-base efetiva (proxy:data_assinatura) [TEMPORAL_CANDIDATE_BY_PROXY],Regime 14.133 provável (ano/PNCP/menção) mas não comprovado em documento oficial | data-base exata do orçamento ausente — cálculo preciso bloqueado,clausula_reajuste | data_base_orcamento_estimado | indice_ou_formula | texto_oficial_contrato_edital | medicoes | apostilas | memoria_reajuste,Oportunidade provável — enriquecer contato e documentos antes da abordagem.,Oportunidade provável — enriquecer contato e documentos antes da abordagem.,"Não afirmar valor devido, inadimplemento, crédito constituído ou reajuste definitivamente não pago sem verificação documental completa e revisão humana registrada.",Oportunidade provável — enriquecer contato e documentos antes da abordagem.,Enriquecer contato empresarial; manter na fila de leads prioritários.,"Saldo/medições indisponíveis — valor sobre total é teto teórico, não valor devido. | indice_contratual_ausente — não aplicar IPCA/INCC/SINAPI por plausibilidade",,,,False,True
308,LIKELY_ADJUSTMENT_OPPORTUNITY,DOCUMENT_REQUEST_CANDIDATE,SUL_SC_PRIORITY,67.35,94.0,17.5,79.4,67.35,sede_ou_execucao_sul | interregno_conservador_gt_12m | multi_contratos=3 | regime_14133_provavel_ou_comprovado,22271913000185,MASB ENGENHARIA LTDA,,CAPITAO LEONIDAS MARQUES,PR,True,,,,3,Ensino Fundamental | Executivo Administração Direta | PREFEITURA MUNICIPAL DE SALTO DO LONTRA - PR,20210600.0,88830609000139-2-001842/2024,Executivo Administração Direta,LEGAL_REGIME_UNKNOWN,LIKELY_ADJUSTMENT_OPPORTUNITY,obra_classificada_conf=0.76 | fornecedor_privado | obrigacao_financeira_potencialmente_aberta | regime_14133_altamente_provavel | interregno_conservador_por_assinatura_gt_12m | document_request_parallel_action | Objeto classificado como obras_engenharia_geral (conf=0.76) | Interregno mínimo conservador confirmado (level=B_CONSERVATIVE_SIGNATURE_GT_12M; proxy=data_assinatura) | Interregno ≥12m na data-base efetiva (proxy:data_assinatura) [TEMPORAL_CANDIDATE_BY_PROXY],Regime 14.133 provável (ano/PNCP/menção) mas não comprovado em documento oficial | data-base exata do orçamento ausente — cálculo preciso bloqueado | maturidade_temporal_insuficiente,clausula_reajuste | data_base_orcamento_estimado | indice_ou_formula | texto_oficial_contrato_edital | medicoes | apostilas | memoria_reajuste,Oportunidade provável — enriquecer contato e documentos antes da abordagem.,Oportunidade provável — enriquecer contato e documentos antes da abordagem.,"Não afirmar valor devido, inadimplemento, crédito constituído ou reajuste definitivamente não pago sem verificação documental completa e revisão humana registrada.",Oportunidade provável — enriquecer contato e documentos antes da abordagem.,Enriquecer contato empresarial; manter na fila de leads prioritários.,"Saldo/medições indisponíveis — valor sobre total é teto teórico, não valor devido. | indice_contratual_ausente — não aplicar IPCA/INCC/SINAPI por plausibilidade",,,,False,True
309,LIKELY_ADJUSTMENT_OPPORTUNITY,DOCUMENT_REQUEST_CANDIDATE,SUL_SC_PRIORITY,67.29,94.0,17.5,80.8,67.29,sede_ou_execucao_sul | interregno_conservador_gt_12m | multi_contratos=2 | regime_14133_provavel_ou_comprovado,30636023000158,CHP CONSTRUTORA LTDA,,PINHAO,PR,True,,,,2,UNIDADE ADMINISTRATIVA,13899000.0,76178011000128-2-000052/2025,UNIDADE ADMINISTRATIVA,LEGAL_REGIME_UNKNOWN,LIKELY_ADJUSTMENT_OPPORTUNITY,obra_classificada_conf=0.76 | fornecedor_privado | obrigacao_financeira_potencialmente_aberta | regime_14133_altamente_provavel | interregno_conservador_por_assinatura_gt_12m | document_request_parallel_action | Objeto classificado como edificacoes (conf=0.76) | Interregno mínimo conservador confirmado (level=B_CONSERVATIVE_SIGNATURE_GT_12M; proxy=data_assinatura) | Interregno ≥12m na data-base efetiva (proxy:data_assinatura) [TEMPORAL_CANDIDATE_BY_PROXY],Regime 14.133 provável (ano/PNCP/menção) mas não comprovado em documento oficial | data-base exata do orçamento ausente — cálculo preciso bloqueado | maturidade_temporal_insuficiente,clausula_reajuste | data_base_orcamento_estimado | indice_ou_formula | texto_oficial_contrato_edital | medicoes | apostilas | memoria_reajuste,Oportunidade provável — enriquecer contato e documentos antes da abordagem.,Oportunidade provável — enriquecer contato e documentos antes da abordagem.,"Não afirmar valor devido, inadimplemento, crédito constituído ou reajuste definitivamente não pago sem verificação documental completa e revisão humana registrada.",Oportunidade provável — enriquecer contato e documentos antes da abordagem.,Enriquecer contato empresarial; manter na fila de leads prioritários.,"Saldo/medições indisponíveis — valor sobre total é teto teórico, não valor devido. | indice_contratual_ausente — não aplicar IPCA/INCC/SINAPI por plausibilidade",,,,False,True
310,LIKELY_ADJUSTMENT_OPPORTUNITY,DOCUMENT_REQUEST_CANDIDATE,SUL_SC_PRIORITY,67.28,94.0,17.5,76.6,67.28,sede_ou_execucao_sul | interregno_conservador_gt_12m | regime_14133_provavel_ou_comprovado,89621767000141,CASA DO MENINO JESUS DE PRAGA,,Porto Alegre,RS,True,,,,1,FUND. DE PROTEÇÃO ESPECIAL DO RIO GRANDE DO SUL,7268541.48,05110425000177-2-000013/2024,FUND. DE PROTEÇÃO ESPECIAL DO RIO GRANDE DO SUL,LEGAL_REGIME_UNKNOWN,LIKELY_ADJUSTMENT_OPPORTUNITY,obra_classificada_conf=0.76 | fornecedor_privado | obrigacao_financeira_potencialmente_aberta | regime_14133_altamente_provavel | interregno_conservador_por_assinatura_gt_12m | document_request_parallel_action | Objeto classificado como obras_engenharia_geral (conf=0.76) | Interregno mínimo conservador confirmado (level=B_CONSERVATIVE_SIGNATURE_GT_12M; proxy=data_assinatura) | Interregno ≥12m na data-base efetiva (proxy:data_assinatura) [TEMPORAL_CANDIDATE_BY_PROXY],Regime 14.133 provável (ano/PNCP/menção) mas não comprovado em documento oficial | data-base exata do orçamento ausente — cálculo preciso bloqueado,clausula_reajuste | data_base_orcamento_estimado | indice_ou_formula | texto_oficial_contrato_edital | medicoes | apostilas | memoria_reajuste,Oportunidade provável — enriquecer contato e documentos antes da abordagem.,Oportunidade provável — enriquecer contato e documentos antes da abordagem.,"Não afirmar valor devido, inadimplemento, crédito constituído ou reajuste definitivamente não pago sem verificação documental completa e revisão humana registrada.",Oportunidade provável — enriquecer contato e documentos antes da abordagem.,Enriquecer contato empresarial; manter na fila de leads prioritários.,"Saldo/medições indisponíveis — valor sobre total é teto teórico, não valor devido. | indice_contratual_ausente — não aplicar IPCA/INCC/SINAPI por plausibilidade",,,,False,True
311,LIKELY_ADJUSTMENT_OPPORTUNITY,DOCUMENT_REQUEST_CANDIDATE,SUL_SC_PRIORITY,67.27,94.0,17.5,76.6,67.27,sede_ou_execucao_sul | interregno_conservador_gt_12m | multi_contratos=2 | regime_14133_provavel_ou_comprovado,77371789000111,TRANSRESIDUOS AMBIENTAL S/A,,CURITIBA,PR,True,,,,2,Gabinete do Secretário - SMMA | Municipio de Guaratuba,14452968.27,76017474000108-2-000144/2025,Municipio de Guaratuba,LEGAL_REGIME_UNKNOWN,LIKELY_ADJUSTMENT_OPPORTUNITY,obra_classificada_conf=0.76 | fornecedor_privado | obrigacao_financeira_potencialmente_aberta | regime_14133_altamente_provavel | interregno_conservador_por_assinatura_gt_12m | document_request_parallel_action | Objeto classificado como obras_engenharia_geral (conf=0.76) | Interregno mínimo conservador confirmado (level=B_CONSERVATIVE_SIGNATURE_GT_12M; proxy=data_assinatura) | Interregno ≥12m na data-base efetiva (proxy:data_assinatura) [TEMPORAL_CANDIDATE_BY_PROXY],Regime 14.133 provável (ano/PNCP/menção) mas não comprovado em documento oficial | data-base exata do orçamento ausente — cálculo preciso bloqueado | maturidade_temporal_insuficiente,clausula_reajuste | data_base_orcamento_estimado | indice_ou_formula | texto_oficial_contrato_edital | medicoes | apostilas | memoria_reajuste,Oportunidade provável — enriquecer contato e documentos antes da abordagem.,Oportunidade provável — enriquecer contato e documentos antes da abordagem.,"Não afirmar valor devido, inadimplemento, crédito constituído ou reajuste definitivamente não pago sem verificação documental completa e revisão humana registrada.",Oportunidade provável — enriquecer contato e documentos antes da abordagem.,Enriquecer contato empresarial; manter na fila de leads prioritários.,"Saldo/medições indisponíveis — valor sobre total é teto teórico, não valor devido. | indice_contratual_ausente — não aplicar IPCA/INCC/SINAPI por plausibilidade",,,,False,True
312,LIKELY_ADJUSTMENT_OPPORTUNITY,DOCUMENT_REQUEST_CANDIDATE,SUL_SC_PRIORITY,67.27,94.0,17.5,76.6,67.27,sede_ou_execucao_sul | interregno_conservador_gt_12m | regime_14133_provavel_ou_comprovado,90347840005187,TK ELEVADORES BRASIL LTDA,,PORTO ALEGRE,RS,True,,,,1,SUPERINTENDÊNCIA DE ADMINISTRAÇÃO DO MF - RS,7243675.3,00394460000141-2-000599/2025,SUPERINTENDÊNCIA DE ADMINISTRAÇÃO DO MF - RS,LEGAL_REGIME_UNKNOWN,LIKELY_ADJUSTMENT_OPPORTUNITY,obra_classificada_conf=0.76 | fornecedor_privado | obrigacao_financeira_potencialmente_aberta | regime_14133_altamente_provavel | interregno_conservador_por_assinatura_gt_12m | document_request_parallel_action | Objeto classificado como obras_engenharia_geral (conf=0.76) | Interregno mínimo conservador confirmado (level=B_CONSERVATIVE_SIGNATURE_GT_12M; proxy=data_assinatura) | Interregno ≥12m na data-base efetiva (proxy:data_assinatura) [TEMPORAL_CANDIDATE_BY_PROXY],Regime 14.133 provável (ano/PNCP/menção) mas não comprovado em documento oficial | data-base exata do orçamento ausente — cálculo preciso bloqueado,clausula_reajuste | data_base_orcamento_estimado | indice_ou_formula | texto_oficial_contrato_edital | medicoes | apostilas | memoria_reajuste,Oportunidade provável — enriquecer contato e documentos antes da abordagem.,Oportunidade provável — enriquecer contato e documentos antes da abordagem.,"Não afirmar valor devido, inadimplemento, crédito constituído ou reajuste definitivamente não pago sem verificação documental completa e revisão humana registrada.",Oportunidade provável — enriquecer contato e documentos antes da abordagem.,Enriquecer contato empresarial; manter na fila de leads prioritários.,"Saldo/medições indisponíveis — valor sobre total é teto teórico, não valor devido. | indice_contratual_ausente — não aplicar IPCA/INCC/SINAPI por plausibilidade",,,,False,True
313,LIKELY_ADJUSTMENT_OPPORTUNITY,DOCUMENT_REQUEST_CANDIDATE,SUL_SC_PRIORITY,67.26,94.0,17.5,76.6,67.26,sede_ou_execucao_sul | interregno_conservador_gt_12m | regime_14133_provavel_ou_comprovado,00369046000182,BEL CONSTRUÇÕES - EPP,,SAO PEDRO DO SUL,RS,True,,,,1,TRIBUNAL DE JUSTIÇA DO ESTADO DO RIO G.DO SUL,7180000.0,89522064000166-2-000306/2024,TRIBUNAL DE JUSTIÇA DO ESTADO DO RIO G.DO SUL,LEGAL_REGIME_UNKNOWN,LIKELY_ADJUSTMENT_OPPORTUNITY,obra_classificada_conf=0.76 | fornecedor_privado | obrigacao_financeira_potencialmente_aberta | regime_14133_altamente_provavel | interregno_conservador_por_assinatura_gt_12m | document_request_parallel_action | Objeto classificado como edificacoes (conf=0.76) | Interregno mínimo conservador confirmado (level=B_CONSERVATIVE_SIGNATURE_GT_12M; proxy=data_assinatura) | Interregno ≥12m na data-base efetiva (proxy:data_assinatura) [TEMPORAL_CANDIDATE_BY_PROXY],Regime 14.133 provável (ano/PNCP/menção) mas não comprovado em documento oficial | data-base exata do orçamento ausente — cálculo preciso bloqueado,clausula_reajuste | data_base_orcamento_estimado | indice_ou_formula | texto_oficial_contrato_edital | medicoes | apostilas | memoria_reajuste,Oportunidade provável — enriquecer contato e documentos antes da abordagem.,Oportunidade provável — enriquecer contato e documentos antes da abordagem.,"Não afirmar valor devido, inadimplemento, crédito constituído ou reajuste definitivamente não pago sem verificação documental completa e revisão humana registrada.",Oportunidade provável — enriquecer contato e documentos antes da abordagem.,Enriquecer contato empresarial; manter na fila de leads prioritários.,"Saldo/medições indisponíveis — valor sobre total é teto teórico, não valor devido. | indice_contratual_ausente — não aplicar IPCA/INCC/SINAPI por plausibilidade",,,,False,True
314,LIKELY_ADJUSTMENT_OPPORTUNITY,DOCUMENT_REQUEST_CANDIDATE,SUL_SC_PRIORITY,67.24,94.0,17.5,76.6,67.24,sede_ou_execucao_sul | interregno_conservador_gt_12m | multi_contratos=2 | regime_14133_provavel_ou_comprovado,42540397000154,QUALIOBRAS LTDA,,CRUZ ALTA,RS,True,,,,2,Fundo Municipal de Habitação | PREFEITURA MUNICIPAL DE CRUZ ALTA - RS,12166407.14,88775390000112-2-000224/2024,PREFEITURA MUNICIPAL DE CRUZ ALTA - RS,LEGAL_REGIME_UNKNOWN,LIKELY_ADJUSTMENT_OPPORTUNITY,obra_classificada_conf=0.76 | fornecedor_privado | obrigacao_financeira_potencialmente_aberta | regime_14133_altamente_provavel | interregno_conservador_por_assinatura_gt_12m | document_request_parallel_action | Objeto classificado como edificacoes (conf=0.76) | Interregno mínimo conservador confirmado (level=B_CONSERVATIVE_SIGNATURE_GT_12M; proxy=data_assinatura) | Interregno ≥12m na data-base efetiva (proxy:data_assinatura) [TEMPORAL_CANDIDATE_BY_PROXY],Regime 14.133 provável (ano/PNCP/menção) mas não comprovado em documento oficial | data-base exata do orçamento ausente — cálculo preciso bloqueado,clausula_reajuste | data_base_orcamento_estimado | indice_ou_formula | texto_oficial_contrato_edital | medicoes | apostilas | memoria_reajuste,Oportunidade provável — enriquecer contato e documentos antes da abordagem.,Oportunidade provável — enriquecer contato e documentos antes da abordagem.,"Não afirmar valor devido, inadimplemento, crédito constituído ou reajuste definitivamente não pago sem verificação documental completa e revisão humana registrada.",Oportunidade provável — enriquecer contato e documentos antes da abordagem.,Enriquecer contato empresarial; manter na fila de leads prioritários.,"Saldo/medições indisponíveis — valor sobre total é teto teórico, não valor devido. | indice_contratual_ausente — não aplicar IPCA/INCC/SINAPI por plausibilidade",,,,False,True
315,LIKELY_ADJUSTMENT_OPPORTUNITY,DOCUMENT_REQUEST_CANDIDATE,SUL_SC_PRIORITY,67.24,94.0,17.5,76.6,67.24,sede_ou_execucao_sul | interregno_conservador_gt_12m | multi_contratos=3 | regime_14133_provavel_ou_comprovado,43630854000164,TEKENGE ENGENHARIA E CONSTRUCOES LTDA,,LONDRINA,PR,True,,,,3,Diretoria de Gestao de Licitacoes e Contratos -SMGP | SECID - Secretaria de Estado das Cidades (Antigo SEDU) | UEL - Universidade Estadual de Londrina,17351630.5,76416908000142-2-000008/2025,SECID - Secretaria de Estado das Cidades (Antigo SEDU),LEGAL_REGIME_UNKNOWN,LIKELY_ADJUSTMENT_OPPORTUNITY,obra_classificada_conf=0.76 | fornecedor_privado | obrigacao_financeira_potencialmente_aberta | regime_14133_altamente_provavel | interregno_conservador_por_assinatura_gt_12m | document_request_parallel_action | Objeto classificado como edificacoes (conf=0.76) | Interregno mínimo conservador confirmado (level=B_CONSERVATIVE_SIGNATURE_GT_12M; proxy=data_assinatura) | Interregno ≥12m na data-base efetiva (proxy:data_assinatura) [TEMPORAL_CANDIDATE_BY_PROXY],Regime 14.133 provável (ano/PNCP/menção) mas não comprovado em documento oficial | data-base exata do orçamento ausente — cálculo preciso bloqueado | maturidade_temporal_insuficiente,clausula_reajuste | data_base_orcamento_estimado | indice_ou_formula | texto_oficial_contrato_edital | medicoes | apostilas | memoria_reajuste,Oportunidade provável — enriquecer contato e documentos antes da abordagem.,Oportunidade provável — enriquecer contato e documentos antes da abordagem.,"Não afirmar valor devido, inadimplemento, crédito constituído ou reajuste definitivamente não pago sem verificação documental completa e revisão humana registrada.",Oportunidade provável — enriquecer contato e documentos antes da abordagem.,Enriquecer contato empresarial; manter na fila de leads prioritários.,"Saldo/medições indisponíveis — valor sobre total é teto teórico, não valor devido. | indice_contratual_ausente — não aplicar IPCA/INCC/SINAPI por plausibilidade",,,,False,True
316,LIKELY_ADJUSTMENT_OPPORTUNITY,DOCUMENT_REQUEST_CANDIDATE,SUL_SC_PRIORITY,67.23,94.0,17.5,76.6,67.23,sede_ou_execucao_sul | interregno_conservador_gt_12m | regime_14133_provavel_ou_comprovado,39287402000154,E3KS ENGENHARIA E CONSTRUÇÕES LTDA,,FARROUPILHA,RS,True,,,,1,FMS,6957359.11,89848949000150-2-000015/2025,FMS,LEGAL_REGIME_UNKNOWN,LIKELY_ADJUSTMENT_OPPORTUNITY,obra_classificada_conf=0.76 | fornecedor_privado | obrigacao_financeira_potencialmente_aberta | regime_14133_altamente_provavel | interregno_conservador_por_assinatura_gt_12m | document_request_parallel_action | Objeto classificado como obras_infraestrutura (conf=0.76) | Interregno mínimo conservador confirmado (level=B_CONSERVATIVE_SIGNATURE_GT_12M; proxy=data_assinatura) | Interregno ≥12m na data-base efetiva (proxy:data_assinatura) [TEMPORAL_CANDIDATE_BY_PROXY],Regime 14.133 provável (ano/PNCP/menção) mas não comprovado em documento oficial | data-base exata do orçamento ausente — cálculo preciso bloqueado,clausula_reajuste | data_base_orcamento_estimado | indice_ou_formula | texto_oficial_contrato_edital | medicoes | apostilas | memoria_reajuste,Oportunidade provável — enriquecer contato e documentos antes da abordagem.,Oportunidade provável — enriquecer contato e documentos antes da abordagem.,"Não afirmar valor devido, inadimplemento, crédito constituído ou reajuste definitivamente não pago sem verificação documental completa e revisão humana registrada.",Oportunidade provável — enriquecer contato e documentos antes da abordagem.,Enriquecer contato empresarial; manter na fila de leads prioritários.,"Saldo/medições indisponíveis — valor sobre total é teto teórico, não valor devido. | indice_contratual_ausente — não aplicar IPCA/INCC/SINAPI por plausibilidade",,,,False,True
317,LIKELY_ADJUSTMENT_OPPORTUNITY,DOCUMENT_REQUEST_CANDIDATE,SUL_SC_PRIORITY,67.22,94.0,17.5,76.6,67.22,sede_ou_execucao_sul | interregno_conservador_gt_12m | regime_14133_provavel_ou_comprovado,04124390000162,HIGRA INDUSTRIAL LTDA,,São Leopoldo,RS,True,,,,1,Prefeitura Municipal de São Leopoldo,6876117.48,89814693000160-2-000141/2024,Prefeitura Municipal de São Leopoldo,LEGAL_REGIME_UNKNOWN,LIKELY_ADJUSTMENT_OPPORTUNITY,obra_classificada_conf=0.76 | fornecedor_privado | obrigacao_financeira_potencialmente_aberta | regime_14133_altamente_provavel | interregno_conservador_por_assinatura_gt_12m | document_request_parallel_action | Objeto classificado como drenagem_urbanizacao (conf=0.76) | Interregno mínimo conservador confirmado (level=B_CONSERVATIVE_SIGNATURE_GT_12M; proxy=data_assinatura) | Interregno ≥12m na data-base efetiva (proxy:data_assinatura) [TEMPORAL_CANDIDATE_BY_PROXY],Regime 14.133 provável (ano/PNCP/menção) mas não comprovado em documento oficial | data-base exata do orçamento ausente — cálculo preciso bloqueado,clausula_reajuste | data_base_orcamento_estimado | indice_ou_formula | texto_oficial_contrato_edital | medicoes | apostilas | memoria_reajuste,Oportunidade provável — enriquecer contato e documentos antes da abordagem.,Oportunidade provável — enriquecer contato e documentos antes da abordagem.,"Não afirmar valor devido, inadimplemento, crédito constituído ou reajuste definitivamente não pago sem verificação documental completa e revisão humana registrada.",Oportunidade provável — enriquecer contato e documentos antes da abordagem.,Enriquecer contato empresarial; manter na fila de leads prioritários.,"Saldo/medições indisponíveis — valor sobre total é teto teórico, não valor devido. | indice_contratual_ausente — não aplicar IPCA/INCC/SINAPI por plausibilidade",,,,False,True
318,LIKELY_ADJUSTMENT_OPPORTUNITY,DOCUMENT_REQUEST_CANDIDATE,SUL_SC_PRIORITY,67.22,94.0,17.5,76.6,67.22,sede_ou_execucao_sul | interregno_conservador_gt_12m | regime_14133_provavel_ou_comprovado,76730076000134,J. R. EHLKE & CIA LTDA,,Ponta Grossa,PR,True,,,,1,Unidade administrativa,6882751.64,32370759000152-2-000129/2024,Unidade administrativa,LEGAL_REGIME_UNKNOWN,LIKELY_ADJUSTMENT_OPPORTUNITY,obra_classificada_conf=0.76 | fornecedor_privado | obrigacao_financeira_potencialmente_aberta | regime_14133_altamente_provavel | interregno_conservador_por_assinatura_gt_12m | document_request_parallel_action | Objeto classificado como obras_engenharia_geral (conf=0.76) | Interregno mínimo conservador confirmado (level=B_CONSERVATIVE_SIGNATURE_GT_12M; proxy=data_assinatura) | Interregno ≥12m na data-base efetiva (proxy:data_assinatura) [TEMPORAL_CANDIDATE_BY_PROXY],Regime 14.133 provável (ano/PNCP/menção) mas não comprovado em documento oficial | data-base exata do orçamento ausente — cálculo preciso bloqueado,clausula_reajuste | data_base_orcamento_estimado | indice_ou_formula | texto_oficial_contrato_edital | medicoes | apostilas | memoria_reajuste,Oportunidade provável — enriquecer contato e documentos antes da abordagem.,Oportunidade provável — enriquecer contato e documentos antes da abordagem.,"Não afirmar valor devido, inadimplemento, crédito constituído ou reajuste definitivamente não pago sem verificação documental completa e revisão humana registrada.",Oportunidade provável — enriquecer contato e documentos antes da abordagem.,Enriquecer contato empresarial; manter na fila de leads prioritários.,"Saldo/medições indisponíveis — valor sobre total é teto teórico, não valor devido. | indice_contratual_ausente — não aplicar IPCA/INCC/SINAPI por plausibilidade",,,,False,True
319,LIKELY_ADJUSTMENT_OPPORTUNITY,DOCUMENT_REQUEST_CANDIDATE,SUL_SC_PRIORITY,67.2,94.0,17.5,79.4,67.2,sede_ou_execucao_sul | interregno_conservador_gt_12m | multi_contratos=2 | regime_14133_provavel_ou_comprovado,07903213000172,DE PIERI CONSTRUCOES LTDA - EPP,,RIO BONITO DO IGUACU,PR,True,,,,2,DEPARTAMENTO DE EDUCACAO E CULTURA | PREFEITURA MUNICIPAL DE RIO BONITO DO IGUAÇU - PR,18747782.259999998,01612634000168-2-000202/2024,DEPARTAMENTO DE EDUCACAO E CULTURA,LEGAL_REGIME_UNKNOWN,LIKELY_ADJUSTMENT_OPPORTUNITY,obra_classificada_conf=0.76 | fornecedor_privado | obrigacao_financeira_potencialmente_aberta | regime_14133_altamente_provavel | interregno_conservador_por_assinatura_gt_12m | document_request_parallel_action | Objeto classificado como edificacoes (conf=0.76) | Interregno mínimo conservador confirmado (level=B_CONSERVATIVE_SIGNATURE_GT_12M; proxy=data_assinatura) | Interregno ≥12m na data-base efetiva (proxy:data_assinatura) [TEMPORAL_CANDIDATE_BY_PROXY],Regime 14.133 provável (ano/PNCP/menção) mas não comprovado em documento oficial | data-base exata do orçamento ausente — cálculo preciso bloqueado | maturidade_temporal_insuficiente,clausula_reajuste | data_base_orcamento_estimado | indice_ou_formula | texto_oficial_contrato_edital | medicoes | apostilas | memoria_reajuste,Oportunidade provável — enriquecer contato e documentos antes da abordagem.,Oportunidade provável — enriquecer contato e documentos antes da abordagem.,"Não afirmar valor devido, inadimplemento, crédito constituído ou reajuste definitivamente não pago sem verificação documental completa e revisão humana registrada.",Oportunidade provável — enriquecer contato e documentos antes da abordagem.,Enriquecer contato empresarial; manter na fila de leads prioritários.,"Saldo/medições indisponíveis — valor sobre total é teto teórico, não valor devido. | indice_contratual_ausente — não aplicar IPCA/INCC/SINAPI por plausibilidade",,,,False,True
320,LIKELY_ADJUSTMENT_OPPORTUNITY,DOCUMENT_REQUEST_CANDIDATE,SUL_SC_PRIORITY,67.19,94.0,17.5,83.6,67.19,sede_ou_execucao_sul | interregno_conservador_gt_12m | multi_contratos=3 | regime_14133_provavel_ou_comprovado,28014669000151,"HANSEN, BELLEI & MELO LTDA",,Cascavel,PR,True,,,,3,Municipio de Matelandia | Secretaria Mun Serviços e Obras Publicas | Secretaria Munl de Agricultura,37311622.37,76208867000107-2-000135/2024,Secretaria Mun Serviços e Obras Publicas,LEGAL_REGIME_UNKNOWN,LIKELY_ADJUSTMENT_OPPORTUNITY,obra_classificada_conf=0.76 | fornecedor_privado | obrigacao_financeira_potencialmente_aberta | regime_14133_altamente_provavel | interregno_conservador_por_assinatura_gt_12m | document_request_parallel_action | Objeto classificado como obras_engenharia_geral (conf=0.76) | Interregno mínimo conservador confirmado (level=B_CONSERVATIVE_SIGNATURE_GT_12M; proxy=data_assinatura) | Interregno ≥12m na data-base efetiva (proxy:data_assinatura) [TEMPORAL_CANDIDATE_BY_PROXY],Regime 14.133 provável (ano/PNCP/menção) mas não comprovado em documento oficial | data-base exata do orçamento ausente — cálculo preciso bloqueado | maturidade_temporal_insuficiente,clausula_reajuste | data_base_orcamento_estimado | indice_ou_formula | texto_oficial_contrato_edital | medicoes | apostilas | memoria_reajuste,Oportunidade provável — enriquecer contato e documentos antes da abordagem.,Oportunidade provável — enriquecer contato e documentos antes da abordagem.,"Não afirmar valor devido, inadimplemento, crédito constituído ou reajuste definitivamente não pago sem verificação documental completa e revisão humana registrada.",Oportunidade provável — enriquecer contato e documentos antes da abordagem.,Enriquecer contato empresarial; manter na fila de leads prioritários.,"Saldo/medições indisponíveis — valor sobre total é teto teórico, não valor devido. | indice_contratual_ausente — não aplicar IPCA/INCC/SINAPI por plausibilidade",,,,False,True
321,LIKELY_ADJUSTMENT_OPPORTUNITY,DOCUMENT_REQUEST_CANDIDATE,SUL_SC_PRIORITY,67.19,94.0,17.5,76.6,67.19,sede_ou_execucao_sul | interregno_conservador_gt_12m | regime_14133_provavel_ou_comprovado,48832997000172,M & C INCORPORADORA LTDA ME,,Nicolau Vergueiro,RS,True,,,,1,MUNICIPIO DE NICOLAU VERGUEIRO,6704028.81,92411974000186-2-000025/2024,MUNICIPIO DE NICOLAU VERGUEIRO,LEGAL_REGIME_UNKNOWN,LIKELY_ADJUSTMENT_OPPORTUNITY,obra_classificada_conf=0.76 | fornecedor_privado | obrigacao_financeira_potencialmente_aberta | regime_14133_altamente_provavel | interregno_conservador_por_assinatura_gt_12m | document_request_parallel_action | Objeto classificado como obras_engenharia_geral (conf=0.76) | Interregno mínimo conservador confirmado (level=B_CONSERVATIVE_SIGNATURE_GT_12M; proxy=data_assinatura) | Interregno ≥12m na data-base efetiva (proxy:data_assinatura) [TEMPORAL_CANDIDATE_BY_PROXY],Regime 14.133 provável (ano/PNCP/menção) mas não comprovado em documento oficial | data-base exata do orçamento ausente — cálculo preciso bloqueado,clausula_reajuste | data_base_orcamento_estimado | indice_ou_formula | texto_oficial_contrato_edital | medicoes | apostilas | memoria_reajuste,Oportunidade provável — enriquecer contato e documentos antes da abordagem.,Oportunidade provável — enriquecer contato e documentos antes da abordagem.,"Não afirmar valor devido, inadimplemento, crédito constituído ou reajuste definitivamente não pago sem verificação documental completa e revisão humana registrada.",Oportunidade provável — enriquecer contato e documentos antes da abordagem.,Enriquecer contato empresarial; manter na fila de leads prioritários.,"Saldo/medições indisponíveis — valor sobre total é teto teórico, não valor devido. | indice_contratual_ausente — não aplicar IPCA/INCC/SINAPI por plausibilidade",,,,False,True
322,LIKELY_ADJUSTMENT_OPPORTUNITY,DOCUMENT_REQUEST_CANDIDATE,SUL_SC_PRIORITY,67.17,94.0,17.5,76.6,67.17,sede_ou_execucao_sul | interregno_conservador_gt_12m | regime_14133_provavel_ou_comprovado,36179708000107,RIOSUL ASFALTOS LTDA,,Gravataí,RS,True,,,,1,Gabinete do Secretario,6550000.0,87890992000158-2-000066/2025,Gabinete do Secretario,LEGAL_REGIME_UNKNOWN,LIKELY_ADJUSTMENT_OPPORTUNITY,obra_classificada_conf=0.76 | fornecedor_privado | obrigacao_financeira_potencialmente_aberta | regime_14133_altamente_provavel | interregno_conservador_por_assinatura_gt_12m | document_request_parallel_action | Objeto classificado como pavimentacao_rodoviaria (conf=0.76) | Interregno mínimo conservador confirmado (level=B_CONSERVATIVE_SIGNATURE_GT_12M; proxy=data_assinatura) | Interregno ≥12m na data-base efetiva (proxy:data_assinatura) [TEMPORAL_CANDIDATE_BY_PROXY],Regime 14.133 provável (ano/PNCP/menção) mas não comprovado em documento oficial | data-base exata do orçamento ausente — cálculo preciso bloqueado,clausula_reajuste | data_base_orcamento_estimado | indice_ou_formula | texto_oficial_contrato_edital | medicoes | apostilas | memoria_reajuste,Oportunidade provável — enriquecer contato e documentos antes da abordagem.,Oportunidade provável — enriquecer contato e documentos antes da abordagem.,"Não afirmar valor devido, inadimplemento, crédito constituído ou reajuste definitivamente não pago sem verificação documental completa e revisão humana registrada.",Oportunidade provável — enriquecer contato e documentos antes da abordagem.,Enriquecer contato empresarial; manter na fila de leads prioritários.,"Saldo/medições indisponíveis — valor sobre total é teto teórico, não valor devido. | indice_contratual_ausente — não aplicar IPCA/INCC/SINAPI por plausibilidade",,,,False,True
323,LIKELY_ADJUSTMENT_OPPORTUNITY,DOCUMENT_REQUEST_CANDIDATE,SUL_SC_PRIORITY,67.16,94.0,17.5,79.4,67.16,sede_ou_execucao_sul | interregno_conservador_gt_12m | multi_contratos=3 | regime_14133_provavel_ou_comprovado,77878023000128,EMPRESA DE DESENVOLVIMENTO URBANO E RURAL DE TOLEDO,,TOLEDO,PR,True,,,,3,GAB DA SECRETARIA DE INFRAESTRUTURA RURAL E URBANA E DE SERVICOS | GABINETE  SECRETARIA MEIO AMBIENTE,23100073.72,76205806000188-2-000123/2024,GABINETE  SECRETARIA MEIO AMBIENTE,LEGAL_REGIME_UNKNOWN,LIKELY_ADJUSTMENT_OPPORTUNITY,obra_classificada_conf=0.76 | fornecedor_privado | obrigacao_financeira_potencialmente_aberta | regime_14133_altamente_provavel | interregno_conservador_por_assinatura_gt_12m | document_request_parallel_action | Objeto classificado como pavimentacao_rodoviaria (conf=0.76) | Interregno mínimo conservador confirmado (level=B_CONSERVATIVE_SIGNATURE_GT_12M; proxy=data_assinatura) | Interregno ≥12m na data-base efetiva (proxy:data_assinatura) [TEMPORAL_CANDIDATE_BY_PROXY],Regime 14.133 provável (ano/PNCP/menção) mas não comprovado em documento oficial | data-base exata do orçamento ausente — cálculo preciso bloqueado | maturidade_temporal_insuficiente,clausula_reajuste | data_base_orcamento_estimado | indice_ou_formula | texto_oficial_contrato_edital | medicoes | apostilas | memoria_reajuste,Oportunidade provável — enriquecer contato e documentos antes da abordagem.,Oportunidade provável — enriquecer contato e documentos antes da abordagem.,"Não afirmar valor devido, inadimplemento, crédito constituído ou reajuste definitivamente não pago sem verificação documental completa e revisão humana registrada.",Oportunidade provável — enriquecer contato e documentos antes da abordagem.,Enriquecer contato empresarial; manter na fila de leads prioritários.,"Saldo/medições indisponíveis — valor sobre total é teto teórico, não valor devido. | indice_contratual_ausente — não aplicar IPCA/INCC/SINAPI por plausibilidade",,,,False,True
324,LIKELY_ADJUSTMENT_OPPORTUNITY,DOCUMENT_REQUEST_CANDIDATE,SUL_SC_PRIORITY,67.16,94.0,17.5,76.6,67.16,sede_ou_execucao_sul | interregno_conservador_gt_12m | regime_14133_provavel_ou_comprovado,89866321000187,CISAL CONSTRUCOES LTDA.,,Canoas,RS,True,,,,1,GRUPAMENTO DE APOIO DE CANOAS,6487996.47,00394429000100-2-000802/2024,GRUPAMENTO DE APOIO DE CANOAS,LEGAL_REGIME_UNKNOWN,LIKELY_ADJUSTMENT_OPPORTUNITY,obra_classificada_conf=0.76 | fornecedor_privado | obrigacao_financeira_potencialmente_aberta | regime_14133_altamente_provavel | interregno_conservador_por_assinatura_gt_12m | document_request_parallel_action | Objeto classificado como obras_engenharia_geral (conf=0.76) | Interregno mínimo conservador confirmado (level=B_CONSERVATIVE_SIGNATURE_GT_12M; proxy=data_assinatura) | Interregno ≥12m na data-base efetiva (proxy:data_assinatura) [TEMPORAL_CANDIDATE_BY_PROXY],Regime 14.133 provável (ano/PNCP/menção) mas não comprovado em documento oficial | data-base exata do orçamento ausente — cálculo preciso bloqueado,clausula_reajuste | data_base_orcamento_estimado | indice_ou_formula | texto_oficial_contrato_edital | medicoes | apostilas | memoria_reajuste,Oportunidade provável — enriquecer contato e documentos antes da abordagem.,Oportunidade provável — enriquecer contato e documentos antes da abordagem.,"Não afirmar valor devido, inadimplemento, crédito constituído ou reajuste definitivamente não pago sem verificação documental completa e revisão humana registrada.",Oportunidade provável — enriquecer contato e documentos antes da abordagem.,Enriquecer contato empresarial; manter na fila de leads prioritários.,"Saldo/medições indisponíveis — valor sobre total é teto teórico, não valor devido. | indice_contratual_ausente — não aplicar IPCA/INCC/SINAPI por plausibilidade",,,,False,True
325,LIKELY_ADJUSTMENT_OPPORTUNITY,DOCUMENT_REQUEST_CANDIDATE,SUL_SC_PRIORITY,67.15,94.0,17.5,76.6,67.15,sede_ou_execucao_sul | interregno_conservador_gt_12m | multi_contratos=2 | regime_14133_provavel_ou_comprovado,06939632000100,ARQUIUM   CONSTRUCOES E RESTAURO LTDA,,Santa Maria,RS,True,,,,2,Prefeitura Municipal de Santa Maria,21207510.72,88488366000100-2-000114/2024,Prefeitura Municipal de Santa Maria,LEGAL_REGIME_UNKNOWN,LIKELY_ADJUSTMENT_OPPORTUNITY,obra_classificada_conf=0.76 | fornecedor_privado | obrigacao_financeira_potencialmente_aberta | regime_14133_altamente_provavel | interregno_conservador_por_assinatura_gt_12m | document_request_parallel_action | Objeto classificado como pavimentacao_rodoviaria (conf=0.76) | Interregno mínimo conservador confirmado (level=B_CONSERVATIVE_SIGNATURE_GT_12M; proxy=data_assinatura) | Interregno ≥12m na data-base efetiva (proxy:data_assinatura) [TEMPORAL_CANDIDATE_BY_PROXY],Regime 14.133 provável (ano/PNCP/menção) mas não comprovado em documento oficial | data-base exata do orçamento ausente — cálculo preciso bloqueado | maturidade_temporal_insuficiente,clausula_reajuste | data_base_orcamento_estimado | indice_ou_formula | texto_oficial_contrato_edital | medicoes | apostilas | memoria_reajuste,Oportunidade provável — enriquecer contato e documentos antes da abordagem.,Oportunidade provável — enriquecer contato e documentos antes da abordagem.,"Não afirmar valor devido, inadimplemento, crédito constituído ou reajuste definitivamente não pago sem verificação documental completa e revisão humana registrada.",Oportunidade provável — enriquecer contato e documentos antes da abordagem.,Enriquecer contato empresarial; manter na fila de leads prioritários.,"Saldo/medições indisponíveis — valor sobre total é teto teórico, não valor devido. | indice_contratual_ausente — não aplicar IPCA/INCC/SINAPI por plausibilidade",,,,False,True
326,LIKELY_ADJUSTMENT_OPPORTUNITY,DOCUMENT_REQUEST_CANDIDATE,SUL_SC_PRIORITY,67.15,94.0,17.5,79.4,67.15,sede_ou_execucao_sul | interregno_conservador_gt_12m | multi_contratos=3 | regime_14133_provavel_ou_comprovado,21440933000170,ELO CONSTRUCOES E INSTALACOES LTDA,,Porto Alegre,RS,True,,,,3,CORPO DE BOMBEIROS MILITAR DO RIO GRANDE DO SUL | FUNDO MUNICIPAL DE SAÚDE | PREFEITURA MUNICIPAL DO RIO GRANDE - RS,40468256.0,28610005000155-2-000016/2025,CORPO DE BOMBEIROS MILITAR DO RIO GRANDE DO SUL,LEGAL_REGIME_UNKNOWN,LIKELY_ADJUSTMENT_OPPORTUNITY,obra_classificada_conf=0.76 | fornecedor_privado | obrigacao_financeira_potencialmente_aberta | regime_14133_altamente_provavel | interregno_conservador_por_assinatura_gt_12m | document_request_parallel_action | Objeto classificado como edificacoes (conf=0.76) | Interregno mínimo conservador confirmado (level=B_CONSERVATIVE_SIGNATURE_GT_12M; proxy=data_assinatura) | Interregno ≥12m na data-base efetiva (proxy:data_assinatura) [TEMPORAL_CANDIDATE_BY_PROXY],Regime 14.133 provável (ano/PNCP/menção) mas não comprovado em documento oficial | data-base exata do orçamento ausente — cálculo preciso bloqueado | maturidade_temporal_insuficiente,clausula_reajuste | data_base_orcamento_estimado | indice_ou_formula | texto_oficial_contrato_edital | medicoes | apostilas | memoria_reajuste,Oportunidade provável — enriquecer contato e documentos antes da abordagem.,Oportunidade provável — enriquecer contato e documentos antes da abordagem.,"Não afirmar valor devido, inadimplemento, crédito constituído ou reajuste definitivamente não pago sem verificação documental completa e revisão humana registrada.",Oportunidade provável — enriquecer contato e documentos antes da abordagem.,Enriquecer contato empresarial; manter na fila de leads prioritários.,"Saldo/medições indisponíveis — valor sobre total é teto teórico, não valor devido. | indice_contratual_ausente — não aplicar IPCA/INCC/SINAPI por plausibilidade",,,,False,True
327,LIKELY_ADJUSTMENT_OPPORTUNITY,DOCUMENT_REQUEST_CANDIDATE,SUL_SC_PRIORITY,67.12,94.0,17.5,79.4,67.12,sede_ou_execucao_sul | interregno_conservador_gt_12m | multi_contratos=3 | regime_14133_provavel_ou_comprovado,17888244000155,CONSPETRA OBRAS LTDA,,Santa Helena,PR,True,,,,3,Central de Manutenção de Logradouros Públicos | Central de Pavimentação Viária | PREFEITURA MUNICIPAL,16536750.0,76206457000119-2-000213/2024,Central de Manutenção de Logradouros Públicos,LEGAL_REGIME_UNKNOWN,LIKELY_ADJUSTMENT_OPPORTUNITY,obra_classificada_conf=0.76 | fornecedor_privado | obrigacao_financeira_potencialmente_aberta | regime_14133_altamente_provavel | interregno_conservador_por_assinatura_gt_12m | document_request_parallel_action | Objeto classificado como saneamento_redes (conf=0.76) | Interregno mínimo conservador confirmado (level=B_CONSERVATIVE_SIGNATURE_GT_12M; proxy=data_assinatura) | Interregno ≥12m na data-base efetiva (proxy:data_assinatura) [TEMPORAL_CANDIDATE_BY_PROXY],Regime 14.133 provável (ano/PNCP/menção) mas não comprovado em documento oficial | data-base exata do orçamento ausente — cálculo preciso bloqueado | maturidade_temporal_insuficiente,clausula_reajuste | data_base_orcamento_estimado | indice_ou_formula | texto_oficial_contrato_edital | medicoes | apostilas | memoria_reajuste,Oportunidade provável — enriquecer contato e documentos antes da abordagem.,Oportunidade provável — enriquecer contato e documentos antes da abordagem.,"Não afirmar valor devido, inadimplemento, crédito constituído ou reajuste definitivamente não pago sem verificação documental completa e revisão humana registrada.",Oportunidade provável — enriquecer contato e documentos antes da abordagem.,Enriquecer contato empresarial; manter na fila de leads prioritários.,"Saldo/medições indisponíveis — valor sobre total é teto teórico, não valor devido. | indice_contratual_ausente — não aplicar IPCA/INCC/SINAPI por plausibilidade",,,,False,True
328,LIKELY_ADJUSTMENT_OPPORTUNITY,DOCUMENT_REQUEST_CANDIDATE,SUL_SC_PRIORITY,67.11,94.0,17.5,76.6,67.11,sede_ou_execucao_sul | interregno_conservador_gt_12m | regime_14133_provavel_ou_comprovado,92954106000142,VIACAO OURO E PRATA SA,,Cruz Alta,RS,True,,,,1,COMANDO DE ARTILHARIA DIVISIONARIA/3/RS,6148800.0,00394452000103-2-001291/2024,COMANDO DE ARTILHARIA DIVISIONARIA/3/RS,LEGAL_REGIME_UNKNOWN,LIKELY_ADJUSTMENT_OPPORTUNITY,obra_classificada_conf=0.76 | fornecedor_privado | obrigacao_financeira_potencialmente_aberta | regime_14133_altamente_provavel | interregno_conservador_por_assinatura_gt_12m | document_request_parallel_action | Objeto classificado como pavimentacao_rodoviaria (conf=0.76) | Interregno mínimo conservador confirmado (level=B_CONSERVATIVE_SIGNATURE_GT_12M; proxy=data_assinatura) | Interregno ≥12m na data-base efetiva (proxy:data_assinatura) [TEMPORAL_CANDIDATE_BY_PROXY],Regime 14.133 provável (ano/PNCP/menção) mas não comprovado em documento oficial | data-base exata do orçamento ausente — cálculo preciso bloqueado,clausula_reajuste | data_base_orcamento_estimado | indice_ou_formula | texto_oficial_contrato_edital | medicoes | apostilas | memoria_reajuste,Oportunidade provável — enriquecer contato e documentos antes da abordagem.,Oportunidade provável — enriquecer contato e documentos antes da abordagem.,"Não afirmar valor devido, inadimplemento, crédito constituído ou reajuste definitivamente não pago sem verificação documental completa e revisão humana registrada.",Oportunidade provável — enriquecer contato e documentos antes da abordagem.,Enriquecer contato empresarial; manter na fila de leads prioritários.,"Saldo/medições indisponíveis — valor sobre total é teto teórico, não valor devido. | indice_contratual_ausente — não aplicar IPCA/INCC/SINAPI por plausibilidade",,,,False,True
329,LIKELY_ADJUSTMENT_OPPORTUNITY,DOCUMENT_REQUEST_CANDIDATE,SUL_SC_PRIORITY,67.09,94.0,17.5,76.6,67.09,sede_ou_execucao_sul | interregno_conservador_gt_12m | regime_14133_provavel_ou_comprovado,07340993000190,WEBTRIP AGENCIA DE VIAGENS E TURISMO EIRELI,,Curitiba,PR,True,,,,1,FAPPR - Fundação Araucária,6000000.0,03579617000100-2-000005/2024,FAPPR - Fundação Araucária,LEGAL_REGIME_UNKNOWN,LIKELY_ADJUSTMENT_OPPORTUNITY,obra_classificada_conf=0.76 | fornecedor_privado | obrigacao_financeira_potencialmente_aberta | regime_14133_altamente_provavel | interregno_conservador_por_assinatura_gt_12m | document_request_parallel_action | Objeto classificado como pavimentacao_rodoviaria (conf=0.76) | Interregno mínimo conservador confirmado (level=B_CONSERVATIVE_SIGNATURE_GT_12M; proxy=data_assinatura) | Interregno ≥12m na data-base efetiva (proxy:data_assinatura) [TEMPORAL_CANDIDATE_BY_PROXY],Regime 14.133 provável (ano/PNCP/menção) mas não comprovado em documento oficial | data-base exata do orçamento ausente — cálculo preciso bloqueado,clausula_reajuste | data_base_orcamento_estimado | indice_ou_formula | texto_oficial_contrato_edital | medicoes | apostilas | memoria_reajuste,Oportunidade provável — enriquecer contato e documentos antes da abordagem.,Oportunidade provável — enriquecer contato e documentos antes da abordagem.,"Não afirmar valor devido, inadimplemento, crédito constituído ou reajuste definitivamente não pago sem verificação documental completa e revisão humana registrada.",Oportunidade provável — enriquecer contato e documentos antes da abordagem.,Enriquecer contato empresarial; manter na fila de leads prioritários.,"Saldo/medições indisponíveis — valor sobre total é teto teórico, não valor devido. | indice_contratual_ausente — não aplicar IPCA/INCC/SINAPI por plausibilidade",,,,False,True
330,LIKELY_ADJUSTMENT_OPPORTUNITY,DOCUMENT_REQUEST_CANDIDATE,SUL_SC_PRIORITY,67.08,94.0,17.5,76.6,67.08,sede_ou_execucao_sul | interregno_conservador_gt_12m | multi_contratos=2 | regime_14133_provavel_ou_comprovado,11181507000105,CBENG ENGENHARIA E CONSTRUCAO CIVIL LTDA,,Londrina,PR,True,,,,2,Diretoria de Gestao de Licitacoes e Contratos -SMGP,11544000.0,11323261000169-2-000029/2023,Diretoria de Gestao de Licitacoes e Contratos -SMGP,LEGAL_REGIME_UNKNOWN,LIKELY_ADJUSTMENT_OPPORTUNITY,obra_classificada_conf=0.76 | fornecedor_privado | obrigacao_financeira_potencialmente_aberta | regime_14133_altamente_provavel | interregno_conservador_por_assinatura_gt_12m | document_request_parallel_action | Objeto classificado como obras_engenharia_geral (conf=0.76) | Interregno mínimo conservador confirmado (level=B_CONSERVATIVE_SIGNATURE_GT_12M; proxy=data_assinatura) | Interregno ≥12m na data-base efetiva (proxy:data_assinatura) [TEMPORAL_CANDIDATE_BY_PROXY],Regime 14.133 provável (ano/PNCP/menção) mas não comprovado em documento oficial | data-base exata do orçamento ausente — cálculo preciso bloqueado,clausula_reajuste | data_base_orcamento_estimado | indice_ou_formula | texto_oficial_contrato_edital | medicoes | apostilas | memoria_reajuste,Oportunidade provável — enriquecer contato e documentos antes da abordagem.,Oportunidade provável — enriquecer contato e documentos antes da abordagem.,"Não afirmar valor devido, inadimplemento, crédito constituído ou reajuste definitivamente não pago sem verificação documental completa e revisão humana registrada.",Oportunidade provável — enriquecer contato e documentos antes da abordagem.,Enriquecer contato empresarial; manter na fila de leads prioritários.,"Saldo/medições indisponíveis — valor sobre total é teto teórico, não valor devido. | indice_contratual_ausente — não aplicar IPCA/INCC/SINAPI por plausibilidade",,,,False,True
331,LIKELY_ADJUSTMENT_OPPORTUNITY,DOCUMENT_REQUEST_CANDIDATE,SUL_SC_PRIORITY,67.06,94.0,17.5,76.6,67.06,sede_ou_execucao_sul | interregno_conservador_gt_12m | regime_14133_provavel_ou_comprovado,00829703000127,"CONSTERCOM CONSTRUCOES, COMERCIO E REPRESENTACOES LTDA - ME",,CAMPO BOM,RS,True,,,,1,Prefeitura Municipal de São Vendelino,5829000.0,91984492000152-2-000051/2024,Prefeitura Municipal de São Vendelino,LEGAL_REGIME_UNKNOWN,LIKELY_ADJUSTMENT_OPPORTUNITY,obra_classificada_conf=0.76 | fornecedor_privado | obrigacao_financeira_potencialmente_aberta | regime_14133_altamente_provavel | interregno_conservador_por_assinatura_gt_12m | document_request_parallel_action | Objeto classificado como terraplenagem_contencao (conf=0.76) | Interregno mínimo conservador confirmado (level=B_CONSERVATIVE_SIGNATURE_GT_12M; proxy=data_assinatura) | Interregno ≥12m na data-base efetiva (proxy:data_assinatura) [TEMPORAL_CANDIDATE_BY_PROXY],Regime 14.133 provável (ano/PNCP/menção) mas não comprovado em documento oficial | data-base exata do orçamento ausente — cálculo preciso bloqueado,clausula_reajuste | data_base_orcamento_estimado | indice_ou_formula | texto_oficial_contrato_edital | medicoes | apostilas | memoria_reajuste,Oportunidade provável — enriquecer contato e documentos antes da abordagem.,Oportunidade provável — enriquecer contato e documentos antes da abordagem.,"Não afirmar valor devido, inadimplemento, crédito constituído ou reajuste definitivamente não pago sem verificação documental completa e revisão humana registrada.",Oportunidade provável — enriquecer contato e documentos antes da abordagem.,Enriquecer contato empresarial; manter na fila de leads prioritários.,"Saldo/medições indisponíveis — valor sobre total é teto teórico, não valor devido. | indice_contratual_ausente — não aplicar IPCA/INCC/SINAPI por plausibilidade",,,,False,True
332,LIKELY_ADJUSTMENT_OPPORTUNITY,DOCUMENT_REQUEST_CANDIDATE,SUL_SC_PRIORITY,67.06,94.0,17.5,76.6,67.06,sede_ou_execucao_sul | interregno_conservador_gt_12m | regime_14133_provavel_ou_comprovado,48871015000151,AFFARONE INCORPORADORA S/A,,CURITIBA,PR,True,,,,1,Unidade administrativa,5824959.57,80888688000127-2-000024/2024,Unidade administrativa,LEGAL_REGIME_UNKNOWN,LIKELY_ADJUSTMENT_OPPORTUNITY,obra_classificada_conf=0.76 | fornecedor_privado | obrigacao_financeira_potencialmente_aberta | regime_14133_altamente_provavel | interregno_conservador_por_assinatura_gt_12m | document_request_parallel_action | Objeto classificado como pavimentacao_rodoviaria (conf=0.76) | Interregno mínimo conservador confirmado (level=B_CONSERVATIVE_SIGNATURE_GT_12M; proxy=data_assinatura) | Interregno ≥12m na data-base efetiva (proxy:data_assinatura) [TEMPORAL_CANDIDATE_BY_PROXY],Regime 14.133 provável (ano/PNCP/menção) mas não comprovado em documento oficial | data-base exata do orçamento ausente — cálculo preciso bloqueado,clausula_reajuste | data_base_orcamento_estimado | indice_ou_formula | texto_oficial_contrato_edital | medicoes | apostilas | memoria_reajuste,Oportunidade provável — enriquecer contato e documentos antes da abordagem.,Oportunidade provável — enriquecer contato e documentos antes da abordagem.,"Não afirmar valor devido, inadimplemento, crédito constituído ou reajuste definitivamente não pago sem verificação documental completa e revisão humana registrada.",Oportunidade provável — enriquecer contato e documentos antes da abordagem.,Enriquecer contato empresarial; manter na fila de leads prioritários.,"Saldo/medições indisponíveis — valor sobre total é teto teórico, não valor devido. | indice_contratual_ausente — não aplicar IPCA/INCC/SINAPI por plausibilidade",,,,False,True
333,LIKELY_ADJUSTMENT_OPPORTUNITY,DOCUMENT_REQUEST_CANDIDATE,SUL_SC_PRIORITY,67.04,94.0,17.5,80.8,67.04,sede_ou_execucao_sul | interregno_conservador_gt_12m | multi_contratos=8 | regime_14133_provavel_ou_comprovado,82570342000101,PAVILLUZZO PAVIMENTACAO LTDA,,TOMAZINA,PR,True,,,,8,"DEPARTAMENTO DE OBRAS, HABITACAO E SANEAMENTO | DIVISAO DE OBRAS PUBLICAS | DIVISÃO DE OBRAS PÚBLICAS, VIAÇÃO E URBANISMO | PREFEITURA MUNICIPAL DE JAGUARIAÍVA - PR | Unidade Única",69309129.0,75658377000131-2-000016/2024,DIVISAO DE OBRAS PUBLICAS,LEGAL_REGIME_UNKNOWN,LIKELY_ADJUSTMENT_OPPORTUNITY,obra_classificada_conf=0.76 | fornecedor_privado | obrigacao_financeira_potencialmente_aberta | regime_14133_altamente_provavel | interregno_conservador_por_assinatura_gt_12m | document_request_parallel_action | Objeto classificado como edificacoes (conf=0.76) | Interregno mínimo conservador confirmado (level=B_CONSERVATIVE_SIGNATURE_GT_12M; proxy=data_assinatura) | Interregno ≥12m na data-base efetiva (proxy:data_assinatura) [TEMPORAL_CANDIDATE_BY_PROXY],Regime 14.133 provável (ano/PNCP/menção) mas não comprovado em documento oficial | data-base exata do orçamento ausente — cálculo preciso bloqueado | maturidade_temporal_insuficiente,clausula_reajuste | data_base_orcamento_estimado | indice_ou_formula | texto_oficial_contrato_edital | medicoes | apostilas | memoria_reajuste,Oportunidade provável — enriquecer contato e documentos antes da abordagem.,Oportunidade provável — enriquecer contato e documentos antes da abordagem.,"Não afirmar valor devido, inadimplemento, crédito constituído ou reajuste definitivamente não pago sem verificação documental completa e revisão humana registrada.",Oportunidade provável — enriquecer contato e documentos antes da abordagem.,Enriquecer contato empresarial; manter na fila de leads prioritários.,"Saldo/medições indisponíveis — valor sobre total é teto teórico, não valor devido. | indice_contratual_ausente — não aplicar IPCA/INCC/SINAPI por plausibilidade",,,,False,True
334,LIKELY_ADJUSTMENT_OPPORTUNITY,DOCUMENT_REQUEST_CANDIDATE,SUL_SC_PRIORITY,67.03,94.0,17.5,76.6,67.03,sede_ou_execucao_sul | interregno_conservador_gt_12m | regime_14133_provavel_ou_comprovado,78586674000107,VIACAO GARCIA LTDA,,Maringá,PR,True,,,,1,CONSORCIO PUB.INT.DE SAU.DO SET.PARANAENSE-PR,5659980.08,04956153000168-2-000047/2024,CONSORCIO PUB.INT.DE SAU.DO SET.PARANAENSE-PR,LEGAL_REGIME_UNKNOWN,LIKELY_ADJUSTMENT_OPPORTUNITY,obra_classificada_conf=0.76 | fornecedor_privado | obrigacao_financeira_potencialmente_aberta | regime_14133_altamente_provavel | interregno_conservador_por_assinatura_gt_12m | document_request_parallel_action | Objeto classificado como pavimentacao_rodoviaria (conf=0.76) | Interregno mínimo conservador confirmado (level=B_CONSERVATIVE_SIGNATURE_GT_12M; proxy=data_assinatura) | Interregno ≥12m na data-base efetiva (proxy:data_assinatura) [TEMPORAL_CANDIDATE_BY_PROXY],Regime 14.133 provável (ano/PNCP/menção) mas não comprovado em documento oficial | data-base exata do orçamento ausente — cálculo preciso bloqueado,clausula_reajuste | data_base_orcamento_estimado | indice_ou_formula | texto_oficial_contrato_edital | medicoes | apostilas | memoria_reajuste,Oportunidade provável — enriquecer contato e documentos antes da abordagem.,Oportunidade provável — enriquecer contato e documentos antes da abordagem.,"Não afirmar valor devido, inadimplemento, crédito constituído ou reajuste definitivamente não pago sem verificação documental completa e revisão humana registrada.",Oportunidade provável — enriquecer contato e documentos antes da abordagem.,Enriquecer contato empresarial; manter na fila de leads prioritários.,"Saldo/medições indisponíveis — valor sobre total é teto teórico, não valor devido. | indice_contratual_ausente — não aplicar IPCA/INCC/SINAPI por plausibilidade",,,,False,True
335,LIKELY_ADJUSTMENT_OPPORTUNITY,DOCUMENT_REQUEST_CANDIDATE,SUL_SC_PRIORITY,67.03,94.0,17.5,76.6,67.03,sede_ou_execucao_sul | interregno_conservador_gt_12m | regime_14133_provavel_ou_comprovado,94209145000140,BAGGIO ARQUITETURA CONSULTORIA SS LTDA.,,PORTO ALEGRE,RS,True,,,,1,TRIBUNAL DE JUSTIÇA DO ESTADO DO RIO G.DO SUL,5653076.0,89522064000166-2-000286/2024,TRIBUNAL DE JUSTIÇA DO ESTADO DO RIO G.DO SUL,LEGAL_REGIME_UNKNOWN,LIKELY_ADJUSTMENT_OPPORTUNITY,obra_classificada_conf=0.76 | fornecedor_privado | obrigacao_financeira_potencialmente_aberta | regime_14133_altamente_provavel | interregno_conservador_por_assinatura_gt_12m | document_request_parallel_action | Objeto classificado como obras_engenharia_geral (conf=0.76) | Interregno mínimo conservador confirmado (level=B_CONSERVATIVE_SIGNATURE_GT_12M; proxy=data_assinatura) | Interregno ≥12m na data-base efetiva (proxy:data_assinatura) [TEMPORAL_CANDIDATE_BY_PROXY],Regime 14.133 provável (ano/PNCP/menção) mas não comprovado em documento oficial | data-base exata do orçamento ausente — cálculo preciso bloqueado,clausula_reajuste | data_base_orcamento_estimado | indice_ou_formula | texto_oficial_contrato_edital | medicoes | apostilas | memoria_reajuste,Oportunidade provável — enriquecer contato e documentos antes da abordagem.,Oportunidade provável — enriquecer contato e documentos antes da abordagem.,"Não afirmar valor devido, inadimplemento, crédito constituído ou reajuste definitivamente não pago sem verificação documental completa e revisão humana registrada.",Oportunidade provável — enriquecer contato e documentos antes da abordagem.,Enriquecer contato empresarial; manter na fila de leads prioritários.,"Saldo/medições indisponíveis — valor sobre total é teto teórico, não valor devido. | indice_contratual_ausente — não aplicar IPCA/INCC/SINAPI por plausibilidade",,,,False,True
336,LIKELY_ADJUSTMENT_OPPORTUNITY,DOCUMENT_REQUEST_CANDIDATE,SUL_SC_PRIORITY,67.03,94.0,17.5,76.6,67.03,sede_ou_execucao_sul | interregno_conservador_gt_12m | multi_contratos=2 | regime_14133_provavel_ou_comprovado,97103162000197,PAULO CESAR SACARDO EIRELI - EPP,,SARANDI,RS,True,,,,2,TRIBUNAL DE JUSTIÇA DO ESTADO DO RIO G.DO SUL,10875000.0,89522064000166-2-000336/2024,TRIBUNAL DE JUSTIÇA DO ESTADO DO RIO G.DO SUL,LEGAL_REGIME_UNKNOWN,LIKELY_ADJUSTMENT_OPPORTUNITY,obra_classificada_conf=0.76 | fornecedor_privado | obrigacao_financeira_potencialmente_aberta | regime_14133_altamente_provavel | interregno_conservador_por_assinatura_gt_12m | document_request_parallel_action | Objeto classificado como edificacoes (conf=0.76) | Interregno mínimo conservador confirmado (level=B_CONSERVATIVE_SIGNATURE_GT_12M; proxy=data_assinatura) | Interregno ≥12m na data-base efetiva (proxy:data_assinatura) [TEMPORAL_CANDIDATE_BY_PROXY],Regime 14.133 provável (ano/PNCP/menção) mas não comprovado em documento oficial | data-base exata do orçamento ausente — cálculo preciso bloqueado,clausula_reajuste | data_base_orcamento_estimado | indice_ou_formula | texto_oficial_contrato_edital | medicoes | apostilas | memoria_reajuste,Oportunidade provável — enriquecer contato e documentos antes da abordagem.,Oportunidade provável — enriquecer contato e documentos antes da abordagem.,"Não afirmar valor devido, inadimplemento, crédito constituído ou reajuste definitivamente não pago sem verificação documental completa e revisão humana registrada.",Oportunidade provável — enriquecer contato e documentos antes da abordagem.,Enriquecer contato empresarial; manter na fila de leads prioritários.,"Saldo/medições indisponíveis — valor sobre total é teto teórico, não valor devido. | indice_contratual_ausente — não aplicar IPCA/INCC/SINAPI por plausibilidade",,,,False,True
337,LIKELY_ADJUSTMENT_OPPORTUNITY,DOCUMENT_REQUEST_CANDIDATE,SUL_SC_PRIORITY,67.01,94.0,17.5,76.6,67.01,sede_ou_execucao_sul | interregno_conservador_gt_12m | regime_14133_provavel_ou_comprovado,00213444000105,GRUPO 1 COMUNICAÇÃO E INFRAESTRUTURA LTDA,,Curitiba,PR,True,,,,1,IAT - Instituto Água e Terra (Antigo IAP),5526194.5,68596162000178-2-000028/2025,IAT - Instituto Água e Terra (Antigo IAP),LEGAL_REGIME_UNKNOWN,LIKELY_ADJUSTMENT_OPPORTUNITY,obra_classificada_conf=0.76 | fornecedor_privado | obrigacao_financeira_potencialmente_aberta | regime_14133_altamente_provavel | interregno_conservador_por_assinatura_gt_12m | document_request_parallel_action | Objeto classificado como pontes_estruturas (conf=0.76) | Interregno mínimo conservador confirmado (level=B_CONSERVATIVE_SIGNATURE_GT_12M; proxy=data_assinatura) | Interregno ≥12m na data-base efetiva (proxy:data_assinatura) [TEMPORAL_CANDIDATE_BY_PROXY],Regime 14.133 provável (ano/PNCP/menção) mas não comprovado em documento oficial | data-base exata do orçamento ausente — cálculo preciso bloqueado,clausula_reajuste | data_base_orcamento_estimado | indice_ou_formula | texto_oficial_contrato_edital | medicoes | apostilas | memoria_reajuste,Oportunidade provável — enriquecer contato e documentos antes da abordagem.,Oportunidade provável — enriquecer contato e documentos antes da abordagem.,"Não afirmar valor devido, inadimplemento, crédito constituído ou reajuste definitivamente não pago sem verificação documental completa e revisão humana registrada.",Oportunidade provável — enriquecer contato e documentos antes da abordagem.,Enriquecer contato empresarial; manter na fila de leads prioritários.,"Saldo/medições indisponíveis — valor sobre total é teto teórico, não valor devido. | indice_contratual_ausente — não aplicar IPCA/INCC/SINAPI por plausibilidade",,,,False,True
338,LIKELY_ADJUSTMENT_OPPORTUNITY,DOCUMENT_REQUEST_CANDIDATE,SUL_SC_PRIORITY,67.01,94.0,17.5,76.6,67.01,sede_ou_execucao_sul | interregno_conservador_gt_12m | regime_14133_provavel_ou_comprovado,03264493000165,DANG CONSTRUTORA DE OBRAS LTDA,,CURITIBA,PR,True,,,,1,PREFEITURA MUNICIPAL DE ITAJAÍ - SC,5549000.0,83102277000152-2-000043/2024,PREFEITURA MUNICIPAL DE ITAJAÍ - SC,LEGAL_REGIME_UNKNOWN,LIKELY_ADJUSTMENT_OPPORTUNITY,obra_classificada_conf=0.76 | fornecedor_privado | obrigacao_financeira_potencialmente_aberta | regime_14133_altamente_provavel | interregno_conservador_por_assinatura_gt_12m | document_request_parallel_action | Objeto classificado como drenagem_urbanizacao (conf=0.76) | Interregno mínimo conservador confirmado (level=B_CONSERVATIVE_SIGNATURE_GT_12M; proxy=data_assinatura) | Interregno ≥12m na data-base efetiva (proxy:data_assinatura) [TEMPORAL_CANDIDATE_BY_PROXY],Regime 14.133 provável (ano/PNCP/menção) mas não comprovado em documento oficial | data-base exata do orçamento ausente — cálculo preciso bloqueado,clausula_reajuste | data_base_orcamento_estimado | indice_ou_formula | texto_oficial_contrato_edital | medicoes | apostilas | memoria_reajuste,Oportunidade provável — enriquecer contato e documentos antes da abordagem.,Oportunidade provável — enriquecer contato e documentos antes da abordagem.,"Não afirmar valor devido, inadimplemento, crédito constituído ou reajuste definitivamente não pago sem verificação documental completa e revisão humana registrada.",Oportunidade provável — enriquecer contato e documentos antes da abordagem.,Enriquecer contato empresarial; manter na fila de leads prioritários.,"Saldo/medições indisponíveis — valor sobre total é teto teórico, não valor devido. | indice_contratual_ausente — não aplicar IPCA/INCC/SINAPI por plausibilidade",,,,False,True
339,LIKELY_ADJUSTMENT_OPPORTUNITY,DOCUMENT_REQUEST_CANDIDATE,SUL_SC_PRIORITY,67.01,94.0,17.5,76.6,67.01,sede_ou_execucao_sul | interregno_conservador_gt_12m | regime_14133_provavel_ou_comprovado,16491457000186,PAULO ADALBERTO FUCKS DA VEIGA JÚNIOR EIRELI,,SANTO ANGELO,RS,True,,,,1,MUNICIPIO DE SANTO ANGELO/RS,5511660.17,87613071000148-2-000017/2024,MUNICIPIO DE SANTO ANGELO/RS,LEGAL_REGIME_UNKNOWN,LIKELY_ADJUSTMENT_OPPORTUNITY,obra_classificada_conf=0.76 | fornecedor_privado | obrigacao_financeira_potencialmente_aberta | regime_14133_altamente_provavel | interregno_conservador_por_assinatura_gt_12m | document_request_parallel_action | Objeto classificado como obras_infraestrutura (conf=0.76) | Interregno mínimo conservador confirmado (level=B_CONSERVATIVE_SIGNATURE_GT_12M; proxy=data_assinatura) | Interregno ≥12m na data-base efetiva (proxy:data_assinatura) [TEMPORAL_CANDIDATE_BY_PROXY],Regime 14.133 provável (ano/PNCP/menção) mas não comprovado em documento oficial | data-base exata do orçamento ausente — cálculo preciso bloqueado,clausula_reajuste | data_base_orcamento_estimado | indice_ou_formula | texto_oficial_contrato_edital | medicoes | apostilas | memoria_reajuste,Oportunidade provável — enriquecer contato e documentos antes da abordagem.,Oportunidade provável — enriquecer contato e documentos antes da abordagem.,"Não afirmar valor devido, inadimplemento, crédito constituído ou reajuste definitivamente não pago sem verificação documental completa e revisão humana registrada.",Oportunidade provável — enriquecer contato e documentos antes da abordagem.,Enriquecer contato empresarial; manter na fila de leads prioritários.,"Saldo/medições indisponíveis — valor sobre total é teto teórico, não valor devido. | indice_contratual_ausente — não aplicar IPCA/INCC/SINAPI por plausibilidade",,,,False,True
340,LIKELY_ADJUSTMENT_OPPORTUNITY,DOCUMENT_REQUEST_CANDIDATE,SUL_SC_PRIORITY,66.99,94.0,17.5,76.6,66.99,sede_ou_execucao_sul | interregno_conservador_gt_12m | regime_14133_provavel_ou_comprovado,07719996000139,PALACE CONSTRUTORA LTDA,,CURITIBA,PR,True,,,,1,COMPLEXO HOSPITALAR UNIVERSITÁRIO DA UFPR,5400000.0,15126437000143-2-006934/2024,COMPLEXO HOSPITALAR UNIVERSITÁRIO DA UFPR,LEGAL_REGIME_UNKNOWN,LIKELY_ADJUSTMENT_OPPORTUNITY,obra_classificada_conf=0.76 | fornecedor_privado | obrigacao_financeira_potencialmente_aberta | regime_14133_altamente_provavel | interregno_conservador_por_assinatura_gt_12m | document_request_parallel_action | Objeto classificado como obras_engenharia_geral (conf=0.76) | Interregno mínimo conservador confirmado (level=B_CONSERVATIVE_SIGNATURE_GT_12M; proxy=data_assinatura) | Interregno ≥12m na data-base efetiva (proxy:data_assinatura) [TEMPORAL_CANDIDATE_BY_PROXY],Regime 14.133 provável (ano/PNCP/menção) mas não comprovado em documento oficial | data-base exata do orçamento ausente — cálculo preciso bloqueado,clausula_reajuste | data_base_orcamento_estimado | indice_ou_formula | texto_oficial_contrato_edital | medicoes | apostilas | memoria_reajuste,Oportunidade provável — enriquecer contato e documentos antes da abordagem.,Oportunidade provável — enriquecer contato e documentos antes da abordagem.,"Não afirmar valor devido, inadimplemento, crédito constituído ou reajuste definitivamente não pago sem verificação documental completa e revisão humana registrada.",Oportunidade provável — enriquecer contato e documentos antes da abordagem.,Enriquecer contato empresarial; manter na fila de leads prioritários.,"Saldo/medições indisponíveis — valor sobre total é teto teórico, não valor devido. | indice_contratual_ausente — não aplicar IPCA/INCC/SINAPI por plausibilidade",,,,False,True
341,LIKELY_ADJUSTMENT_OPPORTUNITY,DOCUMENT_REQUEST_CANDIDATE,SUL_SC_PRIORITY,66.99,94.0,17.5,76.6,66.99,sede_ou_execucao_sul | interregno_conservador_gt_12m | regime_14133_provavel_ou_comprovado,10357687000170,D.D Vargas Terraplanagem Comércio de Areia e Brita Ltda,,NOVO HAMBURGO,RS,True,,,,1,SMSURB - Secretaria Municipal de Serviços Urbanos,5405864.15,92963560000160-2-000956/2025,SMSURB - Secretaria Municipal de Serviços Urbanos,LEGAL_REGIME_UNKNOWN,LIKELY_ADJUSTMENT_OPPORTUNITY,obra_classificada_conf=0.76 | fornecedor_privado | obrigacao_financeira_potencialmente_aberta | regime_14133_altamente_provavel | interregno_conservador_por_assinatura_gt_12m | document_request_parallel_action | Objeto classificado como pavimentacao_rodoviaria (conf=0.76) | Interregno mínimo conservador confirmado (level=B_CONSERVATIVE_SIGNATURE_GT_12M; proxy=data_assinatura) | Interregno ≥12m na data-base efetiva (proxy:data_assinatura) [TEMPORAL_CANDIDATE_BY_PROXY],Regime 14.133 provável (ano/PNCP/menção) mas não comprovado em documento oficial | data-base exata do orçamento ausente — cálculo preciso bloqueado,clausula_reajuste | data_base_orcamento_estimado | indice_ou_formula | texto_oficial_contrato_edital | medicoes | apostilas | memoria_reajuste,Oportunidade provável — enriquecer contato e documentos antes da abordagem.,Oportunidade provável — enriquecer contato e documentos antes da abordagem.,"Não afirmar valor devido, inadimplemento, crédito constituído ou reajuste definitivamente não pago sem verificação documental completa e revisão humana registrada.",Oportunidade provável — enriquecer contato e documentos antes da abordagem.,Enriquecer contato empresarial; manter na fila de leads prioritários.,"Saldo/medições indisponíveis — valor sobre total é teto teórico, não valor devido. | indice_contratual_ausente — não aplicar IPCA/INCC/SINAPI por plausibilidade",,,,False,True
342,LIKELY_ADJUSTMENT_OPPORTUNITY,DOCUMENT_REQUEST_CANDIDATE,SUL_SC_PRIORITY,66.99,94.0,17.5,76.6,66.99,sede_ou_execucao_sul | interregno_conservador_gt_12m | regime_14133_provavel_ou_comprovado,50391649000159,J. M. D. CONSTRUTORA LTDA,,FLORESTOPOLIS,PR,True,,,,1,PREFEITURA MUNICIPAL LUPIONÓPOLIS - PR,5385000.0,75845511000103-2-000002/2024,PREFEITURA MUNICIPAL LUPIONÓPOLIS - PR,LEGAL_REGIME_UNKNOWN,LIKELY_ADJUSTMENT_OPPORTUNITY,obra_classificada_conf=0.76 | fornecedor_privado | obrigacao_financeira_potencialmente_aberta | regime_14133_altamente_provavel | interregno_conservador_por_assinatura_gt_12m | document_request_parallel_action | Objeto classificado como pavimentacao_rodoviaria (conf=0.76) | Interregno mínimo conservador confirmado (level=B_CONSERVATIVE_SIGNATURE_GT_12M; proxy=data_assinatura) | Interregno ≥12m na data-base efetiva (proxy:data_assinatura) [TEMPORAL_CANDIDATE_BY_PROXY],Regime 14.133 provável (ano/PNCP/menção) mas não comprovado em documento oficial | data-base exata do orçamento ausente — cálculo preciso bloqueado,clausula_reajuste | data_base_orcamento_estimado | indice_ou_formula | texto_oficial_contrato_edital | medicoes | apostilas | memoria_reajuste,Oportunidade provável — enriquecer contato e documentos antes da abordagem.,Oportunidade provável — enriquecer contato e documentos antes da abordagem.,"Não afirmar valor devido, inadimplemento, crédito constituído ou reajuste definitivamente não pago sem verificação documental completa e revisão humana registrada.",Oportunidade provável — enriquecer contato e documentos antes da abordagem.,Enriquecer contato empresarial; manter na fila de leads prioritários.,"Saldo/medições indisponíveis — valor sobre total é teto teórico, não valor devido. | indice_contratual_ausente — não aplicar IPCA/INCC/SINAPI por plausibilidade",,,,False,True
343,LIKELY_ADJUSTMENT_OPPORTUNITY,DOCUMENT_REQUEST_CANDIDATE,SUL_SC_PRIORITY,66.98,91.25,17.5,72.75,66.98,sede_ou_execucao_sul | interregno_conservador_gt_12m | regime_14133_provavel_ou_comprovado,57155122000174,CONSÓRCIO ASFALTO PONTA GROSSA,,Ponta Grossa,PR,True,,,,1,Unidade administrativa,24967173.48,76175884000187-2-000357/2025,Unidade administrativa,LEGAL_REGIME_UNKNOWN,LIKELY_ADJUSTMENT_OPPORTUNITY,obra_classificada_conf=0.65 | fornecedor_privado | obrigacao_financeira_potencialmente_aberta | regime_14133_altamente_provavel | interregno_conservador_por_assinatura_gt_12m | document_request_parallel_action | Objeto classificado como pavimentacao_rodoviaria (conf=0.65) | Interregno mínimo conservador confirmado (level=B_CONSERVATIVE_SIGNATURE_GT_12M; proxy=data_assinatura) | Interregno ≥12m na data-base efetiva (proxy:data_assinatura) [TEMPORAL_CANDIDATE_BY_PROXY],Regime 14.133 provável (ano/PNCP/menção) mas não comprovado em documento oficial | data-base exata do orçamento ausente — cálculo preciso bloqueado,clausula_reajuste | data_base_orcamento_estimado | indice_ou_formula | texto_oficial_contrato_edital | medicoes | apostilas | memoria_reajuste,Oportunidade provável — enriquecer contato e documentos antes da abordagem.,Oportunidade provável — enriquecer contato e documentos antes da abordagem.,"Não afirmar valor devido, inadimplemento, crédito constituído ou reajuste definitivamente não pago sem verificação documental completa e revisão humana registrada.",Oportunidade provável — enriquecer contato e documentos antes da abordagem.,Enriquecer contato empresarial; manter na fila de leads prioritários.,"Saldo/medições indisponíveis — valor sobre total é teto teórico, não valor devido. | indice_contratual_ausente — não aplicar IPCA/INCC/SINAPI por plausibilidade",,,,False,True
344,LIKELY_ADJUSTMENT_OPPORTUNITY,DOCUMENT_REQUEST_CANDIDATE,SUL_SC_PRIORITY,66.97,94.0,17.5,76.6,66.97,sede_ou_execucao_sul | interregno_conservador_gt_12m | regime_14133_provavel_ou_comprovado,10473058000106,LABORATORIO DE ANALISES CLINICAS FONTANA LTDA,,Sapucaia do Sul,RS,True,,,,1,FUNDAÇÃO DE SAÚDE SAPUCAIA DO SUL,5303623.04,13183513000127-2-000026/2024,FUNDAÇÃO DE SAÚDE SAPUCAIA DO SUL,LEGAL_REGIME_UNKNOWN,LIKELY_ADJUSTMENT_OPPORTUNITY,obra_classificada_conf=0.76 | fornecedor_privado | obrigacao_financeira_potencialmente_aberta | regime_14133_altamente_provavel | interregno_conservador_por_assinatura_gt_12m | document_request_parallel_action | Objeto classificado como obras_engenharia_geral (conf=0.76) | Interregno mínimo conservador confirmado (level=B_CONSERVATIVE_SIGNATURE_GT_12M; proxy=data_assinatura) | Interregno ≥12m na data-base efetiva (proxy:data_assinatura) [TEMPORAL_CANDIDATE_BY_PROXY],Regime 14.133 provável (ano/PNCP/menção) mas não comprovado em documento oficial | data-base exata do orçamento ausente — cálculo preciso bloqueado,clausula_reajuste | data_base_orcamento_estimado | indice_ou_formula | texto_oficial_contrato_edital | medicoes | apostilas | memoria_reajuste,Oportunidade provável — enriquecer contato e documentos antes da abordagem.,Oportunidade provável — enriquecer contato e documentos antes da abordagem.,"Não afirmar valor devido, inadimplemento, crédito constituído ou reajuste definitivamente não pago sem verificação documental completa e revisão humana registrada.",Oportunidade provável — enriquecer contato e documentos antes da abordagem.,Enriquecer contato empresarial; manter na fila de leads prioritários.,"Saldo/medições indisponíveis — valor sobre total é teto teórico, não valor devido. | indice_contratual_ausente — não aplicar IPCA/INCC/SINAPI por plausibilidade",,,,False,True
345,LIKELY_ADJUSTMENT_OPPORTUNITY,DOCUMENT_REQUEST_CANDIDATE,SUL_SC_PRIORITY,66.97,94.0,17.5,76.6,66.97,sede_ou_execucao_sul | interregno_conservador_gt_12m | regime_14133_provavel_ou_comprovado,24042407000140,R.D.M ENGENHARIA E CONSTRUCOES LTDA,,TRAMANDAI,RS,True,,,,1,PM DE BALNEÁRIO PINHAL,5269651.92,01611339000197-2-000022/2023,PM DE BALNEÁRIO PINHAL,LEGAL_REGIME_UNKNOWN,LIKELY_ADJUSTMENT_OPPORTUNITY,obra_classificada_conf=0.76 | fornecedor_privado | obrigacao_financeira_potencialmente_aberta | regime_14133_altamente_provavel | interregno_conservador_por_assinatura_gt_12m | document_request_parallel_action | Objeto classificado como obras_engenharia_geral (conf=0.76) | Interregno mínimo conservador confirmado (level=B_CONSERVATIVE_SIGNATURE_GT_12M; proxy=data_assinatura) | Interregno ≥12m na data-base efetiva (proxy:data_assinatura) [TEMPORAL_CANDIDATE_BY_PROXY],Regime 14.133 provável (ano/PNCP/menção) mas não comprovado em documento oficial | data-base exata do orçamento ausente — cálculo preciso bloqueado,clausula_reajuste | data_base_orcamento_estimado | indice_ou_formula | texto_oficial_contrato_edital | medicoes | apostilas | memoria_reajuste,Oportunidade provável — enriquecer contato e documentos antes da abordagem.,Oportunidade provável — enriquecer contato e documentos antes da abordagem.,"Não afirmar valor devido, inadimplemento, crédito constituído ou reajuste definitivamente não pago sem verificação documental completa e revisão humana registrada.",Oportunidade provável — enriquecer contato e documentos antes da abordagem.,Enriquecer contato empresarial; manter na fila de leads prioritários.,"Saldo/medições indisponíveis — valor sobre total é teto teórico, não valor devido. | indice_contratual_ausente — não aplicar IPCA/INCC/SINAPI por plausibilidade",,,,False,True
346,LIKELY_ADJUSTMENT_OPPORTUNITY,DOCUMENT_REQUEST_CANDIDATE,SUL_SC_PRIORITY,66.95,94.0,17.5,76.6,66.95,sede_ou_execucao_sul | interregno_conservador_gt_12m | regime_14133_provavel_ou_comprovado,15137421000136,WR CASSOL ENGENHARIA & CONSTRUCOES LTDA,,Porto Alegre,RS,True,,,,1,SMSURB - Secretaria Municipal de Serviços Urbanos,5142199.35,92963560000160-2-000339/2025,SMSURB - Secretaria Municipal de Serviços Urbanos,LEGAL_REGIME_UNKNOWN,LIKELY_ADJUSTMENT_OPPORTUNITY,obra_classificada_conf=0.76 | fornecedor_privado | obrigacao_financeira_potencialmente_aberta | regime_14133_altamente_provavel | interregno_conservador_por_assinatura_gt_12m | document_request_parallel_action | Objeto classificado como pavimentacao_rodoviaria (conf=0.76) | Interregno mínimo conservador confirmado (level=B_CONSERVATIVE_SIGNATURE_GT_12M; proxy=data_assinatura) | Interregno ≥12m na data-base efetiva (proxy:data_assinatura) [TEMPORAL_CANDIDATE_BY_PROXY],Regime 14.133 provável (ano/PNCP/menção) mas não comprovado em documento oficial | data-base exata do orçamento ausente — cálculo preciso bloqueado,clausula_reajuste | data_base_orcamento_estimado | indice_ou_formula | texto_oficial_contrato_edital | medicoes | apostilas | memoria_reajuste,Oportunidade provável — enriquecer contato e documentos antes da abordagem.,Oportunidade provável — enriquecer contato e documentos antes da abordagem.,"Não afirmar valor devido, inadimplemento, crédito constituído ou reajuste definitivamente não pago sem verificação documental completa e revisão humana registrada.",Oportunidade provável — enriquecer contato e documentos antes da abordagem.,Enriquecer contato empresarial; manter na fila de leads prioritários.,"Saldo/medições indisponíveis — valor sobre total é teto teórico, não valor devido. | indice_contratual_ausente — não aplicar IPCA/INCC/SINAPI por plausibilidade",,,,False,True
347,LIKELY_ADJUSTMENT_OPPORTUNITY,DOCUMENT_REQUEST_CANDIDATE,SUL_SC_PRIORITY,66.94,94.0,17.5,76.6,66.94,sede_ou_execucao_sul | interregno_conservador_gt_12m | regime_14133_provavel_ou_comprovado,13674291000145,ENGECON ENGENHARIA E CONSTRUÇÕES LTDA,,Santa Rosa,RS,True,,,,1,FUMSSAR -  CER - CENTRO ESPECIALIZADO DE REABILITAÇÃO,5077667.15,01273946000194-2-000001/2025,FUMSSAR -  CER - CENTRO ESPECIALIZADO DE REABILITAÇÃO,LEGAL_REGIME_UNKNOWN,LIKELY_ADJUSTMENT_OPPORTUNITY,obra_classificada_conf=0.76 | fornecedor_privado | obrigacao_financeira_potencialmente_aberta | regime_14133_altamente_provavel | interregno_conservador_por_assinatura_gt_12m | document_request_parallel_action | Objeto classificado como edificacoes (conf=0.76) | Interregno mínimo conservador confirmado (level=B_CONSERVATIVE_SIGNATURE_GT_12M; proxy=data_assinatura) | Interregno ≥12m na data-base efetiva (proxy:data_assinatura) [TEMPORAL_CANDIDATE_BY_PROXY],Regime 14.133 provável (ano/PNCP/menção) mas não comprovado em documento oficial | data-base exata do orçamento ausente — cálculo preciso bloqueado,clausula_reajuste | data_base_orcamento_estimado | indice_ou_formula | texto_oficial_contrato_edital | medicoes | apostilas | memoria_reajuste,Oportunidade provável — enriquecer contato e documentos antes da abordagem.,Oportunidade provável — enriquecer contato e documentos antes da abordagem.,"Não afirmar valor devido, inadimplemento, crédito constituído ou reajuste definitivamente não pago sem verificação documental completa e revisão humana registrada.",Oportunidade provável — enriquecer contato e documentos antes da abordagem.,Enriquecer contato empresarial; manter na fila de leads prioritários.,"Saldo/medições indisponíveis — valor sobre total é teto teórico, não valor devido. | indice_contratual_ausente — não aplicar IPCA/INCC/SINAPI por plausibilidade",,,,False,True
348,LIKELY_ADJUSTMENT_OPPORTUNITY,DOCUMENT_REQUEST_CANDIDATE,SUL_SC_PRIORITY,66.94,94.0,17.5,76.6,66.94,sede_ou_execucao_sul | interregno_conservador_gt_12m | regime_14133_provavel_ou_comprovado,93336030000154,ENPHASE PAVIMENTAÇÕES LTDA,,Santa Rosa,RS,True,,,,1,SMPH -  DEPTO DE PLANEJAMENTO URBANA,5117687.75,88546890000182-2-000057/2025,SMPH -  DEPTO DE PLANEJAMENTO URBANA,LEGAL_REGIME_UNKNOWN,LIKELY_ADJUSTMENT_OPPORTUNITY,obra_classificada_conf=0.76 | fornecedor_privado | obrigacao_financeira_potencialmente_aberta | regime_14133_altamente_provavel | interregno_conservador_por_assinatura_gt_12m | document_request_parallel_action | Objeto classificado como saneamento_redes (conf=0.76) | Interregno mínimo conservador confirmado (level=B_CONSERVATIVE_SIGNATURE_GT_12M; proxy=data_assinatura) | Interregno ≥12m na data-base efetiva (proxy:data_assinatura) [TEMPORAL_CANDIDATE_BY_PROXY],Regime 14.133 provável (ano/PNCP/menção) mas não comprovado em documento oficial | data-base exata do orçamento ausente — cálculo preciso bloqueado,clausula_reajuste | data_base_orcamento_estimado | indice_ou_formula | texto_oficial_contrato_edital | medicoes | apostilas | memoria_reajuste,Oportunidade provável — enriquecer contato e documentos antes da abordagem.,Oportunidade provável — enriquecer contato e documentos antes da abordagem.,"Não afirmar valor devido, inadimplemento, crédito constituído ou reajuste definitivamente não pago sem verificação documental completa e revisão humana registrada.",Oportunidade provável — enriquecer contato e documentos antes da abordagem.,Enriquecer contato empresarial; manter na fila de leads prioritários.,"Saldo/medições indisponíveis — valor sobre total é teto teórico, não valor devido. | indice_contratual_ausente — não aplicar IPCA/INCC/SINAPI por plausibilidade",,,,False,True
349,LIKELY_ADJUSTMENT_OPPORTUNITY,DOCUMENT_REQUEST_CANDIDATE,SUL_SC_PRIORITY,66.93,94.0,17.5,76.6,66.93,sede_ou_execucao_sul | interregno_conservador_gt_12m | regime_14133_provavel_ou_comprovado,24906904000149,B&M SOLUÇÕES URBANAS LTDA,,Estrela,RS,True,,,,1,SECRETARIA MUN INFRAESTRUTURA,5021082.0,87246120000151-2-000031/2025,SECRETARIA MUN INFRAESTRUTURA,LEGAL_REGIME_UNKNOWN,LIKELY_ADJUSTMENT_OPPORTUNITY,obra_classificada_conf=0.76 | fornecedor_privado | obrigacao_financeira_potencialmente_aberta | regime_14133_altamente_provavel | interregno_conservador_por_assinatura_gt_12m | document_request_parallel_action | Objeto classificado como obras_engenharia_geral (conf=0.76) | Interregno mínimo conservador confirmado (level=B_CONSERVATIVE_SIGNATURE_GT_12M; proxy=data_assinatura) | Interregno ≥12m na data-base efetiva (proxy:data_assinatura) [TEMPORAL_CANDIDATE_BY_PROXY],Regime 14.133 provável (ano/PNCP/menção) mas não comprovado em documento oficial | data-base exata do orçamento ausente — cálculo preciso bloqueado,clausula_reajuste | data_base_orcamento_estimado | indice_ou_formula | texto_oficial_contrato_edital | medicoes | apostilas | memoria_reajuste,Oportunidade provável — enriquecer contato e documentos antes da abordagem.,Oportunidade provável — enriquecer contato e documentos antes da abordagem.,"Não afirmar valor devido, inadimplemento, crédito constituído ou reajuste definitivamente não pago sem verificação documental completa e revisão humana registrada.",Oportunidade provável — enriquecer contato e documentos antes da abordagem.,Enriquecer contato empresarial; manter na fila de leads prioritários.,"Saldo/medições indisponíveis — valor sobre total é teto teórico, não valor devido. | indice_contratual_ausente — não aplicar IPCA/INCC/SINAPI por plausibilidade",,,,False,True
350,LIKELY_ADJUSTMENT_OPPORTUNITY,DOCUMENT_REQUEST_CANDIDATE,SUL_SC_PRIORITY,66.93,94.0,17.5,76.6,66.93,sede_ou_execucao_sul | interregno_conservador_gt_12m | regime_14133_provavel_ou_comprovado,37513080000199,ALFA SERVICOS & EMPREENDIMENTOS LTDA,,Portão,RS,True,,,,1,MUNICIPIO DE PORTAO,5027400.0,87344016000108-2-000053/2023,MUNICIPIO DE PORTAO,LEGAL_REGIME_UNKNOWN,LIKELY_ADJUSTMENT_OPPORTUNITY,obra_classificada_conf=0.76 | fornecedor_privado | obrigacao_financeira_potencialmente_aberta | regime_14133_altamente_provavel | interregno_conservador_por_assinatura_gt_12m | document_request_parallel_action | Objeto classificado como edificacoes (conf=0.76) | Interregno mínimo conservador confirmado (level=B_CONSERVATIVE_SIGNATURE_GT_12M; proxy=data_assinatura) | Interregno ≥12m na data-base efetiva (proxy:data_assinatura) [TEMPORAL_CANDIDATE_BY_PROXY],Regime 14.133 provável (ano/PNCP/menção) mas não comprovado em documento oficial | data-base exata do orçamento ausente — cálculo preciso bloqueado,clausula_reajuste | data_base_orcamento_estimado | indice_ou_formula | texto_oficial_contrato_edital | medicoes | apostilas | memoria_reajuste,Oportunidade provável — enriquecer contato e documentos antes da abordagem.,Oportunidade provável — enriquecer contato e documentos antes da abordagem.,"Não afirmar valor devido, inadimplemento, crédito constituído ou reajuste definitivamente não pago sem verificação documental completa e revisão humana registrada.",Oportunidade provável — enriquecer contato e documentos antes da abordagem.,Enriquecer contato empresarial; manter na fila de leads prioritários.,"Saldo/medições indisponíveis — valor sobre total é teto teórico, não valor devido. | indice_contratual_ausente — não aplicar IPCA/INCC/SINAPI por plausibilidade",,,,False,True
351,LIKELY_ADJUSTMENT_OPPORTUNITY,DOCUMENT_REQUEST_CANDIDATE,SUL_SC_PRIORITY,66.92,91.25,17.5,78.0,66.92,sede_ou_execucao_sul | interregno_conservador_gt_12m | multi_contratos=5 | regime_14133_provavel_ou_comprovado,77577419000135,DE AMORIM  CONSTRUTORA DE OBRAS LTDA,,CURITIBA,PR,True,,,,5,SECRETARIA MUNICIPAL DE URBANISMO E SERVICOS URBANOS | SMOP - SECRETARIA MUNICIPAL DE OBRAS PÚBLICAS,123808244.85999998,76417005000186-2-000181/2024,SMOP - SECRETARIA MUNICIPAL DE OBRAS PÚBLICAS,LEGAL_REGIME_UNKNOWN,LIKELY_ADJUSTMENT_OPPORTUNITY,obra_classificada_conf=0.65 | fornecedor_privado | obrigacao_financeira_potencialmente_aberta | regime_14133_altamente_provavel | interregno_conservador_por_assinatura_gt_12m | document_request_parallel_action | Objeto classificado como pavimentacao_rodoviaria (conf=0.65) | Interregno mínimo conservador confirmado (level=B_CONSERVATIVE_SIGNATURE_GT_12M; proxy=data_assinatura) | Interregno ≥12m na data-base efetiva (proxy:data_assinatura) [TEMPORAL_CANDIDATE_BY_PROXY],Regime 14.133 provável (ano/PNCP/menção) mas não comprovado em documento oficial | data-base exata do orçamento ausente — cálculo preciso bloqueado | maturidade_temporal_insuficiente,clausula_reajuste | data_base_orcamento_estimado | indice_ou_formula | texto_oficial_contrato_edital | medicoes | apostilas | memoria_reajuste,Oportunidade provável — enriquecer contato e documentos antes da abordagem.,Oportunidade provável — enriquecer contato e documentos antes da abordagem.,"Não afirmar valor devido, inadimplemento, crédito constituído ou reajuste definitivamente não pago sem verificação documental completa e revisão humana registrada.",Oportunidade provável — enriquecer contato e documentos antes da abordagem.,Enriquecer contato empresarial; manter na fila de leads prioritários.,"Saldo/medições indisponíveis — valor sobre total é teto teórico, não valor devido. | indice_contratual_ausente — não aplicar IPCA/INCC/SINAPI por plausibilidade",,,,False,True
352,LIKELY_ADJUSTMENT_OPPORTUNITY,DOCUMENT_REQUEST_CANDIDATE,SUL_SC_PRIORITY,66.88,90.0,17.5,71.0,66.88,sede_ou_execucao_sul | interregno_conservador_gt_12m | regime_14133_provavel_ou_comprovado,06292009000108,BENNER TECNOLOGIA E SERVICOS EM SAUDE LTDA,,Curitiba,PR,True,,,,1,BANCO CENTRAL DO BRASIL - CURITIBA,50346441.09,00038166000105-2-000132/2024,BANCO CENTRAL DO BRASIL - CURITIBA,LEGAL_REGIME_UNKNOWN,LIKELY_ADJUSTMENT_OPPORTUNITY,obra_classificada_conf=0.60 | fornecedor_privado | obrigacao_financeira_potencialmente_aberta | regime_14133_altamente_provavel | interregno_conservador_por_assinatura_gt_12m | document_request_parallel_action | Objeto classificado como edificacoes (conf=0.60) | Interregno mínimo conservador confirmado (level=B_CONSERVATIVE_SIGNATURE_GT_12M; proxy=data_assinatura) | Interregno ≥12m na data-base efetiva (proxy:data_assinatura) [TEMPORAL_CANDIDATE_BY_PROXY],Regime 14.133 provável (ano/PNCP/menção) mas não comprovado em documento oficial | data-base exata do orçamento ausente — cálculo preciso bloqueado,clausula_reajuste | data_base_orcamento_estimado | indice_ou_formula | texto_oficial_contrato_edital | medicoes | apostilas | memoria_reajuste,Oportunidade provável — enriquecer contato e documentos antes da abordagem.,Oportunidade provável — enriquecer contato e documentos antes da abordagem.,"Não afirmar valor devido, inadimplemento, crédito constituído ou reajuste definitivamente não pago sem verificação documental completa e revisão humana registrada.",Oportunidade provável — enriquecer contato e documentos antes da abordagem.,Enriquecer contato empresarial; manter na fila de leads prioritários.,"Saldo/medições indisponíveis — valor sobre total é teto teórico, não valor devido. | indice_contratual_ausente — não aplicar IPCA/INCC/SINAPI por plausibilidade",,,,False,True
353,LIKELY_ADJUSTMENT_OPPORTUNITY,DOCUMENT_REQUEST_CANDIDATE,SUL_SC_PRIORITY,66.88,95.0,17.5,63.0,66.88,sede_ou_execucao_sul | interregno_conservador_gt_12m | regime_14133_provavel_ou_comprovado,46733872000160,P WEIRICH OBRAS,,CHOPINZINHO,PR,True,,,,1,PREFEITURA MUNICIPAL DE NOVA LARANJEIRAS - PR,144525188.0,95587648000112-2-000031/2024,PREFEITURA MUNICIPAL DE NOVA LARANJEIRAS - PR,LEGAL_REGIME_UNKNOWN,LIKELY_ADJUSTMENT_OPPORTUNITY,obra_classificada_conf=0.80 | fornecedor_privado | obrigacao_financeira_potencialmente_aberta | regime_14133_altamente_provavel | interregno_conservador_por_assinatura_gt_12m | document_request_parallel_action | Objeto classificado como pavimentacao_rodoviaria (conf=0.80) | Interregno mínimo conservador confirmado (level=B_CONSERVATIVE_SIGNATURE_GT_12M; proxy=data_assinatura) | Interregno ≥12m na data-base efetiva (proxy:data_assinatura) [TEMPORAL_CANDIDATE_BY_PROXY],Regime 14.133 provável (ano/PNCP/menção) mas não comprovado em documento oficial | data-base exata do orçamento ausente — cálculo preciso bloqueado,clausula_reajuste | data_base_orcamento_estimado | indice_ou_formula | texto_oficial_contrato_edital | medicoes | apostilas | memoria_reajuste,Oportunidade provável — enriquecer contato e documentos antes da abordagem.,Oportunidade provável — enriquecer contato e documentos antes da abordagem.,"Não afirmar valor devido, inadimplemento, crédito constituído ou reajuste definitivamente não pago sem verificação documental completa e revisão humana registrada.",Oportunidade provável — enriquecer contato e documentos antes da abordagem.,Enriquecer contato empresarial; manter na fila de leads prioritários.,"Saldo/medições indisponíveis — valor sobre total é teto teórico, não valor devido. | indice_contratual_ausente — não aplicar IPCA/INCC/SINAPI por plausibilidade",,,,False,True
354,LIKELY_ADJUSTMENT_OPPORTUNITY,DOCUMENT_REQUEST_CANDIDATE,SUL_SC_PRIORITY,66.88,95.0,17.5,63.0,66.88,sede_ou_execucao_sul | interregno_conservador_gt_12m | regime_14133_provavel_ou_comprovado,57155076000103,CONSORCIO - ITAX SUDOESTE,,GUARAPUAVA,PR,True,,,,1,DER - Departamento de Estradas de Rodagem do Estado do Paraná,90850000.0,76669324000189-2-000080/2024,DER - Departamento de Estradas de Rodagem do Estado do Paraná,LEGAL_REGIME_UNKNOWN,LIKELY_ADJUSTMENT_OPPORTUNITY,obra_classificada_conf=0.80 | fornecedor_privado | obrigacao_financeira_potencialmente_aberta | regime_14133_altamente_provavel | interregno_conservador_por_assinatura_gt_12m | document_request_parallel_action | Objeto classificado como pavimentacao_rodoviaria (conf=0.80) | Interregno mínimo conservador confirmado (level=B_CONSERVATIVE_SIGNATURE_GT_12M; proxy=data_assinatura) | Interregno ≥12m na data-base efetiva (proxy:data_assinatura) [TEMPORAL_CANDIDATE_BY_PROXY],Regime 14.133 provável (ano/PNCP/menção) mas não comprovado em documento oficial | data-base exata do orçamento ausente — cálculo preciso bloqueado,clausula_reajuste | data_base_orcamento_estimado | indice_ou_formula | texto_oficial_contrato_edital | medicoes | apostilas | memoria_reajuste,Oportunidade provável — enriquecer contato e documentos antes da abordagem.,Oportunidade provável — enriquecer contato e documentos antes da abordagem.,"Não afirmar valor devido, inadimplemento, crédito constituído ou reajuste definitivamente não pago sem verificação documental completa e revisão humana registrada.",Oportunidade provável — enriquecer contato e documentos antes da abordagem.,Enriquecer contato empresarial; manter na fila de leads prioritários.,"Saldo/medições indisponíveis — valor sobre total é teto teórico, não valor devido. | indice_contratual_ausente — não aplicar IPCA/INCC/SINAPI por plausibilidade",,,,False,True
355,LIKELY_ADJUSTMENT_OPPORTUNITY,DOCUMENT_REQUEST_CANDIDATE,SUL_SC_PRIORITY,66.88,95.0,17.5,63.0,66.88,sede_ou_execucao_sul | interregno_conservador_gt_12m | regime_14133_provavel_ou_comprovado,61112028000105,CONSORCIO ZANCANARO/DALBA/DUOVIAS,,PATO BRANCO,PR,True,,,,1,DER - Departamento de Estradas de Rodagem do Estado do Paraná,148900000.0,76669324000189-2-000106/2025,DER - Departamento de Estradas de Rodagem do Estado do Paraná,LEGAL_REGIME_UNKNOWN,LIKELY_ADJUSTMENT_OPPORTUNITY,obra_classificada_conf=0.80 | fornecedor_privado | obrigacao_financeira_potencialmente_aberta | regime_14133_altamente_provavel | interregno_conservador_por_assinatura_gt_12m | document_request_parallel_action | Objeto classificado como pavimentacao_rodoviaria (conf=0.80) | Interregno mínimo conservador confirmado (level=B_CONSERVATIVE_SIGNATURE_GT_12M; proxy=data_assinatura) | Interregno ≥12m na data-base efetiva (proxy:data_assinatura) [TEMPORAL_CANDIDATE_BY_PROXY],Regime 14.133 provável (ano/PNCP/menção) mas não comprovado em documento oficial | data-base exata do orçamento ausente — cálculo preciso bloqueado,clausula_reajuste | data_base_orcamento_estimado | indice_ou_formula | texto_oficial_contrato_edital | medicoes | apostilas | memoria_reajuste,Oportunidade provável — enriquecer contato e documentos antes da abordagem.,Oportunidade provável — enriquecer contato e documentos antes da abordagem.,"Não afirmar valor devido, inadimplemento, crédito constituído ou reajuste definitivamente não pago sem verificação documental completa e revisão humana registrada.",Oportunidade provável — enriquecer contato e documentos antes da abordagem.,Enriquecer contato empresarial; manter na fila de leads prioritários.,"Saldo/medições indisponíveis — valor sobre total é teto teórico, não valor devido. | indice_contratual_ausente — não aplicar IPCA/INCC/SINAPI por plausibilidade",,,,False,True
356,LIKELY_ADJUSTMENT_OPPORTUNITY,DOCUMENT_REQUEST_CANDIDATE,SUL_SC_PRIORITY,66.66,90.0,17.5,71.0,66.66,sede_ou_execucao_sul | interregno_conservador_gt_12m | regime_14133_provavel_ou_comprovado,06865304000106,MG CONSTRUCAO CIVIL E COMERCIO DE MATERIAIS DE CONSTRUCAO LTDA,,São Leopoldo,RS,True,,,,1,Prefeitura Municipal de São Leopoldo,33539445.0,89814693000160-2-000020/2024,Prefeitura Municipal de São Leopoldo,LEGAL_REGIME_UNKNOWN,LIKELY_ADJUSTMENT_OPPORTUNITY,obra_classificada_conf=0.60 | fornecedor_privado | obrigacao_financeira_potencialmente_aberta | regime_14133_altamente_provavel | interregno_conservador_por_assinatura_gt_12m | document_request_parallel_action | Objeto classificado como obras_engenharia_geral (conf=0.60) | Interregno mínimo conservador confirmado (level=B_CONSERVATIVE_SIGNATURE_GT_12M; proxy=data_assinatura) | Interregno ≥12m na data-base efetiva (proxy:data_assinatura) [TEMPORAL_CANDIDATE_BY_PROXY],Regime 14.133 provável (ano/PNCP/menção) mas não comprovado em documento oficial | data-base exata do orçamento ausente — cálculo preciso bloqueado,clausula_reajuste | data_base_orcamento_estimado | indice_ou_formula | texto_oficial_contrato_edital | medicoes | apostilas | memoria_reajuste,Oportunidade provável — enriquecer contato e documentos antes da abordagem.,Oportunidade provável — enriquecer contato e documentos antes da abordagem.,"Não afirmar valor devido, inadimplemento, crédito constituído ou reajuste definitivamente não pago sem verificação documental completa e revisão humana registrada.",Oportunidade provável — enriquecer contato e documentos antes da abordagem.,Enriquecer contato empresarial; manter na fila de leads prioritários.,"Saldo/medições indisponíveis — valor sobre total é teto teórico, não valor devido. | indice_contratual_ausente — não aplicar IPCA/INCC/SINAPI por plausibilidade",,,,False,True
357,LIKELY_ADJUSTMENT_OPPORTUNITY,DOCUMENT_REQUEST_CANDIDATE,SUL_SC_PRIORITY,66.5,94.0,17.5,89.4,66.5,sede_ou_execucao_sul | interregno_conservador_gt_12m | multi_contratos=2 | regime_14133_provavel_ou_comprovado,07094346000145,G4F SOLUCOES CORPORATIVAS LTDA,,BRASILIA,DF,True,,,,2,MPSC | TRIBUNAL DE JUSTIÇA DO EST. DE SANTA CATARINA,45588638.66,76276849000154-2-000003/2023,MPSC,LEGAL_REGIME_UNKNOWN,LIKELY_ADJUSTMENT_OPPORTUNITY,obra_classificada_conf=0.76 | fornecedor_privado | obrigacao_financeira_potencialmente_aberta | regime_14133_altamente_provavel | interregno_conservador_por_assinatura_gt_12m | document_request_parallel_action | Objeto classificado como edificacoes (conf=0.76) | Interregno mínimo conservador confirmado (level=B_CONSERVATIVE_SIGNATURE_GT_12M; proxy=data_assinatura) | Interregno ≥12m na data-base efetiva (proxy:data_assinatura) [TEMPORAL_CANDIDATE_BY_PROXY],Regime 14.133 provável (ano/PNCP/menção) mas não comprovado em documento oficial | maturidade_temporal_insuficiente | data-base exata do orçamento ausente — cálculo preciso bloqueado,clausula_reajuste | data_base_orcamento_estimado | indice_ou_formula | texto_oficial_contrato_edital | medicoes | apostilas | memoria_reajuste,Oportunidade provável — enriquecer contato e documentos antes da abordagem.,Oportunidade provável — enriquecer contato e documentos antes da abordagem.,"Não afirmar valor devido, inadimplemento, crédito constituído ou reajuste definitivamente não pago sem verificação documental completa e revisão humana registrada.",Oportunidade provável — enriquecer contato e documentos antes da abordagem.,Enriquecer contato empresarial; manter na fila de leads prioritários.,"Saldo/medições indisponíveis — valor sobre total é teto teórico, não valor devido. | indice_contratual_ausente — não aplicar IPCA/INCC/SINAPI por plausibilidade",,,,False,True
358,LIKELY_ADJUSTMENT_OPPORTUNITY,DOCUMENT_REQUEST_CANDIDATE,SUL_SC_PRIORITY,66.31,91.25,17.5,72.75,66.31,sede_ou_execucao_sul | interregno_conservador_gt_12m | multi_contratos=7 | regime_14133_provavel_ou_comprovado,10824849000133,FORMATO C.E INCORPORADORA LTDA,,Curitiba,PR,True,,,,7,TRIBUNAL DE JUSTIÇA ESTADO DO PARANA,106963930.00999999,77821841000194-2-000234/2023,TRIBUNAL DE JUSTIÇA ESTADO DO PARANA,LEGAL_REGIME_UNKNOWN,LIKELY_ADJUSTMENT_OPPORTUNITY,obra_classificada_conf=0.65 | fornecedor_privado | obrigacao_financeira_potencialmente_aberta | regime_14133_altamente_provavel | interregno_conservador_por_assinatura_gt_12m | document_request_parallel_action | Objeto classificado como edificacoes (conf=0.65) | Interregno mínimo conservador confirmado (level=B_CONSERVATIVE_SIGNATURE_GT_12M; proxy=data_assinatura) | Interregno ≥12m na data-base efetiva (proxy:data_assinatura) [TEMPORAL_CANDIDATE_BY_PROXY],Regime 14.133 provável (ano/PNCP/menção) mas não comprovado em documento oficial | data-base exata do orçamento ausente — cálculo preciso bloqueado,clausula_reajuste | data_base_orcamento_estimado | indice_ou_formula | texto_oficial_contrato_edital | medicoes | apostilas | memoria_reajuste,Oportunidade provável — enriquecer contato e documentos antes da abordagem.,Oportunidade provável — enriquecer contato e documentos antes da abordagem.,"Não afirmar valor devido, inadimplemento, crédito constituído ou reajuste definitivamente não pago sem verificação documental completa e revisão humana registrada.",Oportunidade provável — enriquecer contato e documentos antes da abordagem.,Enriquecer contato empresarial; manter na fila de leads prioritários.,"Saldo/medições indisponíveis — valor sobre total é teto teórico, não valor devido. | indice_contratual_ausente — não aplicar IPCA/INCC/SINAPI por plausibilidade",,,,False,True
359,LIKELY_ADJUSTMENT_OPPORTUNITY,DOCUMENT_REQUEST_CANDIDATE,SUL_SC_PRIORITY,66.13,94.0,17.5,61.6,66.13,sede_ou_execucao_sul | interregno_conservador_gt_12m | regime_14133_provavel_ou_comprovado,04823494000165,CONSÓRCIO INTERMUNICIPAL DE SANEAMENTO DO PARANÁ - CISPAR,,JUSSARA,PR,True,,,,1,SERVICO AUT.MUN.AGUA E ESGOTO DE JAGUARIAIVA,94614000.0,75658435000127-2-000006/2024,SERVICO AUT.MUN.AGUA E ESGOTO DE JAGUARIAIVA,LEGAL_REGIME_UNKNOWN,LIKELY_ADJUSTMENT_OPPORTUNITY,obra_classificada_conf=0.76 | fornecedor_privado | obrigacao_financeira_potencialmente_aberta | regime_14133_altamente_provavel | interregno_conservador_por_assinatura_gt_12m | document_request_parallel_action | Objeto classificado como saneamento_redes (conf=0.76) | Interregno mínimo conservador confirmado (level=B_CONSERVATIVE_SIGNATURE_GT_12M; proxy=data_assinatura) | Interregno ≥12m na data-base efetiva (proxy:data_assinatura) [TEMPORAL_CANDIDATE_BY_PROXY],Regime 14.133 provável (ano/PNCP/menção) mas não comprovado em documento oficial | data-base exata do orçamento ausente — cálculo preciso bloqueado,clausula_reajuste | data_base_orcamento_estimado | indice_ou_formula | texto_oficial_contrato_edital | medicoes | apostilas | memoria_reajuste,Oportunidade provável — enriquecer contato e documentos antes da abordagem.,Oportunidade provável — enriquecer contato e documentos antes da abordagem.,"Não afirmar valor devido, inadimplemento, crédito constituído ou reajuste definitivamente não pago sem verificação documental completa e revisão humana registrada.",Oportunidade provável — enriquecer contato e documentos antes da abordagem.,Enriquecer contato empresarial; manter na fila de leads prioritários.,"Saldo/medições indisponíveis — valor sobre total é teto teórico, não valor devido. | indice_contratual_ausente — não aplicar IPCA/INCC/SINAPI por plausibilidade",,,,False,True
360,LIKELY_ADJUSTMENT_OPPORTUNITY,DOCUMENT_REQUEST_CANDIDATE,SUL_SC_PRIORITY,66.13,94.0,17.5,61.6,66.13,sede_ou_execucao_sul | interregno_conservador_gt_12m | regime_14133_provavel_ou_comprovado,57155217000198,CONSORCIO CONSTRUTOR ESTRADAS RURAIS,,CURITIBA,PR,True,,,,1,AMEP - Agência de Assuntos Metropolitanos do Paraná (Antigo COMEC),96850536.0,07820337000194-2-000010/2024,AMEP - Agência de Assuntos Metropolitanos do Paraná (Antigo COMEC),LEGAL_REGIME_UNKNOWN,LIKELY_ADJUSTMENT_OPPORTUNITY,obra_classificada_conf=0.76 | fornecedor_privado | obrigacao_financeira_potencialmente_aberta | regime_14133_altamente_provavel | interregno_conservador_por_assinatura_gt_12m | document_request_parallel_action | Objeto classificado como pavimentacao_rodoviaria (conf=0.76) | Interregno mínimo conservador confirmado (level=B_CONSERVATIVE_SIGNATURE_GT_12M; proxy=data_assinatura) | Interregno ≥12m na data-base efetiva (proxy:data_assinatura) [TEMPORAL_CANDIDATE_BY_PROXY],Regime 14.133 provável (ano/PNCP/menção) mas não comprovado em documento oficial | data-base exata do orçamento ausente — cálculo preciso bloqueado,clausula_reajuste | data_base_orcamento_estimado | indice_ou_formula | texto_oficial_contrato_edital | medicoes | apostilas | memoria_reajuste,Oportunidade provável — enriquecer contato e documentos antes da abordagem.,Oportunidade provável — enriquecer contato e documentos antes da abordagem.,"Não afirmar valor devido, inadimplemento, crédito constituído ou reajuste definitivamente não pago sem verificação documental completa e revisão humana registrada.",Oportunidade provável — enriquecer contato e documentos antes da abordagem.,Enriquecer contato empresarial; manter na fila de leads prioritários.,"Saldo/medições indisponíveis — valor sobre total é teto teórico, não valor devido. | indice_contratual_ausente — não aplicar IPCA/INCC/SINAPI por plausibilidade",,,,False,True
361,LIKELY_ADJUSTMENT_OPPORTUNITY,DOCUMENT_REQUEST_CANDIDATE,SUL_SC_PRIORITY,65.85,90.0,17.5,71.0,65.85,sede_ou_execucao_sul | interregno_conservador_gt_12m | regime_14133_provavel_ou_comprovado,35556254000175,CONSTROWINS SERVICOS DE ENGENHARIA LTDA,,Toledo,PR,True,,,,1,"GABINETE DA SECRETARIA DO PLANEJAMENTO, HABITACAO E URBANISMO",22424000.0,76205806000188-2-000008/2025,"GABINETE DA SECRETARIA DO PLANEJAMENTO, HABITACAO E URBANISMO",LEGAL_REGIME_UNKNOWN,LIKELY_ADJUSTMENT_OPPORTUNITY,obra_classificada_conf=0.60 | fornecedor_privado | obrigacao_financeira_potencialmente_aberta | regime_14133_altamente_provavel | interregno_conservador_por_assinatura_gt_12m | document_request_parallel_action | Objeto classificado como obras_engenharia_geral (conf=0.60) | Interregno mínimo conservador confirmado (level=B_CONSERVATIVE_SIGNATURE_GT_12M; proxy=data_assinatura) | Interregno ≥12m na data-base efetiva (proxy:data_assinatura) [TEMPORAL_CANDIDATE_BY_PROXY],Regime 14.133 provável (ano/PNCP/menção) mas não comprovado em documento oficial | data-base exata do orçamento ausente — cálculo preciso bloqueado,clausula_reajuste | data_base_orcamento_estimado | indice_ou_formula | texto_oficial_contrato_edital | medicoes | apostilas | memoria_reajuste,Oportunidade provável — enriquecer contato e documentos antes da abordagem.,Oportunidade provável — enriquecer contato e documentos antes da abordagem.,"Não afirmar valor devido, inadimplemento, crédito constituído ou reajuste definitivamente não pago sem verificação documental completa e revisão humana registrada.",Oportunidade provável — enriquecer contato e documentos antes da abordagem.,Enriquecer contato empresarial; manter na fila de leads prioritários.,"Saldo/medições indisponíveis — valor sobre total é teto teórico, não valor devido. | indice_contratual_ausente — não aplicar IPCA/INCC/SINAPI por plausibilidade",,,,False,True
362,LIKELY_ADJUSTMENT_OPPORTUNITY,DOCUMENT_REQUEST_CANDIDATE,SUL_SC_PRIORITY,65.73,90.0,17.5,71.0,65.73,sede_ou_execucao_sul | interregno_conservador_gt_12m | multi_contratos=2 | regime_14133_provavel_ou_comprovado,42722865000101,R.J. ENGENHARIA DE MANUTENCAO INDUSTRIAL LTDA,,CURITIBA,PR,True,,,,2,SESA-FUNSAUDE - Fundo Estadual de Saúde do Paraná - FUNSAUDE,36525373.0,08597121000174-2-000506/2024,SESA-FUNSAUDE - Fundo Estadual de Saúde do Paraná - FUNSAUDE,LEGAL_REGIME_UNKNOWN,LIKELY_ADJUSTMENT_OPPORTUNITY,obra_classificada_conf=0.60 | fornecedor_privado | obrigacao_financeira_potencialmente_aberta | regime_14133_altamente_provavel | interregno_conservador_por_assinatura_gt_12m | document_request_parallel_action | Objeto classificado como obras_engenharia_geral (conf=0.60) | Interregno mínimo conservador confirmado (level=B_CONSERVATIVE_SIGNATURE_GT_12M; proxy=data_assinatura) | Interregno ≥12m na data-base efetiva (proxy:data_assinatura) [TEMPORAL_CANDIDATE_BY_PROXY],Regime 14.133 provável (ano/PNCP/menção) mas não comprovado em documento oficial | data-base exata do orçamento ausente — cálculo preciso bloqueado,clausula_reajuste | data_base_orcamento_estimado | indice_ou_formula | texto_oficial_contrato_edital | medicoes | apostilas | memoria_reajuste,Oportunidade provável — enriquecer contato e documentos antes da abordagem.,Oportunidade provável — enriquecer contato e documentos antes da abordagem.,"Não afirmar valor devido, inadimplemento, crédito constituído ou reajuste definitivamente não pago sem verificação documental completa e revisão humana registrada.",Oportunidade provável — enriquecer contato e documentos antes da abordagem.,Enriquecer contato empresarial; manter na fila de leads prioritários.,"Saldo/medições indisponíveis — valor sobre total é teto teórico, não valor devido. | indice_contratual_ausente — não aplicar IPCA/INCC/SINAPI por plausibilidade",,,,False,True
363,LIKELY_ADJUSTMENT_OPPORTUNITY,DOCUMENT_REQUEST_CANDIDATE,SUL_SC_PRIORITY,65.59,90.0,17.5,71.0,65.59,sede_ou_execucao_sul | interregno_conservador_gt_12m | multi_contratos=2 | regime_14133_provavel_ou_comprovado,11046495000106,FORTRESS SERVICOS LTDA,,Foz do Iguaçu,PR,True,,,,2,PREFEITURA MUNICIPAL DE FOZ DO IGUAÇU - PR,38855772.26,76206606000140-2-000012/2025,PREFEITURA MUNICIPAL DE FOZ DO IGUAÇU - PR,LEGAL_REGIME_UNKNOWN,LIKELY_ADJUSTMENT_OPPORTUNITY,obra_classificada_conf=0.60 | fornecedor_privado | obrigacao_financeira_potencialmente_aberta | regime_14133_altamente_provavel | interregno_conservador_por_assinatura_gt_12m | document_request_parallel_action | Objeto classificado como edificacoes (conf=0.60) | Interregno mínimo conservador confirmado (level=B_CONSERVATIVE_SIGNATURE_GT_12M; proxy=data_assinatura) | Interregno ≥12m na data-base efetiva (proxy:data_assinatura) [TEMPORAL_CANDIDATE_BY_PROXY],Regime 14.133 provável (ano/PNCP/menção) mas não comprovado em documento oficial | data-base exata do orçamento ausente — cálculo preciso bloqueado,clausula_reajuste | data_base_orcamento_estimado | indice_ou_formula | texto_oficial_contrato_edital | medicoes | apostilas | memoria_reajuste,Oportunidade provável — enriquecer contato e documentos antes da abordagem.,Oportunidade provável — enriquecer contato e documentos antes da abordagem.,"Não afirmar valor devido, inadimplemento, crédito constituído ou reajuste definitivamente não pago sem verificação documental completa e revisão humana registrada.",Oportunidade provável — enriquecer contato e documentos antes da abordagem.,Enriquecer contato empresarial; manter na fila de leads prioritários.,"Saldo/medições indisponíveis — valor sobre total é teto teórico, não valor devido. | indice_contratual_ausente — não aplicar IPCA/INCC/SINAPI por plausibilidade",,,,False,True
364,LIKELY_ADJUSTMENT_OPPORTUNITY,DOCUMENT_REQUEST_CANDIDATE,SUL_SC_PRIORITY,65.57,90.0,17.5,71.0,65.57,sede_ou_execucao_sul | interregno_conservador_gt_12m | regime_14133_provavel_ou_comprovado,90180605000102,GENTE SEGURADORA SA,,Curitiba,PR,True,,,,1,UNIVERSIDADE TECNOLÓGICA FEDERAL DO PARANÁ,19119479.34,75101873000190-2-000988/2023,UNIVERSIDADE TECNOLÓGICA FEDERAL DO PARANÁ,LEGAL_REGIME_UNKNOWN,LIKELY_ADJUSTMENT_OPPORTUNITY,obra_classificada_conf=0.60 | fornecedor_privado | obrigacao_financeira_potencialmente_aberta | regime_14133_altamente_provavel | interregno_conservador_por_assinatura_gt_12m | document_request_parallel_action | Objeto classificado como obras_engenharia_geral (conf=0.60) | Interregno mínimo conservador confirmado (level=B_CONSERVATIVE_SIGNATURE_GT_12M; proxy=data_assinatura) | Interregno ≥12m na data-base efetiva (proxy:data_assinatura) [TEMPORAL_CANDIDATE_BY_PROXY],Regime 14.133 provável (ano/PNCP/menção) mas não comprovado em documento oficial | data-base exata do orçamento ausente — cálculo preciso bloqueado,clausula_reajuste | data_base_orcamento_estimado | indice_ou_formula | texto_oficial_contrato_edital | medicoes | apostilas | memoria_reajuste,Oportunidade provável — enriquecer contato e documentos antes da abordagem.,Oportunidade provável — enriquecer contato e documentos antes da abordagem.,"Não afirmar valor devido, inadimplemento, crédito constituído ou reajuste definitivamente não pago sem verificação documental completa e revisão humana registrada.",Oportunidade provável — enriquecer contato e documentos antes da abordagem.,Enriquecer contato empresarial; manter na fila de leads prioritários.,"Saldo/medições indisponíveis — valor sobre total é teto teórico, não valor devido. | indice_contratual_ausente — não aplicar IPCA/INCC/SINAPI por plausibilidade",,,,False,True
365,LIKELY_ADJUSTMENT_OPPORTUNITY,DOCUMENT_REQUEST_CANDIDATE,SUL_SC_PRIORITY,65.53,90.0,17.5,71.0,65.53,sede_ou_execucao_sul | interregno_conservador_gt_12m | regime_14133_provavel_ou_comprovado,06178121000104,N. PRIME CONSTRUTORA LTDA,,Curitiba,PR,True,,,,1,DISTRITO SANIT.ESP.INDÍGENA - LITORAL SUL,18719102.39,00394544000185-2-005146/2025,DISTRITO SANIT.ESP.INDÍGENA - LITORAL SUL,LEGAL_REGIME_UNKNOWN,LIKELY_ADJUSTMENT_OPPORTUNITY,obra_classificada_conf=0.60 | fornecedor_privado | obrigacao_financeira_potencialmente_aberta | regime_14133_altamente_provavel | interregno_conservador_por_assinatura_gt_12m | document_request_parallel_action | Objeto classificado como edificacoes (conf=0.60) | Interregno mínimo conservador confirmado (level=B_CONSERVATIVE_SIGNATURE_GT_12M; proxy=data_assinatura) | Interregno ≥12m na data-base efetiva (proxy:data_assinatura) [TEMPORAL_CANDIDATE_BY_PROXY],Regime 14.133 provável (ano/PNCP/menção) mas não comprovado em documento oficial | data-base exata do orçamento ausente — cálculo preciso bloqueado,clausula_reajuste | data_base_orcamento_estimado | indice_ou_formula | texto_oficial_contrato_edital | medicoes | apostilas | memoria_reajuste,Oportunidade provável — enriquecer contato e documentos antes da abordagem.,Oportunidade provável — enriquecer contato e documentos antes da abordagem.,"Não afirmar valor devido, inadimplemento, crédito constituído ou reajuste definitivamente não pago sem verificação documental completa e revisão humana registrada.",Oportunidade provável — enriquecer contato e documentos antes da abordagem.,Enriquecer contato empresarial; manter na fila de leads prioritários.,"Saldo/medições indisponíveis — valor sobre total é teto teórico, não valor devido. | indice_contratual_ausente — não aplicar IPCA/INCC/SINAPI por plausibilidade",,,,False,True
366,LIKELY_ADJUSTMENT_OPPORTUNITY,DOCUMENT_REQUEST_CANDIDATE,SUL_SC_PRIORITY,65.37,91.25,17.5,78.0,65.37,sede_ou_execucao_sul | interregno_conservador_gt_12m | multi_contratos=4 | regime_14133_provavel_ou_comprovado,80239965000170,AMBONI CONSTRUCOES LTDA,,SAO MIGUEL DO IGUACU,PR,True,,,,4,INSTITUTO FEDERAL DO PARANÁ | MUNICIPIO DE MEDIANEIRA | PREFEITURA MUNICIPAL DE FOZ DO IGUAÇU - PR | UNIVERSIDADE FED. DA INTEGR. LATINO-AMERICANA,40210679.03,76206606000140-2-000384/2024,PREFEITURA MUNICIPAL DE FOZ DO IGUAÇU - PR,LEGAL_REGIME_UNKNOWN,LIKELY_ADJUSTMENT_OPPORTUNITY,obra_classificada_conf=0.65 | fornecedor_privado | obrigacao_financeira_potencialmente_aberta | regime_14133_altamente_provavel | interregno_conservador_por_assinatura_gt_12m | document_request_parallel_action | Objeto classificado como obras_engenharia_geral (conf=0.65) | Interregno mínimo conservador confirmado (level=B_CONSERVATIVE_SIGNATURE_GT_12M; proxy=data_assinatura) | Interregno ≥12m na data-base efetiva (proxy:data_assinatura) [TEMPORAL_CANDIDATE_BY_PROXY],Regime 14.133 provável (ano/PNCP/menção) mas não comprovado em documento oficial | data-base exata do orçamento ausente — cálculo preciso bloqueado | maturidade_temporal_insuficiente,clausula_reajuste | data_base_orcamento_estimado | indice_ou_formula | texto_oficial_contrato_edital | medicoes | apostilas | memoria_reajuste,Oportunidade provável — enriquecer contato e documentos antes da abordagem.,Oportunidade provável — enriquecer contato e documentos antes da abordagem.,"Não afirmar valor devido, inadimplemento, crédito constituído ou reajuste definitivamente não pago sem verificação documental completa e revisão humana registrada.",Oportunidade provável — enriquecer contato e documentos antes da abordagem.,Enriquecer contato empresarial; manter na fila de leads prioritários.,"Saldo/medições indisponíveis — valor sobre total é teto teórico, não valor devido. | indice_contratual_ausente — não aplicar IPCA/INCC/SINAPI por plausibilidade",,,,False,True
367,LIKELY_ADJUSTMENT_OPPORTUNITY,DOCUMENT_REQUEST_CANDIDATE,SUL_SC_PRIORITY,65.27,90.0,17.5,71.0,65.27,sede_ou_execucao_sul | interregno_conservador_gt_12m | multi_contratos=2 | regime_14133_provavel_ou_comprovado,79760716000147,ENGPLANO ENGENHARIA LTDA.,,Curitiba,PR,True,,,,2,TCEPR - Tribunal do Contas do Estado do Paraná | TRIBUNAL DE CONTAS DO ESTADO DO PARANÁ,31857762.060000002,77996312000121-2-000076/2024,TCEPR - Tribunal do Contas do Estado do Paraná,LEGAL_REGIME_UNKNOWN,LIKELY_ADJUSTMENT_OPPORTUNITY,obra_classificada_conf=0.60 | fornecedor_privado | obrigacao_financeira_potencialmente_aberta | regime_14133_altamente_provavel | interregno_conservador_por_assinatura_gt_12m | document_request_parallel_action | Objeto classificado como edificacoes (conf=0.60) | Interregno mínimo conservador confirmado (level=B_CONSERVATIVE_SIGNATURE_GT_12M; proxy=data_assinatura) | Interregno ≥12m na data-base efetiva (proxy:data_assinatura) [TEMPORAL_CANDIDATE_BY_PROXY],Regime 14.133 provável (ano/PNCP/menção) mas não comprovado em documento oficial | data-base exata do orçamento ausente — cálculo preciso bloqueado,clausula_reajuste | data_base_orcamento_estimado | indice_ou_formula | texto_oficial_contrato_edital | medicoes | apostilas | memoria_reajuste,Oportunidade provável — enriquecer contato e documentos antes da abordagem.,Oportunidade provável — enriquecer contato e documentos antes da abordagem.,"Não afirmar valor devido, inadimplemento, crédito constituído ou reajuste definitivamente não pago sem verificação documental completa e revisão humana registrada.",Oportunidade provável — enriquecer contato e documentos antes da abordagem.,Enriquecer contato empresarial; manter na fila de leads prioritários.,"Saldo/medições indisponíveis — valor sobre total é teto teórico, não valor devido. | indice_contratual_ausente — não aplicar IPCA/INCC/SINAPI por plausibilidade",,,,False,True
368,LIKELY_ADJUSTMENT_OPPORTUNITY,DOCUMENT_REQUEST_CANDIDATE,SUL_SC_PRIORITY,65.13,90.0,17.5,71.0,65.13,sede_ou_execucao_sul | interregno_conservador_gt_12m | regime_14133_provavel_ou_comprovado,85268860000163,ZETTA BRASIL ENERGIA LTDA,,Fazenda Rio Grande,PR,True,,,,1,PREFEITURA MUNICIPAL FAZENDA RIO GRANDE - PR,14490000.0,95422986000102-2-000062/2025,PREFEITURA MUNICIPAL FAZENDA RIO GRANDE - PR,LEGAL_REGIME_UNKNOWN,LIKELY_ADJUSTMENT_OPPORTUNITY,obra_classificada_conf=0.60 | fornecedor_privado | obrigacao_financeira_potencialmente_aberta | regime_14133_altamente_provavel | interregno_conservador_por_assinatura_gt_12m | document_request_parallel_action | Objeto classificado como obras_engenharia_geral (conf=0.60) | Interregno mínimo conservador confirmado (level=B_CONSERVATIVE_SIGNATURE_GT_12M; proxy=data_assinatura) | Interregno ≥12m na data-base efetiva (proxy:data_assinatura) [TEMPORAL_CANDIDATE_BY_PROXY],Regime 14.133 provável (ano/PNCP/menção) mas não comprovado em documento oficial | data-base exata do orçamento ausente — cálculo preciso bloqueado,clausula_reajuste | data_base_orcamento_estimado | indice_ou_formula | texto_oficial_contrato_edital | medicoes | apostilas | memoria_reajuste,Oportunidade provável — enriquecer contato e documentos antes da abordagem.,Oportunidade provável — enriquecer contato e documentos antes da abordagem.,"Não afirmar valor devido, inadimplemento, crédito constituído ou reajuste definitivamente não pago sem verificação documental completa e revisão humana registrada.",Oportunidade provável — enriquecer contato e documentos antes da abordagem.,Enriquecer contato empresarial; manter na fila de leads prioritários.,"Saldo/medições indisponíveis — valor sobre total é teto teórico, não valor devido. | indice_contratual_ausente — não aplicar IPCA/INCC/SINAPI por plausibilidade",,,,False,True
369,LIKELY_ADJUSTMENT_OPPORTUNITY,DOCUMENT_REQUEST_CANDIDATE,SUL_SC_PRIORITY,65.12,90.0,17.5,71.0,65.12,sede_ou_execucao_sul | interregno_conservador_gt_12m | regime_14133_provavel_ou_comprovado,29645373000100,CONSTRUTORA JHR LTDA,,Bento Gonçalves,RS,True,,,,1,"INST.FED.DE EDUC.,CIENC.E TEC.DO R GRANDE SUL",14414009.01,10637926000146-2-000444/2025,"INST.FED.DE EDUC.,CIENC.E TEC.DO R GRANDE SUL",LEGAL_REGIME_UNKNOWN,LIKELY_ADJUSTMENT_OPPORTUNITY,obra_classificada_conf=0.60 | fornecedor_privado | obrigacao_financeira_potencialmente_aberta | regime_14133_altamente_provavel | interregno_conservador_por_assinatura_gt_12m | document_request_parallel_action | Objeto classificado como obras_engenharia_geral (conf=0.60) | Interregno mínimo conservador confirmado (level=B_CONSERVATIVE_SIGNATURE_GT_12M; proxy=data_assinatura) | Interregno ≥12m na data-base efetiva (proxy:data_assinatura) [TEMPORAL_CANDIDATE_BY_PROXY],Regime 14.133 provável (ano/PNCP/menção) mas não comprovado em documento oficial | data-base exata do orçamento ausente — cálculo preciso bloqueado,clausula_reajuste | data_base_orcamento_estimado | indice_ou_formula | texto_oficial_contrato_edital | medicoes | apostilas | memoria_reajuste,Oportunidade provável — enriquecer contato e documentos antes da abordagem.,Oportunidade provável — enriquecer contato e documentos antes da abordagem.,"Não afirmar valor devido, inadimplemento, crédito constituído ou reajuste definitivamente não pago sem verificação documental completa e revisão humana registrada.",Oportunidade provável — enriquecer contato e documentos antes da abordagem.,Enriquecer contato empresarial; manter na fila de leads prioritários.,"Saldo/medições indisponíveis — valor sobre total é teto teórico, não valor devido. | indice_contratual_ausente — não aplicar IPCA/INCC/SINAPI por plausibilidade",,,,False,True
370,LIKELY_ADJUSTMENT_OPPORTUNITY,DOCUMENT_REQUEST_CANDIDATE,SUL_SC_PRIORITY,64.97,90.0,17.5,71.0,64.97,sede_ou_execucao_sul | interregno_conservador_gt_12m | regime_14133_provavel_ou_comprovado,93861557000106,SERVICE INFORMÁTICA LTDA,,Curitiba,PR,True,,,,1,TRIBUNAL DE CONTAS DO ESTADO DO PARANÁ,12940800.6,77996312000121-2-000033/2024,TRIBUNAL DE CONTAS DO ESTADO DO PARANÁ,LEGAL_REGIME_UNKNOWN,LIKELY_ADJUSTMENT_OPPORTUNITY,obra_classificada_conf=0.60 | fornecedor_privado | obrigacao_financeira_potencialmente_aberta | regime_14133_altamente_provavel | interregno_conservador_por_assinatura_gt_12m | document_request_parallel_action | Objeto classificado como obras_engenharia_geral (conf=0.60) | Interregno mínimo conservador confirmado (level=B_CONSERVATIVE_SIGNATURE_GT_12M; proxy=data_assinatura) | Interregno ≥12m na data-base efetiva (proxy:data_assinatura) [TEMPORAL_CANDIDATE_BY_PROXY],Regime 14.133 provável (ano/PNCP/menção) mas não comprovado em documento oficial | data-base exata do orçamento ausente — cálculo preciso bloqueado,clausula_reajuste | data_base_orcamento_estimado | indice_ou_formula | texto_oficial_contrato_edital | medicoes | apostilas | memoria_reajuste,Oportunidade provável — enriquecer contato e documentos antes da abordagem.,Oportunidade provável — enriquecer contato e documentos antes da abordagem.,"Não afirmar valor devido, inadimplemento, crédito constituído ou reajuste definitivamente não pago sem verificação documental completa e revisão humana registrada.",Oportunidade provável — enriquecer contato e documentos antes da abordagem.,Enriquecer contato empresarial; manter na fila de leads prioritários.,"Saldo/medições indisponíveis — valor sobre total é teto teórico, não valor devido. | indice_contratual_ausente — não aplicar IPCA/INCC/SINAPI por plausibilidade",,,,False,True
371,LIKELY_ADJUSTMENT_OPPORTUNITY,DOCUMENT_REQUEST_CANDIDATE,SUL_SC_PRIORITY,64.96,90.0,17.5,71.0,64.96,sede_ou_execucao_sul | interregno_conservador_gt_12m | regime_14133_provavel_ou_comprovado,07192414000109,COSTA OESTE SERVICOS DE LIMPEZA EIRELI,,Londrina,PR,True,,,,1,Diretoria de Gestao de Licitacoes e Contratos -SMGP,12825468.46,75771477000170-2-000075/2025,Diretoria de Gestao de Licitacoes e Contratos -SMGP,LEGAL_REGIME_UNKNOWN,LIKELY_ADJUSTMENT_OPPORTUNITY,obra_classificada_conf=0.60 | fornecedor_privado | obrigacao_financeira_potencialmente_aberta | regime_14133_altamente_provavel | interregno_conservador_por_assinatura_gt_12m | document_request_parallel_action | Objeto classificado como obras_engenharia_geral (conf=0.60) | Interregno mínimo conservador confirmado (level=B_CONSERVATIVE_SIGNATURE_GT_12M; proxy=data_assinatura) | Interregno ≥12m na data-base efetiva (proxy:data_assinatura) [TEMPORAL_CANDIDATE_BY_PROXY],Regime 14.133 provável (ano/PNCP/menção) mas não comprovado em documento oficial | data-base exata do orçamento ausente — cálculo preciso bloqueado,clausula_reajuste | data_base_orcamento_estimado | indice_ou_formula | texto_oficial_contrato_edital | medicoes | apostilas | memoria_reajuste,Oportunidade provável — enriquecer contato e documentos antes da abordagem.,Oportunidade provável — enriquecer contato e documentos antes da abordagem.,"Não afirmar valor devido, inadimplemento, crédito constituído ou reajuste definitivamente não pago sem verificação documental completa e revisão humana registrada.",Oportunidade provável — enriquecer contato e documentos antes da abordagem.,Enriquecer contato empresarial; manter na fila de leads prioritários.,"Saldo/medições indisponíveis — valor sobre total é teto teórico, não valor devido. | indice_contratual_ausente — não aplicar IPCA/INCC/SINAPI por plausibilidade",,,,False,True
372,LIKELY_ADJUSTMENT_OPPORTUNITY,DOCUMENT_REQUEST_CANDIDATE,SUL_SC_PRIORITY,64.86,90.0,17.5,71.0,64.86,sede_ou_execucao_sul | interregno_conservador_gt_12m | regime_14133_provavel_ou_comprovado,80252539000177,"ASSOCIAÇÃO COMERCIAL, INDUSTRIAL E EMPRESARIAL DE PONTA GROSSA",,Ponta Grossa,PR,True,,,,1,Unidade administrativa,11977020.0,07865433000159-2-000010/2025,Unidade administrativa,LEGAL_REGIME_UNKNOWN,LIKELY_ADJUSTMENT_OPPORTUNITY,obra_classificada_conf=0.60 | fornecedor_privado | obrigacao_financeira_potencialmente_aberta | regime_14133_altamente_provavel | interregno_conservador_por_assinatura_gt_12m | document_request_parallel_action | Objeto classificado como obras_engenharia_geral (conf=0.60) | Interregno mínimo conservador confirmado (level=B_CONSERVATIVE_SIGNATURE_GT_12M; proxy=data_assinatura) | Interregno ≥12m na data-base efetiva (proxy:data_assinatura) [TEMPORAL_CANDIDATE_BY_PROXY],Regime 14.133 provável (ano/PNCP/menção) mas não comprovado em documento oficial | data-base exata do orçamento ausente — cálculo preciso bloqueado,clausula_reajuste | data_base_orcamento_estimado | indice_ou_formula | texto_oficial_contrato_edital | medicoes | apostilas | memoria_reajuste,Oportunidade provável — enriquecer contato e documentos antes da abordagem.,Oportunidade provável — enriquecer contato e documentos antes da abordagem.,"Não afirmar valor devido, inadimplemento, crédito constituído ou reajuste definitivamente não pago sem verificação documental completa e revisão humana registrada.",Oportunidade provável — enriquecer contato e documentos antes da abordagem.,Enriquecer contato empresarial; manter na fila de leads prioritários.,"Saldo/medições indisponíveis — valor sobre total é teto teórico, não valor devido. | indice_contratual_ausente — não aplicar IPCA/INCC/SINAPI por plausibilidade",,,,False,True
373,LIKELY_ADJUSTMENT_OPPORTUNITY,DOCUMENT_REQUEST_CANDIDATE,SUL_SC_PRIORITY,64.8,90.0,17.5,71.0,64.8,sede_ou_execucao_sul | interregno_conservador_gt_12m | regime_14133_provavel_ou_comprovado,09237781000107,SUPORTE PRESTADORA DE SERVIÇOS LTDA,,TELEMACO BORBA,PR,True,,,,1,Ensino Fundamental,11372813.73,76170240000104-2-000215/2024,Ensino Fundamental,LEGAL_REGIME_UNKNOWN,LIKELY_ADJUSTMENT_OPPORTUNITY,obra_classificada_conf=0.60 | fornecedor_privado | obrigacao_financeira_potencialmente_aberta | regime_14133_altamente_provavel | interregno_conservador_por_assinatura_gt_12m | document_request_parallel_action | Objeto classificado como edificacoes (conf=0.60) | Interregno mínimo conservador confirmado (level=B_CONSERVATIVE_SIGNATURE_GT_12M; proxy=data_assinatura) | Interregno ≥12m na data-base efetiva (proxy:data_assinatura) [TEMPORAL_CANDIDATE_BY_PROXY],Regime 14.133 provável (ano/PNCP/menção) mas não comprovado em documento oficial | data-base exata do orçamento ausente — cálculo preciso bloqueado,clausula_reajuste | data_base_orcamento_estimado | indice_ou_formula | texto_oficial_contrato_edital | medicoes | apostilas | memoria_reajuste,Oportunidade provável — enriquecer contato e documentos antes da abordagem.,Oportunidade provável — enriquecer contato e documentos antes da abordagem.,"Não afirmar valor devido, inadimplemento, crédito constituído ou reajuste definitivamente não pago sem verificação documental completa e revisão humana registrada.",Oportunidade provável — enriquecer contato e documentos antes da abordagem.,Enriquecer contato empresarial; manter na fila de leads prioritários.,"Saldo/medições indisponíveis — valor sobre total é teto teórico, não valor devido. | indice_contratual_ausente — não aplicar IPCA/INCC/SINAPI por plausibilidade",,,,False,True
374,LIKELY_ADJUSTMENT_OPPORTUNITY,DOCUMENT_REQUEST_CANDIDATE,SUL_SC_PRIORITY,64.79,90.0,17.5,71.0,64.79,sede_ou_execucao_sul | interregno_conservador_gt_12m | multi_contratos=2 | regime_14133_provavel_ou_comprovado,11233165000120,FLJ EMPREENDIMENTOS IMOBILIARIOS LTDA,,CURITIBA,PR,True,,,,2,TRIBUNAL DE JUSTIÇA ESTADO DO PARANA,20300068.810000002,77821841000194-2-000237/2023,TRIBUNAL DE JUSTIÇA ESTADO DO PARANA,LEGAL_REGIME_UNKNOWN,LIKELY_ADJUSTMENT_OPPORTUNITY,obra_classificada_conf=0.60 | fornecedor_privado | obrigacao_financeira_potencialmente_aberta | regime_14133_altamente_provavel | interregno_conservador_por_assinatura_gt_12m | document_request_parallel_action | Objeto classificado como edificacoes (conf=0.60) | Interregno mínimo conservador confirmado (level=B_CONSERVATIVE_SIGNATURE_GT_12M; proxy=data_assinatura) | Interregno ≥12m na data-base efetiva (proxy:data_assinatura) [TEMPORAL_CANDIDATE_BY_PROXY],Regime 14.133 provável (ano/PNCP/menção) mas não comprovado em documento oficial | data-base exata do orçamento ausente — cálculo preciso bloqueado,clausula_reajuste | data_base_orcamento_estimado | indice_ou_formula | texto_oficial_contrato_edital | medicoes | apostilas | memoria_reajuste,Oportunidade provável — enriquecer contato e documentos antes da abordagem.,Oportunidade provável — enriquecer contato e documentos antes da abordagem.,"Não afirmar valor devido, inadimplemento, crédito constituído ou reajuste definitivamente não pago sem verificação documental completa e revisão humana registrada.",Oportunidade provável — enriquecer contato e documentos antes da abordagem.,Enriquecer contato empresarial; manter na fila de leads prioritários.,"Saldo/medições indisponíveis — valor sobre total é teto teórico, não valor devido. | indice_contratual_ausente — não aplicar IPCA/INCC/SINAPI por plausibilidade",,,,False,True
375,LIKELY_ADJUSTMENT_OPPORTUNITY,DOCUMENT_REQUEST_CANDIDATE,SUL_SC_PRIORITY,64.7,90.0,17.5,76.6,64.7,sede_ou_execucao_sul | interregno_conservador_gt_12m | multi_contratos=2 | regime_14133_provavel_ou_comprovado,75135525000133,MILANO ENGENHARIA LTDA,,Londrina,PR,True,,,,2,UEL - Universidade Estadual de Londrina | UNIDADE ADMINISTRATIVA,29876192.0,78640489000153-2-000049/2024,UEL - Universidade Estadual de Londrina,LEGAL_REGIME_UNKNOWN,LIKELY_ADJUSTMENT_OPPORTUNITY,obra_classificada_conf=0.60 | fornecedor_privado | obrigacao_financeira_potencialmente_aberta | regime_14133_altamente_provavel | interregno_conservador_por_assinatura_gt_12m | document_request_parallel_action | Objeto classificado como obras_engenharia_geral (conf=0.60) | Interregno mínimo conservador confirmado (level=B_CONSERVATIVE_SIGNATURE_GT_12M; proxy=data_assinatura) | Interregno ≥12m na data-base efetiva (proxy:data_assinatura) [TEMPORAL_CANDIDATE_BY_PROXY],Regime 14.133 provável (ano/PNCP/menção) mas não comprovado em documento oficial | data-base exata do orçamento ausente — cálculo preciso bloqueado | maturidade_temporal_insuficiente,clausula_reajuste | data_base_orcamento_estimado | indice_ou_formula | texto_oficial_contrato_edital | medicoes | apostilas | memoria_reajuste,Oportunidade provável — enriquecer contato e documentos antes da abordagem.,Oportunidade provável — enriquecer contato e documentos antes da abordagem.,"Não afirmar valor devido, inadimplemento, crédito constituído ou reajuste definitivamente não pago sem verificação documental completa e revisão humana registrada.",Oportunidade provável — enriquecer contato e documentos antes da abordagem.,Enriquecer contato empresarial; manter na fila de leads prioritários.,"Saldo/medições indisponíveis — valor sobre total é teto teórico, não valor devido. | indice_contratual_ausente — não aplicar IPCA/INCC/SINAPI por plausibilidade",,,,False,True
376,LIKELY_ADJUSTMENT_OPPORTUNITY,DOCUMENT_REQUEST_CANDIDATE,SUL_SC_PRIORITY,64.64,90.0,17.5,86.6,64.64,sede_ou_execucao_sul | interregno_conservador_gt_12m | multi_contratos=4 | regime_14133_provavel_ou_comprovado,13486362000186,"IMPLANTA CONSTRUCOES, INCORPORACOES E SERVICOS DE ENGENHARIA LTDA",,CURITIBA,PR,True,,,,4,Prefeitura Municipal de Chapecó | Prefeitura de Gaspar - SC | UEL - Universidade Estadual de Londrina | UEPG - Universidade Estadual de Ponta Grossa,50574630.93,80257355000108-2-000216/2025,UEPG - Universidade Estadual de Ponta Grossa,LEGAL_REGIME_UNKNOWN,LIKELY_ADJUSTMENT_OPPORTUNITY,obra_classificada_conf=0.60 | fornecedor_privado | obrigacao_financeira_potencialmente_aberta | regime_14133_altamente_provavel | interregno_conservador_por_assinatura_gt_12m | document_request_parallel_action | Objeto classificado como obras_engenharia_geral (conf=0.60) | Interregno mínimo conservador confirmado (level=B_CONSERVATIVE_SIGNATURE_GT_12M; proxy=data_assinatura) | Interregno ≥12m na data-base efetiva (proxy:data_assinatura) [TEMPORAL_CANDIDATE_BY_PROXY],Regime 14.133 provável (ano/PNCP/menção) mas não comprovado em documento oficial | data-base exata do orçamento ausente — cálculo preciso bloqueado | maturidade_temporal_insuficiente,clausula_reajuste | data_base_orcamento_estimado | indice_ou_formula | texto_oficial_contrato_edital | medicoes | apostilas | memoria_reajuste,Oportunidade provável — enriquecer contato e documentos antes da abordagem.,Oportunidade provável — enriquecer contato e documentos antes da abordagem.,"Não afirmar valor devido, inadimplemento, crédito constituído ou reajuste definitivamente não pago sem verificação documental completa e revisão humana registrada.",Oportunidade provável — enriquecer contato e documentos antes da abordagem.,Enriquecer contato empresarial; manter na fila de leads prioritários.,"Saldo/medições indisponíveis — valor sobre total é teto teórico, não valor devido. | indice_contratual_ausente — não aplicar IPCA/INCC/SINAPI por plausibilidade",,,,False,True
377,LIKELY_ADJUSTMENT_OPPORTUNITY,DOCUMENT_REQUEST_CANDIDATE,SUL_SC_PRIORITY,64.64,90.0,17.5,71.0,64.64,sede_ou_execucao_sul | interregno_conservador_gt_12m | multi_contratos=2 | regime_14133_provavel_ou_comprovado,21370334000127,OPORTUNITY RECURSOS HUMANOS LTDA,,Londrina,PR,True,,,,2,DETRAN - Departamento de Trânsito do Estado do Paraná | UEL - Universidade Estadual de Londrina,15943153.5,78640489000153-2-000677/2025,UEL - Universidade Estadual de Londrina,LEGAL_REGIME_UNKNOWN,LIKELY_ADJUSTMENT_OPPORTUNITY,obra_classificada_conf=0.60 | fornecedor_privado | obrigacao_financeira_potencialmente_aberta | regime_14133_altamente_provavel | interregno_conservador_por_assinatura_gt_12m | document_request_parallel_action | Objeto classificado como obras_engenharia_geral (conf=0.60) | Interregno mínimo conservador confirmado (level=B_CONSERVATIVE_SIGNATURE_GT_12M; proxy=data_assinatura) | Interregno ≥12m na data-base efetiva (proxy:data_assinatura) [TEMPORAL_CANDIDATE_BY_PROXY],Regime 14.133 provável (ano/PNCP/menção) mas não comprovado em documento oficial | data-base exata do orçamento ausente — cálculo preciso bloqueado,clausula_reajuste | data_base_orcamento_estimado | indice_ou_formula | texto_oficial_contrato_edital | medicoes | apostilas | memoria_reajuste,Oportunidade provável — enriquecer contato e documentos antes da abordagem.,Oportunidade provável — enriquecer contato e documentos antes da abordagem.,"Não afirmar valor devido, inadimplemento, crédito constituído ou reajuste definitivamente não pago sem verificação documental completa e revisão humana registrada.",Oportunidade provável — enriquecer contato e documentos antes da abordagem.,Enriquecer contato empresarial; manter na fila de leads prioritários.,"Saldo/medições indisponíveis — valor sobre total é teto teórico, não valor devido. | indice_contratual_ausente — não aplicar IPCA/INCC/SINAPI por plausibilidade",,,,False,True
378,LIKELY_ADJUSTMENT_OPPORTUNITY,DOCUMENT_REQUEST_CANDIDATE,SUL_SC_PRIORITY,64.54,90.0,17.5,71.0,64.54,sede_ou_execucao_sul | interregno_conservador_gt_12m | regime_14133_provavel_ou_comprovado,05849924000180,Abbott  Arcoverde   Cia. LTDA,,Rolândia,PR,True,,,,1,PREFEITURA MUNICIPAL,9239000.0,76288760000108-2-000148/2025,PREFEITURA MUNICIPAL,LEGAL_REGIME_UNKNOWN,LIKELY_ADJUSTMENT_OPPORTUNITY,obra_classificada_conf=0.60 | fornecedor_privado | obrigacao_financeira_potencialmente_aberta | regime_14133_altamente_provavel | interregno_conservador_por_assinatura_gt_12m | document_request_parallel_action | Objeto classificado como obras_engenharia_geral (conf=0.60) | Interregno mínimo conservador confirmado (level=B_CONSERVATIVE_SIGNATURE_GT_12M; proxy=data_assinatura) | Interregno ≥12m na data-base efetiva (proxy:data_assinatura) [TEMPORAL_CANDIDATE_BY_PROXY],Regime 14.133 provável (ano/PNCP/menção) mas não comprovado em documento oficial | data-base exata do orçamento ausente — cálculo preciso bloqueado,clausula_reajuste | data_base_orcamento_estimado | indice_ou_formula | texto_oficial_contrato_edital | medicoes | apostilas | memoria_reajuste,Oportunidade provável — enriquecer contato e documentos antes da abordagem.,Oportunidade provável — enriquecer contato e documentos antes da abordagem.,"Não afirmar valor devido, inadimplemento, crédito constituído ou reajuste definitivamente não pago sem verificação documental completa e revisão humana registrada.",Oportunidade provável — enriquecer contato e documentos antes da abordagem.,Enriquecer contato empresarial; manter na fila de leads prioritários.,"Saldo/medições indisponíveis — valor sobre total é teto teórico, não valor devido. | indice_contratual_ausente — não aplicar IPCA/INCC/SINAPI por plausibilidade",,,,False,True
379,LIKELY_ADJUSTMENT_OPPORTUNITY,DOCUMENT_REQUEST_CANDIDATE,SUL_SC_PRIORITY,64.51,90.0,17.5,71.0,64.51,sede_ou_execucao_sul | interregno_conservador_gt_12m | multi_contratos=3 | regime_14133_provavel_ou_comprovado,77299139000102,CONSTRUTORA SUDOESTE LTDA,,Curitiba,PR,True,,,,3,FUNEAS - Fundação Estatal de Atenção em Saúde do Estado do Paraná | UTFPR - NÚCLEO REGIONAL SUDOESTE,20208907.240000002,24039073000155-2-000340/2025,FUNEAS - Fundação Estatal de Atenção em Saúde do Estado do Paraná,LEGAL_REGIME_UNKNOWN,LIKELY_ADJUSTMENT_OPPORTUNITY,obra_classificada_conf=0.60 | fornecedor_privado | obrigacao_financeira_potencialmente_aberta | regime_14133_altamente_provavel | interregno_conservador_por_assinatura_gt_12m | document_request_parallel_action | Objeto classificado como obras_engenharia_geral (conf=0.60) | Interregno mínimo conservador confirmado (level=B_CONSERVATIVE_SIGNATURE_GT_12M; proxy=data_assinatura) | Interregno ≥12m na data-base efetiva (proxy:data_assinatura) [TEMPORAL_CANDIDATE_BY_PROXY],Regime 14.133 provável (ano/PNCP/menção) mas não comprovado em documento oficial | data-base exata do orçamento ausente — cálculo preciso bloqueado | maturidade_temporal_insuficiente,clausula_reajuste | data_base_orcamento_estimado | indice_ou_formula | texto_oficial_contrato_edital | medicoes | apostilas | memoria_reajuste,Oportunidade provável — enriquecer contato e documentos antes da abordagem.,Oportunidade provável — enriquecer contato e documentos antes da abordagem.,"Não afirmar valor devido, inadimplemento, crédito constituído ou reajuste definitivamente não pago sem verificação documental completa e revisão humana registrada.",Oportunidade provável — enriquecer contato e documentos antes da abordagem.,Enriquecer contato empresarial; manter na fila de leads prioritários.,"Saldo/medições indisponíveis — valor sobre total é teto teórico, não valor devido. | indice_contratual_ausente — não aplicar IPCA/INCC/SINAPI por plausibilidade",,,,False,True
380,LIKELY_ADJUSTMENT_OPPORTUNITY,DOCUMENT_REQUEST_CANDIDATE,SUL_SC_PRIORITY,64.48,90.0,17.5,78.0,64.48,sede_ou_execucao_sul | interregno_conservador_gt_12m | multi_contratos=2 | regime_14133_provavel_ou_comprovado,04227677000118,CONSTRUTORA EXITO LTDA,,Curitiba,PR,True,,,,2,PREFEITURA MUNICIPAL DE SAO JOSE DOS PINHAIS | TRIBUNAL DE JUSTIÇA ESTADO DO PARANA,17294900.0,77821841000194-2-000176/2024,TRIBUNAL DE JUSTIÇA ESTADO DO PARANA,LEGAL_REGIME_UNKNOWN,LIKELY_ADJUSTMENT_OPPORTUNITY,obra_classificada_conf=0.60 | fornecedor_privado | obrigacao_financeira_potencialmente_aberta | regime_14133_altamente_provavel | interregno_conservador_por_assinatura_gt_12m | document_request_parallel_action | Objeto classificado como edificacoes (conf=0.60) | Interregno mínimo conservador confirmado (level=B_CONSERVATIVE_SIGNATURE_GT_12M; proxy=data_assinatura) | Interregno ≥12m na data-base efetiva (proxy:data_assinatura) [TEMPORAL_CANDIDATE_BY_PROXY],Regime 14.133 provável (ano/PNCP/menção) mas não comprovado em documento oficial | data-base exata do orçamento ausente — cálculo preciso bloqueado | maturidade_temporal_insuficiente,clausula_reajuste | data_base_orcamento_estimado | indice_ou_formula | texto_oficial_contrato_edital | medicoes | apostilas | memoria_reajuste,Oportunidade provável — enriquecer contato e documentos antes da abordagem.,Oportunidade provável — enriquecer contato e documentos antes da abordagem.,"Não afirmar valor devido, inadimplemento, crédito constituído ou reajuste definitivamente não pago sem verificação documental completa e revisão humana registrada.",Oportunidade provável — enriquecer contato e documentos antes da abordagem.,Enriquecer contato empresarial; manter na fila de leads prioritários.,"Saldo/medições indisponíveis — valor sobre total é teto teórico, não valor devido. | indice_contratual_ausente — não aplicar IPCA/INCC/SINAPI por plausibilidade",,,,False,True
381,LIKELY_ADJUSTMENT_OPPORTUNITY,DOCUMENT_REQUEST_CANDIDATE,SUL_SC_PRIORITY,64.48,90.0,17.5,71.0,64.48,sede_ou_execucao_sul | interregno_conservador_gt_12m | multi_contratos=3 | regime_14133_provavel_ou_comprovado,24996769000170,BUHRING CONSTRUCOES LTDA,,Curitiba,PR,True,,,,3,INST. FED. DO PARANÁ / CAMPUS COLOMBO | TRIBUNAL DE JUSTIÇA ESTADO DO PARANA,26155421.07,77821841000194-2-000169/2024,TRIBUNAL DE JUSTIÇA ESTADO DO PARANA,LEGAL_REGIME_UNKNOWN,LIKELY_ADJUSTMENT_OPPORTUNITY,obra_classificada_conf=0.60 | fornecedor_privado | obrigacao_financeira_potencialmente_aberta | regime_14133_altamente_provavel | interregno_conservador_por_assinatura_gt_12m | document_request_parallel_action | Objeto classificado como edificacoes (conf=0.60) | Interregno mínimo conservador confirmado (level=B_CONSERVATIVE_SIGNATURE_GT_12M; proxy=data_assinatura) | Interregno ≥12m na data-base efetiva (proxy:data_assinatura) [TEMPORAL_CANDIDATE_BY_PROXY],Regime 14.133 provável (ano/PNCP/menção) mas não comprovado em documento oficial | data-base exata do orçamento ausente — cálculo preciso bloqueado,clausula_reajuste | data_base_orcamento_estimado | indice_ou_formula | texto_oficial_contrato_edital | medicoes | apostilas | memoria_reajuste,Oportunidade provável — enriquecer contato e documentos antes da abordagem.,Oportunidade provável — enriquecer contato e documentos antes da abordagem.,"Não afirmar valor devido, inadimplemento, crédito constituído ou reajuste definitivamente não pago sem verificação documental completa e revisão humana registrada.",Oportunidade provável — enriquecer contato e documentos antes da abordagem.,Enriquecer contato empresarial; manter na fila de leads prioritários.,"Saldo/medições indisponíveis — valor sobre total é teto teórico, não valor devido. | indice_contratual_ausente — não aplicar IPCA/INCC/SINAPI por plausibilidade",,,,False,True
382,LIKELY_ADJUSTMENT_OPPORTUNITY,DOCUMENT_REQUEST_CANDIDATE,SUL_SC_PRIORITY,64.46,90.0,17.5,71.0,64.46,sede_ou_execucao_sul | interregno_conservador_gt_12m | regime_14133_provavel_ou_comprovado,10338548000108,AOT AMBIENTAL E EMPREENDIMENTOS TECNICOS LTDA,,São Leopoldo,RS,True,,,,1,Prefeitura Municipal de São Leopoldo,8630700.0,89814693000160-2-000011/2024,Prefeitura Municipal de São Leopoldo,LEGAL_REGIME_UNKNOWN,LIKELY_ADJUSTMENT_OPPORTUNITY,obra_classificada_conf=0.60 | fornecedor_privado | obrigacao_financeira_potencialmente_aberta | regime_14133_altamente_provavel | interregno_conservador_por_assinatura_gt_12m | document_request_parallel_action | Objeto classificado como obras_engenharia_geral (conf=0.60) | Interregno mínimo conservador confirmado (level=B_CONSERVATIVE_SIGNATURE_GT_12M; proxy=data_assinatura) | Interregno ≥12m na data-base efetiva (proxy:data_assinatura) [TEMPORAL_CANDIDATE_BY_PROXY],Regime 14.133 provável (ano/PNCP/menção) mas não comprovado em documento oficial | data-base exata do orçamento ausente — cálculo preciso bloqueado,clausula_reajuste | data_base_orcamento_estimado | indice_ou_formula | texto_oficial_contrato_edital | medicoes | apostilas | memoria_reajuste,Oportunidade provável — enriquecer contato e documentos antes da abordagem.,Oportunidade provável — enriquecer contato e documentos antes da abordagem.,"Não afirmar valor devido, inadimplemento, crédito constituído ou reajuste definitivamente não pago sem verificação documental completa e revisão humana registrada.",Oportunidade provável — enriquecer contato e documentos antes da abordagem.,Enriquecer contato empresarial; manter na fila de leads prioritários.,"Saldo/medições indisponíveis — valor sobre total é teto teórico, não valor devido. | indice_contratual_ausente — não aplicar IPCA/INCC/SINAPI por plausibilidade",,,,False,True
383,LIKELY_ADJUSTMENT_OPPORTUNITY,DOCUMENT_REQUEST_CANDIDATE,SUL_SC_PRIORITY,64.41,90.0,17.5,76.6,64.41,sede_ou_execucao_sul | interregno_conservador_gt_12m | multi_contratos=3 | regime_14133_provavel_ou_comprovado,34906493000145,ARQUIPAR SERVICOS DE OBRAS LTDA,,PONTA GROSSA,PR,True,,,,3,FUNDEPAR - Instituto Paranaense de Desenvolvimento Educacional | INSTITUTO PARAN.DESENVOLVIMENTO EDUCACIONAL | PREFEITURA MUNICIPAL DE JAGUARIAÍVA - PR,35698161.739999995,76910900000138-2-000010/2025,PREFEITURA MUNICIPAL DE JAGUARIAÍVA - PR,LEGAL_REGIME_UNKNOWN,LIKELY_ADJUSTMENT_OPPORTUNITY,obra_classificada_conf=0.60 | fornecedor_privado | obrigacao_financeira_potencialmente_aberta | regime_14133_altamente_provavel | interregno_conservador_por_assinatura_gt_12m | document_request_parallel_action | Objeto classificado como edificacoes (conf=0.60) | Interregno mínimo conservador confirmado (level=B_CONSERVATIVE_SIGNATURE_GT_12M; proxy=data_assinatura) | Interregno ≥12m na data-base efetiva (proxy:data_assinatura) [TEMPORAL_CANDIDATE_BY_PROXY],Regime 14.133 provável (ano/PNCP/menção) mas não comprovado em documento oficial | data-base exata do orçamento ausente — cálculo preciso bloqueado | maturidade_temporal_insuficiente,clausula_reajuste | data_base_orcamento_estimado | indice_ou_formula | texto_oficial_contrato_edital | medicoes | apostilas | memoria_reajuste,Oportunidade provável — enriquecer contato e documentos antes da abordagem.,Oportunidade provável — enriquecer contato e documentos antes da abordagem.,"Não afirmar valor devido, inadimplemento, crédito constituído ou reajuste definitivamente não pago sem verificação documental completa e revisão humana registrada.",Oportunidade provável — enriquecer contato e documentos antes da abordagem.,Enriquecer contato empresarial; manter na fila de leads prioritários.,"Saldo/medições indisponíveis — valor sobre total é teto teórico, não valor devido. | indice_contratual_ausente — não aplicar IPCA/INCC/SINAPI por plausibilidade",,,,False,True
384,LIKELY_ADJUSTMENT_OPPORTUNITY,DOCUMENT_REQUEST_CANDIDATE,SUL_SC_PRIORITY,64.4,90.0,17.5,71.0,64.4,sede_ou_execucao_sul | interregno_conservador_gt_12m | regime_14133_provavel_ou_comprovado,10930417000107,MOBER CONSTRUCOES LTDA,,Relvado,RS,True,,,,1,Município de Relvado,8195000.0,92402510000103-2-000270/2025,Município de Relvado,LEGAL_REGIME_UNKNOWN,LIKELY_ADJUSTMENT_OPPORTUNITY,obra_classificada_conf=0.60 | fornecedor_privado | obrigacao_financeira_potencialmente_aberta | regime_14133_altamente_provavel | interregno_conservador_por_assinatura_gt_12m | document_request_parallel_action | Objeto classificado como edificacoes (conf=0.60) | Interregno mínimo conservador confirmado (level=B_CONSERVATIVE_SIGNATURE_GT_12M; proxy=data_assinatura) | Interregno ≥12m na data-base efetiva (proxy:data_assinatura) [TEMPORAL_CANDIDATE_BY_PROXY],Regime 14.133 provável (ano/PNCP/menção) mas não comprovado em documento oficial | data-base exata do orçamento ausente — cálculo preciso bloqueado,clausula_reajuste | data_base_orcamento_estimado | indice_ou_formula | texto_oficial_contrato_edital | medicoes | apostilas | memoria_reajuste,Oportunidade provável — enriquecer contato e documentos antes da abordagem.,Oportunidade provável — enriquecer contato e documentos antes da abordagem.,"Não afirmar valor devido, inadimplemento, crédito constituído ou reajuste definitivamente não pago sem verificação documental completa e revisão humana registrada.",Oportunidade provável — enriquecer contato e documentos antes da abordagem.,Enriquecer contato empresarial; manter na fila de leads prioritários.,"Saldo/medições indisponíveis — valor sobre total é teto teórico, não valor devido. | indice_contratual_ausente — não aplicar IPCA/INCC/SINAPI por plausibilidade",,,,False,True
385,LIKELY_ADJUSTMENT_OPPORTUNITY,DOCUMENT_REQUEST_CANDIDATE,SUL_SC_PRIORITY,64.4,90.0,17.5,71.0,64.4,sede_ou_execucao_sul | interregno_conservador_gt_12m | multi_contratos=2 | regime_14133_provavel_ou_comprovado,27323890000129,ARTEM ENGENHARIA E CONSTRUCOES LTDA,,Lajeado,RS,True,,,,2,PREFEITURA MUNICIPAL DE LAJEADO,16058777.76,87297982000103-2-000004/2023,PREFEITURA MUNICIPAL DE LAJEADO,LEGAL_REGIME_UNKNOWN,LIKELY_ADJUSTMENT_OPPORTUNITY,obra_classificada_conf=0.60 | fornecedor_privado | obrigacao_financeira_potencialmente_aberta | regime_14133_altamente_provavel | interregno_conservador_por_assinatura_gt_12m | document_request_parallel_action | Objeto classificado como edificacoes (conf=0.60) | Interregno mínimo conservador confirmado (level=B_CONSERVATIVE_SIGNATURE_GT_12M; proxy=data_assinatura) | Interregno ≥12m na data-base efetiva (proxy:data_assinatura) [TEMPORAL_CANDIDATE_BY_PROXY],Regime 14.133 provável (ano/PNCP/menção) mas não comprovado em documento oficial | data-base exata do orçamento ausente — cálculo preciso bloqueado,clausula_reajuste | data_base_orcamento_estimado | indice_ou_formula | texto_oficial_contrato_edital | medicoes | apostilas | memoria_reajuste,Oportunidade provável — enriquecer contato e documentos antes da abordagem.,Oportunidade provável — enriquecer contato e documentos antes da abordagem.,"Não afirmar valor devido, inadimplemento, crédito constituído ou reajuste definitivamente não pago sem verificação documental completa e revisão humana registrada.",Oportunidade provável — enriquecer contato e documentos antes da abordagem.,Enriquecer contato empresarial; manter na fila de leads prioritários.,"Saldo/medições indisponíveis — valor sobre total é teto teórico, não valor devido. | indice_contratual_ausente — não aplicar IPCA/INCC/SINAPI por plausibilidade",,,,False,True
386,LIKELY_ADJUSTMENT_OPPORTUNITY,DOCUMENT_REQUEST_CANDIDATE,SUL_SC_PRIORITY,64.39,90.0,17.5,71.0,64.39,sede_ou_execucao_sul | interregno_conservador_gt_12m | regime_14133_provavel_ou_comprovado,15243088000140,LOWEMETAL SERVICOS METALURGICOS LTDA,,Santa Helena,PR,True,,,,1,Central de Coordenação de Obras,8115000.0,76206457000119-2-000180/2024,Central de Coordenação de Obras,LEGAL_REGIME_UNKNOWN,LIKELY_ADJUSTMENT_OPPORTUNITY,obra_classificada_conf=0.60 | fornecedor_privado | obrigacao_financeira_potencialmente_aberta | regime_14133_altamente_provavel | interregno_conservador_por_assinatura_gt_12m | document_request_parallel_action | Objeto classificado como edificacoes (conf=0.60) | Interregno mínimo conservador confirmado (level=B_CONSERVATIVE_SIGNATURE_GT_12M; proxy=data_assinatura) | Interregno ≥12m na data-base efetiva (proxy:data_assinatura) [TEMPORAL_CANDIDATE_BY_PROXY],Regime 14.133 provável (ano/PNCP/menção) mas não comprovado em documento oficial | data-base exata do orçamento ausente — cálculo preciso bloqueado,clausula_reajuste | data_base_orcamento_estimado | indice_ou_formula | texto_oficial_contrato_edital | medicoes | apostilas | memoria_reajuste,Oportunidade provável — enriquecer contato e documentos antes da abordagem.,Oportunidade provável — enriquecer contato e documentos antes da abordagem.,"Não afirmar valor devido, inadimplemento, crédito constituído ou reajuste definitivamente não pago sem verificação documental completa e revisão humana registrada.",Oportunidade provável — enriquecer contato e documentos antes da abordagem.,Enriquecer contato empresarial; manter na fila de leads prioritários.,"Saldo/medições indisponíveis — valor sobre total é teto teórico, não valor devido. | indice_contratual_ausente — não aplicar IPCA/INCC/SINAPI por plausibilidade",,,,False,True
387,LIKELY_ADJUSTMENT_OPPORTUNITY,DOCUMENT_REQUEST_CANDIDATE,SUL_SC_PRIORITY,64.38,90.0,17.5,71.0,64.38,sede_ou_execucao_sul | interregno_conservador_gt_12m | regime_14133_provavel_ou_comprovado,19585028000166,Ethica Serviços de Engenharia e Construção LTDA,,Ponta Grossa,PR,True,,,,1,Unidade administrativa,8000000.0,76175884000187-2-000140/2024,Unidade administrativa,LEGAL_REGIME_UNKNOWN,LIKELY_ADJUSTMENT_OPPORTUNITY,obra_classificada_conf=0.60 | fornecedor_privado | obrigacao_financeira_potencialmente_aberta | regime_14133_altamente_provavel | interregno_conservador_por_assinatura_gt_12m | document_request_parallel_action | Objeto classificado como obras_engenharia_geral (conf=0.60) | Interregno mínimo conservador confirmado (level=B_CONSERVATIVE_SIGNATURE_GT_12M; proxy=data_assinatura) | Interregno ≥12m na data-base efetiva (proxy:data_assinatura) [TEMPORAL_CANDIDATE_BY_PROXY],Regime 14.133 provável (ano/PNCP/menção) mas não comprovado em documento oficial | data-base exata do orçamento ausente — cálculo preciso bloqueado,clausula_reajuste | data_base_orcamento_estimado | indice_ou_formula | texto_oficial_contrato_edital | medicoes | apostilas | memoria_reajuste,Oportunidade provável — enriquecer contato e documentos antes da abordagem.,Oportunidade provável — enriquecer contato e documentos antes da abordagem.,"Não afirmar valor devido, inadimplemento, crédito constituído ou reajuste definitivamente não pago sem verificação documental completa e revisão humana registrada.",Oportunidade provável — enriquecer contato e documentos antes da abordagem.,Enriquecer contato empresarial; manter na fila de leads prioritários.,"Saldo/medições indisponíveis — valor sobre total é teto teórico, não valor devido. | indice_contratual_ausente — não aplicar IPCA/INCC/SINAPI por plausibilidade",,,,False,True
388,LIKELY_ADJUSTMENT_OPPORTUNITY,DOCUMENT_REQUEST_CANDIDATE,SUL_SC_PRIORITY,64.28,90.0,17.5,71.0,64.28,sede_ou_execucao_sul | interregno_conservador_gt_12m | multi_contratos=2 | regime_14133_provavel_ou_comprovado,33438364000107,BS CONSTRUCOES E REFORMAS LTDA,,PAROBE,RS,True,,,,2,Fundo Municipal de Saúde | Prefeitura Municipal de São Leopoldo,12371523.18,88379763000136-2-000052/2025,Fundo Municipal de Saúde,LEGAL_REGIME_UNKNOWN,LIKELY_ADJUSTMENT_OPPORTUNITY,obra_classificada_conf=0.60 | fornecedor_privado | obrigacao_financeira_potencialmente_aberta | regime_14133_altamente_provavel | interregno_conservador_por_assinatura_gt_12m | document_request_parallel_action | Objeto classificado como obras_engenharia_geral (conf=0.60) | Interregno mínimo conservador confirmado (level=B_CONSERVATIVE_SIGNATURE_GT_12M; proxy=data_assinatura) | Interregno ≥12m na data-base efetiva (proxy:data_assinatura) [TEMPORAL_CANDIDATE_BY_PROXY],Regime 14.133 provável (ano/PNCP/menção) mas não comprovado em documento oficial | data-base exata do orçamento ausente — cálculo preciso bloqueado | maturidade_temporal_insuficiente,clausula_reajuste | data_base_orcamento_estimado | indice_ou_formula | texto_oficial_contrato_edital | medicoes | apostilas | memoria_reajuste,Oportunidade provável — enriquecer contato e documentos antes da abordagem.,Oportunidade provável — enriquecer contato e documentos antes da abordagem.,"Não afirmar valor devido, inadimplemento, crédito constituído ou reajuste definitivamente não pago sem verificação documental completa e revisão humana registrada.",Oportunidade provável — enriquecer contato e documentos antes da abordagem.,Enriquecer contato empresarial; manter na fila de leads prioritários.,"Saldo/medições indisponíveis — valor sobre total é teto teórico, não valor devido. | indice_contratual_ausente — não aplicar IPCA/INCC/SINAPI por plausibilidade",,,,False,True
389,LIKELY_ADJUSTMENT_OPPORTUNITY,DOCUMENT_REQUEST_CANDIDATE,SUL_SC_PRIORITY,64.25,90.0,17.5,71.0,64.25,sede_ou_execucao_sul | interregno_conservador_gt_12m | regime_14133_provavel_ou_comprovado,73750663000105,CONSTRUCOES E INCORPORACOES ROMANI LTDA,,MARAU,RS,True,,,,1,PREFEITURA MUNICIPAL DE MARAU,7083125.27,87599122000124-2-000126/2024,PREFEITURA MUNICIPAL DE MARAU,LEGAL_REGIME_UNKNOWN,LIKELY_ADJUSTMENT_OPPORTUNITY,obra_classificada_conf=0.60 | fornecedor_privado | obrigacao_financeira_potencialmente_aberta | regime_14133_altamente_provavel | interregno_conservador_por_assinatura_gt_12m | document_request_parallel_action | Objeto classificado como obras_engenharia_geral (conf=0.60) | Interregno mínimo conservador confirmado (level=B_CONSERVATIVE_SIGNATURE_GT_12M; proxy=data_assinatura) | Interregno ≥12m na data-base efetiva (proxy:data_assinatura) [TEMPORAL_CANDIDATE_BY_PROXY],Regime 14.133 provável (ano/PNCP/menção) mas não comprovado em documento oficial | data-base exata do orçamento ausente — cálculo preciso bloqueado,clausula_reajuste | data_base_orcamento_estimado | indice_ou_formula | texto_oficial_contrato_edital | medicoes | apostilas | memoria_reajuste,Oportunidade provável — enriquecer contato e documentos antes da abordagem.,Oportunidade provável — enriquecer contato e documentos antes da abordagem.,"Não afirmar valor devido, inadimplemento, crédito constituído ou reajuste definitivamente não pago sem verificação documental completa e revisão humana registrada.",Oportunidade provável — enriquecer contato e documentos antes da abordagem.,Enriquecer contato empresarial; manter na fila de leads prioritários.,"Saldo/medições indisponíveis — valor sobre total é teto teórico, não valor devido. | indice_contratual_ausente — não aplicar IPCA/INCC/SINAPI por plausibilidade",,,,False,True
390,LIKELY_ADJUSTMENT_OPPORTUNITY,DOCUMENT_REQUEST_CANDIDATE,SUL_SC_PRIORITY,64.23,90.0,17.5,71.0,64.23,sede_ou_execucao_sul | interregno_conservador_gt_12m | regime_14133_provavel_ou_comprovado,10894217000146,ESTABILIZE ENGENHARIA GEOTECNICA E FUNDACOES LTDA,,PINHAIS,PR,True,,,,1,SUP. REG. DO DNIT NO ESTADO DO PARANA,6940858.28,04892707000100-2-000189/2025,SUP. REG. DO DNIT NO ESTADO DO PARANA,LEGAL_REGIME_UNKNOWN,LIKELY_ADJUSTMENT_OPPORTUNITY,obra_classificada_conf=0.60 | fornecedor_privado | obrigacao_financeira_potencialmente_aberta | regime_14133_altamente_provavel | interregno_conservador_por_assinatura_gt_12m | document_request_parallel_action | Objeto classificado como obras_engenharia_geral (conf=0.60) | Interregno mínimo conservador confirmado (level=B_CONSERVATIVE_SIGNATURE_GT_12M; proxy=data_assinatura) | Interregno ≥12m na data-base efetiva (proxy:data_assinatura) [TEMPORAL_CANDIDATE_BY_PROXY],Regime 14.133 provável (ano/PNCP/menção) mas não comprovado em documento oficial | data-base exata do orçamento ausente — cálculo preciso bloqueado,clausula_reajuste | data_base_orcamento_estimado | indice_ou_formula | texto_oficial_contrato_edital | medicoes | apostilas | memoria_reajuste,Oportunidade provável — enriquecer contato e documentos antes da abordagem.,Oportunidade provável — enriquecer contato e documentos antes da abordagem.,"Não afirmar valor devido, inadimplemento, crédito constituído ou reajuste definitivamente não pago sem verificação documental completa e revisão humana registrada.",Oportunidade provável — enriquecer contato e documentos antes da abordagem.,Enriquecer contato empresarial; manter na fila de leads prioritários.,"Saldo/medições indisponíveis — valor sobre total é teto teórico, não valor devido. | indice_contratual_ausente — não aplicar IPCA/INCC/SINAPI por plausibilidade",,,,False,True
391,LIKELY_ADJUSTMENT_OPPORTUNITY,DOCUMENT_REQUEST_CANDIDATE,SUL_SC_PRIORITY,64.16,90.0,17.5,76.6,64.16,sede_ou_execucao_sul | interregno_conservador_gt_12m | multi_contratos=2 | regime_14133_provavel_ou_comprovado,18825294000156,SED EDIFICACOES CONSTRUCAO CIVIL LTDA,,Santo Antônio da Platina,PR,True,,,,2,Escolas Municipais de Ensino Fundamental | Gabinete Secret. Municipal de Educação,15469000.0,76968627000100-2-000030/2023,Escolas Municipais de Ensino Fundamental,LEGAL_REGIME_UNKNOWN,LIKELY_ADJUSTMENT_OPPORTUNITY,obra_classificada_conf=0.60 | fornecedor_privado | obrigacao_financeira_potencialmente_aberta | regime_14133_altamente_provavel | interregno_conservador_por_assinatura_gt_12m | document_request_parallel_action | Objeto classificado como edificacoes (conf=0.60) | Interregno mínimo conservador confirmado (level=B_CONSERVATIVE_SIGNATURE_GT_12M; proxy=data_assinatura) | Interregno ≥12m na data-base efetiva (proxy:data_assinatura) [TEMPORAL_CANDIDATE_BY_PROXY],Regime 14.133 provável (ano/PNCP/menção) mas não comprovado em documento oficial | data-base exata do orçamento ausente — cálculo preciso bloqueado | maturidade_temporal_insuficiente,clausula_reajuste | data_base_orcamento_estimado | indice_ou_formula | texto_oficial_contrato_edital | medicoes | apostilas | memoria_reajuste,Oportunidade provável — enriquecer contato e documentos antes da abordagem.,Oportunidade provável — enriquecer contato e documentos antes da abordagem.,"Não afirmar valor devido, inadimplemento, crédito constituído ou reajuste definitivamente não pago sem verificação documental completa e revisão humana registrada.",Oportunidade provável — enriquecer contato e documentos antes da abordagem.,Enriquecer contato empresarial; manter na fila de leads prioritários.,"Saldo/medições indisponíveis — valor sobre total é teto teórico, não valor devido. | indice_contratual_ausente — não aplicar IPCA/INCC/SINAPI por plausibilidade",,,,False,True
392,LIKELY_ADJUSTMENT_OPPORTUNITY,DOCUMENT_REQUEST_CANDIDATE,SUL_SC_PRIORITY,64.14,90.0,17.5,71.0,64.14,sede_ou_execucao_sul | interregno_conservador_gt_12m | regime_14133_provavel_ou_comprovado,36440893000133,PAVING BETON TECH LTDA,,Alvorada,RS,True,,,,1,SMOI - DEPARTAMENTO DE INFRAESTRUTURA,6321000.0,88000906000157-2-000001/2024,SMOI - DEPARTAMENTO DE INFRAESTRUTURA,LEGAL_REGIME_UNKNOWN,LIKELY_ADJUSTMENT_OPPORTUNITY,obra_classificada_conf=0.60 | fornecedor_privado | obrigacao_financeira_potencialmente_aberta | regime_14133_altamente_provavel | interregno_conservador_por_assinatura_gt_12m | document_request_parallel_action | Objeto classificado como pavimentacao_rodoviaria (conf=0.60) | Interregno mínimo conservador confirmado (level=B_CONSERVATIVE_SIGNATURE_GT_12M; proxy=data_assinatura) | Interregno ≥12m na data-base efetiva (proxy:data_assinatura) [TEMPORAL_CANDIDATE_BY_PROXY],Regime 14.133 provável (ano/PNCP/menção) mas não comprovado em documento oficial | data-base exata do orçamento ausente — cálculo preciso bloqueado,clausula_reajuste | data_base_orcamento_estimado | indice_ou_formula | texto_oficial_contrato_edital | medicoes | apostilas | memoria_reajuste,Oportunidade provável — enriquecer contato e documentos antes da abordagem.,Oportunidade provável — enriquecer contato e documentos antes da abordagem.,"Não afirmar valor devido, inadimplemento, crédito constituído ou reajuste definitivamente não pago sem verificação documental completa e revisão humana registrada.",Oportunidade provável — enriquecer contato e documentos antes da abordagem.,Enriquecer contato empresarial; manter na fila de leads prioritários.,"Saldo/medições indisponíveis — valor sobre total é teto teórico, não valor devido. | indice_contratual_ausente — não aplicar IPCA/INCC/SINAPI por plausibilidade",,,,False,True
393,LIKELY_ADJUSTMENT_OPPORTUNITY,DOCUMENT_REQUEST_CANDIDATE,SUL_SC_PRIORITY,64.13,90.0,17.5,71.0,64.13,sede_ou_execucao_sul | interregno_conservador_gt_12m | regime_14133_provavel_ou_comprovado,01114245000102,Connector Engenharia LTDA,,Curitiba,PR,True,,,,1,TRIBUNAL DE CONTAS DO ESTADO DO PARANÁ,6289000.0,77996312000121-2-000006/2024,TRIBUNAL DE CONTAS DO ESTADO DO PARANÁ,LEGAL_REGIME_UNKNOWN,LIKELY_ADJUSTMENT_OPPORTUNITY,obra_classificada_conf=0.60 | fornecedor_privado | obrigacao_financeira_potencialmente_aberta | regime_14133_altamente_provavel | interregno_conservador_por_assinatura_gt_12m | document_request_parallel_action | Objeto classificado como edificacoes (conf=0.60) | Interregno mínimo conservador confirmado (level=B_CONSERVATIVE_SIGNATURE_GT_12M; proxy=data_assinatura) | Interregno ≥12m na data-base efetiva (proxy:data_assinatura) [TEMPORAL_CANDIDATE_BY_PROXY],Regime 14.133 provável (ano/PNCP/menção) mas não comprovado em documento oficial | data-base exata do orçamento ausente — cálculo preciso bloqueado,clausula_reajuste | data_base_orcamento_estimado | indice_ou_formula | texto_oficial_contrato_edital | medicoes | apostilas | memoria_reajuste,Oportunidade provável — enriquecer contato e documentos antes da abordagem.,Oportunidade provável — enriquecer contato e documentos antes da abordagem.,"Não afirmar valor devido, inadimplemento, crédito constituído ou reajuste definitivamente não pago sem verificação documental completa e revisão humana registrada.",Oportunidade provável — enriquecer contato e documentos antes da abordagem.,Enriquecer contato empresarial; manter na fila de leads prioritários.,"Saldo/medições indisponíveis — valor sobre total é teto teórico, não valor devido. | indice_contratual_ausente — não aplicar IPCA/INCC/SINAPI por plausibilidade",,,,False,True
394,LIKELY_ADJUSTMENT_OPPORTUNITY,DOCUMENT_REQUEST_CANDIDATE,SUL_SC_PRIORITY,64.12,90.0,17.5,71.0,64.12,sede_ou_execucao_sul | interregno_conservador_gt_12m | regime_14133_provavel_ou_comprovado,17124685000180,G. A. MORETTI CONSTRUCOES CIVIS LTDA,,Pinhais,PR,True,,,,1,Fundo Municipal de Saúde,6197845.0,95423000000100-2-000028/2025,Fundo Municipal de Saúde,LEGAL_REGIME_UNKNOWN,LIKELY_ADJUSTMENT_OPPORTUNITY,obra_classificada_conf=0.60 | fornecedor_privado | obrigacao_financeira_potencialmente_aberta | regime_14133_altamente_provavel | interregno_conservador_por_assinatura_gt_12m | document_request_parallel_action | Objeto classificado como obras_engenharia_geral (conf=0.60) | Interregno mínimo conservador confirmado (level=B_CONSERVATIVE_SIGNATURE_GT_12M; proxy=data_assinatura) | Interregno ≥12m na data-base efetiva (proxy:data_assinatura) [TEMPORAL_CANDIDATE_BY_PROXY],Regime 14.133 provável (ano/PNCP/menção) mas não comprovado em documento oficial | data-base exata do orçamento ausente — cálculo preciso bloqueado,clausula_reajuste | data_base_orcamento_estimado | indice_ou_formula | texto_oficial_contrato_edital | medicoes | apostilas | memoria_reajuste,Oportunidade provável — enriquecer contato e documentos antes da abordagem.,Oportunidade provável — enriquecer contato e documentos antes da abordagem.,"Não afirmar valor devido, inadimplemento, crédito constituído ou reajuste definitivamente não pago sem verificação documental completa e revisão humana registrada.",Oportunidade provável — enriquecer contato e documentos antes da abordagem.,Enriquecer contato empresarial; manter na fila de leads prioritários.,"Saldo/medições indisponíveis — valor sobre total é teto teórico, não valor devido. | indice_contratual_ausente — não aplicar IPCA/INCC/SINAPI por plausibilidade",,,,False,True
395,LIKELY_ADJUSTMENT_OPPORTUNITY,DOCUMENT_REQUEST_CANDIDATE,SUL_SC_PRIORITY,64.09,90.0,17.5,76.6,64.09,sede_ou_execucao_sul | interregno_conservador_gt_12m | multi_contratos=2 | regime_14133_provavel_ou_comprovado,27559090000101,VINCERE ENGENHARIA E CONSTRUCOES LTDA,,Lajeado,RS,True,,,,2,PREFEITURA MUNICIPAL DE LAJEADO,15481190.870000001,87297982000103-2-000067/2025,PREFEITURA MUNICIPAL DE LAJEADO,LEGAL_REGIME_UNKNOWN,LIKELY_ADJUSTMENT_OPPORTUNITY,obra_classificada_conf=0.60 | fornecedor_privado | obrigacao_financeira_potencialmente_aberta | regime_14133_altamente_provavel | interregno_conservador_por_assinatura_gt_12m | document_request_parallel_action | Objeto classificado como obras_engenharia_geral (conf=0.60) | Interregno mínimo conservador confirmado (level=B_CONSERVATIVE_SIGNATURE_GT_12M; proxy=data_assinatura) | Interregno ≥12m na data-base efetiva (proxy:data_assinatura) [TEMPORAL_CANDIDATE_BY_PROXY],Regime 14.133 provável (ano/PNCP/menção) mas não comprovado em documento oficial | data-base exata do orçamento ausente — cálculo preciso bloqueado | maturidade_temporal_insuficiente,clausula_reajuste | data_base_orcamento_estimado | indice_ou_formula | texto_oficial_contrato_edital | medicoes | apostilas | memoria_reajuste,Oportunidade provável — enriquecer contato e documentos antes da abordagem.,Oportunidade provável — enriquecer contato e documentos antes da abordagem.,"Não afirmar valor devido, inadimplemento, crédito constituído ou reajuste definitivamente não pago sem verificação documental completa e revisão humana registrada.",Oportunidade provável — enriquecer contato e documentos antes da abordagem.,Enriquecer contato empresarial; manter na fila de leads prioritários.,"Saldo/medições indisponíveis — valor sobre total é teto teórico, não valor devido. | indice_contratual_ausente — não aplicar IPCA/INCC/SINAPI por plausibilidade",,,,False,True
396,LIKELY_ADJUSTMENT_OPPORTUNITY,DOCUMENT_REQUEST_CANDIDATE,SUL_SC_PRIORITY,64.08,90.0,17.5,71.0,64.08,sede_ou_execucao_sul | interregno_conservador_gt_12m | regime_14133_provavel_ou_comprovado,17747344000161,ADMI COMERCIO DE MATERIAIS DE CONSTRUCAO E CONSTRUCAO CIVIL LTDA,,CURITIBA,PR,True,,,,1,Fundo Municipal de Saúde,5964064.35,95423000000100-2-000109/2024,Fundo Municipal de Saúde,LEGAL_REGIME_UNKNOWN,LIKELY_ADJUSTMENT_OPPORTUNITY,obra_classificada_conf=0.60 | fornecedor_privado | obrigacao_financeira_potencialmente_aberta | regime_14133_altamente_provavel | interregno_conservador_por_assinatura_gt_12m | document_request_parallel_action | Objeto classificado como obras_engenharia_geral (conf=0.60) | Interregno mínimo conservador confirmado (level=B_CONSERVATIVE_SIGNATURE_GT_12M; proxy=data_assinatura) | Interregno ≥12m na data-base efetiva (proxy:data_assinatura) [TEMPORAL_CANDIDATE_BY_PROXY],Regime 14.133 provável (ano/PNCP/menção) mas não comprovado em documento oficial | data-base exata do orçamento ausente — cálculo preciso bloqueado,clausula_reajuste | data_base_orcamento_estimado | indice_ou_formula | texto_oficial_contrato_edital | medicoes | apostilas | memoria_reajuste,Oportunidade provável — enriquecer contato e documentos antes da abordagem.,Oportunidade provável — enriquecer contato e documentos antes da abordagem.,"Não afirmar valor devido, inadimplemento, crédito constituído ou reajuste definitivamente não pago sem verificação documental completa e revisão humana registrada.",Oportunidade provável — enriquecer contato e documentos antes da abordagem.,Enriquecer contato empresarial; manter na fila de leads prioritários.,"Saldo/medições indisponíveis — valor sobre total é teto teórico, não valor devido. | indice_contratual_ausente — não aplicar IPCA/INCC/SINAPI por plausibilidade",,,,False,True
397,LIKELY_ADJUSTMENT_OPPORTUNITY,DOCUMENT_REQUEST_CANDIDATE,SUL_SC_PRIORITY,64.08,95.0,17.5,89.4,64.08,sede_ou_execucao_sul | interregno_conservador_gt_12m | multi_contratos=2 | regime_14133_provavel_ou_comprovado,67718874000150,PENASCAL ENGENHARIA E CONSTRUCAO EIRELI,,GUARUJA,SP,True,,,,2,MUNICÍPIO DE SANTO AMARO DA IMPERATRIZ | Serviço Municipal de Água Saneamento Básico e Infraestrutura - SEMASA,15738812.57,05472936000139-2-000019/2025,Serviço Municipal de Água Saneamento Básico e Infraestrutura - SEMASA,LEGAL_REGIME_UNKNOWN,LIKELY_ADJUSTMENT_OPPORTUNITY,obra_classificada_conf=0.80 | fornecedor_privado | obrigacao_financeira_potencialmente_aberta | regime_14133_altamente_provavel | interregno_conservador_por_assinatura_gt_12m | document_request_parallel_action | Objeto classificado como saneamento_redes (conf=0.80) | Interregno mínimo conservador confirmado (level=B_CONSERVATIVE_SIGNATURE_GT_12M; proxy=data_assinatura) | Interregno ≥12m na data-base efetiva (proxy:data_assinatura) [TEMPORAL_CANDIDATE_BY_PROXY],Regime 14.133 provável (ano/PNCP/menção) mas não comprovado em documento oficial | maturidade_temporal_insuficiente | data-base exata do orçamento ausente — cálculo preciso bloqueado,clausula_reajuste | data_base_orcamento_estimado | indice_ou_formula | texto_oficial_contrato_edital | medicoes | apostilas | memoria_reajuste,Oportunidade provável — enriquecer contato e documentos antes da abordagem.,Oportunidade provável — enriquecer contato e documentos antes da abordagem.,"Não afirmar valor devido, inadimplemento, crédito constituído ou reajuste definitivamente não pago sem verificação documental completa e revisão humana registrada.",Oportunidade provável — enriquecer contato e documentos antes da abordagem.,Enriquecer contato empresarial; manter na fila de leads prioritários.,"Saldo/medições indisponíveis — valor sobre total é teto teórico, não valor devido. | indice_contratual_ausente — não aplicar IPCA/INCC/SINAPI por plausibilidade",,,,False,True
398,LIKELY_ADJUSTMENT_OPPORTUNITY,DOCUMENT_REQUEST_CANDIDATE,SUL_SC_PRIORITY,64.02,90.0,17.5,71.0,64.02,sede_ou_execucao_sul | interregno_conservador_gt_12m | regime_14133_provavel_ou_comprovado,04286939000115,MTK CONSTRUCAO CIVIL LTDA,,SAO LEOPOLDO,RS,True,,,,1,Diretoria de Saúde - Fundo Municipal de Saúde,5599000.0,88254875000160-2-000051/2025,Diretoria de Saúde - Fundo Municipal de Saúde,LEGAL_REGIME_UNKNOWN,LIKELY_ADJUSTMENT_OPPORTUNITY,obra_classificada_conf=0.60 | fornecedor_privado | obrigacao_financeira_potencialmente_aberta | regime_14133_altamente_provavel | interregno_conservador_por_assinatura_gt_12m | document_request_parallel_action | Objeto classificado como obras_engenharia_geral (conf=0.60) | Interregno mínimo conservador confirmado (level=B_CONSERVATIVE_SIGNATURE_GT_12M; proxy=data_assinatura) | Interregno ≥12m na data-base efetiva (proxy:data_assinatura) [TEMPORAL_CANDIDATE_BY_PROXY],Regime 14.133 provável (ano/PNCP/menção) mas não comprovado em documento oficial | data-base exata do orçamento ausente — cálculo preciso bloqueado,clausula_reajuste | data_base_orcamento_estimado | indice_ou_formula | texto_oficial_contrato_edital | medicoes | apostilas | memoria_reajuste,Oportunidade provável — enriquecer contato e documentos antes da abordagem.,Oportunidade provável — enriquecer contato e documentos antes da abordagem.,"Não afirmar valor devido, inadimplemento, crédito constituído ou reajuste definitivamente não pago sem verificação documental completa e revisão humana registrada.",Oportunidade provável — enriquecer contato e documentos antes da abordagem.,Enriquecer contato empresarial; manter na fila de leads prioritários.,"Saldo/medições indisponíveis — valor sobre total é teto teórico, não valor devido. | indice_contratual_ausente — não aplicar IPCA/INCC/SINAPI por plausibilidade",,,,False,True
399,LIKELY_ADJUSTMENT_OPPORTUNITY,DOCUMENT_REQUEST_CANDIDATE,SUL_SC_PRIORITY,64.02,90.0,17.5,71.0,64.02,sede_ou_execucao_sul | interregno_conservador_gt_12m | regime_14133_provavel_ou_comprovado,74823725000116,KMB CONSTRUTORA E INCORPORADORA LTDA,,Porto Alegre,RS,True,,,,1,DIVISÃO DE COMPRAS E CONTRATOS,5570800.0,49429315000148-2-000008/2024,DIVISÃO DE COMPRAS E CONTRATOS,LEGAL_REGIME_UNKNOWN,LIKELY_ADJUSTMENT_OPPORTUNITY,obra_classificada_conf=0.60 | fornecedor_privado | obrigacao_financeira_potencialmente_aberta | regime_14133_altamente_provavel | interregno_conservador_por_assinatura_gt_12m | document_request_parallel_action | Objeto classificado como obras_engenharia_geral (conf=0.60) | Interregno mínimo conservador confirmado (level=B_CONSERVATIVE_SIGNATURE_GT_12M; proxy=data_assinatura) | Interregno ≥12m na data-base efetiva (proxy:data_assinatura) [TEMPORAL_CANDIDATE_BY_PROXY],Regime 14.133 provável (ano/PNCP/menção) mas não comprovado em documento oficial | data-base exata do orçamento ausente — cálculo preciso bloqueado,clausula_reajuste | data_base_orcamento_estimado | indice_ou_formula | texto_oficial_contrato_edital | medicoes | apostilas | memoria_reajuste,Oportunidade provável — enriquecer contato e documentos antes da abordagem.,Oportunidade provável — enriquecer contato e documentos antes da abordagem.,"Não afirmar valor devido, inadimplemento, crédito constituído ou reajuste definitivamente não pago sem verificação documental completa e revisão humana registrada.",Oportunidade provável — enriquecer contato e documentos antes da abordagem.,Enriquecer contato empresarial; manter na fila de leads prioritários.,"Saldo/medições indisponíveis — valor sobre total é teto teórico, não valor devido. | indice_contratual_ausente — não aplicar IPCA/INCC/SINAPI por plausibilidade",,,,False,True
400,LIKELY_ADJUSTMENT_OPPORTUNITY,DOCUMENT_REQUEST_CANDIDATE,SUL_SC_PRIORITY,64.01,90.0,17.5,76.6,64.01,sede_ou_execucao_sul | interregno_conservador_gt_12m | multi_contratos=3 | regime_14133_provavel_ou_comprovado,11478001000162,BC CONSTRUTORA LTDA,,CASCAVEL,PR,True,,,,3,UEPG - Universidade Estadual de Ponta Grossa | UNESPAR - Universidade Estadual do Paraná,18906710.5,80257355000108-2-000326/2024,UEPG - Universidade Estadual de Ponta Grossa,LEGAL_REGIME_UNKNOWN,LIKELY_ADJUSTMENT_OPPORTUNITY,obra_classificada_conf=0.60 | fornecedor_privado | obrigacao_financeira_potencialmente_aberta | regime_14133_altamente_provavel | interregno_conservador_por_assinatura_gt_12m | document_request_parallel_action | Objeto classificado como obras_engenharia_geral (conf=0.60) | Interregno mínimo conservador confirmado (level=B_CONSERVATIVE_SIGNATURE_GT_12M; proxy=data_assinatura) | Interregno ≥12m na data-base efetiva (proxy:data_assinatura) [TEMPORAL_CANDIDATE_BY_PROXY],Regime 14.133 provável (ano/PNCP/menção) mas não comprovado em documento oficial | data-base exata do orçamento ausente — cálculo preciso bloqueado | maturidade_temporal_insuficiente,clausula_reajuste | data_base_orcamento_estimado | indice_ou_formula | texto_oficial_contrato_edital | medicoes | apostilas | memoria_reajuste,Oportunidade provável — enriquecer contato e documentos antes da abordagem.,Oportunidade provável — enriquecer contato e documentos antes da abordagem.,"Não afirmar valor devido, inadimplemento, crédito constituído ou reajuste definitivamente não pago sem verificação documental completa e revisão humana registrada.",Oportunidade provável — enriquecer contato e documentos antes da abordagem.,Enriquecer contato empresarial; manter na fila de leads prioritários.,"Saldo/medições indisponíveis — valor sobre total é teto teórico, não valor devido. | indice_contratual_ausente — não aplicar IPCA/INCC/SINAPI por plausibilidade",,,,False,True
401,LIKELY_ADJUSTMENT_OPPORTUNITY,DOCUMENT_REQUEST_CANDIDATE,SUL_SC_PRIORITY,64.0,90.0,17.5,71.0,64.0,sede_ou_execucao_sul | interregno_conservador_gt_12m | regime_14133_provavel_ou_comprovado,04994418001194,ASSOCIACAO HOSPITALAR VILA NOVA,,Porto Alegre,RS,True,,,,1,SECRETARIA DA SAÚDE DO ESTADO DO RIO GRANDE DO SUL,5449708.68,87958625000149-2-000100/2024,SECRETARIA DA SAÚDE DO ESTADO DO RIO GRANDE DO SUL,LEGAL_REGIME_UNKNOWN,LIKELY_ADJUSTMENT_OPPORTUNITY,obra_classificada_conf=0.60 | fornecedor_privado | obrigacao_financeira_potencialmente_aberta | regime_14133_altamente_provavel | interregno_conservador_por_assinatura_gt_12m | document_request_parallel_action | Objeto classificado como obras_engenharia_geral (conf=0.60) | Interregno mínimo conservador confirmado (level=B_CONSERVATIVE_SIGNATURE_GT_12M; proxy=data_assinatura) | Interregno ≥12m na data-base efetiva (proxy:data_assinatura) [TEMPORAL_CANDIDATE_BY_PROXY],Regime 14.133 provável (ano/PNCP/menção) mas não comprovado em documento oficial | data-base exata do orçamento ausente — cálculo preciso bloqueado,clausula_reajuste | data_base_orcamento_estimado | indice_ou_formula | texto_oficial_contrato_edital | medicoes | apostilas | memoria_reajuste,Oportunidade provável — enriquecer contato e documentos antes da abordagem.,Oportunidade provável — enriquecer contato e documentos antes da abordagem.,"Não afirmar valor devido, inadimplemento, crédito constituído ou reajuste definitivamente não pago sem verificação documental completa e revisão humana registrada.",Oportunidade provável — enriquecer contato e documentos antes da abordagem.,Enriquecer contato empresarial; manter na fila de leads prioritários.,"Saldo/medições indisponíveis — valor sobre total é teto teórico, não valor devido. | indice_contratual_ausente — não aplicar IPCA/INCC/SINAPI por plausibilidade",,,,False,True
402,LIKELY_ADJUSTMENT_OPPORTUNITY,DOCUMENT_REQUEST_CANDIDATE,SUL_SC_PRIORITY,63.99,90.0,17.5,71.0,63.99,sede_ou_execucao_sul | interregno_conservador_gt_12m | regime_14133_provavel_ou_comprovado,46284421000192,VIVENDA CONSTRUTORA E INCORPORADORA LTDA,,MARAU,RS,True,,,,1,PREFEITURA MUNICIPAL DE MARAU,5432000.0,87599122000124-2-000026/2024,PREFEITURA MUNICIPAL DE MARAU,LEGAL_REGIME_UNKNOWN,LIKELY_ADJUSTMENT_OPPORTUNITY,obra_classificada_conf=0.60 | fornecedor_privado | obrigacao_financeira_potencialmente_aberta | regime_14133_altamente_provavel | interregno_conservador_por_assinatura_gt_12m | document_request_parallel_action | Objeto classificado como obras_engenharia_geral (conf=0.60) | Interregno mínimo conservador confirmado (level=B_CONSERVATIVE_SIGNATURE_GT_12M; proxy=data_assinatura) | Interregno ≥12m na data-base efetiva (proxy:data_assinatura) [TEMPORAL_CANDIDATE_BY_PROXY],Regime 14.133 provável (ano/PNCP/menção) mas não comprovado em documento oficial | data-base exata do orçamento ausente — cálculo preciso bloqueado,clausula_reajuste | data_base_orcamento_estimado | indice_ou_formula | texto_oficial_contrato_edital | medicoes | apostilas | memoria_reajuste,Oportunidade provável — enriquecer contato e documentos antes da abordagem.,Oportunidade provável — enriquecer contato e documentos antes da abordagem.,"Não afirmar valor devido, inadimplemento, crédito constituído ou reajuste definitivamente não pago sem verificação documental completa e revisão humana registrada.",Oportunidade provável — enriquecer contato e documentos antes da abordagem.,Enriquecer contato empresarial; manter na fila de leads prioritários.,"Saldo/medições indisponíveis — valor sobre total é teto teórico, não valor devido. | indice_contratual_ausente — não aplicar IPCA/INCC/SINAPI por plausibilidade",,,,False,True
403,LIKELY_ADJUSTMENT_OPPORTUNITY,DOCUMENT_REQUEST_CANDIDATE,SUL_SC_PRIORITY,63.98,90.0,17.5,71.0,63.98,sede_ou_execucao_sul | interregno_conservador_gt_12m | regime_14133_provavel_ou_comprovado,28822480000195,TIGUEN ENGENHARIA E SERVIÇOS LTDA ME,,SAO JOSE DOS PINHAIS,PR,True,,,,1,Departamento de Fiscalização de Obras Públicas,5314550.7,95423000000100-2-000006/2025,Departamento de Fiscalização de Obras Públicas,LEGAL_REGIME_UNKNOWN,LIKELY_ADJUSTMENT_OPPORTUNITY,obra_classificada_conf=0.60 | fornecedor_privado | obrigacao_financeira_potencialmente_aberta | regime_14133_altamente_provavel | interregno_conservador_por_assinatura_gt_12m | document_request_parallel_action | Objeto classificado como obras_engenharia_geral (conf=0.60) | Interregno mínimo conservador confirmado (level=B_CONSERVATIVE_SIGNATURE_GT_12M; proxy=data_assinatura) | Interregno ≥12m na data-base efetiva (proxy:data_assinatura) [TEMPORAL_CANDIDATE_BY_PROXY],Regime 14.133 provável (ano/PNCP/menção) mas não comprovado em documento oficial | data-base exata do orçamento ausente — cálculo preciso bloqueado,clausula_reajuste | data_base_orcamento_estimado | indice_ou_formula | texto_oficial_contrato_edital | medicoes | apostilas | memoria_reajuste,Oportunidade provável — enriquecer contato e documentos antes da abordagem.,Oportunidade provável — enriquecer contato e documentos antes da abordagem.,"Não afirmar valor devido, inadimplemento, crédito constituído ou reajuste definitivamente não pago sem verificação documental completa e revisão humana registrada.",Oportunidade provável — enriquecer contato e documentos antes da abordagem.,Enriquecer contato empresarial; manter na fila de leads prioritários.,"Saldo/medições indisponíveis — valor sobre total é teto teórico, não valor devido. | indice_contratual_ausente — não aplicar IPCA/INCC/SINAPI por plausibilidade",,,,False,True
404,LIKELY_ADJUSTMENT_OPPORTUNITY,DOCUMENT_REQUEST_CANDIDATE,SUL_SC_PRIORITY,63.96,90.0,17.5,71.0,63.96,sede_ou_execucao_sul | interregno_conservador_gt_12m | regime_14133_provavel_ou_comprovado,68848142000147,BOCCHI ADMINISTRADORA DE BENS LTDA,,Santa Izabel do Oeste,PR,True,,,,1,Div. de Industria e Comercio,5199975.0,76205715000142-2-000162/2025,Div. de Industria e Comercio,LEGAL_REGIME_UNKNOWN,LIKELY_ADJUSTMENT_OPPORTUNITY,obra_classificada_conf=0.60 | fornecedor_privado | obrigacao_financeira_potencialmente_aberta | regime_14133_altamente_provavel | interregno_conservador_por_assinatura_gt_12m | document_request_parallel_action | Objeto classificado como edificacoes (conf=0.60) | Interregno mínimo conservador confirmado (level=B_CONSERVATIVE_SIGNATURE_GT_12M; proxy=data_assinatura) | Interregno ≥12m na data-base efetiva (proxy:data_assinatura) [TEMPORAL_CANDIDATE_BY_PROXY],Regime 14.133 provável (ano/PNCP/menção) mas não comprovado em documento oficial | data-base exata do orçamento ausente — cálculo preciso bloqueado,clausula_reajuste | data_base_orcamento_estimado | indice_ou_formula | texto_oficial_contrato_edital | medicoes | apostilas | memoria_reajuste,Oportunidade provável — enriquecer contato e documentos antes da abordagem.,Oportunidade provável — enriquecer contato e documentos antes da abordagem.,"Não afirmar valor devido, inadimplemento, crédito constituído ou reajuste definitivamente não pago sem verificação documental completa e revisão humana registrada.",Oportunidade provável — enriquecer contato e documentos antes da abordagem.,Enriquecer contato empresarial; manter na fila de leads prioritários.,"Saldo/medições indisponíveis — valor sobre total é teto teórico, não valor devido. | indice_contratual_ausente — não aplicar IPCA/INCC/SINAPI por plausibilidade",,,,False,True
405,LIKELY_ADJUSTMENT_OPPORTUNITY,DOCUMENT_REQUEST_CANDIDATE,SUL_SC_PRIORITY,63.95,90.0,17.5,71.0,63.95,sede_ou_execucao_sul | interregno_conservador_gt_12m | regime_14133_provavel_ou_comprovado,03776284000109,SERVIÇO NACIONAL DE APRENDIZAGEM INDUSTRIAL - SENAI,,CURITIBA,PR,True,,,,1,SEJU - Secretaria de Estado da Justiça e Cidadania (Antigo SEJUF),5153760.0,40245920000194-2-000004/2024,SEJU - Secretaria de Estado da Justiça e Cidadania (Antigo SEJUF),LEGAL_REGIME_UNKNOWN,LIKELY_ADJUSTMENT_OPPORTUNITY,obra_classificada_conf=0.60 | fornecedor_privado | obrigacao_financeira_potencialmente_aberta | regime_14133_altamente_provavel | interregno_conservador_por_assinatura_gt_12m | document_request_parallel_action | Objeto classificado como obras_engenharia_geral (conf=0.60) | Interregno mínimo conservador confirmado (level=B_CONSERVATIVE_SIGNATURE_GT_12M; proxy=data_assinatura) | Interregno ≥12m na data-base efetiva (proxy:data_assinatura) [TEMPORAL_CANDIDATE_BY_PROXY],Regime 14.133 provável (ano/PNCP/menção) mas não comprovado em documento oficial | data-base exata do orçamento ausente — cálculo preciso bloqueado,clausula_reajuste | data_base_orcamento_estimado | indice_ou_formula | texto_oficial_contrato_edital | medicoes | apostilas | memoria_reajuste,Oportunidade provável — enriquecer contato e documentos antes da abordagem.,Oportunidade provável — enriquecer contato e documentos antes da abordagem.,"Não afirmar valor devido, inadimplemento, crédito constituído ou reajuste definitivamente não pago sem verificação documental completa e revisão humana registrada.",Oportunidade provável — enriquecer contato e documentos antes da abordagem.,Enriquecer contato empresarial; manter na fila de leads prioritários.,"Saldo/medições indisponíveis — valor sobre total é teto teórico, não valor devido. | indice_contratual_ausente — não aplicar IPCA/INCC/SINAPI por plausibilidade",,,,False,True
406,LIKELY_ADJUSTMENT_OPPORTUNITY,DOCUMENT_REQUEST_CANDIDATE,SUL_SC_PRIORITY,63.95,90.0,17.5,71.0,63.95,sede_ou_execucao_sul | interregno_conservador_gt_12m | multi_contratos=2 | regime_14133_provavel_ou_comprovado,05013406000122,IMUNIZADORA CACHOEIRA EIRELI,,Canoas,RS,True,,,,2,PREFEITURA MUNICIPAL DE CANOAS PREFEITURA MUNICIPAL DE CANOAS,12711130.29,88577416000118-2-000035/2025,PREFEITURA MUNICIPAL DE CANOAS PREFEITURA MUNICIPAL DE CANOAS,LEGAL_REGIME_UNKNOWN,LIKELY_ADJUSTMENT_OPPORTUNITY,obra_classificada_conf=0.60 | fornecedor_privado | obrigacao_financeira_potencialmente_aberta | regime_14133_altamente_provavel | interregno_conservador_por_assinatura_gt_12m | document_request_parallel_action | Objeto classificado como obras_engenharia_geral (conf=0.60) | Interregno mínimo conservador confirmado (level=B_CONSERVATIVE_SIGNATURE_GT_12M; proxy=data_assinatura) | Interregno ≥12m na data-base efetiva (proxy:data_assinatura) [TEMPORAL_CANDIDATE_BY_PROXY],Regime 14.133 provável (ano/PNCP/menção) mas não comprovado em documento oficial | data-base exata do orçamento ausente — cálculo preciso bloqueado | maturidade_temporal_insuficiente,clausula_reajuste | data_base_orcamento_estimado | indice_ou_formula | texto_oficial_contrato_edital | medicoes | apostilas | memoria_reajuste,Oportunidade provável — enriquecer contato e documentos antes da abordagem.,Oportunidade provável — enriquecer contato e documentos antes da abordagem.,"Não afirmar valor devido, inadimplemento, crédito constituído ou reajuste definitivamente não pago sem verificação documental completa e revisão humana registrada.",Oportunidade provável — enriquecer contato e documentos antes da abordagem.,Enriquecer contato empresarial; manter na fila de leads prioritários.,"Saldo/medições indisponíveis — valor sobre total é teto teórico, não valor devido. | indice_contratual_ausente — não aplicar IPCA/INCC/SINAPI por plausibilidade",,,,False,True
407,LIKELY_ADJUSTMENT_OPPORTUNITY,DOCUMENT_REQUEST_CANDIDATE,SUL_SC_PRIORITY,63.92,90.0,17.5,76.6,63.92,sede_ou_execucao_sul | interregno_conservador_gt_12m | multi_contratos=5 | regime_14133_provavel_ou_comprovado,16575350000116,GABAS & LAUXEN ENGENHARIA E CONSTRUÇÃO CIVIL LTDA,,MARINGA,PR,True,,,,5,DEPARTAMENTO DE OBRAS E URBANISMO | MUNICIPIO DE MEDIANEIRA | PREFEITURA MUNICIPAL DE ITAGUAJÉ - PR | Unidade administrativa,32292992.98,76206481000158-2-000018/2025,MUNICIPIO DE MEDIANEIRA,LEGAL_REGIME_UNKNOWN,LIKELY_ADJUSTMENT_OPPORTUNITY,obra_classificada_conf=0.60 | fornecedor_privado | obrigacao_financeira_potencialmente_aberta | regime_14133_altamente_provavel | interregno_conservador_por_assinatura_gt_12m | document_request_parallel_action | Objeto classificado como obras_engenharia_geral (conf=0.60) | Interregno mínimo conservador confirmado (level=B_CONSERVATIVE_SIGNATURE_GT_12M; proxy=data_assinatura) | Interregno ≥12m na data-base efetiva (proxy:data_assinatura) [TEMPORAL_CANDIDATE_BY_PROXY],Regime 14.133 provável (ano/PNCP/menção) mas não comprovado em documento oficial | data-base exata do orçamento ausente — cálculo preciso bloqueado | maturidade_temporal_insuficiente,clausula_reajuste | data_base_orcamento_estimado | indice_ou_formula | texto_oficial_contrato_edital | medicoes | apostilas | memoria_reajuste,Oportunidade provável — enriquecer contato e documentos antes da abordagem.,Oportunidade provável — enriquecer contato e documentos antes da abordagem.,"Não afirmar valor devido, inadimplemento, crédito constituído ou reajuste definitivamente não pago sem verificação documental completa e revisão humana registrada.",Oportunidade provável — enriquecer contato e documentos antes da abordagem.,Enriquecer contato empresarial; manter na fila de leads prioritários.,"Saldo/medições indisponíveis — valor sobre total é teto teórico, não valor devido. | indice_contratual_ausente — não aplicar IPCA/INCC/SINAPI por plausibilidade",,,,False,True
408,LIKELY_ADJUSTMENT_OPPORTUNITY,DOCUMENT_REQUEST_CANDIDATE,NACIONAL,63.74,98.0,17.5,67.2,63.74,interregno_conservador_gt_12m | regime_14133_provavel_ou_comprovado,54377880000149,CONSORCIO EP PORTAL DE VERSALHES III,,SAO PAULO,SP,False,,,,1,Coordenacao Geral - SMOP,31029959.22,75771477000170-2-000063/2024,Coordenacao Geral - SMOP,LEGAL_REGIME_UNKNOWN,LIKELY_ADJUSTMENT_OPPORTUNITY,obra_classificada_conf=0.92 | fornecedor_privado | obrigacao_financeira_potencialmente_aberta | regime_14133_altamente_provavel | interregno_conservador_por_assinatura_gt_12m | document_request_parallel_action | Objeto classificado como pavimentacao_rodoviaria (conf=0.92) | Interregno mínimo conservador confirmado (level=B_CONSERVATIVE_SIGNATURE_GT_12M; proxy=data_assinatura) | Interregno ≥12m na data-base efetiva (proxy:data_assinatura) [TEMPORAL_CANDIDATE_BY_PROXY],Regime 14.133 provável (ano/PNCP/menção) mas não comprovado em documento oficial | data-base exata do orçamento ausente — cálculo preciso bloqueado,clausula_reajuste | data_base_orcamento_estimado | indice_ou_formula | texto_oficial_contrato_edital | medicoes | apostilas | memoria_reajuste,Oportunidade provável — enriquecer contato e documentos antes da abordagem.,Oportunidade provável — enriquecer contato e documentos antes da abordagem.,"Não afirmar valor devido, inadimplemento, crédito constituído ou reajuste definitivamente não pago sem verificação documental completa e revisão humana registrada.",Oportunidade provável — enriquecer contato e documentos antes da abordagem.,Enriquecer contato empresarial; manter na fila de leads prioritários.,"Saldo/medições indisponíveis — valor sobre total é teto teórico, não valor devido. | indice_contratual_ausente — não aplicar IPCA/INCC/SINAPI por plausibilidade",,,,False,True
409,LIKELY_ADJUSTMENT_OPPORTUNITY,DOCUMENT_REQUEST_CANDIDATE,SUL_SC_PRIORITY,63.13,90.0,17.5,56.0,63.13,sede_ou_execucao_sul | interregno_conservador_gt_12m | regime_14133_provavel_ou_comprovado,03430585000178,ENDEAL ENGENHARIA E CONSTRUÇÕES LTDA,,SAO JOSE DOS PINHAIS,PR,True,,,,1,Fundo Municipal de Saúde,118876086.76,12092636000190-2-000005/2024,Fundo Municipal de Saúde,LEGAL_REGIME_UNKNOWN,LIKELY_ADJUSTMENT_OPPORTUNITY,obra_classificada_conf=0.60 | fornecedor_privado | obrigacao_financeira_potencialmente_aberta | regime_14133_altamente_provavel | interregno_conservador_por_assinatura_gt_12m | document_request_parallel_action | Objeto classificado como obras_engenharia_geral (conf=0.60) | Interregno mínimo conservador confirmado (level=B_CONSERVATIVE_SIGNATURE_GT_12M; proxy=data_assinatura) | Interregno ≥12m na data-base efetiva (proxy:data_assinatura) [TEMPORAL_CANDIDATE_BY_PROXY],Regime 14.133 provável (ano/PNCP/menção) mas não comprovado em documento oficial | data-base exata do orçamento ausente — cálculo preciso bloqueado,clausula_reajuste | data_base_orcamento_estimado | indice_ou_formula | texto_oficial_contrato_edital | medicoes | apostilas | memoria_reajuste,Oportunidade provável — enriquecer contato e documentos antes da abordagem.,Oportunidade provável — enriquecer contato e documentos antes da abordagem.,"Não afirmar valor devido, inadimplemento, crédito constituído ou reajuste definitivamente não pago sem verificação documental completa e revisão humana registrada.",Oportunidade provável — enriquecer contato e documentos antes da abordagem.,Enriquecer contato empresarial; manter na fila de leads prioritários.,"Saldo/medições indisponíveis — valor sobre total é teto teórico, não valor devido. | indice_contratual_ausente — não aplicar IPCA/INCC/SINAPI por plausibilidade",,,,False,True
410,LIKELY_ADJUSTMENT_OPPORTUNITY,DOCUMENT_REQUEST_CANDIDATE,SUL_SC_PRIORITY,63.13,90.0,17.5,56.0,63.13,sede_ou_execucao_sul | interregno_conservador_gt_12m | regime_14133_provavel_ou_comprovado,29914632000142,LEONARDO GABRIEL CHIMELLI GHELLER,,ALMIRANTE TAMANDARE,PR,True,,,,1,PREFEITURA MUNICIPAL DE ALMIRANTE TAMANDARE,144671987.0,76105659000174-2-000163/2025,PREFEITURA MUNICIPAL DE ALMIRANTE TAMANDARE,LEGAL_REGIME_UNKNOWN,LIKELY_ADJUSTMENT_OPPORTUNITY,obra_classificada_conf=0.60 | fornecedor_privado | obrigacao_financeira_potencialmente_aberta | regime_14133_altamente_provavel | interregno_conservador_por_assinatura_gt_12m | document_request_parallel_action | Objeto classificado como obras_engenharia_geral (conf=0.60) | Interregno mínimo conservador confirmado (level=B_CONSERVATIVE_SIGNATURE_GT_12M; proxy=data_assinatura) | Interregno ≥12m na data-base efetiva (proxy:data_assinatura) [TEMPORAL_CANDIDATE_BY_PROXY],Regime 14.133 provável (ano/PNCP/menção) mas não comprovado em documento oficial | data-base exata do orçamento ausente — cálculo preciso bloqueado,clausula_reajuste | data_base_orcamento_estimado | indice_ou_formula | texto_oficial_contrato_edital | medicoes | apostilas | memoria_reajuste,Oportunidade provável — enriquecer contato e documentos antes da abordagem.,Oportunidade provável — enriquecer contato e documentos antes da abordagem.,"Não afirmar valor devido, inadimplemento, crédito constituído ou reajuste definitivamente não pago sem verificação documental completa e revisão humana registrada.",Oportunidade provável — enriquecer contato e documentos antes da abordagem.,Enriquecer contato empresarial; manter na fila de leads prioritários.,"Saldo/medições indisponíveis — valor sobre total é teto teórico, não valor devido. | indice_contratual_ausente — não aplicar IPCA/INCC/SINAPI por plausibilidade",,,,False,True
411,LIKELY_ADJUSTMENT_OPPORTUNITY,DOCUMENT_REQUEST_CANDIDATE,NACIONAL,62.26,96.0,17.5,64.4,62.26,interregno_conservador_gt_12m | regime_14133_provavel_ou_comprovado,22544134000106,VEREDA ENGENHARIA LTDA,,BELO HORIZONTE,MG,False,,,,1,DEPARTAMENTO AUTÔNOMO DE ESTRADAS DE RODAGEM,31377667.0,92883834000100-2-000002/2024,DEPARTAMENTO AUTÔNOMO DE ESTRADAS DE RODAGEM,LEGAL_REGIME_UNKNOWN,LIKELY_ADJUSTMENT_OPPORTUNITY,obra_classificada_conf=0.84 | fornecedor_privado | obrigacao_financeira_potencialmente_aberta | regime_14133_altamente_provavel | interregno_conservador_por_assinatura_gt_12m | document_request_parallel_action | Objeto classificado como pontes_estruturas (conf=0.84) | Interregno mínimo conservador confirmado (level=B_CONSERVATIVE_SIGNATURE_GT_12M; proxy=data_assinatura) | Interregno ≥12m na data-base efetiva (proxy:data_assinatura) [TEMPORAL_CANDIDATE_BY_PROXY],Regime 14.133 provável (ano/PNCP/menção) mas não comprovado em documento oficial | data-base exata do orçamento ausente — cálculo preciso bloqueado,clausula_reajuste | data_base_orcamento_estimado | indice_ou_formula | texto_oficial_contrato_edital | medicoes | apostilas | memoria_reajuste,Oportunidade provável — enriquecer contato e documentos antes da abordagem.,Oportunidade provável — enriquecer contato e documentos antes da abordagem.,"Não afirmar valor devido, inadimplemento, crédito constituído ou reajuste definitivamente não pago sem verificação documental completa e revisão humana registrada.",Oportunidade provável — enriquecer contato e documentos antes da abordagem.,Enriquecer contato empresarial; manter na fila de leads prioritários.,"Saldo/medições indisponíveis — valor sobre total é teto teórico, não valor devido. | indice_contratual_ausente — não aplicar IPCA/INCC/SINAPI por plausibilidade",,,,False,True
412,LIKELY_ADJUSTMENT_OPPORTUNITY,DOCUMENT_REQUEST_CANDIDATE,NACIONAL,62.17,98.0,17.5,67.2,62.17,interregno_conservador_gt_12m | regime_14133_provavel_ou_comprovado,39768322000110,EXECUTAR COMERCIAL E SERVICOS EIRELI,,BARUERI,SP,False,,,,1,Coordenacao Geral - SMOP,12502000.0,75771477000170-2-000004/2024,Coordenacao Geral - SMOP,LEGAL_REGIME_UNKNOWN,LIKELY_ADJUSTMENT_OPPORTUNITY,obra_classificada_conf=0.92 | fornecedor_privado | obrigacao_financeira_potencialmente_aberta | regime_14133_altamente_provavel | interregno_conservador_por_assinatura_gt_12m | document_request_parallel_action | Objeto classificado como pavimentacao_rodoviaria (conf=0.92) | Interregno mínimo conservador confirmado (level=B_CONSERVATIVE_SIGNATURE_GT_12M; proxy=data_assinatura) | Interregno ≥12m na data-base efetiva (proxy:data_assinatura) [TEMPORAL_CANDIDATE_BY_PROXY],Regime 14.133 provável (ano/PNCP/menção) mas não comprovado em documento oficial | data-base exata do orçamento ausente — cálculo preciso bloqueado,clausula_reajuste | data_base_orcamento_estimado | indice_ou_formula | texto_oficial_contrato_edital | medicoes | apostilas | memoria_reajuste,Oportunidade provável — enriquecer contato e documentos antes da abordagem.,Oportunidade provável — enriquecer contato e documentos antes da abordagem.,"Não afirmar valor devido, inadimplemento, crédito constituído ou reajuste definitivamente não pago sem verificação documental completa e revisão humana registrada.",Oportunidade provável — enriquecer contato e documentos antes da abordagem.,Enriquecer contato empresarial; manter na fila de leads prioritários.,"Saldo/medições indisponíveis — valor sobre total é teto teórico, não valor devido. | indice_contratual_ausente — não aplicar IPCA/INCC/SINAPI por plausibilidade",,,,False,True
413,LIKELY_ADJUSTMENT_OPPORTUNITY,DOCUMENT_REQUEST_CANDIDATE,NACIONAL,62.11,99.0,17.5,68.6,62.11,interregno_conservador_gt_12m | multi_contratos=2 | regime_14133_provavel_ou_comprovado,13613420000195,ECOPONTES   SISTEMAS ESTRUTURAIS SUSTENTAVEIS LTDA,,PRESIDENTE PRUDENTE,SP,False,,,,2,PREFEITURA MUNICIPAL | PREFEITURA MUNICIPAL DE SANTA MARIA/RS,18216439.46,87862397000109-2-000572/2024,PREFEITURA MUNICIPAL,LEGAL_REGIME_UNKNOWN,LIKELY_ADJUSTMENT_OPPORTUNITY,obra_classificada_conf=0.96 | fornecedor_privado | obrigacao_financeira_potencialmente_aberta | regime_14133_altamente_provavel | interregno_conservador_por_assinatura_gt_12m | document_request_parallel_action | Objeto classificado como pavimentacao_rodoviaria (conf=0.96) | Interregno mínimo conservador confirmado (level=B_CONSERVATIVE_SIGNATURE_GT_12M; proxy=data_assinatura) | Interregno ≥12m na data-base efetiva (proxy:data_assinatura) [TEMPORAL_CANDIDATE_BY_PROXY],Regime 14.133 provável (ano/PNCP/menção) mas não comprovado em documento oficial | data-base exata do orçamento ausente — cálculo preciso bloqueado | maturidade_temporal_insuficiente,clausula_reajuste | data_base_orcamento_estimado | indice_ou_formula | texto_oficial_contrato_edital | medicoes | apostilas | memoria_reajuste,Oportunidade provável — enriquecer contato e documentos antes da abordagem.,Oportunidade provável — enriquecer contato e documentos antes da abordagem.,"Não afirmar valor devido, inadimplemento, crédito constituído ou reajuste definitivamente não pago sem verificação documental completa e revisão humana registrada.",Oportunidade provável — enriquecer contato e documentos antes da abordagem.,Enriquecer contato empresarial; manter na fila de leads prioritários.,"Saldo/medições indisponíveis — valor sobre total é teto teórico, não valor devido. | indice_contratual_ausente — não aplicar IPCA/INCC/SINAPI por plausibilidade",,,,False,True
414,LIKELY_ADJUSTMENT_OPPORTUNITY,DOCUMENT_REQUEST_CANDIDATE,NACIONAL,61.88,95.0,17.5,63.0,61.88,interregno_conservador_gt_12m | multi_contratos=2 | regime_14133_provavel_ou_comprovado,72030927000185,SEEL SERVICOS ESPECIAIS DE ENGENHARIA LTDA,,RIO DE JANEIRO,RJ,False,,,,2,SUP. REG. DO DNIT NO EST.DO RIO GRANDE DO SUL,138486067.07999998,04892707000100-2-000082/2024,SUP. REG. DO DNIT NO EST.DO RIO GRANDE DO SUL,LEGAL_REGIME_UNKNOWN,LIKELY_ADJUSTMENT_OPPORTUNITY,obra_classificada_conf=0.80 | fornecedor_privado | obrigacao_financeira_potencialmente_aberta | regime_14133_altamente_provavel | interregno_conservador_por_assinatura_gt_12m | document_request_parallel_action | Objeto classificado como pavimentacao_rodoviaria (conf=0.80) | Interregno mínimo conservador confirmado (level=B_CONSERVATIVE_SIGNATURE_GT_12M; proxy=data_assinatura) | Interregno ≥12m na data-base efetiva (proxy:data_assinatura) [TEMPORAL_CANDIDATE_BY_PROXY],Regime 14.133 provável (ano/PNCP/menção) mas não comprovado em documento oficial | data-base exata do orçamento ausente — cálculo preciso bloqueado,clausula_reajuste | data_base_orcamento_estimado | indice_ou_formula | texto_oficial_contrato_edital | medicoes | apostilas | memoria_reajuste,Oportunidade provável — enriquecer contato e documentos antes da abordagem.,Oportunidade provável — enriquecer contato e documentos antes da abordagem.,"Não afirmar valor devido, inadimplemento, crédito constituído ou reajuste definitivamente não pago sem verificação documental completa e revisão humana registrada.",Oportunidade provável — enriquecer contato e documentos antes da abordagem.,Enriquecer contato empresarial; manter na fila de leads prioritários.,"Saldo/medições indisponíveis — valor sobre total é teto teórico, não valor devido. | indice_contratual_ausente — não aplicar IPCA/INCC/SINAPI por plausibilidade",,,,False,True
415,LIKELY_ADJUSTMENT_OPPORTUNITY,DOCUMENT_REQUEST_CANDIDATE,NACIONAL,61.63,95.0,17.5,63.0,61.63,interregno_conservador_gt_12m | regime_14133_provavel_ou_comprovado,24777258000167,ALMEIDA E ROMANINI - ENGENHARIA LTDA,,ITAPOLIS,SP,False,,,,1,HOSPITAL UNIVERSITÁRIO DE SANTA MARIA,33142000.0,15126437000143-2-000238/2025,HOSPITAL UNIVERSITÁRIO DE SANTA MARIA,LEGAL_REGIME_UNKNOWN,LIKELY_ADJUSTMENT_OPPORTUNITY,obra_classificada_conf=0.80 | fornecedor_privado | obrigacao_financeira_potencialmente_aberta | regime_14133_altamente_provavel | interregno_conservador_por_assinatura_gt_12m | document_request_parallel_action | Objeto classificado como edificacoes (conf=0.80) | Interregno mínimo conservador confirmado (level=B_CONSERVATIVE_SIGNATURE_GT_12M; proxy=data_assinatura) | Interregno ≥12m na data-base efetiva (proxy:data_assinatura) [TEMPORAL_CANDIDATE_BY_PROXY],Regime 14.133 provável (ano/PNCP/menção) mas não comprovado em documento oficial | data-base exata do orçamento ausente — cálculo preciso bloqueado,clausula_reajuste | data_base_orcamento_estimado | indice_ou_formula | texto_oficial_contrato_edital | medicoes | apostilas | memoria_reajuste,Oportunidade provável — enriquecer contato e documentos antes da abordagem.,Oportunidade provável — enriquecer contato e documentos antes da abordagem.,"Não afirmar valor devido, inadimplemento, crédito constituído ou reajuste definitivamente não pago sem verificação documental completa e revisão humana registrada.",Oportunidade provável — enriquecer contato e documentos antes da abordagem.,Enriquecer contato empresarial; manter na fila de leads prioritários.,"Saldo/medições indisponíveis — valor sobre total é teto teórico, não valor devido. | indice_contratual_ausente — não aplicar IPCA/INCC/SINAPI por plausibilidade",,,,False,True
416,LIKELY_ADJUSTMENT_OPPORTUNITY,DOCUMENT_REQUEST_CANDIDATE,NACIONAL,61.5,99.5,17.5,54.3,61.5,interregno_conservador_gt_12m | multi_contratos=4 | regime_14133_provavel_ou_comprovado,19758779000137,ETHOS ENGENHARIA DE INFRAESTRUTURA S/A,,BELO HORIZONTE,MG,False,,,,4,DER - Departamento de Estradas de Rodagem do Estado do Paraná | SUP. REG. DO DNIT NO ESTADO DE SANTA CATARINA | SUP. REG. DO DNIT NO ESTADO DO PARANA,439585949.44,04892707000100-2-000097/2025,SUP. REG. DO DNIT NO ESTADO DE SANTA CATARINA,LEGAL_REGIME_UNKNOWN,LIKELY_ADJUSTMENT_OPPORTUNITY,obra_classificada_conf=0.98 | fornecedor_privado | obrigacao_financeira_potencialmente_aberta | regime_14133_altamente_provavel | interregno_conservador_por_assinatura_gt_12m | document_request_parallel_action | Objeto classificado como pavimentacao_rodoviaria (conf=0.98) | Interregno mínimo conservador confirmado (level=B_CONSERVATIVE_SIGNATURE_GT_12M; proxy=data_assinatura) | Interregno ≥12m na data-base efetiva (proxy:data_assinatura) [TEMPORAL_CANDIDATE_BY_PROXY],Regime 14.133 provável (ano/PNCP/menção) mas não comprovado em documento oficial | data-base exata do orçamento ausente — cálculo preciso bloqueado | maturidade_temporal_insuficiente,clausula_reajuste | data_base_orcamento_estimado | indice_ou_formula | texto_oficial_contrato_edital | medicoes | apostilas | memoria_reajuste,Oportunidade provável — enriquecer contato e documentos antes da abordagem.,Oportunidade provável — enriquecer contato e documentos antes da abordagem.,"Não afirmar valor devido, inadimplemento, crédito constituído ou reajuste definitivamente não pago sem verificação documental completa e revisão humana registrada.",Oportunidade provável — enriquecer contato e documentos antes da abordagem.,Enriquecer contato empresarial; manter na fila de leads prioritários.,"Saldo/medições indisponíveis — valor sobre total é teto teórico, não valor devido. | indice_contratual_ausente — não aplicar IPCA/INCC/SINAPI por plausibilidade",,,,False,True
417,LIKELY_ADJUSTMENT_OPPORTUNITY,DOCUMENT_REQUEST_CANDIDATE,NACIONAL,61.13,94.0,17.5,61.6,61.13,interregno_conservador_gt_12m | regime_14133_provavel_ou_comprovado,25388869000186,CONSTRUTORA MARINS LTDA,,BELO HORIZONTE,MG,False,,,,1,SUP. REG. DO DNIT NO EST.DO RIO GRANDE DO SUL,78600000.0,04892707000100-2-000582/2024,SUP. REG. DO DNIT NO EST.DO RIO GRANDE DO SUL,LEGAL_REGIME_UNKNOWN,LIKELY_ADJUSTMENT_OPPORTUNITY,obra_classificada_conf=0.76 | fornecedor_privado | obrigacao_financeira_potencialmente_aberta | regime_14133_altamente_provavel | interregno_conservador_por_assinatura_gt_12m | document_request_parallel_action | Objeto classificado como pavimentacao_rodoviaria (conf=0.76) | Interregno mínimo conservador confirmado (level=B_CONSERVATIVE_SIGNATURE_GT_12M; proxy=data_assinatura) | Interregno ≥12m na data-base efetiva (proxy:data_assinatura) [TEMPORAL_CANDIDATE_BY_PROXY],Regime 14.133 provável (ano/PNCP/menção) mas não comprovado em documento oficial | data-base exata do orçamento ausente — cálculo preciso bloqueado,clausula_reajuste | data_base_orcamento_estimado | indice_ou_formula | texto_oficial_contrato_edital | medicoes | apostilas | memoria_reajuste,Oportunidade provável — enriquecer contato e documentos antes da abordagem.,Oportunidade provável — enriquecer contato e documentos antes da abordagem.,"Não afirmar valor devido, inadimplemento, crédito constituído ou reajuste definitivamente não pago sem verificação documental completa e revisão humana registrada.",Oportunidade provável — enriquecer contato e documentos antes da abordagem.,Enriquecer contato empresarial; manter na fila de leads prioritários.,"Saldo/medições indisponíveis — valor sobre total é teto teórico, não valor devido. | indice_contratual_ausente — não aplicar IPCA/INCC/SINAPI por plausibilidade",,,,False,True
418,LIKELY_ADJUSTMENT_OPPORTUNITY,DOCUMENT_REQUEST_CANDIDATE,SUL_SC_PRIORITY,61.0,96.0,17.5,76.6,61.0,sede_ou_execucao_sul | interregno_conservador_gt_12m | multi_contratos=2 | regime_14133_provavel_ou_comprovado,21613941000170,SMART LINK SOLUCOES EIRELI,,RIO DE JANEIRO,RJ,True,,,,2,Diretoria de Gestao de Licitacoes e Contratos -SMGP | Unidade administrativa,15013000.0,76282656000106-2-000332/2024,Unidade administrativa,LEGAL_REGIME_UNKNOWN,LIKELY_ADJUSTMENT_OPPORTUNITY,obra_classificada_conf=0.84 | fornecedor_privado | obrigacao_financeira_potencialmente_aberta | regime_14133_altamente_provavel | interregno_conservador_por_assinatura_gt_12m | document_request_parallel_action | Objeto classificado como edificacoes (conf=0.84) | Interregno mínimo conservador confirmado (level=B_CONSERVATIVE_SIGNATURE_GT_12M; proxy=data_assinatura) | Interregno ≥12m na data-base efetiva (proxy:data_assinatura) [TEMPORAL_CANDIDATE_BY_PROXY],Regime 14.133 provável (ano/PNCP/menção) mas não comprovado em documento oficial | data-base exata do orçamento ausente — cálculo preciso bloqueado,clausula_reajuste | data_base_orcamento_estimado | indice_ou_formula | texto_oficial_contrato_edital | medicoes | apostilas | memoria_reajuste,Oportunidade provável — enriquecer contato e documentos antes da abordagem.,Oportunidade provável — enriquecer contato e documentos antes da abordagem.,"Não afirmar valor devido, inadimplemento, crédito constituído ou reajuste definitivamente não pago sem verificação documental completa e revisão humana registrada.",Oportunidade provável — enriquecer contato e documentos antes da abordagem.,Enriquecer contato empresarial; manter na fila de leads prioritários.,"Saldo/medições indisponíveis — valor sobre total é teto teórico, não valor devido. | indice_contratual_ausente — não aplicar IPCA/INCC/SINAPI por plausibilidade",,,,False,True
419,LIKELY_ADJUSTMENT_OPPORTUNITY,DOCUMENT_REQUEST_CANDIDATE,NACIONAL,60.78,94.0,17.5,61.6,60.78,interregno_conservador_gt_12m | regime_14133_provavel_ou_comprovado,11655258000142,KONPAX CONSTRUCOES LTDA,,FORTALEZA,CE,False,,,,1,SUPERINTENDÊNCIA DOS SERVIÇOS PENITENCIÁRIOS,31660230.85,17176399000169-2-000031/2024,SUPERINTENDÊNCIA DOS SERVIÇOS PENITENCIÁRIOS,LEGAL_REGIME_UNKNOWN,LIKELY_ADJUSTMENT_OPPORTUNITY,obra_classificada_conf=0.76 | fornecedor_privado | obrigacao_financeira_potencialmente_aberta | regime_14133_altamente_provavel | interregno_conservador_por_assinatura_gt_12m | document_request_parallel_action | Objeto classificado como obras_engenharia_geral (conf=0.76) | Interregno mínimo conservador confirmado (level=B_CONSERVATIVE_SIGNATURE_GT_12M; proxy=data_assinatura) | Interregno ≥12m na data-base efetiva (proxy:data_assinatura) [TEMPORAL_CANDIDATE_BY_PROXY],Regime 14.133 provável (ano/PNCP/menção) mas não comprovado em documento oficial | data-base exata do orçamento ausente — cálculo preciso bloqueado,clausula_reajuste | data_base_orcamento_estimado | indice_ou_formula | texto_oficial_contrato_edital | medicoes | apostilas | memoria_reajuste,Oportunidade provável — enriquecer contato e documentos antes da abordagem.,Oportunidade provável — enriquecer contato e documentos antes da abordagem.,"Não afirmar valor devido, inadimplemento, crédito constituído ou reajuste definitivamente não pago sem verificação documental completa e revisão humana registrada.",Oportunidade provável — enriquecer contato e documentos antes da abordagem.,Enriquecer contato empresarial; manter na fila de leads prioritários.,"Saldo/medições indisponíveis — valor sobre total é teto teórico, não valor devido. | indice_contratual_ausente — não aplicar IPCA/INCC/SINAPI por plausibilidade",,,,False,True
420,LIKELY_ADJUSTMENT_OPPORTUNITY,DOCUMENT_REQUEST_CANDIDATE,NACIONAL,60.77,95.0,17.5,63.0,60.77,interregno_conservador_gt_12m | regime_14133_provavel_ou_comprovado,60174906000154,CONSORCIO TRES RIOS OURO CMN,,BELO HORIZONTE,MG,False,,,,1,SERVIÇO AUTÔNOMO MUNICIPAL DE ÁGUA E ESGOTO DE JARAGUÁ DO SUL,21498999.0,84438381000185-2-000054/2025,SERVIÇO AUTÔNOMO MUNICIPAL DE ÁGUA E ESGOTO DE JARAGUÁ DO SUL,LEGAL_REGIME_UNKNOWN,LIKELY_ADJUSTMENT_OPPORTUNITY,obra_classificada_conf=0.80 | fornecedor_privado | obrigacao_financeira_potencialmente_aberta | regime_14133_altamente_provavel | interregno_conservador_por_assinatura_gt_12m | document_request_parallel_action | Objeto classificado como saneamento_redes (conf=0.80) | Interregno mínimo conservador confirmado (level=B_CONSERVATIVE_SIGNATURE_GT_12M; proxy=data_assinatura) | Interregno ≥12m na data-base efetiva (proxy:data_assinatura) [TEMPORAL_CANDIDATE_BY_PROXY],Regime 14.133 provável (ano/PNCP/menção) mas não comprovado em documento oficial | data-base exata do orçamento ausente — cálculo preciso bloqueado,clausula_reajuste | data_base_orcamento_estimado | indice_ou_formula | texto_oficial_contrato_edital | medicoes | apostilas | memoria_reajuste,Oportunidade provável — enriquecer contato e documentos antes da abordagem.,Oportunidade provável — enriquecer contato e documentos antes da abordagem.,"Não afirmar valor devido, inadimplemento, crédito constituído ou reajuste definitivamente não pago sem verificação documental completa e revisão humana registrada.",Oportunidade provável — enriquecer contato e documentos antes da abordagem.,Enriquecer contato empresarial; manter na fila de leads prioritários.,"Saldo/medições indisponíveis — valor sobre total é teto teórico, não valor devido. | indice_contratual_ausente — não aplicar IPCA/INCC/SINAPI por plausibilidade",,,,False,True
421,LIKELY_ADJUSTMENT_OPPORTUNITY,DOCUMENT_REQUEST_CANDIDATE,NACIONAL,60.75,94.0,17.5,61.6,60.75,interregno_conservador_gt_12m | multi_contratos=2 | regime_14133_provavel_ou_comprovado,33683111000107,SERVICO FEDERAL PROCESSAMENTO DE DADOS (SERPRO),,BRASILIA,DF,False,,,,2,TRIBUNAL DE JUSTIÇA DO EST. DE SANTA CATARINA | TRIBUNAL DE JUSTIÇA DO ESTADO DO RIO G.DO SUL,60516739.43,89522064000166-2-000150/2024,TRIBUNAL DE JUSTIÇA DO ESTADO DO RIO G.DO SUL,LEGAL_REGIME_UNKNOWN,LIKELY_ADJUSTMENT_OPPORTUNITY,obra_classificada_conf=0.76 | fornecedor_privado | obrigacao_financeira_potencialmente_aberta | regime_14133_altamente_provavel | interregno_conservador_por_assinatura_gt_12m | document_request_parallel_action | Objeto classificado como obras_infraestrutura (conf=0.76) | Interregno mínimo conservador confirmado (level=B_CONSERVATIVE_SIGNATURE_GT_12M; proxy=data_assinatura) | Interregno ≥12m na data-base efetiva (proxy:data_assinatura) [TEMPORAL_CANDIDATE_BY_PROXY],Regime 14.133 provável (ano/PNCP/menção) mas não comprovado em documento oficial | data-base exata do orçamento ausente — cálculo preciso bloqueado | maturidade_temporal_insuficiente,clausula_reajuste | data_base_orcamento_estimado | indice_ou_formula | texto_oficial_contrato_edital | medicoes | apostilas | memoria_reajuste,Oportunidade provável — enriquecer contato e documentos antes da abordagem.,Oportunidade provável — enriquecer contato e documentos antes da abordagem.,"Não afirmar valor devido, inadimplemento, crédito constituído ou reajuste definitivamente não pago sem verificação documental completa e revisão humana registrada.",Oportunidade provável — enriquecer contato e documentos antes da abordagem.,Enriquecer contato empresarial; manter na fila de leads prioritários.,"Saldo/medições indisponíveis — valor sobre total é teto teórico, não valor devido. | indice_contratual_ausente — não aplicar IPCA/INCC/SINAPI por plausibilidade",,,,False,True
422,LIKELY_ADJUSTMENT_OPPORTUNITY,DOCUMENT_REQUEST_CANDIDATE,NACIONAL,60.75,96.0,17.5,64.4,60.75,interregno_conservador_gt_12m | regime_14133_provavel_ou_comprovado,60167672000118,CONSORCIO SUPERVISOR CG DER/PR,,BRASILIA,DF,False,,,,1,DER - Departamento de Estradas de Rodagem do Estado do Paraná,13200799.0,76669324000189-2-000075/2025,DER - Departamento de Estradas de Rodagem do Estado do Paraná,LEGAL_REGIME_UNKNOWN,LIKELY_ADJUSTMENT_OPPORTUNITY,obra_classificada_conf=0.84 | fornecedor_privado | obrigacao_financeira_potencialmente_aberta | regime_14133_altamente_provavel | interregno_conservador_por_assinatura_gt_12m | document_request_parallel_action | Objeto classificado como pavimentacao_rodoviaria (conf=0.84) | Interregno mínimo conservador confirmado (level=B_CONSERVATIVE_SIGNATURE_GT_12M; proxy=data_assinatura) | Interregno ≥12m na data-base efetiva (proxy:data_assinatura) [TEMPORAL_CANDIDATE_BY_PROXY],Regime 14.133 provável (ano/PNCP/menção) mas não comprovado em documento oficial | data-base exata do orçamento ausente — cálculo preciso bloqueado,clausula_reajuste | data_base_orcamento_estimado | indice_ou_formula | texto_oficial_contrato_edital | medicoes | apostilas | memoria_reajuste,Oportunidade provável — enriquecer contato e documentos antes da abordagem.,Oportunidade provável — enriquecer contato e documentos antes da abordagem.,"Não afirmar valor devido, inadimplemento, crédito constituído ou reajuste definitivamente não pago sem verificação documental completa e revisão humana registrada.",Oportunidade provável — enriquecer contato e documentos antes da abordagem.,Enriquecer contato empresarial; manter na fila de leads prioritários.,"Saldo/medições indisponíveis — valor sobre total é teto teórico, não valor devido. | indice_contratual_ausente — não aplicar IPCA/INCC/SINAPI por plausibilidade",,,,False,True
423,LIKELY_ADJUSTMENT_OPPORTUNITY,DOCUMENT_REQUEST_CANDIDATE,SUL_SC_PRIORITY,60.73,97.0,17.5,78.0,60.73,sede_ou_execucao_sul | interregno_conservador_gt_12m | multi_contratos=2 | regime_14133_provavel_ou_comprovado,04855314000127,FULL TEC ENGENHARIA LTDA,,NITEROI,RJ,True,,,,2,ASSEMBLEIA LEG DO EST DO RIO GRANDE DO SUL | ASSEMBLEIA LEGISLATIVA DO ESTADO DO RIO GRANDE DO SUL ASSEMBLEIA LEGISLATIVA DO ESTADO DO RIO GRANDE,16240055.620000001,88243688000181-2-000016/2024,ASSEMBLEIA LEG DO EST DO RIO GRANDE DO SUL,LEGAL_REGIME_UNKNOWN,LIKELY_ADJUSTMENT_OPPORTUNITY,obra_classificada_conf=0.88 | fornecedor_privado | obrigacao_financeira_potencialmente_aberta | regime_14133_altamente_provavel | interregno_conservador_por_assinatura_gt_12m | document_request_parallel_action | Objeto classificado como pontes_estruturas (conf=0.88) | Interregno mínimo conservador confirmado (level=B_CONSERVATIVE_SIGNATURE_GT_12M; proxy=data_assinatura) | Interregno ≥12m na data-base efetiva (proxy:data_assinatura) [TEMPORAL_CANDIDATE_BY_PROXY],Regime 14.133 provável (ano/PNCP/menção) mas não comprovado em documento oficial | data-base exata do orçamento ausente — cálculo preciso bloqueado | maturidade_temporal_insuficiente,clausula_reajuste | data_base_orcamento_estimado | indice_ou_formula | texto_oficial_contrato_edital | medicoes | apostilas | memoria_reajuste,Oportunidade provável — enriquecer contato e documentos antes da abordagem.,Oportunidade provável — enriquecer contato e documentos antes da abordagem.,"Não afirmar valor devido, inadimplemento, crédito constituído ou reajuste definitivamente não pago sem verificação documental completa e revisão humana registrada.",Oportunidade provável — enriquecer contato e documentos antes da abordagem.,Enriquecer contato empresarial; manter na fila de leads prioritários.,"Saldo/medições indisponíveis — valor sobre total é teto teórico, não valor devido. | indice_contratual_ausente — não aplicar IPCA/INCC/SINAPI por plausibilidade",,,,False,True
424,LIKELY_ADJUSTMENT_OPPORTUNITY,DOCUMENT_REQUEST_CANDIDATE,NACIONAL,60.02,95.0,17.5,63.0,60.02,interregno_conservador_gt_12m | multi_contratos=2 | regime_14133_provavel_ou_comprovado,88692264000102,ELMO ELETRO MONTAGENS LTDA,,SAO PAULO,SP,False,,,,2,PREFEITURA MUNICIPAL DE CANOAS PREFEITURA MUNICIPAL DE CANOAS,23528416.54,88577416000118-2-000111/2024,PREFEITURA MUNICIPAL DE CANOAS PREFEITURA MUNICIPAL DE CANOAS,LEGAL_REGIME_UNKNOWN,LIKELY_ADJUSTMENT_OPPORTUNITY,obra_classificada_conf=0.80 | fornecedor_privado | obrigacao_financeira_potencialmente_aberta | regime_14133_altamente_provavel | interregno_conservador_por_assinatura_gt_12m | document_request_parallel_action | Objeto classificado como edificacoes (conf=0.80) | Interregno mínimo conservador confirmado (level=B_CONSERVATIVE_SIGNATURE_GT_12M; proxy=data_assinatura) | Interregno ≥12m na data-base efetiva (proxy:data_assinatura) [TEMPORAL_CANDIDATE_BY_PROXY],Regime 14.133 provável (ano/PNCP/menção) mas não comprovado em documento oficial | data-base exata do orçamento ausente — cálculo preciso bloqueado | maturidade_temporal_insuficiente,clausula_reajuste | data_base_orcamento_estimado | indice_ou_formula | texto_oficial_contrato_edital | medicoes | apostilas | memoria_reajuste,Oportunidade provável — enriquecer contato e documentos antes da abordagem.,Oportunidade provável — enriquecer contato e documentos antes da abordagem.,"Não afirmar valor devido, inadimplemento, crédito constituído ou reajuste definitivamente não pago sem verificação documental completa e revisão humana registrada.",Oportunidade provável — enriquecer contato e documentos antes da abordagem.,Enriquecer contato empresarial; manter na fila de leads prioritários.,"Saldo/medições indisponíveis — valor sobre total é teto teórico, não valor devido. | indice_contratual_ausente — não aplicar IPCA/INCC/SINAPI por plausibilidade",,,,False,True
425,LIKELY_ADJUSTMENT_OPPORTUNITY,DOCUMENT_REQUEST_CANDIDATE,NACIONAL,59.96,95.0,17.5,65.8,59.96,interregno_conservador_gt_12m | multi_contratos=4 | regime_14133_provavel_ou_comprovado,08593703000344,"PAS - PROJETOS, ASSESSORIA E SISTEMAS LTDA",,SANTANA DE PARNAIBA,SP,False,,,,4,COORDENAÇÃO DA SEC. DE DESENVOLVIMENTO URBANO | COORDENAÇÃO DA SECRETARIA DE INFRAESTRUTURA | PREFEITURA MUNICIPAL DE MANDAGUAÇU - PR | SECRETARIA DE ADMINISTRACAO,40983775.43,76285329000108-2-000017/2025,PREFEITURA MUNICIPAL DE MANDAGUAÇU - PR,LEGAL_REGIME_UNKNOWN,LIKELY_ADJUSTMENT_OPPORTUNITY,obra_classificada_conf=0.80 | fornecedor_privado | obrigacao_financeira_potencialmente_aberta | regime_14133_altamente_provavel | interregno_conservador_por_assinatura_gt_12m | document_request_parallel_action | Objeto classificado como obras_engenharia_geral (conf=0.80) | Interregno mínimo conservador confirmado (level=B_CONSERVATIVE_SIGNATURE_GT_12M; proxy=data_assinatura) | Interregno ≥12m na data-base efetiva (proxy:data_assinatura) [TEMPORAL_CANDIDATE_BY_PROXY],Regime 14.133 provável (ano/PNCP/menção) mas não comprovado em documento oficial | data-base exata do orçamento ausente — cálculo preciso bloqueado | maturidade_temporal_insuficiente,clausula_reajuste | data_base_orcamento_estimado | indice_ou_formula | texto_oficial_contrato_edital | medicoes | apostilas | memoria_reajuste,Oportunidade provável — enriquecer contato e documentos antes da abordagem.,Oportunidade provável — enriquecer contato e documentos antes da abordagem.,"Não afirmar valor devido, inadimplemento, crédito constituído ou reajuste definitivamente não pago sem verificação documental completa e revisão humana registrada.",Oportunidade provável — enriquecer contato e documentos antes da abordagem.,Enriquecer contato empresarial; manter na fila de leads prioritários.,"Saldo/medições indisponíveis — valor sobre total é teto teórico, não valor devido. | indice_contratual_ausente — não aplicar IPCA/INCC/SINAPI por plausibilidade",,,,False,True
426,LIKELY_ADJUSTMENT_OPPORTUNITY,DOCUMENT_REQUEST_CANDIDATE,NACIONAL,59.91,95.0,17.5,63.0,59.91,interregno_conservador_gt_12m | regime_14133_provavel_ou_comprovado,60947904000150,CONSORCIO AMF-GDS - 2025-ESG-SB05,,SAO PAULO,SP,False,,,,1,Serviço Municipal de Água Saneamento Básico e Infraestrutura - SEMASA,12400000.0,05472936000139-2-000033/2025,Serviço Municipal de Água Saneamento Básico e Infraestrutura - SEMASA,LEGAL_REGIME_UNKNOWN,LIKELY_ADJUSTMENT_OPPORTUNITY,obra_classificada_conf=0.80 | fornecedor_privado | obrigacao_financeira_potencialmente_aberta | regime_14133_altamente_provavel | interregno_conservador_por_assinatura_gt_12m | document_request_parallel_action | Objeto classificado como saneamento_redes (conf=0.80) | Interregno mínimo conservador confirmado (level=B_CONSERVATIVE_SIGNATURE_GT_12M; proxy=data_assinatura) | Interregno ≥12m na data-base efetiva (proxy:data_assinatura) [TEMPORAL_CANDIDATE_BY_PROXY],Regime 14.133 provável (ano/PNCP/menção) mas não comprovado em documento oficial | data-base exata do orçamento ausente — cálculo preciso bloqueado,clausula_reajuste | data_base_orcamento_estimado | indice_ou_formula | texto_oficial_contrato_edital | medicoes | apostilas | memoria_reajuste,Oportunidade provável — enriquecer contato e documentos antes da abordagem.,Oportunidade provável — enriquecer contato e documentos antes da abordagem.,"Não afirmar valor devido, inadimplemento, crédito constituído ou reajuste definitivamente não pago sem verificação documental completa e revisão humana registrada.",Oportunidade provável — enriquecer contato e documentos antes da abordagem.,Enriquecer contato empresarial; manter na fila de leads prioritários.,"Saldo/medições indisponíveis — valor sobre total é teto teórico, não valor devido. | indice_contratual_ausente — não aplicar IPCA/INCC/SINAPI por plausibilidade",,,,False,True
427,LIKELY_ADJUSTMENT_OPPORTUNITY,DOCUMENT_REQUEST_CANDIDATE,NACIONAL,59.82,96.0,17.5,64.4,59.82,interregno_conservador_gt_12m | regime_14133_provavel_ou_comprovado,01994654000140,HAFID CONSTRUTORA LTDA,,SAO PAULO,SP,False,,,,1,DEPARTAMENTO DE SAUDE,5880000.0,76169879000161-2-000064/2024,DEPARTAMENTO DE SAUDE,LEGAL_REGIME_UNKNOWN,LIKELY_ADJUSTMENT_OPPORTUNITY,obra_classificada_conf=0.84 | fornecedor_privado | obrigacao_financeira_potencialmente_aberta | regime_14133_altamente_provavel | interregno_conservador_por_assinatura_gt_12m | document_request_parallel_action | Objeto classificado como obras_engenharia_geral (conf=0.84) | Interregno mínimo conservador confirmado (level=B_CONSERVATIVE_SIGNATURE_GT_12M; proxy=data_assinatura) | Interregno ≥12m na data-base efetiva (proxy:data_assinatura) [TEMPORAL_CANDIDATE_BY_PROXY],Regime 14.133 provável (ano/PNCP/menção) mas não comprovado em documento oficial | data-base exata do orçamento ausente — cálculo preciso bloqueado,clausula_reajuste | data_base_orcamento_estimado | indice_ou_formula | texto_oficial_contrato_edital | medicoes | apostilas | memoria_reajuste,Oportunidade provável — enriquecer contato e documentos antes da abordagem.,Oportunidade provável — enriquecer contato e documentos antes da abordagem.,"Não afirmar valor devido, inadimplemento, crédito constituído ou reajuste definitivamente não pago sem verificação documental completa e revisão humana registrada.",Oportunidade provável — enriquecer contato e documentos antes da abordagem.,Enriquecer contato empresarial; manter na fila de leads prioritários.,"Saldo/medições indisponíveis — valor sobre total é teto teórico, não valor devido. | indice_contratual_ausente — não aplicar IPCA/INCC/SINAPI por plausibilidade",,,,False,True
428,LIKELY_ADJUSTMENT_OPPORTUNITY,DOCUMENT_REQUEST_CANDIDATE,NACIONAL,59.8,96.0,17.5,64.4,59.8,interregno_conservador_gt_12m | regime_14133_provavel_ou_comprovado,40950858000131,JN CONSTRUTORA LTDA,,CAMPO GRANDE,MS,False,,,,1,Diretoria de Obras,5800501.68,77857183000190-2-000022/2025,Diretoria de Obras,LEGAL_REGIME_UNKNOWN,LIKELY_ADJUSTMENT_OPPORTUNITY,obra_classificada_conf=0.84 | fornecedor_privado | obrigacao_financeira_potencialmente_aberta | regime_14133_altamente_provavel | interregno_conservador_por_assinatura_gt_12m | document_request_parallel_action | Objeto classificado como edificacoes (conf=0.84) | Interregno mínimo conservador confirmado (level=B_CONSERVATIVE_SIGNATURE_GT_12M; proxy=data_assinatura) | Interregno ≥12m na data-base efetiva (proxy:data_assinatura) [TEMPORAL_CANDIDATE_BY_PROXY],Regime 14.133 provável (ano/PNCP/menção) mas não comprovado em documento oficial | data-base exata do orçamento ausente — cálculo preciso bloqueado,clausula_reajuste | data_base_orcamento_estimado | indice_ou_formula | texto_oficial_contrato_edital | medicoes | apostilas | memoria_reajuste,Oportunidade provável — enriquecer contato e documentos antes da abordagem.,Oportunidade provável — enriquecer contato e documentos antes da abordagem.,"Não afirmar valor devido, inadimplemento, crédito constituído ou reajuste definitivamente não pago sem verificação documental completa e revisão humana registrada.",Oportunidade provável — enriquecer contato e documentos antes da abordagem.,Enriquecer contato empresarial; manter na fila de leads prioritários.,"Saldo/medições indisponíveis — valor sobre total é teto teórico, não valor devido. | indice_contratual_ausente — não aplicar IPCA/INCC/SINAPI por plausibilidade",,,,False,True
429,LIKELY_ADJUSTMENT_OPPORTUNITY,DOCUMENT_REQUEST_CANDIDATE,NACIONAL,59.34,95.0,17.5,63.0,59.34,interregno_conservador_gt_12m | regime_14133_provavel_ou_comprovado,70315650000101,LS PROJETOS E SERVIÇOS LTDA. - EM RECUPERAÇÃO JUDICIAL,,PARNAMIRIM,RN,False,,,,1,TRIBUNAL REGIONAL DO TRABALHO DA 4A.REGIAO,7718810.83,00509968000148-2-005401/2024,TRIBUNAL REGIONAL DO TRABALHO DA 4A.REGIAO,LEGAL_REGIME_UNKNOWN,LIKELY_ADJUSTMENT_OPPORTUNITY,obra_classificada_conf=0.80 | fornecedor_privado | obrigacao_financeira_potencialmente_aberta | regime_14133_altamente_provavel | interregno_conservador_por_assinatura_gt_12m | document_request_parallel_action | Objeto classificado como obras_engenharia_geral (conf=0.80) | Interregno mínimo conservador confirmado (level=B_CONSERVATIVE_SIGNATURE_GT_12M; proxy=data_assinatura) | Interregno ≥12m na data-base efetiva (proxy:data_assinatura) [TEMPORAL_CANDIDATE_BY_PROXY],Regime 14.133 provável (ano/PNCP/menção) mas não comprovado em documento oficial | data-base exata do orçamento ausente — cálculo preciso bloqueado,clausula_reajuste | data_base_orcamento_estimado | indice_ou_formula | texto_oficial_contrato_edital | medicoes | apostilas | memoria_reajuste,Oportunidade provável — enriquecer contato e documentos antes da abordagem.,Oportunidade provável — enriquecer contato e documentos antes da abordagem.,"Não afirmar valor devido, inadimplemento, crédito constituído ou reajuste definitivamente não pago sem verificação documental completa e revisão humana registrada.",Oportunidade provável — enriquecer contato e documentos antes da abordagem.,Enriquecer contato empresarial; manter na fila de leads prioritários.,"Saldo/medições indisponíveis — valor sobre total é teto teórico, não valor devido. | indice_contratual_ausente — não aplicar IPCA/INCC/SINAPI por plausibilidade",,,,False,True
430,LIKELY_ADJUSTMENT_OPPORTUNITY,DOCUMENT_REQUEST_CANDIDATE,NACIONAL,59.29,94.0,17.5,61.6,59.29,interregno_conservador_gt_12m | regime_14133_provavel_ou_comprovado,21441766000181,FUNDO DE DESENVOLVIMENTO DA INFRAESTRUTURA REGIONAL SUSTENTA,,BRASILIA,DF,False,,,,1,SERG - SECRETARIA DA RECONSTRUÇÃO GAÚCHA,13612459.75,49367500000155-2-000002/2025,SERG - SECRETARIA DA RECONSTRUÇÃO GAÚCHA,LEGAL_REGIME_UNKNOWN,LIKELY_ADJUSTMENT_OPPORTUNITY,obra_classificada_conf=0.76 | fornecedor_privado | obrigacao_financeira_potencialmente_aberta | regime_14133_altamente_provavel | interregno_conservador_por_assinatura_gt_12m | document_request_parallel_action | Objeto classificado como saneamento_redes (conf=0.76) | Interregno mínimo conservador confirmado (level=B_CONSERVATIVE_SIGNATURE_GT_12M; proxy=data_assinatura) | Interregno ≥12m na data-base efetiva (proxy:data_assinatura) [TEMPORAL_CANDIDATE_BY_PROXY],Regime 14.133 provável (ano/PNCP/menção) mas não comprovado em documento oficial | data-base exata do orçamento ausente — cálculo preciso bloqueado,clausula_reajuste | data_base_orcamento_estimado | indice_ou_formula | texto_oficial_contrato_edital | medicoes | apostilas | memoria_reajuste,Oportunidade provável — enriquecer contato e documentos antes da abordagem.,Oportunidade provável — enriquecer contato e documentos antes da abordagem.,"Não afirmar valor devido, inadimplemento, crédito constituído ou reajuste definitivamente não pago sem verificação documental completa e revisão humana registrada.",Oportunidade provável — enriquecer contato e documentos antes da abordagem.,Enriquecer contato empresarial; manter na fila de leads prioritários.,"Saldo/medições indisponíveis — valor sobre total é teto teórico, não valor devido. | indice_contratual_ausente — não aplicar IPCA/INCC/SINAPI por plausibilidade",,,,False,True
431,LIKELY_ADJUSTMENT_OPPORTUNITY,DOCUMENT_REQUEST_CANDIDATE,NACIONAL,59.26,94.0,17.5,61.6,59.26,interregno_conservador_gt_12m | regime_14133_provavel_ou_comprovado,22415842000147,L L SOLUCOES E SERVICOS LTDA,,PARAUAPEBAS,PA,False,,,,1,Prefeitura Municipal de Joinville - PMJ,13273327.71,83169623000110-2-000358/2024,Prefeitura Municipal de Joinville - PMJ,LEGAL_REGIME_UNKNOWN,LIKELY_ADJUSTMENT_OPPORTUNITY,obra_classificada_conf=0.76 | fornecedor_privado | obrigacao_financeira_potencialmente_aberta | regime_14133_altamente_provavel | interregno_conservador_por_assinatura_gt_12m | document_request_parallel_action | Objeto classificado como obras_engenharia_geral (conf=0.76) | Interregno mínimo conservador confirmado (level=B_CONSERVATIVE_SIGNATURE_GT_12M; proxy=data_assinatura) | Interregno ≥12m na data-base efetiva (proxy:data_assinatura) [TEMPORAL_CANDIDATE_BY_PROXY],Regime 14.133 provável (ano/PNCP/menção) mas não comprovado em documento oficial | data-base exata do orçamento ausente — cálculo preciso bloqueado,clausula_reajuste | data_base_orcamento_estimado | indice_ou_formula | texto_oficial_contrato_edital | medicoes | apostilas | memoria_reajuste,Oportunidade provável — enriquecer contato e documentos antes da abordagem.,Oportunidade provável — enriquecer contato e documentos antes da abordagem.,"Não afirmar valor devido, inadimplemento, crédito constituído ou reajuste definitivamente não pago sem verificação documental completa e revisão humana registrada.",Oportunidade provável — enriquecer contato e documentos antes da abordagem.,Enriquecer contato empresarial; manter na fila de leads prioritários.,"Saldo/medições indisponíveis — valor sobre total é teto teórico, não valor devido. | indice_contratual_ausente — não aplicar IPCA/INCC/SINAPI por plausibilidade",,,,False,True
432,LIKELY_ADJUSTMENT_OPPORTUNITY,DOCUMENT_REQUEST_CANDIDATE,NACIONAL,59.21,94.0,17.5,61.6,59.21,interregno_conservador_gt_12m | regime_14133_provavel_ou_comprovado,00028986000108,ELEVADORES ATLAS SCHINDLER LTDA.,,SAO PAULO,SP,False,,,,1,UNIVERSIDADE FED. DE CIENCIAS DA SAUDE/RS,12848933.35,92967595000177-2-000003/2024,UNIVERSIDADE FED. DE CIENCIAS DA SAUDE/RS,LEGAL_REGIME_UNKNOWN,LIKELY_ADJUSTMENT_OPPORTUNITY,obra_classificada_conf=0.76 | fornecedor_privado | obrigacao_financeira_potencialmente_aberta | regime_14133_altamente_provavel | interregno_conservador_por_assinatura_gt_12m | document_request_parallel_action | Objeto classificado como obras_engenharia_geral (conf=0.76) | Interregno mínimo conservador confirmado (level=B_CONSERVATIVE_SIGNATURE_GT_12M; proxy=data_assinatura) | Interregno ≥12m na data-base efetiva (proxy:data_assinatura) [TEMPORAL_CANDIDATE_BY_PROXY],Regime 14.133 provável (ano/PNCP/menção) mas não comprovado em documento oficial | data-base exata do orçamento ausente — cálculo preciso bloqueado,clausula_reajuste | data_base_orcamento_estimado | indice_ou_formula | texto_oficial_contrato_edital | medicoes | apostilas | memoria_reajuste,Oportunidade provável — enriquecer contato e documentos antes da abordagem.,Oportunidade provável — enriquecer contato e documentos antes da abordagem.,"Não afirmar valor devido, inadimplemento, crédito constituído ou reajuste definitivamente não pago sem verificação documental completa e revisão humana registrada.",Oportunidade provável — enriquecer contato e documentos antes da abordagem.,Enriquecer contato empresarial; manter na fila de leads prioritários.,"Saldo/medições indisponíveis — valor sobre total é teto teórico, não valor devido. | indice_contratual_ausente — não aplicar IPCA/INCC/SINAPI por plausibilidade",,,,False,True
433,LIKELY_ADJUSTMENT_OPPORTUNITY,DOCUMENT_REQUEST_CANDIDATE,NACIONAL,59.09,94.0,17.5,61.6,59.09,interregno_conservador_gt_12m | regime_14133_provavel_ou_comprovado,02542939000103,FBF CONSTRUCOES E SERVICOS LTDA,,SAO PAULO,SP,False,,,,1,PREFEITURA MUNICIPAL DE CANOAS PREFEITURA MUNICIPAL DE CANOAS,11737210.68,88577416000118-2-000133/2025,PREFEITURA MUNICIPAL DE CANOAS PREFEITURA MUNICIPAL DE CANOAS,LEGAL_REGIME_UNKNOWN,LIKELY_ADJUSTMENT_OPPORTUNITY,obra_classificada_conf=0.76 | fornecedor_privado | obrigacao_financeira_potencialmente_aberta | regime_14133_altamente_provavel | interregno_conservador_por_assinatura_gt_12m | document_request_parallel_action | Objeto classificado como pavimentacao_rodoviaria (conf=0.76) | Interregno mínimo conservador confirmado (level=B_CONSERVATIVE_SIGNATURE_GT_12M; proxy=data_assinatura) | Interregno ≥12m na data-base efetiva (proxy:data_assinatura) [TEMPORAL_CANDIDATE_BY_PROXY],Regime 14.133 provável (ano/PNCP/menção) mas não comprovado em documento oficial | data-base exata do orçamento ausente — cálculo preciso bloqueado,clausula_reajuste | data_base_orcamento_estimado | indice_ou_formula | texto_oficial_contrato_edital | medicoes | apostilas | memoria_reajuste,Oportunidade provável — enriquecer contato e documentos antes da abordagem.,Oportunidade provável — enriquecer contato e documentos antes da abordagem.,"Não afirmar valor devido, inadimplemento, crédito constituído ou reajuste definitivamente não pago sem verificação documental completa e revisão humana registrada.",Oportunidade provável — enriquecer contato e documentos antes da abordagem.,Enriquecer contato empresarial; manter na fila de leads prioritários.,"Saldo/medições indisponíveis — valor sobre total é teto teórico, não valor devido. | indice_contratual_ausente — não aplicar IPCA/INCC/SINAPI por plausibilidade",,,,False,True
434,LIKELY_ADJUSTMENT_OPPORTUNITY,DOCUMENT_REQUEST_CANDIDATE,NACIONAL,58.92,95.0,17.5,63.0,58.92,interregno_conservador_gt_12m | multi_contratos=2 | regime_14133_provavel_ou_comprovado,21606500000141,J. B. BARBOSA DA CUNHA LTDA,,CRUZEIRO DO SUL,AC,False,,,,2,FUNDEPAR - Instituto Paranaense de Desenvolvimento Educacional,18210074.5,22112109000153-2-000077/2024,FUNDEPAR - Instituto Paranaense de Desenvolvimento Educacional,LEGAL_REGIME_UNKNOWN,LIKELY_ADJUSTMENT_OPPORTUNITY,obra_classificada_conf=0.80 | fornecedor_privado | obrigacao_financeira_potencialmente_aberta | regime_14133_altamente_provavel | interregno_conservador_por_assinatura_gt_12m | document_request_parallel_action | Objeto classificado como edificacoes (conf=0.80) | Interregno mínimo conservador confirmado (level=B_CONSERVATIVE_SIGNATURE_GT_12M; proxy=data_assinatura) | Interregno ≥12m na data-base efetiva (proxy:data_assinatura) [TEMPORAL_CANDIDATE_BY_PROXY],Regime 14.133 provável (ano/PNCP/menção) mas não comprovado em documento oficial | data-base exata do orçamento ausente — cálculo preciso bloqueado | maturidade_temporal_insuficiente,clausula_reajuste | data_base_orcamento_estimado | indice_ou_formula | texto_oficial_contrato_edital | medicoes | apostilas | memoria_reajuste,Oportunidade provável — enriquecer contato e documentos antes da abordagem.,Oportunidade provável — enriquecer contato e documentos antes da abordagem.,"Não afirmar valor devido, inadimplemento, crédito constituído ou reajuste definitivamente não pago sem verificação documental completa e revisão humana registrada.",Oportunidade provável — enriquecer contato e documentos antes da abordagem.,Enriquecer contato empresarial; manter na fila de leads prioritários.,"Saldo/medições indisponíveis — valor sobre total é teto teórico, não valor devido. | indice_contratual_ausente — não aplicar IPCA/INCC/SINAPI por plausibilidade",,,,False,True
435,LIKELY_ADJUSTMENT_OPPORTUNITY,DOCUMENT_REQUEST_CANDIDATE,NACIONAL,58.7,94.0,17.5,61.6,58.7,interregno_conservador_gt_12m | regime_14133_provavel_ou_comprovado,00000000000191,BANCO DO BRASIL S A,,BRASILIA,DF,False,,,,1,FUC - URBANIZAÇÃO DE CURITIBA S/A - URBS,8524497.78,14682109000160-2-000004/2024,FUC - URBANIZAÇÃO DE CURITIBA S/A - URBS,LEGAL_REGIME_UNKNOWN,LIKELY_ADJUSTMENT_OPPORTUNITY,obra_classificada_conf=0.76 | fornecedor_privado | obrigacao_financeira_potencialmente_aberta | regime_14133_altamente_provavel | interregno_conservador_por_assinatura_gt_12m | document_request_parallel_action | Objeto classificado como drenagem_urbanizacao (conf=0.76) | Interregno mínimo conservador confirmado (level=B_CONSERVATIVE_SIGNATURE_GT_12M; proxy=data_assinatura) | Interregno ≥12m na data-base efetiva (proxy:data_assinatura) [TEMPORAL_CANDIDATE_BY_PROXY],Regime 14.133 provável (ano/PNCP/menção) mas não comprovado em documento oficial | data-base exata do orçamento ausente — cálculo preciso bloqueado,clausula_reajuste | data_base_orcamento_estimado | indice_ou_formula | texto_oficial_contrato_edital | medicoes | apostilas | memoria_reajuste,Oportunidade provável — enriquecer contato e documentos antes da abordagem.,Oportunidade provável — enriquecer contato e documentos antes da abordagem.,"Não afirmar valor devido, inadimplemento, crédito constituído ou reajuste definitivamente não pago sem verificação documental completa e revisão humana registrada.",Oportunidade provável — enriquecer contato e documentos antes da abordagem.,Enriquecer contato empresarial; manter na fila de leads prioritários.,"Saldo/medições indisponíveis — valor sobre total é teto teórico, não valor devido. | indice_contratual_ausente — não aplicar IPCA/INCC/SINAPI por plausibilidade",,,,False,True
436,LIKELY_ADJUSTMENT_OPPORTUNITY,DOCUMENT_REQUEST_CANDIDATE,NACIONAL,58.49,94.0,17.5,61.6,58.49,interregno_conservador_gt_12m | regime_14133_provavel_ou_comprovado,04613668000165,LA VIAGENS E TURISMO LTDA,,BRASILIA,DF,False,,,,1,TCEPR - Tribunal do Contas do Estado do Paraná,6997165.0,77996312000121-2-000066/2024,TCEPR - Tribunal do Contas do Estado do Paraná,LEGAL_REGIME_UNKNOWN,LIKELY_ADJUSTMENT_OPPORTUNITY,obra_classificada_conf=0.76 | fornecedor_privado | obrigacao_financeira_potencialmente_aberta | regime_14133_altamente_provavel | interregno_conservador_por_assinatura_gt_12m | document_request_parallel_action | Objeto classificado como obras_infraestrutura (conf=0.76) | Interregno mínimo conservador confirmado (level=B_CONSERVATIVE_SIGNATURE_GT_12M; proxy=data_assinatura) | Interregno ≥12m na data-base efetiva (proxy:data_assinatura) [TEMPORAL_CANDIDATE_BY_PROXY],Regime 14.133 provável (ano/PNCP/menção) mas não comprovado em documento oficial | data-base exata do orçamento ausente — cálculo preciso bloqueado,clausula_reajuste | data_base_orcamento_estimado | indice_ou_formula | texto_oficial_contrato_edital | medicoes | apostilas | memoria_reajuste,Oportunidade provável — enriquecer contato e documentos antes da abordagem.,Oportunidade provável — enriquecer contato e documentos antes da abordagem.,"Não afirmar valor devido, inadimplemento, crédito constituído ou reajuste definitivamente não pago sem verificação documental completa e revisão humana registrada.",Oportunidade provável — enriquecer contato e documentos antes da abordagem.,Enriquecer contato empresarial; manter na fila de leads prioritários.,"Saldo/medições indisponíveis — valor sobre total é teto teórico, não valor devido. | indice_contratual_ausente — não aplicar IPCA/INCC/SINAPI por plausibilidade",,,,False,True
437,LIKELY_ADJUSTMENT_OPPORTUNITY,DOCUMENT_REQUEST_CANDIDATE,NACIONAL,58.43,92.5,17.5,59.5,58.43,interregno_conservador_gt_12m | multi_contratos=4 | regime_14133_provavel_ou_comprovado,62528187000158,POWER TECNOLOGIA LTDA ME,,SAO PAULO,SP,False,,,,4,TCEPR - Tribunal do Contas do Estado do Paraná | TRIBUNAL DE CONTAS DO ESTADO DO PARANÁ,82900000.0,77996312000121-2-000024/2024,TRIBUNAL DE CONTAS DO ESTADO DO PARANÁ,LEGAL_REGIME_UNKNOWN,LIKELY_ADJUSTMENT_OPPORTUNITY,obra_classificada_conf=0.70 | fornecedor_privado | obrigacao_financeira_potencialmente_aberta | regime_14133_altamente_provavel | interregno_conservador_por_assinatura_gt_12m | document_request_parallel_action | Objeto classificado como pavimentacao_rodoviaria (conf=0.70) | Interregno mínimo conservador confirmado (level=B_CONSERVATIVE_SIGNATURE_GT_12M; proxy=data_assinatura) | Interregno ≥12m na data-base efetiva (proxy:data_assinatura) [TEMPORAL_CANDIDATE_BY_PROXY],Regime 14.133 provável (ano/PNCP/menção) mas não comprovado em documento oficial | data-base exata do orçamento ausente — cálculo preciso bloqueado,clausula_reajuste | data_base_orcamento_estimado | indice_ou_formula | texto_oficial_contrato_edital | medicoes | apostilas | memoria_reajuste,Oportunidade provável — enriquecer contato e documentos antes da abordagem.,Oportunidade provável — enriquecer contato e documentos antes da abordagem.,"Não afirmar valor devido, inadimplemento, crédito constituído ou reajuste definitivamente não pago sem verificação documental completa e revisão humana registrada.",Oportunidade provável — enriquecer contato e documentos antes da abordagem.,Enriquecer contato empresarial; manter na fila de leads prioritários.,"Saldo/medições indisponíveis — valor sobre total é teto teórico, não valor devido. | indice_contratual_ausente — não aplicar IPCA/INCC/SINAPI por plausibilidade",,,,False,True
438,LIKELY_ADJUSTMENT_OPPORTUNITY,DOCUMENT_REQUEST_CANDIDATE,NACIONAL,58.3,94.0,17.5,61.6,58.3,interregno_conservador_gt_12m | regime_14133_provavel_ou_comprovado,11804441000162,CONSTRUTORA SERVIPAR LTDA,,ITUIUTABA,MG,False,,,,1,GRUPAMENTO DE APOIO DE CANOAS,5748846.37,00394429000100-2-000889/2024,GRUPAMENTO DE APOIO DE CANOAS,LEGAL_REGIME_UNKNOWN,LIKELY_ADJUSTMENT_OPPORTUNITY,obra_classificada_conf=0.76 | fornecedor_privado | obrigacao_financeira_potencialmente_aberta | regime_14133_altamente_provavel | interregno_conservador_por_assinatura_gt_12m | document_request_parallel_action | Objeto classificado como obras_engenharia_geral (conf=0.76) | Interregno mínimo conservador confirmado (level=B_CONSERVATIVE_SIGNATURE_GT_12M; proxy=data_assinatura) | Interregno ≥12m na data-base efetiva (proxy:data_assinatura) [TEMPORAL_CANDIDATE_BY_PROXY],Regime 14.133 provável (ano/PNCP/menção) mas não comprovado em documento oficial | data-base exata do orçamento ausente — cálculo preciso bloqueado,clausula_reajuste | data_base_orcamento_estimado | indice_ou_formula | texto_oficial_contrato_edital | medicoes | apostilas | memoria_reajuste,Oportunidade provável — enriquecer contato e documentos antes da abordagem.,Oportunidade provável — enriquecer contato e documentos antes da abordagem.,"Não afirmar valor devido, inadimplemento, crédito constituído ou reajuste definitivamente não pago sem verificação documental completa e revisão humana registrada.",Oportunidade provável — enriquecer contato e documentos antes da abordagem.,Enriquecer contato empresarial; manter na fila de leads prioritários.,"Saldo/medições indisponíveis — valor sobre total é teto teórico, não valor devido. | indice_contratual_ausente — não aplicar IPCA/INCC/SINAPI por plausibilidade",,,,False,True
439,LIKELY_ADJUSTMENT_OPPORTUNITY,DOCUMENT_REQUEST_CANDIDATE,NACIONAL,56.14,90.0,17.5,56.0,56.14,interregno_conservador_gt_12m | regime_14133_provavel_ou_comprovado,16099194000164,ELETRODATA ENGENHARIA LTDA,,LAURO DE FREITAS,BA,False,,,,1,"SECRETARIA DE PLANEJAMENTO, GOVERNANÇA E GESTÃO",12166612.68,87958682000128-2-000030/2024,"SECRETARIA DE PLANEJAMENTO, GOVERNANÇA E GESTÃO",LEGAL_REGIME_UNKNOWN,LIKELY_ADJUSTMENT_OPPORTUNITY,obra_classificada_conf=0.60 | fornecedor_privado | obrigacao_financeira_potencialmente_aberta | regime_14133_altamente_provavel | interregno_conservador_por_assinatura_gt_12m | document_request_parallel_action | Objeto classificado como obras_engenharia_geral (conf=0.60) | Interregno mínimo conservador confirmado (level=B_CONSERVATIVE_SIGNATURE_GT_12M; proxy=data_assinatura) | Interregno ≥12m na data-base efetiva (proxy:data_assinatura) [TEMPORAL_CANDIDATE_BY_PROXY],Regime 14.133 provável (ano/PNCP/menção) mas não comprovado em documento oficial | data-base exata do orçamento ausente — cálculo preciso bloqueado,clausula_reajuste | data_base_orcamento_estimado | indice_ou_formula | texto_oficial_contrato_edital | medicoes | apostilas | memoria_reajuste,Oportunidade provável — enriquecer contato e documentos antes da abordagem.,Oportunidade provável — enriquecer contato e documentos antes da abordagem.,"Não afirmar valor devido, inadimplemento, crédito constituído ou reajuste definitivamente não pago sem verificação documental completa e revisão humana registrada.",Oportunidade provável — enriquecer contato e documentos antes da abordagem.,Enriquecer contato empresarial; manter na fila de leads prioritários.,"Saldo/medições indisponíveis — valor sobre total é teto teórico, não valor devido. | indice_contratual_ausente — não aplicar IPCA/INCC/SINAPI por plausibilidade",,,,False,True
440,LIKELY_ADJUSTMENT_OPPORTUNITY,DOCUMENT_REQUEST_CANDIDATE,NACIONAL,56.01,90.0,17.5,56.0,56.01,interregno_conservador_gt_12m | multi_contratos=2 | regime_14133_provavel_ou_comprovado,08594071000171,ENGELEC - ENGENHARIA ELETRICA E CIVIL LTDA,,CAMPO GRANDE,MS,False,,,,2,UEM - Universidade Estadual de Maringá | UTFPR - CAMPUS PONTA GROSSA,23534492.42,75101873000190-2-000792/2023,UTFPR - CAMPUS PONTA GROSSA,LEGAL_REGIME_UNKNOWN,LIKELY_ADJUSTMENT_OPPORTUNITY,obra_classificada_conf=0.60 | fornecedor_privado | obrigacao_financeira_potencialmente_aberta | regime_14133_altamente_provavel | interregno_conservador_por_assinatura_gt_12m | document_request_parallel_action | Objeto classificado como obras_engenharia_geral (conf=0.60) | Interregno mínimo conservador confirmado (level=B_CONSERVATIVE_SIGNATURE_GT_12M; proxy=data_assinatura) | Interregno ≥12m na data-base efetiva (proxy:data_assinatura) [TEMPORAL_CANDIDATE_BY_PROXY],Regime 14.133 provável (ano/PNCP/menção) mas não comprovado em documento oficial | data-base exata do orçamento ausente — cálculo preciso bloqueado,clausula_reajuste | data_base_orcamento_estimado | indice_ou_formula | texto_oficial_contrato_edital | medicoes | apostilas | memoria_reajuste,Oportunidade provável — enriquecer contato e documentos antes da abordagem.,Oportunidade provável — enriquecer contato e documentos antes da abordagem.,"Não afirmar valor devido, inadimplemento, crédito constituído ou reajuste definitivamente não pago sem verificação documental completa e revisão humana registrada.",Oportunidade provável — enriquecer contato e documentos antes da abordagem.,Enriquecer contato empresarial; manter na fila de leads prioritários.,"Saldo/medições indisponíveis — valor sobre total é teto teórico, não valor devido. | indice_contratual_ausente — não aplicar IPCA/INCC/SINAPI por plausibilidade",,,,False,True
441,LIKELY_ADJUSTMENT_OPPORTUNITY,DOCUMENT_REQUEST_CANDIDATE,NACIONAL,55.57,90.0,17.5,56.0,55.57,interregno_conservador_gt_12m | regime_14133_provavel_ou_comprovado,24786130000160,M&C BRANDAO LTDA,,BRASILIA,DF,False,,,,1,UNIVERSIDADE FEDERAL DE STA.MARIA/RS,7545500.56,95591764000105-2-000088/2024,UNIVERSIDADE FEDERAL DE STA.MARIA/RS,LEGAL_REGIME_UNKNOWN,LIKELY_ADJUSTMENT_OPPORTUNITY,obra_classificada_conf=0.60 | fornecedor_privado | obrigacao_financeira_potencialmente_aberta | regime_14133_altamente_provavel | interregno_conservador_por_assinatura_gt_12m | document_request_parallel_action | Objeto classificado como obras_engenharia_geral (conf=0.60) | Interregno mínimo conservador confirmado (level=B_CONSERVATIVE_SIGNATURE_GT_12M; proxy=data_assinatura) | Interregno ≥12m na data-base efetiva (proxy:data_assinatura) [TEMPORAL_CANDIDATE_BY_PROXY],Regime 14.133 provável (ano/PNCP/menção) mas não comprovado em documento oficial | data-base exata do orçamento ausente — cálculo preciso bloqueado,clausula_reajuste | data_base_orcamento_estimado | indice_ou_formula | texto_oficial_contrato_edital | medicoes | apostilas | memoria_reajuste,Oportunidade provável — enriquecer contato e documentos antes da abordagem.,Oportunidade provável — enriquecer contato e documentos antes da abordagem.,"Não afirmar valor devido, inadimplemento, crédito constituído ou reajuste definitivamente não pago sem verificação documental completa e revisão humana registrada.",Oportunidade provável — enriquecer contato e documentos antes da abordagem.,Enriquecer contato empresarial; manter na fila de leads prioritários.,"Saldo/medições indisponíveis — valor sobre total é teto teórico, não valor devido. | indice_contratual_ausente — não aplicar IPCA/INCC/SINAPI por plausibilidade",,,,False,True
442,LIKELY_ADJUSTMENT_OPPORTUNITY,DOCUMENT_REQUEST_CANDIDATE,NACIONAL,55.52,90.0,17.5,56.0,55.52,interregno_conservador_gt_12m | regime_14133_provavel_ou_comprovado,18218416000146,ESQUADRO EMPREENDIMENTOS LTDA.,,CANAA DOS CARAJAS,PA,False,,,,1,Prefeitura Municipal de Joinville - PMJ,7207530.82,83169623000110-2-001147/2024,Prefeitura Municipal de Joinville - PMJ,LEGAL_REGIME_UNKNOWN,LIKELY_ADJUSTMENT_OPPORTUNITY,obra_classificada_conf=0.60 | fornecedor_privado | obrigacao_financeira_potencialmente_aberta | regime_14133_altamente_provavel | interregno_conservador_por_assinatura_gt_12m | document_request_parallel_action | Objeto classificado como obras_engenharia_geral (conf=0.60) | Interregno mínimo conservador confirmado (level=B_CONSERVATIVE_SIGNATURE_GT_12M; proxy=data_assinatura) | Interregno ≥12m na data-base efetiva (proxy:data_assinatura) [TEMPORAL_CANDIDATE_BY_PROXY],Regime 14.133 provável (ano/PNCP/menção) mas não comprovado em documento oficial | data-base exata do orçamento ausente — cálculo preciso bloqueado,clausula_reajuste | data_base_orcamento_estimado | indice_ou_formula | texto_oficial_contrato_edital | medicoes | apostilas | memoria_reajuste,Oportunidade provável — enriquecer contato e documentos antes da abordagem.,Oportunidade provável — enriquecer contato e documentos antes da abordagem.,"Não afirmar valor devido, inadimplemento, crédito constituído ou reajuste definitivamente não pago sem verificação documental completa e revisão humana registrada.",Oportunidade provável — enriquecer contato e documentos antes da abordagem.,Enriquecer contato empresarial; manter na fila de leads prioritários.,"Saldo/medições indisponíveis — valor sobre total é teto teórico, não valor devido. | indice_contratual_ausente — não aplicar IPCA/INCC/SINAPI por plausibilidade",,,,False,True
443,LIKELY_ADJUSTMENT_OPPORTUNITY,DOCUMENT_REQUEST_CANDIDATE,NACIONAL,55.42,90.0,17.5,61.6,55.42,interregno_conservador_gt_12m | multi_contratos=3 | regime_14133_provavel_ou_comprovado,00360305000104,CAIXA ECONOMICA FEDERAL,,BRASILIA,DF,False,,,,3,Encargos Gerais do Município | MUNICÍPIO DE PASSO FUNDO | SMAP/SMF - SMAP/SMF,60457221.39,76417005000186-2-000006/2024,SMAP/SMF - SMAP/SMF,LEGAL_REGIME_UNKNOWN,LIKELY_ADJUSTMENT_OPPORTUNITY,obra_classificada_conf=0.60 | fornecedor_privado | obrigacao_financeira_potencialmente_aberta | regime_14133_altamente_provavel | interregno_conservador_por_assinatura_gt_12m | document_request_parallel_action | Objeto classificado como obras_engenharia_geral (conf=0.60) | Interregno mínimo conservador confirmado (level=B_CONSERVATIVE_SIGNATURE_GT_12M; proxy=data_assinatura) | Interregno ≥12m na data-base efetiva (proxy:data_assinatura) [TEMPORAL_CANDIDATE_BY_PROXY],Regime 14.133 provável (ano/PNCP/menção) mas não comprovado em documento oficial | data-base exata do orçamento ausente — cálculo preciso bloqueado | maturidade_temporal_insuficiente,clausula_reajuste | data_base_orcamento_estimado | indice_ou_formula | texto_oficial_contrato_edital | medicoes | apostilas | memoria_reajuste,Oportunidade provável — enriquecer contato e documentos antes da abordagem.,Oportunidade provável — enriquecer contato e documentos antes da abordagem.,"Não afirmar valor devido, inadimplemento, crédito constituído ou reajuste definitivamente não pago sem verificação documental completa e revisão humana registrada.",Oportunidade provável — enriquecer contato e documentos antes da abordagem.,Enriquecer contato empresarial; manter na fila de leads prioritários.,"Saldo/medições indisponíveis — valor sobre total é teto teórico, não valor devido. | indice_contratual_ausente — não aplicar IPCA/INCC/SINAPI por plausibilidade",,,,False,True
444,LIKELY_ADJUSTMENT_OPPORTUNITY,DOCUMENT_REQUEST_CANDIDATE,NACIONAL,55.4,90.0,17.5,56.0,55.4,interregno_conservador_gt_12m | regime_14133_provavel_ou_comprovado,01645738000179,INDRA BRASIL SOLUCOES E SERVICOS TECNOLOGICOS LTDA,,SAO PAULO,SP,False,,,,1,TCEPR - Tribunal do Contas do Estado do Paraná,6439517.0,77996312000121-2-000063/2024,TCEPR - Tribunal do Contas do Estado do Paraná,LEGAL_REGIME_UNKNOWN,LIKELY_ADJUSTMENT_OPPORTUNITY,obra_classificada_conf=0.60 | fornecedor_privado | obrigacao_financeira_potencialmente_aberta | regime_14133_altamente_provavel | interregno_conservador_por_assinatura_gt_12m | document_request_parallel_action | Objeto classificado como obras_engenharia_geral (conf=0.60) | Interregno mínimo conservador confirmado (level=B_CONSERVATIVE_SIGNATURE_GT_12M; proxy=data_assinatura) | Interregno ≥12m na data-base efetiva (proxy:data_assinatura) [TEMPORAL_CANDIDATE_BY_PROXY],Regime 14.133 provável (ano/PNCP/menção) mas não comprovado em documento oficial | data-base exata do orçamento ausente — cálculo preciso bloqueado,clausula_reajuste | data_base_orcamento_estimado | indice_ou_formula | texto_oficial_contrato_edital | medicoes | apostilas | memoria_reajuste,Oportunidade provável — enriquecer contato e documentos antes da abordagem.,Oportunidade provável — enriquecer contato e documentos antes da abordagem.,"Não afirmar valor devido, inadimplemento, crédito constituído ou reajuste definitivamente não pago sem verificação documental completa e revisão humana registrada.",Oportunidade provável — enriquecer contato e documentos antes da abordagem.,Enriquecer contato empresarial; manter na fila de leads prioritários.,"Saldo/medições indisponíveis — valor sobre total é teto teórico, não valor devido. | indice_contratual_ausente — não aplicar IPCA/INCC/SINAPI por plausibilidade",,,,False,True
445,POTENTIAL_ADJUSTMENT_SIGNAL,NOT_READY_FOR_OUTREACH,SUL_SC_PRIORITY,67.94,82.0,17.5,81.0,67.94,sede_ou_execucao_sul | interregno_conservador_gt_12m | multi_contratos=9 | regime_14133_provavel_ou_comprovado,05901551000140,EMBRACOL ENGENHARIA DE OBRAS LTDA,,JOINVILLE,SC,True,,,,9,Fundo Municipal de Saúde - FMS | PREFEITURA MUNICIPAL DE PATO BRANCO - PR | Prefeitura Municipal de Joinville - PMJ,152187015.29,83169623000110-2-001663/2024,Prefeitura Municipal de Joinville - PMJ,LEGAL_REGIME_UNKNOWN,POTENTIAL_ADJUSTMENT_SIGNAL,obra_classificada_conf=0.60 | fornecedor_privado | obrigacao_financeira_potencialmente_aberta | regime_14133_altamente_provavel | interregno_conservador_por_assinatura_gt_12m | Objeto classificado como obras_engenharia_geral (conf=0.60) | Interregno mínimo conservador confirmado (level=B_CONSERVATIVE_SIGNATURE_GT_12M; proxy=data_assinatura) | Interregno ≥12m na data-base efetiva (proxy:data_assinatura) [TEMPORAL_CANDIDATE_BY_PROXY],Regime 14.133 provável (ano/PNCP/menção) mas não comprovado em documento oficial | data-base exata do orçamento ausente — cálculo preciso bloqueado,clausula_reajuste | data_base_orcamento_estimado | indice_ou_formula | texto_oficial_contrato_edital | medicoes | apostilas | memoria_reajuste,Sinal comercial de possível maturidade anual em obra (obras engenharia geral). Não constitui afirmação de crédito. Temporal=B_CONSERVATIVE_SIGNATURE_GT_12M.,none,"Não afirmar valor devido, inadimplemento, crédito constituído ou reajuste definitivamente não pago sem verificação documental completa e revisão humana registrada.",Sinal comercial de possível maturidade anual em obra (obras engenharia geral). Não constitui afirmação de crédito. Temporal=B_CONSERVATIVE_SIGNATURE_GT_12M.,Triagem nacional: aprofundar se prioridade comercial alta.,"Saldo/medições indisponíveis — valor sobre total é teto teórico, não valor devido. | indice_contratual_ausente — não aplicar IPCA/INCC/SINAPI por plausibilidade",,,,False,False
446,POTENTIAL_ADJUSTMENT_SIGNAL,NOT_READY_FOR_OUTREACH,SUL_SC_PRIORITY,66.68,87.0,17.5,63.0,66.68,sede_ou_execucao_sul | interregno_conservador_gt_12m | regime_14133_provavel_ou_comprovado,57142280000190,IP SANTA MARIA CONCESSIONARIA DE ILUMINACAO PUBLICA S.A.,,SANTA MARIA,RS,True,,,,1,PREFEITURA MUNICIPAL DE SANTA MARIA/RS,219667530.24,88488366000100-2-000255/2024,PREFEITURA MUNICIPAL DE SANTA MARIA/RS,LEGAL_REGIME_UNKNOWN,POTENTIAL_ADJUSTMENT_SIGNAL,obra_classificada_conf=0.80 | fornecedor_privado | obrigacao_financeira_potencialmente_aberta | regime_14133_altamente_provavel | interregno_conservador_por_assinatura_gt_12m | Objeto classificado como obras_infraestrutura (conf=0.80) | Interregno mínimo conservador confirmado (level=B_CONSERVATIVE_SIGNATURE_GT_12M; proxy=data_assinatura) | Interregno ≥12m na data-base efetiva (proxy:data_assinatura) [TEMPORAL_CANDIDATE_BY_PROXY],Regime 14.133 provável (ano/PNCP/menção) mas não comprovado em documento oficial | data-base exata do orçamento ausente — cálculo preciso bloqueado,clausula_reajuste | data_base_orcamento_estimado | indice_ou_formula | texto_oficial_contrato_edital | medicoes | apostilas | memoria_reajuste,Sinal comercial de possível maturidade anual em obra (obras infraestrutura). Não constitui afirmação de crédito. Temporal=B_CONSERVATIVE_SIGNATURE_GT_12M.,none,"Não afirmar valor devido, inadimplemento, crédito constituído ou reajuste definitivamente não pago sem verificação documental completa e revisão humana registrada.",Sinal comercial de possível maturidade anual em obra (obras infraestrutura). Não constitui afirmação de crédito. Temporal=B_CONSERVATIVE_SIGNATURE_GT_12M.,Triagem nacional: aprofundar se prioridade comercial alta.,"Saldo/medições indisponíveis — valor sobre total é teto teórico, não valor devido. | indice_contratual_ausente — não aplicar IPCA/INCC/SINAPI por plausibilidade",,5196498564,,True,False
447,POTENTIAL_ADJUSTMENT_SIGNAL,NOT_READY_FOR_OUTREACH,SUL_SC_PRIORITY,66.06,79.0,15.0,86.6,66.06,sede_ou_execucao_sul | interregno_conservador_gt_12m | regime_14133_provavel_ou_comprovado,29383128000163,I L AZEVEDO ENGENHARIA LTDA,,Chapecó,SC,True,,,,1,Prefeitura Municipal de Chapecó,5055283.48,83021808000182-2-000528/2025,Prefeitura Municipal de Chapecó,LEGAL_REGIME_UNKNOWN,POTENTIAL_ADJUSTMENT_SIGNAL,obra_classificada_conf=0.76 | fornecedor_privado | obrigacao_financeira_potencialmente_aberta | regime_14133_altamente_provavel | interregno_conservador_por_assinatura_gt_12m | Objeto classificado como obras_infraestrutura (conf=0.76) | Interregno mínimo conservador confirmado (level=B_CONSERVATIVE_SIGNATURE_GT_12M; proxy=data_assinatura) | Interregno ≥12m na data-base efetiva (proxy:data_assinatura) [TEMPORAL_CANDIDATE_BY_PROXY],Regime 14.133 provável (ano/PNCP/menção) mas não comprovado em documento oficial | data-base exata do orçamento ausente — cálculo preciso bloqueado,clausula_reajuste | data_base_orcamento_estimado | indice_ou_formula | texto_oficial_contrato_edital | medicoes | apostilas | memoria_reajuste,Sinal comercial de possível maturidade anual em obra (obras infraestrutura). Não constitui afirmação de crédito. Temporal=B_CONSERVATIVE_SIGNATURE_GT_12M.,none,"Não afirmar valor devido, inadimplemento, crédito constituído ou reajuste definitivamente não pago sem verificação documental completa e revisão humana registrada.",Sinal comercial de possível maturidade anual em obra (obras infraestrutura). Não constitui afirmação de crédito. Temporal=B_CONSERVATIVE_SIGNATURE_GT_12M.,Manter em inteligência comercial; enriquecer sinais.,"Saldo/medições indisponíveis — valor sobre total é teto teórico, não valor devido. | indice_contratual_ausente — não aplicar IPCA/INCC/SINAPI por plausibilidade",,,,False,False
448,POTENTIAL_ADJUSTMENT_SIGNAL,NOT_READY_FOR_OUTREACH,SUL_SC_PRIORITY,63.68,87.0,17.5,63.0,63.68,sede_ou_execucao_sul | interregno_conservador_gt_12m | regime_14133_provavel_ou_comprovado,58268249000162,IP SAPIRANGA CONCESSIONARIA DE ILUMINACAO PUBLICA S.A.,,SAPIRANGA,RS,True,,,,1,DEPARTAMENTO DE OBRAS VIARIAS,106904288.0,87366159000102-2-000228/2024,DEPARTAMENTO DE OBRAS VIARIAS,LEGAL_REGIME_UNKNOWN,POTENTIAL_ADJUSTMENT_SIGNAL,obra_classificada_conf=0.80 | fornecedor_privado | obrigacao_financeira_potencialmente_aberta | regime_14133_altamente_provavel | interregno_conservador_por_assinatura_gt_12m | Objeto classificado como obras_infraestrutura (conf=0.80) | Interregno mínimo conservador confirmado (level=B_CONSERVATIVE_SIGNATURE_GT_12M; proxy=data_assinatura) | Interregno ≥12m na data-base efetiva (proxy:data_assinatura) [TEMPORAL_CANDIDATE_BY_PROXY],Regime 14.133 provável (ano/PNCP/menção) mas não comprovado em documento oficial | data-base exata do orçamento ausente — cálculo preciso bloqueado,clausula_reajuste | data_base_orcamento_estimado | indice_ou_formula | texto_oficial_contrato_edital | medicoes | apostilas | memoria_reajuste,Sinal comercial de possível maturidade anual em obra (obras infraestrutura). Não constitui afirmação de crédito. Temporal=B_CONSERVATIVE_SIGNATURE_GT_12M.,none,"Não afirmar valor devido, inadimplemento, crédito constituído ou reajuste definitivamente não pago sem verificação documental completa e revisão humana registrada.",Sinal comercial de possível maturidade anual em obra (obras infraestrutura). Não constitui afirmação de crédito. Temporal=B_CONSERVATIVE_SIGNATURE_GT_12M.,Triagem nacional: aprofundar se prioridade comercial alta.,"Saldo/medições indisponíveis — valor sobre total é teto teórico, não valor devido. | indice_contratual_ausente — não aplicar IPCA/INCC/SINAPI por plausibilidade",,,,False,False
449,POTENTIAL_ADJUSTMENT_SIGNAL,NOT_READY_FOR_OUTREACH,SUL_SC_PRIORITY,61.3,80.0,15.0,80.8,61.3,sede_ou_execucao_sul | interregno_conservador_gt_12m | multi_contratos=4 | regime_14133_provavel_ou_comprovado,10858746000194,ROLP RENTAL EIRELI,,IBAITI,PR,True,,,,4,"DEPARTAMENTO DE OBRAS, HABITACAO E SANEAMENTO | PREFEITURA MUNICIPAL DE IMBAÚ - PR | PREFEITURA MUNICIPAL DE JAGUARIAÍVA - PR | PREFEITURA MUNICIPAL DE TOMAZINA - PR",24477789.19,76911676000107-2-000186/2025,"DEPARTAMENTO DE OBRAS, HABITACAO E SANEAMENTO",LEGAL_REGIME_UNKNOWN,POTENTIAL_ADJUSTMENT_SIGNAL,obra_classificada_conf=0.80 | fornecedor_privado | obrigacao_financeira_potencialmente_aberta | regime_14133_altamente_provavel | interregno_conservador_por_assinatura_gt_12m | Objeto classificado como pavimentacao_rodoviaria (conf=0.80) | Interregno mínimo conservador confirmado (level=B_CONSERVATIVE_SIGNATURE_GT_12M; proxy=data_assinatura) | Interregno ≥12m na data-base efetiva (proxy:data_assinatura) [TEMPORAL_CANDIDATE_BY_PROXY],Regime 14.133 provável (ano/PNCP/menção) mas não comprovado em documento oficial | data-base exata do orçamento ausente — cálculo preciso bloqueado | maturidade_temporal_insuficiente,clausula_reajuste | data_base_orcamento_estimado | indice_ou_formula | texto_oficial_contrato_edital | medicoes | apostilas | memoria_reajuste,Sinal comercial de possível maturidade anual em obra (pavimentacao rodoviaria). Não constitui afirmação de crédito. Temporal=B_CONSERVATIVE_SIGNATURE_GT_12M.,none,"Não afirmar valor devido, inadimplemento, crédito constituído ou reajuste definitivamente não pago sem verificação documental completa e revisão humana registrada.",Sinal comercial de possível maturidade anual em obra (pavimentacao rodoviaria). Não constitui afirmação de crédito. Temporal=B_CONSERVATIVE_SIGNATURE_GT_12M.,Manter em inteligência comercial; enriquecer sinais.,"Saldo/medições indisponíveis — valor sobre total é teto teórico, não valor devido. | indice_contratual_ausente — não aplicar IPCA/INCC/SINAPI por plausibilidade",,,,False,False
