ranking,commercial_stage,outreach_status,prioridade_abordagem,score_fornecedor,opportunity_score,verification_score,commercial_fit_score,priority_score,motivos_score,cnpj,razao_social,nome_fantasia,sede_municipio,sede_uf,sul_priority,cnae,situacao_cadastral,porte_cadastral,qtd_contratos_candidatos,orgaos_contratantes,valor_total_portfolio_analisado,melhor_contrato_id,melhor_orgao,melhor_classificacao,melhor_commercial_stage,sinais_favoraveis,incertezas,documentos_faltantes,argumento_comercial,abordagem_permitida,linguagem_proibida,mensagem_abordagem,proxima_acao,riscos,email,telefone,site,contato_verificavel,document_request_ready
1,DIAGNOSTIC_OUTREACH_READY,DOCUMENT_REQUEST_CANDIDATE,SUL_SC_PRIORITY,79.0,97.0,35.0,65.8,79.0,sede_ou_execucao_sul | interregno_conservador_gt_12m | regime_14133_provavel_ou_comprovado,07928501000181,CAMARGO E CAMARGO CONSTRUÇOES E SERVIÇOS LTDA,,CURITIBA,PR,True,,,,1,DEPARTAMENTO DE ARQUITETURA E ENGENHARIA,170597772.0,76105576000185-2-000036/2024,DEPARTAMENTO DE ARQUITETURA E ENGENHARIA,RESEARCH_REQUIRED,DIAGNOSTIC_OUTREACH_READY,obra_classificada_conf=0.88 | fornecedor_privado | obrigacao_financeira_potencialmente_aberta | regime_14133_comprovado | interregno_conservador_por_assinatura_gt_12m | Objeto classificado como edificacoes (conf=0.88) | Interregno mínimo conservador confirmado (level=B_CONSERVATIVE_SIGNATURE_GT_12M; proxy=data_assinatura) | Interregno ≥12m na data-base efetiva (proxy:data_assinatura) [TEMPORAL_CANDIDATE_BY_PROXY] | Regime comprovado: LEI_14133_2021,data-base exata do orçamento ausente — cálculo preciso bloqueado,clausula_reajuste | data_base_orcamento_estimado | indice_ou_formula | texto_oficial_contrato_edital | medicoes | apostilas | memoria_reajuste,"Identificamos contrato de obra regido pela Lei 14.133 com interregno anual potencialmente transcorrido. Isso não significa, por si só, existência de valor pendente, mas justifica conferir cláusula, data-base, medições e reajustes aplicados.","Identificamos contrato de obra regido pela Lei 14.133 com interregno anual potencialmente transcorrido. Isso não significa, por si só, existência de valor pendente, mas justifica conferir cláusula, data-base, medições e reajustes aplicados.","Não afirmar valor devido, inadimplemento, crédito constituído ou reajuste definitivamente não pago sem verificação documental completa e revisão humana registrada.","Identificamos contrato de obra regido pela Lei 14.133 com interregno anual potencialmente transcorrido. Isso não significa, por si só, existência de valor pendente, mas justifica conferir cláusula, data-base, medições e reajustes aplicados.",Abordagem diagnóstica prudente oferecendo conferência técnica — sem afirmar valor devido. Linguagem adequada ao nível de regime.,"Saldo/medições indisponíveis — valor sobre total é teto teórico, não valor devido. | indice_contratual_ausente — não aplicar IPCA/INCC/SINAPI por plausibilidade",,4132051394,,True,True
2,DIAGNOSTIC_OUTREACH_READY,DOCUMENT_REQUEST_CANDIDATE,SUL_SC_PRIORITY,77.5,95.0,35.0,78.0,77.5,sede_ou_execucao_sul | interregno_conservador_gt_12m | multi_contratos=3 | regime_14133_provavel_ou_comprovado,92943398000118,CONSTRUTORA CIDADE LIMITADA,,PORTO ALEGRE,RS,True,,,,3,SUP. REG. DO DNIT NO EST.DO RIO GRANDE DO SUL,297989826.15000004,04892707000100-2-000192/2024,SUP. REG. DO DNIT NO EST.DO RIO GRANDE DO SUL,RESEARCH_REQUIRED,DIAGNOSTIC_OUTREACH_READY,obra_classificada_conf=0.80 | fornecedor_privado | obrigacao_financeira_potencialmente_aberta | regime_14133_comprovado | interregno_conservador_por_assinatura_gt_12m | Objeto classificado como pontes_estruturas (conf=0.80) | Interregno mínimo conservador confirmado (level=B_CONSERVATIVE_SIGNATURE_GT_12M; proxy=data_assinatura) | Interregno ≥12m na data-base efetiva (proxy:data_assinatura) [TEMPORAL_CANDIDATE_BY_PROXY] | Regime comprovado: LEI_14133_2021,data-base exata do orçamento ausente — cálculo preciso bloqueado | transitional_regime_unresolved,clausula_reajuste | data_base_orcamento_estimado | indice_ou_formula | texto_oficial_contrato_edital | medicoes | apostilas | memoria_reajuste,"Identificamos contrato de obra regido pela Lei 14.133 com interregno anual potencialmente transcorrido. Isso não significa, por si só, existência de valor pendente, mas justifica conferir cláusula, data-base, medições e reajustes aplicados.","Identificamos contrato de obra regido pela Lei 14.133 com interregno anual potencialmente transcorrido. Isso não significa, por si só, existência de valor pendente, mas justifica conferir cláusula, data-base, medições e reajustes aplicados.","Não afirmar valor devido, inadimplemento, crédito constituído ou reajuste definitivamente não pago sem verificação documental completa e revisão humana registrada.","Identificamos contrato de obra regido pela Lei 14.133 com interregno anual potencialmente transcorrido. Isso não significa, por si só, existência de valor pendente, mas justifica conferir cláusula, data-base, medições e reajustes aplicados.",Abordagem diagnóstica prudente oferecendo conferência técnica — sem afirmar valor devido. Linguagem adequada ao nível de regime.,"Saldo/medições indisponíveis — valor sobre total é teto teórico, não valor devido. | indice_contratual_ausente — não aplicar IPCA/INCC/SINAPI por plausibilidade",,5133886465,,True,True
3,DIAGNOSTIC_OUTREACH_READY,DOCUMENT_REQUEST_CANDIDATE,SUL_SC_PRIORITY,76.75,94.0,35.0,82.9,76.75,sede_ou_execucao_sul | interregno_conservador_gt_12m | multi_contratos=8 | regime_14133_provavel_ou_comprovado,92779503000125,CASTILHO ENGENHARIA E EMPREENDIMENTOS S/A,,CURITIBA,PR,True,,,,8,DER - Departamento de Estradas de Rodagem do Estado do Paraná | SUP. REG. DO DNIT NO EST.DO RIO GRANDE DO SUL | SUP. REG. DO DNIT NO ESTADO DO PARANA | UNIDADE ADMINISTRATIVA,1070403707.48,04892707000100-2-000003/2024,SUP. REG. DO DNIT NO EST.DO RIO GRANDE DO SUL,RESEARCH_REQUIRED,DIAGNOSTIC_OUTREACH_READY,obra_classificada_conf=0.76 | fornecedor_privado | obrigacao_financeira_potencialmente_aberta | regime_14133_comprovado | interregno_conservador_por_assinatura_gt_12m | Objeto classificado como pavimentacao_rodoviaria (conf=0.76) | Interregno mínimo conservador confirmado (level=B_CONSERVATIVE_SIGNATURE_GT_12M; proxy=data_assinatura) | Interregno ≥12m na data-base efetiva (proxy:data_assinatura) [TEMPORAL_CANDIDATE_BY_PROXY] | Regime comprovado: LEI_14133_2021,data-base exata do orçamento ausente — cálculo preciso bloqueado | contato_empresarial_ausente — lead permanece na fila de enriquecimento | transitional_regime_unresolved,clausula_reajuste | data_base_orcamento_estimado | indice_ou_formula | texto_oficial_contrato_edital | medicoes | apostilas | memoria_reajuste,"Identificamos contrato de obra regido pela Lei 14.133 com interregno anual potencialmente transcorrido. Isso não significa, por si só, existência de valor pendente, mas justifica conferir cláusula, data-base, medições e reajustes aplicados.","Identificamos contrato de obra regido pela Lei 14.133 com interregno anual potencialmente transcorrido. Isso não significa, por si só, existência de valor pendente, mas justifica conferir cláusula, data-base, medições e reajustes aplicados.","Não afirmar valor devido, inadimplemento, crédito constituído ou reajuste definitivamente não pago sem verificação documental completa e revisão humana registrada.","Identificamos contrato de obra regido pela Lei 14.133 com interregno anual potencialmente transcorrido. Isso não significa, por si só, existência de valor pendente, mas justifica conferir cláusula, data-base, medições e reajustes aplicados.",Abordagem diagnóstica prudente oferecendo conferência técnica — sem afirmar valor devido. Linguagem adequada ao nível de regime.,"Saldo/medições indisponíveis — valor sobre total é teto teórico, não valor devido. | indice_contratual_ausente — não aplicar IPCA/INCC/SINAPI por plausibilidade",,4130253333,,True,True
4,DIAGNOSTIC_OUTREACH_READY,DOCUMENT_REQUEST_CANDIDATE,SUL_SC_PRIORITY,73.75,90.0,35.0,71.0,73.75,sede_ou_execucao_sul | interregno_conservador_gt_12m | multi_contratos=3 | regime_14133_provavel_ou_comprovado,03928516000199,VERDI SISTEMAS CONSTRUTIVOS LTDA,,PORTO ALEGRE,RS,True,,,,3,BRIGADA MILITAR - DEPARTAMENTO DE LOGÍSTICA E PATRIMÔNIO | SUPERINTENDÊNCIA DOS SERVIÇOS PENITENCIÁRIOS,532624021.82,17176399000169-2-000036/2024,SUPERINTENDÊNCIA DOS SERVIÇOS PENITENCIÁRIOS,RESEARCH_REQUIRED,DIAGNOSTIC_OUTREACH_READY,obra_classificada_conf=0.60 | fornecedor_privado | obrigacao_financeira_potencialmente_aberta | regime_14133_comprovado | interregno_conservador_por_assinatura_gt_12m | Objeto classificado como obras_engenharia_geral (conf=0.60) | Interregno mínimo conservador confirmado (level=B_CONSERVATIVE_SIGNATURE_GT_12M; proxy=data_assinatura) | Interregno ≥12m na data-base efetiva (proxy:data_assinatura) [TEMPORAL_CANDIDATE_BY_PROXY] | Regime comprovado: LEI_14133_2021,data-base exata do orçamento ausente — cálculo preciso bloqueado | regime_juridico_desconhecido,clausula_reajuste | data_base_orcamento_estimado | indice_ou_formula | texto_oficial_contrato_edital | medicoes | apostilas | memoria_reajuste,"Identificamos contrato de obra regido pela Lei 14.133 com interregno anual potencialmente transcorrido. Isso não significa, por si só, existência de valor pendente, mas justifica conferir cláusula, data-base, medições e reajustes aplicados.","Identificamos contrato de obra regido pela Lei 14.133 com interregno anual potencialmente transcorrido. Isso não significa, por si só, existência de valor pendente, mas justifica conferir cláusula, data-base, medições e reajustes aplicados.","Não afirmar valor devido, inadimplemento, crédito constituído ou reajuste definitivamente não pago sem verificação documental completa e revisão humana registrada.","Identificamos contrato de obra regido pela Lei 14.133 com interregno anual potencialmente transcorrido. Isso não significa, por si só, existência de valor pendente, mas justifica conferir cláusula, data-base, medições e reajustes aplicados.",Abordagem diagnóstica prudente oferecendo conferência técnica — sem afirmar valor devido. Linguagem adequada ao nível de regime.,"Saldo/medições indisponíveis — valor sobre total é teto teórico, não valor devido. | indice_contratual_ausente — não aplicar IPCA/INCC/SINAPI por plausibilidade",,5135401025,,True,True
5,DIAGNOSTIC_OUTREACH_READY,DOCUMENT_REQUEST_CANDIDATE,NACIONAL,72.5,100.0,35.0,70.0,72.5,interregno_conservador_gt_12m | multi_contratos=13 | regime_14133_provavel_ou_comprovado,00472805000138,TRACADO CONSTRUCOES E SERVICOS LTDA,,SAO PAULO,SP,False,,,,13,DEPARTAMENTO AUTÔNOMO DE ESTRADAS DE RODAGEM | DEPARTAMENTO DE OBRAS E SERVIÇOS | Executivo Administração Direta | MUNICÍPIO DE CRUZALTENSE | MUNICÍPIO DE PASSO FUNDO | Municipio de Alpestre | OBRAS E SERVICOS PUBLICOS | PM Jacutinga | PREFEITURA MUNICIPAL DE CONGONHINHAS - PR | PREFEITURA MUNICIPAL DE ERECHIM | Prefeitura Municipal de Quatro Irmãos,469024271.44,92883834000100-2-000004/2025,DEPARTAMENTO AUTÔNOMO DE ESTRADAS DE RODAGEM,RESEARCH_REQUIRED,DIAGNOSTIC_OUTREACH_READY,obra_classificada_conf=1.00 | fornecedor_privado | obrigacao_financeira_potencialmente_aberta | regime_14133_comprovado | interregno_conservador_por_assinatura_gt_12m | Objeto classificado como pavimentacao_rodoviaria (conf=1.00) | Interregno mínimo conservador confirmado (level=B_CONSERVATIVE_SIGNATURE_GT_12M; proxy=data_assinatura) | Interregno ≥12m na data-base efetiva (proxy:data_assinatura) [TEMPORAL_CANDIDATE_BY_PROXY] | Regime comprovado: LEI_14133_2021,data-base exata do orçamento ausente — cálculo preciso bloqueado | contato_empresarial_ausente — lead permanece na fila de enriquecimento | regime_juridico_desconhecido | transitional_regime_unresolved,clausula_reajuste | data_base_orcamento_estimado | indice_ou_formula | texto_oficial_contrato_edital | medicoes | apostilas | memoria_reajuste,"Identificamos contrato de obra regido pela Lei 14.133 com interregno anual potencialmente transcorrido. Isso não significa, por si só, existência de valor pendente, mas justifica conferir cláusula, data-base, medições e reajustes aplicados.","Identificamos contrato de obra regido pela Lei 14.133 com interregno anual potencialmente transcorrido. Isso não significa, por si só, existência de valor pendente, mas justifica conferir cláusula, data-base, medições e reajustes aplicados.","Não afirmar valor devido, inadimplemento, crédito constituído ou reajuste definitivamente não pago sem verificação documental completa e revisão humana registrada.","Identificamos contrato de obra regido pela Lei 14.133 com interregno anual potencialmente transcorrido. Isso não significa, por si só, existência de valor pendente, mas justifica conferir cláusula, data-base, medições e reajustes aplicados.",Abordagem diagnóstica prudente oferecendo conferência técnica — sem afirmar valor devido. Linguagem adequada ao nível de regime.,"Saldo/medições indisponíveis — valor sobre total é teto teórico, não valor devido. | indice_contratual_ausente — não aplicar IPCA/INCC/SINAPI por plausibilidade",,5421071000,,True,True
6,DIAGNOSTIC_OUTREACH_READY,DOCUMENT_REQUEST_CANDIDATE,NACIONAL,68.0,94.0,35.0,66.5,68.0,interregno_conservador_gt_12m | multi_contratos=24 | regime_14133_provavel_ou_comprovado,19758842000135,LCM CONSTRUCAO E COMERCIO S.A,,BELO HORIZONTE,MG,False,,,,24,DEPARTAMENTO AUTÔNOMO DE ESTRADAS DE RODAGEM | DER - Departamento de Estradas de Rodagem do Estado do Paraná | SUP. REG. DO DNIT NO EST.DO RIO GRANDE DO SUL | SUP. REG. DO DNIT NO ESTADO DE SANTA CATARINA | SUP. REG. DO DNIT NO ESTADO DO PARANA | Secretaria de Estado da Infraestrutura e Mobilidade,2190599956.9400005,04892707000100-2-000493/2024,SUP. REG. DO DNIT NO EST.DO RIO GRANDE DO SUL,RESEARCH_REQUIRED,DIAGNOSTIC_OUTREACH_READY,obra_classificada_conf=0.76 | fornecedor_privado | obrigacao_financeira_potencialmente_aberta | regime_14133_comprovado | interregno_conservador_por_assinatura_gt_12m | Objeto classificado como pavimentacao_rodoviaria (conf=0.76) | Interregno mínimo conservador confirmado (level=B_CONSERVATIVE_SIGNATURE_GT_12M; proxy=data_assinatura) | Interregno ≥12m na data-base efetiva (proxy:data_assinatura) [TEMPORAL_CANDIDATE_BY_PROXY] | Regime comprovado: LEI_14133_2021,data-base exata do orçamento ausente — cálculo preciso bloqueado | contato_empresarial_ausente — lead permanece na fila de enriquecimento | transitional_regime_unresolved | regime_juridico_desconhecido,clausula_reajuste | data_base_orcamento_estimado | indice_ou_formula | texto_oficial_contrato_edital | medicoes | apostilas | memoria_reajuste,"Identificamos contrato de obra regido pela Lei 14.133 com interregno anual potencialmente transcorrido. Isso não significa, por si só, existência de valor pendente, mas justifica conferir cláusula, data-base, medições e reajustes aplicados.","Identificamos contrato de obra regido pela Lei 14.133 com interregno anual potencialmente transcorrido. Isso não significa, por si só, existência de valor pendente, mas justifica conferir cláusula, data-base, medições e reajustes aplicados.","Não afirmar valor devido, inadimplemento, crédito constituído ou reajuste definitivamente não pago sem verificação documental completa e revisão humana registrada.","Identificamos contrato de obra regido pela Lei 14.133 com interregno anual potencialmente transcorrido. Isso não significa, por si só, existência de valor pendente, mas justifica conferir cláusula, data-base, medições e reajustes aplicados.",Abordagem diagnóstica prudente oferecendo conferência técnica — sem afirmar valor devido. Linguagem adequada ao nível de regime.,"Saldo/medições indisponíveis — valor sobre total é teto teórico, não valor devido. | indice_contratual_ausente — não aplicar IPCA/INCC/SINAPI por plausibilidade",,3132987050,,True,True
7,DIAGNOSTIC_OUTREACH_READY,DOCUMENT_REQUEST_CANDIDATE,SUL_SC_PRIORITY,65.62,85.0,32.5,53.0,65.62,sede_ou_execucao_sul | interregno_conservador_gt_12m | regime_14133_provavel_ou_comprovado,59653926000129,CONSÓRCIO RODOVIA PR-170 - PITANGA A TURVO,,MARINGA,PR,True,,,,1,DER - Departamento de Estradas de Rodagem do Estado do Paraná,0.0,76669324000189-2-000016/2025,DER - Departamento de Estradas de Rodagem do Estado do Paraná,RESEARCH_REQUIRED,DIAGNOSTIC_OUTREACH_READY,obra_classificada_conf=0.80 | fornecedor_privado | obrigacao_financeira_potencialmente_aberta | regime_14133_comprovado | interregno_conservador_por_assinatura_gt_12m | Objeto classificado como pavimentacao_rodoviaria (conf=0.80) | Interregno mínimo conservador confirmado (level=B_CONSERVATIVE_SIGNATURE_GT_12M; proxy=data_assinatura) | Interregno ≥12m na data-base efetiva (proxy:data_assinatura) [TEMPORAL_CANDIDATE_BY_PROXY] | Regime comprovado: LEI_14133_2021,data-base exata do orçamento ausente — cálculo preciso bloqueado,clausula_reajuste | data_base_orcamento_estimado | indice_ou_formula | texto_oficial_contrato_edital | medicoes | apostilas | memoria_reajuste,"Identificamos contrato de obra regido pela Lei 14.133 com interregno anual potencialmente transcorrido. Isso não significa, por si só, existência de valor pendente, mas justifica conferir cláusula, data-base, medições e reajustes aplicados.","Identificamos contrato de obra regido pela Lei 14.133 com interregno anual potencialmente transcorrido. Isso não significa, por si só, existência de valor pendente, mas justifica conferir cláusula, data-base, medições e reajustes aplicados.","Não afirmar valor devido, inadimplemento, crédito constituído ou reajuste definitivamente não pago sem verificação documental completa e revisão humana registrada.","Identificamos contrato de obra regido pela Lei 14.133 com interregno anual potencialmente transcorrido. Isso não significa, por si só, existência de valor pendente, mas justifica conferir cláusula, data-base, medições e reajustes aplicados.",Abordagem diagnóstica prudente oferecendo conferência técnica — sem afirmar valor devido. Linguagem adequada ao nível de regime.,indice_contratual_ausente — não aplicar IPCA/INCC/SINAPI por plausibilidade | serie_oficial_incompleta — percentual não calculado,,4421015959,,True,True
8,DIAGNOSTIC_OUTREACH_READY,DOCUMENT_REQUEST_CANDIDATE,SUL_SC_PRIORITY,61.88,80.0,32.5,46.0,61.88,sede_ou_execucao_sul | interregno_conservador_gt_12m | regime_14133_provavel_ou_comprovado,48430801000113,SAUDE PINHAIS SPE LTDA,,PINHAIS,PR,True,,,,1,Fundo Municipal de Saúde,0.0,95423000000100-2-000001/2022,Fundo Municipal de Saúde,RESEARCH_REQUIRED,DIAGNOSTIC_OUTREACH_READY,obra_classificada_conf=0.60 | fornecedor_privado | obrigacao_financeira_potencialmente_aberta | regime_14133_comprovado | interregno_conservador_por_assinatura_gt_12m | Objeto classificado como obras_engenharia_geral (conf=0.60) | Interregno mínimo conservador confirmado (level=B_CONSERVATIVE_SIGNATURE_GT_12M; proxy=data_assinatura) | Interregno ≥12m na data-base efetiva (proxy:data_assinatura) [TEMPORAL_CANDIDATE_BY_PROXY] | Regime comprovado: LEI_14133_2021,data-base exata do orçamento ausente — cálculo preciso bloqueado,clausula_reajuste | data_base_orcamento_estimado | indice_ou_formula | texto_oficial_contrato_edital | medicoes | apostilas | memoria_reajuste,"Identificamos contrato de obra regido pela Lei 14.133 com interregno anual potencialmente transcorrido. Isso não significa, por si só, existência de valor pendente, mas justifica conferir cláusula, data-base, medições e reajustes aplicados.","Identificamos contrato de obra regido pela Lei 14.133 com interregno anual potencialmente transcorrido. Isso não significa, por si só, existência de valor pendente, mas justifica conferir cláusula, data-base, medições e reajustes aplicados.","Não afirmar valor devido, inadimplemento, crédito constituído ou reajuste definitivamente não pago sem verificação documental completa e revisão humana registrada.","Identificamos contrato de obra regido pela Lei 14.133 com interregno anual potencialmente transcorrido. Isso não significa, por si só, existência de valor pendente, mas justifica conferir cláusula, data-base, medições e reajustes aplicados.",Abordagem diagnóstica prudente oferecendo conferência técnica — sem afirmar valor devido. Linguagem adequada ao nível de regime.,indice_contratual_ausente — não aplicar IPCA/INCC/SINAPI por plausibilidade | serie_oficial_incompleta — percentual não calculado,,4138910771,,True,True
9,DOCUMENT_REQUEST_READY,DOCUMENT_REQUEST_CANDIDATE,SUL_SC_PRIORITY,75.13,85.0,17.5,95.0,75.13,sede_ou_execucao_sul | interregno_conservador_gt_12m | multi_contratos=4,10249046000100,CONSTRUCOES SCHOROEDER EIRELI    -,,BIGUACU,SC,True,,,,4,DEPARTAMENTO DE OBRAS | SUP. REG. DO DNIT NO ESTADO DE SANTA CATARINA | Secretaria Municipal de Planejamento,260564221.31000003,04892707000100-2-000445/2023,SUP. REG. DO DNIT NO ESTADO DE SANTA CATARINA,LEGAL_REGIME_UNKNOWN,DOCUMENT_REQUEST_READY,obra_classificada_conf=0.84 | fornecedor_privado | obrigacao_financeira_potencialmente_aberta | regime_transicao_requer_documentos | interregno_conservador_por_assinatura_gt_12m | Objeto classificado como pavimentacao_rodoviaria (conf=0.84) | Interregno mínimo conservador confirmado (level=B_CONSERVATIVE_SIGNATURE_GT_12M; proxy=data_assinatura) | Interregno ≥12m na data-base efetiva (proxy:data_assinatura) [TEMPORAL_CANDIDATE_BY_PROXY],transitional_regime_unresolved | data-base exata do orçamento ausente — cálculo preciso bloqueado | regime_juridico_desconhecido | maturidade_temporal_insuficiente,edital | aviso_de_licitacao | termo_de_referencia | projeto_basico | contrato | ato_de_autorizacao | parecer_juridico | fundamento_legal_no_processo | numero_e_ano_contratacao_originaria | clausula_reajuste | data_base_orcamento_estimado | indice_ou_formula | medicoes | apostilas | memoria_reajuste | texto_oficial_contrato_edital,"Solicitamos cópia do edital, aviso de licitação, termo de referência/projeto básico, contrato, ato de autorização, parecer jurídico e fundamento legal do processo, bem como medições, apostilas e memória de reajuste, para identificar o regime jurídico aplicável, a cláusula, a data-base, o índice e reajustes anteriores. Não há, neste momento, afirmação de crédito pendente ou de legislação aplicável.","Solicitamos cópia do edital, aviso de licitação, termo de referência/projeto básico, contrato, ato de autorização, parecer jurídico e fundamento legal do processo, bem como medições, apostilas e memória de reajuste, para identificar o regime jurídico aplicável, a cláusula, a data-base, o índice e reajustes anteriores. Não há, neste momento, afirmação de crédito pendente ou de legislação aplicável.","Não afirmar valor devido, inadimplemento, crédito constituído ou reajuste definitivamente não pago sem verificação documental completa e revisão humana registrada.","Solicitamos cópia do edital, aviso de licitação, termo de referência/projeto básico, contrato, ato de autorização, parecer jurídico e fundamento legal do processo, bem como medições, apostilas e memória de reajuste, para identificar o regime jurídico aplicável, a cláusula, a data-base, o índice e reajustes anteriores. Não há, neste momento, afirmação de crédito pendente ou de legislação aplicável.","Solicitar documentos prioritários para identificar regime, cláusula, data-base, índice e reajustes anteriores.","Saldo/medições indisponíveis — valor sobre total é teto teórico, não valor devido. | indice_contratual_ausente — não aplicar IPCA/INCC/SINAPI por plausibilidade",,4830661853,,True,True
10,LIKELY_ADJUSTMENT_OPPORTUNITY,DOCUMENT_REQUEST_CANDIDATE,SUL_SC_PRIORITY,75.0,95.0,35.0,92.2,75.0,sede_ou_execucao_sul | interregno_conservador_gt_12m | multi_contratos=14 | regime_14133_provavel_ou_comprovado,82743832000162,PLANATERRA-TERRAPLENAGEM E PAVIMENTACAO LTDA,,CHAPECO,SC,True,,,,14,DEPARTAMENTO AUTÔNOMO DE ESTRADAS DE RODAGEM | ERS-DEPARTAMENTO AUT. DE ESTRADAS DE RODAGEM | PREFEITURA MUNICIPAL DE PALMITOS - SC | SUP. REG. DO DNIT NO EST.DO RIO GRANDE DO SUL | SUP. REG. DO DNIT NO ESTADO DE SANTA CATARINA | Secretaria de Estado da Infraestrutura e Mobilidade,799628428.6400001,04892707000100-2-000542/2024,SUP. REG. DO DNIT NO EST.DO RIO GRANDE DO SUL,RESEARCH_REQUIRED,LIKELY_ADJUSTMENT_OPPORTUNITY,obra_classificada_conf=0.80 | fornecedor_privado | obrigacao_financeira_potencialmente_aberta | regime_14133_comprovado | interregno_conservador_por_assinatura_gt_12m | Objeto classificado como pavimentacao_rodoviaria (conf=0.80) | Interregno mínimo conservador confirmado (level=B_CONSERVATIVE_SIGNATURE_GT_12M; proxy=data_assinatura) | Interregno ≥12m na data-base efetiva (proxy:data_assinatura) [TEMPORAL_CANDIDATE_BY_PROXY] | Regime comprovado: LEI_14133_2021,data-base exata do orçamento ausente — cálculo preciso bloqueado | contato_empresarial_ausente — lead permanece na fila de enriquecimento | regime_juridico_desconhecido | transitional_regime_unresolved,clausula_reajuste | data_base_orcamento_estimado | indice_ou_formula | texto_oficial_contrato_edital | medicoes | apostilas | memoria_reajuste,"Identificamos contrato de obra regido pela Lei 14.133 com interregno anual potencialmente transcorrido. Isso não significa, por si só, existência de valor pendente, mas justifica conferir cláusula, data-base, medições e reajustes aplicados.","Identificamos contrato de obra regido pela Lei 14.133 com interregno anual potencialmente transcorrido. Isso não significa, por si só, existência de valor pendente, mas justifica conferir cláusula, data-base, medições e reajustes aplicados.","Não afirmar valor devido, inadimplemento, crédito constituído ou reajuste definitivamente não pago sem verificação documental completa e revisão humana registrada.","Identificamos contrato de obra regido pela Lei 14.133 com interregno anual potencialmente transcorrido. Isso não significa, por si só, existência de valor pendente, mas justifica conferir cláusula, data-base, medições e reajustes aplicados.",Enriquecer contato empresarial; manter na fila de leads prioritários.,"Saldo/medições indisponíveis — valor sobre total é teto teórico, não valor devido. | indice_contratual_ausente — não aplicar IPCA/INCC/SINAPI por plausibilidade",,,,False,True
11,LIKELY_ADJUSTMENT_OPPORTUNITY,DOCUMENT_REQUEST_CANDIDATE,SUL_SC_PRIORITY,73.25,100.0,35.0,78.0,73.25,sede_ou_execucao_sul | interregno_conservador_gt_12m | multi_contratos=4 | regime_14133_provavel_ou_comprovado,07807120000144,CONSTRUTORA ALEGRETENSE LTDA,,ALEGRETE,RS,True,,,,4,DEPARTAMENTO AUTÔNOMO DE ESTRADAS DE RODAGEM | ERS-DEPARTAMENTO AUT. DE ESTRADAS DE RODAGEM,168124925.26000002,92883834000100-2-000015/2025,DEPARTAMENTO AUTÔNOMO DE ESTRADAS DE RODAGEM,RESEARCH_REQUIRED,LIKELY_ADJUSTMENT_OPPORTUNITY,obra_classificada_conf=1.00 | fornecedor_privado | obrigacao_financeira_potencialmente_aberta | regime_14133_comprovado | interregno_conservador_por_assinatura_gt_12m | Objeto classificado como pavimentacao_rodoviaria (conf=1.00) | Interregno mínimo conservador confirmado (level=B_CONSERVATIVE_SIGNATURE_GT_12M; proxy=data_assinatura) | Interregno ≥12m na data-base efetiva (proxy:data_assinatura) [TEMPORAL_CANDIDATE_BY_PROXY] | Regime comprovado: LEI_14133_2021,data-base exata do orçamento ausente — cálculo preciso bloqueado | contato_empresarial_ausente — lead permanece na fila de enriquecimento | regime_juridico_desconhecido | maturidade_temporal_insuficiente,clausula_reajuste | data_base_orcamento_estimado | indice_ou_formula | texto_oficial_contrato_edital | medicoes | apostilas | memoria_reajuste,"Identificamos contrato de obra regido pela Lei 14.133 com interregno anual potencialmente transcorrido. Isso não significa, por si só, existência de valor pendente, mas justifica conferir cláusula, data-base, medições e reajustes aplicados.","Identificamos contrato de obra regido pela Lei 14.133 com interregno anual potencialmente transcorrido. Isso não significa, por si só, existência de valor pendente, mas justifica conferir cláusula, data-base, medições e reajustes aplicados.","Não afirmar valor devido, inadimplemento, crédito constituído ou reajuste definitivamente não pago sem verificação documental completa e revisão humana registrada.","Identificamos contrato de obra regido pela Lei 14.133 com interregno anual potencialmente transcorrido. Isso não significa, por si só, existência de valor pendente, mas justifica conferir cláusula, data-base, medições e reajustes aplicados.",Enriquecer contato empresarial; manter na fila de leads prioritários.,"Saldo/medições indisponíveis — valor sobre total é teto teórico, não valor devido. | indice_contratual_ausente — não aplicar IPCA/INCC/SINAPI por plausibilidade",,,,False,True
12,LIKELY_ADJUSTMENT_OPPORTUNITY,DOCUMENT_REQUEST_CANDIDATE,SUL_SC_PRIORITY,73.25,100.0,35.0,82.2,73.25,sede_ou_execucao_sul | interregno_conservador_gt_12m | multi_contratos=3 | regime_14133_provavel_ou_comprovado,90318338000189,SULTEPA CONSTRUCOES E COMERCIO LTDA - EM RECUPERACAO JUDICIA,,PORTO ALEGRE,RS,True,,,,3,DEPARTAMENTO AUTÔNOMO DE ESTRADAS DE RODAGEM | Gabinete do Secretario | SOP,172881433.45999998,92883834000100-2-000028/2025,DEPARTAMENTO AUTÔNOMO DE ESTRADAS DE RODAGEM,RESEARCH_REQUIRED,LIKELY_ADJUSTMENT_OPPORTUNITY,obra_classificada_conf=1.00 | fornecedor_privado | obrigacao_financeira_potencialmente_aberta | regime_14133_comprovado | interregno_conservador_por_assinatura_gt_12m | Objeto classificado como pavimentacao_rodoviaria (conf=1.00) | Interregno mínimo conservador confirmado (level=B_CONSERVATIVE_SIGNATURE_GT_12M; proxy=data_assinatura) | Interregno ≥12m na data-base efetiva (proxy:data_assinatura) [TEMPORAL_CANDIDATE_BY_PROXY] | Regime comprovado: LEI_14133_2021,data-base exata do orçamento ausente — cálculo preciso bloqueado | contato_empresarial_ausente — lead permanece na fila de enriquecimento | regime_juridico_desconhecido | transitional_regime_unresolved,clausula_reajuste | data_base_orcamento_estimado | indice_ou_formula | texto_oficial_contrato_edital | medicoes | apostilas | memoria_reajuste,"Identificamos contrato de obra regido pela Lei 14.133 com interregno anual potencialmente transcorrido. Isso não significa, por si só, existência de valor pendente, mas justifica conferir cláusula, data-base, medições e reajustes aplicados.","Identificamos contrato de obra regido pela Lei 14.133 com interregno anual potencialmente transcorrido. Isso não significa, por si só, existência de valor pendente, mas justifica conferir cláusula, data-base, medições e reajustes aplicados.","Não afirmar valor devido, inadimplemento, crédito constituído ou reajuste definitivamente não pago sem verificação documental completa e revisão humana registrada.","Identificamos contrato de obra regido pela Lei 14.133 com interregno anual potencialmente transcorrido. Isso não significa, por si só, existência de valor pendente, mas justifica conferir cláusula, data-base, medições e reajustes aplicados.",Enriquecer contato empresarial; manter na fila de leads prioritários.,"Saldo/medições indisponíveis — valor sobre total é teto teórico, não valor devido. | indice_contratual_ausente — não aplicar IPCA/INCC/SINAPI por plausibilidade",,,,False,True
13,DOCUMENT_REQUEST_READY,DOCUMENT_REQUEST_CANDIDATE,SUL_SC_PRIORITY,72.75,83.5,17.5,92.9,72.75,sede_ou_execucao_sul | interregno_conservador_gt_12m | multi_contratos=3,83665141000150,SETEP CONSTRUCOES S.A,,Florianópolis,SC,True,,,,3,CONSÓRCIO INTERFEDERATIVO SANTA CATARINA - CINCATARINA | SUP. REG. DO DNIT NO ESTADO DE SANTA CATARINA,99122187.4,04892707000100-2-000324/2023,SUP. REG. DO DNIT NO ESTADO DE SANTA CATARINA,LEGAL_REGIME_UNKNOWN,DOCUMENT_REQUEST_READY,obra_classificada_conf=0.94 | fornecedor_privado | obrigacao_financeira_potencialmente_aberta | regime_transicao_requer_documentos | interregno_conservador_por_assinatura_gt_12m | Objeto classificado como pavimentacao_rodoviaria (conf=0.94) | Interregno mínimo conservador confirmado (level=B_CONSERVATIVE_SIGNATURE_GT_12M; proxy=data_assinatura) | Interregno ≥12m na data-base efetiva (proxy:data_assinatura) [TEMPORAL_CANDIDATE_BY_PROXY],transitional_regime_unresolved | data-base exata do orçamento ausente — cálculo preciso bloqueado,edital | aviso_de_licitacao | termo_de_referencia | projeto_basico | contrato | ato_de_autorizacao | parecer_juridico | fundamento_legal_no_processo | numero_e_ano_contratacao_originaria | clausula_reajuste | data_base_orcamento_estimado | indice_ou_formula | medicoes | apostilas | memoria_reajuste | texto_oficial_contrato_edital,"Solicitamos cópia do edital, aviso de licitação, termo de referência/projeto básico, contrato, ato de autorização, parecer jurídico e fundamento legal do processo, bem como medições, apostilas e memória de reajuste, para identificar o regime jurídico aplicável, a cláusula, a data-base, o índice e reajustes anteriores. Não há, neste momento, afirmação de crédito pendente ou de legislação aplicável.","Solicitamos cópia do edital, aviso de licitação, termo de referência/projeto básico, contrato, ato de autorização, parecer jurídico e fundamento legal do processo, bem como medições, apostilas e memória de reajuste, para identificar o regime jurídico aplicável, a cláusula, a data-base, o índice e reajustes anteriores. Não há, neste momento, afirmação de crédito pendente ou de legislação aplicável.","Não afirmar valor devido, inadimplemento, crédito constituído ou reajuste definitivamente não pago sem verificação documental completa e revisão humana registrada.","Solicitamos cópia do edital, aviso de licitação, termo de referência/projeto básico, contrato, ato de autorização, parecer jurídico e fundamento legal do processo, bem como medições, apostilas e memória de reajuste, para identificar o regime jurídico aplicável, a cláusula, a data-base, o índice e reajustes anteriores. Não há, neste momento, afirmação de crédito pendente ou de legislação aplicável.","Solicitar documentos prioritários para identificar regime, cláusula, data-base, índice e reajustes anteriores.","Saldo/medições indisponíveis — valor sobre total é teto teórico, não valor devido. | indice_contratual_ausente — não aplicar IPCA/INCC/SINAPI por plausibilidade",,,,False,True
14,DOCUMENT_REQUEST_READY,DOCUMENT_REQUEST_CANDIDATE,SUL_SC_PRIORITY,72.03,83.0,17.5,95.0,72.03,sede_ou_execucao_sul | interregno_conservador_gt_12m | multi_contratos=16,03094645000129,Infrasul Infraestrutura e Empreendimentos Ltda,,JOINVILLE,SC,True,,,,16,CONSÓRCIO INTERFEDERATIVO SANTA CATARINA - CINCATARINA | DEPARTAMENTO DE SERVIÇOS RODOVIÁRIOS | Divisão de Pavimentação e Máquinas | GABINETE DO SECRETÁRIO - SOS | MOBILIDADE URBANA | Prefeitura Municipal de Jaraguá do Sul | Prefeitura Municipal de Joinville - PMJ | SERVIÇO AUTÔNOMO MUNICIPAL DE ÁGUA E ESGOTO DE JARAGUÁ DO SUL | SUP. REG. DO DNIT NO ESTADO DE SANTA CATARINA | Secretaria Municipal de Planejamento - SEPLAN | Unidade administrativa,158895498.2,76175884000187-2-000158/2024,Unidade administrativa,LEGAL_REGIME_UNKNOWN,DOCUMENT_REQUEST_READY,obra_classificada_conf=0.92 | fornecedor_privado | obrigacao_financeira_potencialmente_aberta | regime_transicao_requer_documentos | interregno_conservador_por_assinatura_gt_12m | Objeto classificado como pavimentacao_rodoviaria (conf=0.92) | Interregno mínimo conservador confirmado (level=B_CONSERVATIVE_SIGNATURE_GT_12M; proxy=data_assinatura) | Interregno ≥12m na data-base efetiva (proxy:data_assinatura) [TEMPORAL_CANDIDATE_BY_PROXY],transitional_regime_unresolved | data-base exata do orçamento ausente — cálculo preciso bloqueado | regime_juridico_desconhecido,edital | aviso_de_licitacao | termo_de_referencia | projeto_basico | contrato | ato_de_autorizacao | parecer_juridico | fundamento_legal_no_processo | numero_e_ano_contratacao_originaria | clausula_reajuste | data_base_orcamento_estimado | indice_ou_formula | medicoes | apostilas | memoria_reajuste | texto_oficial_contrato_edital,"Solicitamos cópia do edital, aviso de licitação, termo de referência/projeto básico, contrato, ato de autorização, parecer jurídico e fundamento legal do processo, bem como medições, apostilas e memória de reajuste, para identificar o regime jurídico aplicável, a cláusula, a data-base, o índice e reajustes anteriores. Não há, neste momento, afirmação de crédito pendente ou de legislação aplicável.","Solicitamos cópia do edital, aviso de licitação, termo de referência/projeto básico, contrato, ato de autorização, parecer jurídico e fundamento legal do processo, bem como medições, apostilas e memória de reajuste, para identificar o regime jurídico aplicável, a cláusula, a data-base, o índice e reajustes anteriores. Não há, neste momento, afirmação de crédito pendente ou de legislação aplicável.","Não afirmar valor devido, inadimplemento, crédito constituído ou reajuste definitivamente não pago sem verificação documental completa e revisão humana registrada.","Solicitamos cópia do edital, aviso de licitação, termo de referência/projeto básico, contrato, ato de autorização, parecer jurídico e fundamento legal do processo, bem como medições, apostilas e memória de reajuste, para identificar o regime jurídico aplicável, a cláusula, a data-base, o índice e reajustes anteriores. Não há, neste momento, afirmação de crédito pendente ou de legislação aplicável.","Solicitar documentos prioritários para identificar regime, cláusula, data-base, índice e reajustes anteriores.","Saldo/medições indisponíveis — valor sobre total é teto teórico, não valor devido. | indice_contratual_ausente — não aplicar IPCA/INCC/SINAPI por plausibilidade",,,,False,True
15,DOCUMENT_REQUEST_READY,DOCUMENT_REQUEST_CANDIDATE,SUL_SC_PRIORITY,71.5,83.5,17.5,82.9,71.5,sede_ou_execucao_sul | interregno_conservador_gt_12m | multi_contratos=14,02955426000124,NEOVIA INFRAESTRUTURA RODOVIARIA LTDA,,CURITIBA,PR,True,,,,14,SUP. REG. DO DNIT NO EST.DO RIO GRANDE DO SUL | SUP. REG. DO DNIT NO ESTADO DE SANTA CATARINA | SUP. REG. DO DNIT NO ESTADO DO PARANA | Secretaria de Estado da Infraestrutura e Mobilidade,775936923.83,04892707000100-2-000142/2024,SUP. REG. DO DNIT NO ESTADO DE SANTA CATARINA,LEGAL_REGIME_UNKNOWN,DOCUMENT_REQUEST_READY,obra_classificada_conf=0.94 | fornecedor_privado | obrigacao_financeira_potencialmente_aberta | regime_transicao_requer_documentos | interregno_conservador_por_assinatura_gt_12m | Objeto classificado como pavimentacao_rodoviaria (conf=0.94) | Interregno mínimo conservador confirmado (level=B_CONSERVATIVE_SIGNATURE_GT_12M; proxy=data_assinatura) | Interregno ≥12m na data-base efetiva (proxy:data_assinatura) [TEMPORAL_CANDIDATE_BY_PROXY],transitional_regime_unresolved | data-base exata do orçamento ausente — cálculo preciso bloqueado | regime_juridico_desconhecido,edital | aviso_de_licitacao | termo_de_referencia | projeto_basico | contrato | ato_de_autorizacao | parecer_juridico | fundamento_legal_no_processo | numero_e_ano_contratacao_originaria | clausula_reajuste | data_base_orcamento_estimado | indice_ou_formula | medicoes | apostilas | memoria_reajuste | texto_oficial_contrato_edital,"Solicitamos cópia do edital, aviso de licitação, termo de referência/projeto básico, contrato, ato de autorização, parecer jurídico e fundamento legal do processo, bem como medições, apostilas e memória de reajuste, para identificar o regime jurídico aplicável, a cláusula, a data-base, o índice e reajustes anteriores. Não há, neste momento, afirmação de crédito pendente ou de legislação aplicável.","Solicitamos cópia do edital, aviso de licitação, termo de referência/projeto básico, contrato, ato de autorização, parecer jurídico e fundamento legal do processo, bem como medições, apostilas e memória de reajuste, para identificar o regime jurídico aplicável, a cláusula, a data-base, o índice e reajustes anteriores. Não há, neste momento, afirmação de crédito pendente ou de legislação aplicável.","Não afirmar valor devido, inadimplemento, crédito constituído ou reajuste definitivamente não pago sem verificação documental completa e revisão humana registrada.","Solicitamos cópia do edital, aviso de licitação, termo de referência/projeto básico, contrato, ato de autorização, parecer jurídico e fundamento legal do processo, bem como medições, apostilas e memória de reajuste, para identificar o regime jurídico aplicável, a cláusula, a data-base, o índice e reajustes anteriores. Não há, neste momento, afirmação de crédito pendente ou de legislação aplicável.","Solicitar documentos prioritários para identificar regime, cláusula, data-base, índice e reajustes anteriores.","Saldo/medições indisponíveis — valor sobre total é teto teórico, não valor devido. | indice_contratual_ausente — não aplicar IPCA/INCC/SINAPI por plausibilidade",,4130759000,,True,True
16,DOCUMENT_REQUEST_READY,DOCUMENT_REQUEST_CANDIDATE,SUL_SC_PRIORITY,71.4,82.0,17.5,90.8,71.4,sede_ou_execucao_sul | interregno_conservador_gt_12m,06280244000151,CONSTRUTORA VALE DO OURO LTDA,,Balneário Camboriú,SC,True,,,,1,EMASA - Empresa Municipal de Água e Saneamento de Balneário Camboriú,33376326.49,07854402000100-2-000034/2025,EMASA - Empresa Municipal de Água e Saneamento de Balneário Camboriú,LEGAL_REGIME_UNKNOWN,DOCUMENT_REQUEST_READY,obra_classificada_conf=0.88 | fornecedor_privado | obrigacao_financeira_potencialmente_aberta | interregno_conservador_por_assinatura_gt_12m | Objeto classificado como saneamento_redes (conf=0.88) | Interregno mínimo conservador confirmado (level=B_CONSERVATIVE_SIGNATURE_GT_12M; proxy=data_assinatura) | Interregno ≥12m na data-base efetiva (proxy:data_assinatura) [TEMPORAL_CANDIDATE_BY_PROXY],regime_juridico_desconhecido | data-base exata do orçamento ausente — cálculo preciso bloqueado,edital | aviso_de_licitacao | termo_de_referencia | projeto_basico | contrato | ato_de_autorizacao | parecer_juridico | fundamento_legal_no_processo | numero_e_ano_contratacao_originaria | clausula_reajuste | data_base_orcamento_estimado | indice_ou_formula | medicoes | apostilas | memoria_reajuste | texto_oficial_contrato_edital,"Solicitamos cópia do edital, aviso de licitação, termo de referência/projeto básico, contrato, ato de autorização, parecer jurídico e fundamento legal do processo, bem como medições, apostilas e memória de reajuste, para identificar o regime jurídico aplicável, a cláusula, a data-base, o índice e reajustes anteriores. Não há, neste momento, afirmação de crédito pendente ou de legislação aplicável.","Solicitamos cópia do edital, aviso de licitação, termo de referência/projeto básico, contrato, ato de autorização, parecer jurídico e fundamento legal do processo, bem como medições, apostilas e memória de reajuste, para identificar o regime jurídico aplicável, a cláusula, a data-base, o índice e reajustes anteriores. Não há, neste momento, afirmação de crédito pendente ou de legislação aplicável.","Não afirmar valor devido, inadimplemento, crédito constituído ou reajuste definitivamente não pago sem verificação documental completa e revisão humana registrada.","Solicitamos cópia do edital, aviso de licitação, termo de referência/projeto básico, contrato, ato de autorização, parecer jurídico e fundamento legal do processo, bem como medições, apostilas e memória de reajuste, para identificar o regime jurídico aplicável, a cláusula, a data-base, o índice e reajustes anteriores. Não há, neste momento, afirmação de crédito pendente ou de legislação aplicável.","Solicitar documentos prioritários para identificar regime, cláusula, data-base, índice e reajustes anteriores.","Saldo/medições indisponíveis — valor sobre total é teto teórico, não valor devido. | indice_contratual_ausente — não aplicar IPCA/INCC/SINAPI por plausibilidade",,,,False,True
17,DOCUMENT_REQUEST_READY,DOCUMENT_REQUEST_CANDIDATE,SUL_SC_PRIORITY,71.3,82.0,17.5,90.8,71.3,sede_ou_execucao_sul | interregno_conservador_gt_12m,12713820000100,FRAGA CONSTRUCOES E ENGENHARIA LTDA,,BRACO DO NORTE,SC,True,,,,1,1º BATALHãO FERROVIáRIO,31975000.02,00394452000103-2-007720/2024,1º BATALHãO FERROVIáRIO,LEGAL_REGIME_UNKNOWN,DOCUMENT_REQUEST_READY,obra_classificada_conf=0.88 | fornecedor_privado | obrigacao_financeira_potencialmente_aberta | interregno_conservador_por_assinatura_gt_12m | Objeto classificado como pontes_estruturas (conf=0.88) | Interregno mínimo conservador confirmado (level=B_CONSERVATIVE_SIGNATURE_GT_12M; proxy=data_assinatura) | Interregno ≥12m na data-base efetiva (proxy:data_assinatura) [TEMPORAL_CANDIDATE_BY_PROXY],regime_juridico_desconhecido | data-base exata do orçamento ausente — cálculo preciso bloqueado,edital | aviso_de_licitacao | termo_de_referencia | projeto_basico | contrato | ato_de_autorizacao | parecer_juridico | fundamento_legal_no_processo | numero_e_ano_contratacao_originaria | clausula_reajuste | data_base_orcamento_estimado | indice_ou_formula | medicoes | apostilas | memoria_reajuste | texto_oficial_contrato_edital,"Solicitamos cópia do edital, aviso de licitação, termo de referência/projeto básico, contrato, ato de autorização, parecer jurídico e fundamento legal do processo, bem como medições, apostilas e memória de reajuste, para identificar o regime jurídico aplicável, a cláusula, a data-base, o índice e reajustes anteriores. Não há, neste momento, afirmação de crédito pendente ou de legislação aplicável.","Solicitamos cópia do edital, aviso de licitação, termo de referência/projeto básico, contrato, ato de autorização, parecer jurídico e fundamento legal do processo, bem como medições, apostilas e memória de reajuste, para identificar o regime jurídico aplicável, a cláusula, a data-base, o índice e reajustes anteriores. Não há, neste momento, afirmação de crédito pendente ou de legislação aplicável.","Não afirmar valor devido, inadimplemento, crédito constituído ou reajuste definitivamente não pago sem verificação documental completa e revisão humana registrada.","Solicitamos cópia do edital, aviso de licitação, termo de referência/projeto básico, contrato, ato de autorização, parecer jurídico e fundamento legal do processo, bem como medições, apostilas e memória de reajuste, para identificar o regime jurídico aplicável, a cláusula, a data-base, o índice e reajustes anteriores. Não há, neste momento, afirmação de crédito pendente ou de legislação aplicável.","Solicitar documentos prioritários para identificar regime, cláusula, data-base, índice e reajustes anteriores.","Saldo/medições indisponíveis — valor sobre total é teto teórico, não valor devido. | indice_contratual_ausente — não aplicar IPCA/INCC/SINAPI por plausibilidade",,,,False,True
18,DOCUMENT_REQUEST_READY,DOCUMENT_REQUEST_CANDIDATE,SUL_SC_PRIORITY,71.06,83.0,17.5,92.2,71.06,sede_ou_execucao_sul | interregno_conservador_gt_12m | multi_contratos=4,22798043000105,KAENG INFRAESTRUTURA EIRELI,,Florianópolis,SC,True,,,,4,CONSÓRCIO INTERFEDERATIVO SANTA CATARINA - CINCATARINA | MANUTENÇÃO SECRETARIA DE OBRAS E PROJETOS | PREFEITURA MUNICIPAL DE MARCELINO RAMOS,48662162.370000005,12075748000132-2-000061/2024,CONSÓRCIO INTERFEDERATIVO SANTA CATARINA - CINCATARINA,LEGAL_REGIME_UNKNOWN,DOCUMENT_REQUEST_READY,obra_classificada_conf=0.92 | fornecedor_privado | obrigacao_financeira_potencialmente_aberta | regime_transicao_requer_documentos | interregno_conservador_por_assinatura_gt_12m | Objeto classificado como pavimentacao_rodoviaria (conf=0.92) | Interregno mínimo conservador confirmado (level=B_CONSERVATIVE_SIGNATURE_GT_12M; proxy=data_assinatura) | Interregno ≥12m na data-base efetiva (proxy:data_assinatura) [TEMPORAL_CANDIDATE_BY_PROXY],transitional_regime_unresolved | data-base exata do orçamento ausente — cálculo preciso bloqueado | regime_juridico_desconhecido | maturidade_temporal_insuficiente,edital | aviso_de_licitacao | termo_de_referencia | projeto_basico | contrato | ato_de_autorizacao | parecer_juridico | fundamento_legal_no_processo | numero_e_ano_contratacao_originaria | clausula_reajuste | data_base_orcamento_estimado | indice_ou_formula | medicoes | apostilas | memoria_reajuste | texto_oficial_contrato_edital,"Solicitamos cópia do edital, aviso de licitação, termo de referência/projeto básico, contrato, ato de autorização, parecer jurídico e fundamento legal do processo, bem como medições, apostilas e memória de reajuste, para identificar o regime jurídico aplicável, a cláusula, a data-base, o índice e reajustes anteriores. Não há, neste momento, afirmação de crédito pendente ou de legislação aplicável.","Solicitamos cópia do edital, aviso de licitação, termo de referência/projeto básico, contrato, ato de autorização, parecer jurídico e fundamento legal do processo, bem como medições, apostilas e memória de reajuste, para identificar o regime jurídico aplicável, a cláusula, a data-base, o índice e reajustes anteriores. Não há, neste momento, afirmação de crédito pendente ou de legislação aplicável.","Não afirmar valor devido, inadimplemento, crédito constituído ou reajuste definitivamente não pago sem verificação documental completa e revisão humana registrada.","Solicitamos cópia do edital, aviso de licitação, termo de referência/projeto básico, contrato, ato de autorização, parecer jurídico e fundamento legal do processo, bem como medições, apostilas e memória de reajuste, para identificar o regime jurídico aplicável, a cláusula, a data-base, o índice e reajustes anteriores. Não há, neste momento, afirmação de crédito pendente ou de legislação aplicável.","Solicitar documentos prioritários para identificar regime, cláusula, data-base, índice e reajustes anteriores.","Saldo/medições indisponíveis — valor sobre total é teto teórico, não valor devido. | indice_contratual_ausente — não aplicar IPCA/INCC/SINAPI por plausibilidade",,,,False,True
19,DOCUMENT_REQUEST_READY,DOCUMENT_REQUEST_CANDIDATE,SUL_SC_PRIORITY,70.92,83.0,17.5,95.0,70.92,sede_ou_execucao_sul | interregno_conservador_gt_12m | multi_contratos=5,03620927000112,PAVIPLAN PAVIMENTAÇÃO LTDA,,Florianópolis,SC,True,,,,5,CONSÓRCIO INTERFEDERATIVO SANTA CATARINA - CINCATARINA | Prefeitura Municipal de Jaraguá do Sul | Prefeitura Municipal de Mafra | SERVIÇO DE SUPRIMENTOS,51445240.43,12075748000132-2-000066/2024,CONSÓRCIO INTERFEDERATIVO SANTA CATARINA - CINCATARINA,LEGAL_REGIME_UNKNOWN,DOCUMENT_REQUEST_READY,obra_classificada_conf=0.92 | fornecedor_privado | obrigacao_financeira_potencialmente_aberta | regime_transicao_requer_documentos | interregno_conservador_por_assinatura_gt_12m | Objeto classificado como pavimentacao_rodoviaria (conf=0.92) | Interregno mínimo conservador confirmado (level=B_CONSERVATIVE_SIGNATURE_GT_12M; proxy=data_assinatura) | Interregno ≥12m na data-base efetiva (proxy:data_assinatura) [TEMPORAL_CANDIDATE_BY_PROXY],transitional_regime_unresolved | data-base exata do orçamento ausente — cálculo preciso bloqueado | regime_juridico_desconhecido | maturidade_temporal_insuficiente,edital | aviso_de_licitacao | termo_de_referencia | projeto_basico | contrato | ato_de_autorizacao | parecer_juridico | fundamento_legal_no_processo | numero_e_ano_contratacao_originaria | clausula_reajuste | data_base_orcamento_estimado | indice_ou_formula | medicoes | apostilas | memoria_reajuste | texto_oficial_contrato_edital,"Solicitamos cópia do edital, aviso de licitação, termo de referência/projeto básico, contrato, ato de autorização, parecer jurídico e fundamento legal do processo, bem como medições, apostilas e memória de reajuste, para identificar o regime jurídico aplicável, a cláusula, a data-base, o índice e reajustes anteriores. Não há, neste momento, afirmação de crédito pendente ou de legislação aplicável.","Solicitamos cópia do edital, aviso de licitação, termo de referência/projeto básico, contrato, ato de autorização, parecer jurídico e fundamento legal do processo, bem como medições, apostilas e memória de reajuste, para identificar o regime jurídico aplicável, a cláusula, a data-base, o índice e reajustes anteriores. Não há, neste momento, afirmação de crédito pendente ou de legislação aplicável.","Não afirmar valor devido, inadimplemento, crédito constituído ou reajuste definitivamente não pago sem verificação documental completa e revisão humana registrada.","Solicitamos cópia do edital, aviso de licitação, termo de referência/projeto básico, contrato, ato de autorização, parecer jurídico e fundamento legal do processo, bem como medições, apostilas e memória de reajuste, para identificar o regime jurídico aplicável, a cláusula, a data-base, o índice e reajustes anteriores. Não há, neste momento, afirmação de crédito pendente ou de legislação aplicável.","Solicitar documentos prioritários para identificar regime, cláusula, data-base, índice e reajustes anteriores.","Saldo/medições indisponíveis — valor sobre total é teto teórico, não valor devido. | indice_contratual_ausente — não aplicar IPCA/INCC/SINAPI por plausibilidade",,,,False,True
20,DOCUMENT_REQUEST_READY,DOCUMENT_REQUEST_CANDIDATE,SUL_SC_PRIORITY,70.91,83.0,17.5,95.0,70.91,sede_ou_execucao_sul | interregno_conservador_gt_12m | multi_contratos=5,03257777000124,GAIA RODOVIAS LTDA,,MARAVILHA,SC,True,,,,5,CONSÓRCIO INTERFEDERATIVO SANTA CATARINA - CINCATARINA | PREFEITURA MUNICIPAL DE SANTA TEREZINHA DO PROGRESSO | SUP. REG. DO DNIT NO ESTADO DE SANTA CATARINA | Secretaria de Estado da Infraestrutura e Mobilidade,211698691.12,12075748000132-2-000062/2024,CONSÓRCIO INTERFEDERATIVO SANTA CATARINA - CINCATARINA,LEGAL_REGIME_UNKNOWN,DOCUMENT_REQUEST_READY,obra_classificada_conf=0.92 | fornecedor_privado | obrigacao_financeira_potencialmente_aberta | regime_transicao_requer_documentos | interregno_conservador_por_assinatura_gt_12m | Objeto classificado como pavimentacao_rodoviaria (conf=0.92) | Interregno mínimo conservador confirmado (level=B_CONSERVATIVE_SIGNATURE_GT_12M; proxy=data_assinatura) | Interregno ≥12m na data-base efetiva (proxy:data_assinatura) [TEMPORAL_CANDIDATE_BY_PROXY],transitional_regime_unresolved | data-base exata do orçamento ausente — cálculo preciso bloqueado | regime_juridico_desconhecido | maturidade_temporal_insuficiente,edital | aviso_de_licitacao | termo_de_referencia | projeto_basico | contrato | ato_de_autorizacao | parecer_juridico | fundamento_legal_no_processo | numero_e_ano_contratacao_originaria | clausula_reajuste | data_base_orcamento_estimado | indice_ou_formula | medicoes | apostilas | memoria_reajuste | texto_oficial_contrato_edital,"Solicitamos cópia do edital, aviso de licitação, termo de referência/projeto básico, contrato, ato de autorização, parecer jurídico e fundamento legal do processo, bem como medições, apostilas e memória de reajuste, para identificar o regime jurídico aplicável, a cláusula, a data-base, o índice e reajustes anteriores. Não há, neste momento, afirmação de crédito pendente ou de legislação aplicável.","Solicitamos cópia do edital, aviso de licitação, termo de referência/projeto básico, contrato, ato de autorização, parecer jurídico e fundamento legal do processo, bem como medições, apostilas e memória de reajuste, para identificar o regime jurídico aplicável, a cláusula, a data-base, o índice e reajustes anteriores. Não há, neste momento, afirmação de crédito pendente ou de legislação aplicável.","Não afirmar valor devido, inadimplemento, crédito constituído ou reajuste definitivamente não pago sem verificação documental completa e revisão humana registrada.","Solicitamos cópia do edital, aviso de licitação, termo de referência/projeto básico, contrato, ato de autorização, parecer jurídico e fundamento legal do processo, bem como medições, apostilas e memória de reajuste, para identificar o regime jurídico aplicável, a cláusula, a data-base, o índice e reajustes anteriores. Não há, neste momento, afirmação de crédito pendente ou de legislação aplicável.","Solicitar documentos prioritários para identificar regime, cláusula, data-base, índice e reajustes anteriores.","Saldo/medições indisponíveis — valor sobre total é teto teórico, não valor devido. | indice_contratual_ausente — não aplicar IPCA/INCC/SINAPI por plausibilidade",,,,False,True
21,DOCUMENT_REQUEST_READY,DOCUMENT_REQUEST_CANDIDATE,SUL_SC_PRIORITY,70.88,81.0,17.5,95.0,70.88,sede_ou_execucao_sul | interregno_conservador_gt_12m | multi_contratos=14,00820854000114,QUALIDADE MINERACAO LTDA,,PALHOCA,SC,True,,,,14,DER - Departamento de Estradas de Rodagem do Estado do Paraná | MUNICÍPIO DE PAULO LOPES | MUNICÍPIO DE SÃO MARTINHO | PREFEITURA MUNICIPAL DE BELA VISTA DO TOLDO - SC | PREFEITURA MUNICIPAL DE NOVA TRENTO | Prefeitura Municipal de Jaraguá do Sul | SECRETARIA DE INFRA-ESTRUTURA | Secretaria de Estado da Infraestrutura e Mobilidade | Unidade Única,369376486.36,82951344000140-2-000006/2024,Secretaria de Estado da Infraestrutura e Mobilidade,LEGAL_REGIME_UNKNOWN,DOCUMENT_REQUEST_READY,obra_classificada_conf=0.84 | fornecedor_privado | obrigacao_financeira_potencialmente_aberta | regime_transicao_requer_documentos | interregno_conservador_por_assinatura_gt_12m | Objeto classificado como pavimentacao_rodoviaria (conf=0.84) | Interregno mínimo conservador confirmado (level=B_CONSERVATIVE_SIGNATURE_GT_12M; proxy=data_assinatura) | Interregno ≥12m na data-base efetiva (proxy:data_assinatura) [TEMPORAL_CANDIDATE_BY_PROXY],transitional_regime_unresolved | data-base exata do orçamento ausente — cálculo preciso bloqueado | regime_juridico_desconhecido,edital | aviso_de_licitacao | termo_de_referencia | projeto_basico | contrato | ato_de_autorizacao | parecer_juridico | fundamento_legal_no_processo | numero_e_ano_contratacao_originaria | clausula_reajuste | data_base_orcamento_estimado | indice_ou_formula | medicoes | apostilas | memoria_reajuste | texto_oficial_contrato_edital,"Solicitamos cópia do edital, aviso de licitação, termo de referência/projeto básico, contrato, ato de autorização, parecer jurídico e fundamento legal do processo, bem como medições, apostilas e memória de reajuste, para identificar o regime jurídico aplicável, a cláusula, a data-base, o índice e reajustes anteriores. Não há, neste momento, afirmação de crédito pendente ou de legislação aplicável.","Solicitamos cópia do edital, aviso de licitação, termo de referência/projeto básico, contrato, ato de autorização, parecer jurídico e fundamento legal do processo, bem como medições, apostilas e memória de reajuste, para identificar o regime jurídico aplicável, a cláusula, a data-base, o índice e reajustes anteriores. Não há, neste momento, afirmação de crédito pendente ou de legislação aplicável.","Não afirmar valor devido, inadimplemento, crédito constituído ou reajuste definitivamente não pago sem verificação documental completa e revisão humana registrada.","Solicitamos cópia do edital, aviso de licitação, termo de referência/projeto básico, contrato, ato de autorização, parecer jurídico e fundamento legal do processo, bem como medições, apostilas e memória de reajuste, para identificar o regime jurídico aplicável, a cláusula, a data-base, o índice e reajustes anteriores. Não há, neste momento, afirmação de crédito pendente ou de legislação aplicável.","Solicitar documentos prioritários para identificar regime, cláusula, data-base, índice e reajustes anteriores.","Saldo/medições indisponíveis — valor sobre total é teto teórico, não valor devido. | indice_contratual_ausente — não aplicar IPCA/INCC/SINAPI por plausibilidade",,,,False,True
22,DOCUMENT_REQUEST_READY,DOCUMENT_REQUEST_CANDIDATE,SUL_SC_PRIORITY,70.88,83.0,17.5,92.2,70.88,sede_ou_execucao_sul | interregno_conservador_gt_12m | multi_contratos=2,12218083000179,BCL EMPREENDIMENTOS LTDA,,Florianópolis,SC,True,,,,2,CONSÓRCIO INTERFEDERATIVO SANTA CATARINA - CINCATARINA | MUNICÍPIO DE LAURO MULLER,24903381.939999998,12075748000132-2-000067/2024,CONSÓRCIO INTERFEDERATIVO SANTA CATARINA - CINCATARINA,LEGAL_REGIME_UNKNOWN,DOCUMENT_REQUEST_READY,obra_classificada_conf=0.92 | fornecedor_privado | obrigacao_financeira_potencialmente_aberta | regime_transicao_requer_documentos | interregno_conservador_por_assinatura_gt_12m | Objeto classificado como pavimentacao_rodoviaria (conf=0.92) | Interregno mínimo conservador confirmado (level=B_CONSERVATIVE_SIGNATURE_GT_12M; proxy=data_assinatura) | Interregno ≥12m na data-base efetiva (proxy:data_assinatura) [TEMPORAL_CANDIDATE_BY_PROXY],transitional_regime_unresolved | data-base exata do orçamento ausente — cálculo preciso bloqueado | regime_juridico_desconhecido | maturidade_temporal_insuficiente,edital | aviso_de_licitacao | termo_de_referencia | projeto_basico | contrato | ato_de_autorizacao | parecer_juridico | fundamento_legal_no_processo | numero_e_ano_contratacao_originaria | clausula_reajuste | data_base_orcamento_estimado | indice_ou_formula | medicoes | apostilas | memoria_reajuste | texto_oficial_contrato_edital,"Solicitamos cópia do edital, aviso de licitação, termo de referência/projeto básico, contrato, ato de autorização, parecer jurídico e fundamento legal do processo, bem como medições, apostilas e memória de reajuste, para identificar o regime jurídico aplicável, a cláusula, a data-base, o índice e reajustes anteriores. Não há, neste momento, afirmação de crédito pendente ou de legislação aplicável.","Solicitamos cópia do edital, aviso de licitação, termo de referência/projeto básico, contrato, ato de autorização, parecer jurídico e fundamento legal do processo, bem como medições, apostilas e memória de reajuste, para identificar o regime jurídico aplicável, a cláusula, a data-base, o índice e reajustes anteriores. Não há, neste momento, afirmação de crédito pendente ou de legislação aplicável.","Não afirmar valor devido, inadimplemento, crédito constituído ou reajuste definitivamente não pago sem verificação documental completa e revisão humana registrada.","Solicitamos cópia do edital, aviso de licitação, termo de referência/projeto básico, contrato, ato de autorização, parecer jurídico e fundamento legal do processo, bem como medições, apostilas e memória de reajuste, para identificar o regime jurídico aplicável, a cláusula, a data-base, o índice e reajustes anteriores. Não há, neste momento, afirmação de crédito pendente ou de legislação aplicável.","Solicitar documentos prioritários para identificar regime, cláusula, data-base, índice e reajustes anteriores.","Saldo/medições indisponíveis — valor sobre total é teto teórico, não valor devido. | indice_contratual_ausente — não aplicar IPCA/INCC/SINAPI por plausibilidade",,,,False,True
23,DOCUMENT_REQUEST_READY,DOCUMENT_REQUEST_CANDIDATE,SUL_SC_PRIORITY,70.88,81.0,17.5,89.4,70.88,sede_ou_execucao_sul | interregno_conservador_gt_12m,79841904000108,BIO G SISTEMAS DE SANEAMENTO LTDA,,Itajaí,SC,True,,,,1,Serviço Municipal de Água Saneamento Básico e Infraestrutura - SEMASA,38496000.0,05472936000139-2-000021/2025,Serviço Municipal de Água Saneamento Básico e Infraestrutura - SEMASA,LEGAL_REGIME_UNKNOWN,DOCUMENT_REQUEST_READY,obra_classificada_conf=0.84 | fornecedor_privado | obrigacao_financeira_potencialmente_aberta | interregno_conservador_por_assinatura_gt_12m | Objeto classificado como saneamento_redes (conf=0.84) | Interregno mínimo conservador confirmado (level=B_CONSERVATIVE_SIGNATURE_GT_12M; proxy=data_assinatura) | Interregno ≥12m na data-base efetiva (proxy:data_assinatura) [TEMPORAL_CANDIDATE_BY_PROXY],regime_juridico_desconhecido | data-base exata do orçamento ausente — cálculo preciso bloqueado,edital | aviso_de_licitacao | termo_de_referencia | projeto_basico | contrato | ato_de_autorizacao | parecer_juridico | fundamento_legal_no_processo | numero_e_ano_contratacao_originaria | clausula_reajuste | data_base_orcamento_estimado | indice_ou_formula | medicoes | apostilas | memoria_reajuste | texto_oficial_contrato_edital,"Solicitamos cópia do edital, aviso de licitação, termo de referência/projeto básico, contrato, ato de autorização, parecer jurídico e fundamento legal do processo, bem como medições, apostilas e memória de reajuste, para identificar o regime jurídico aplicável, a cláusula, a data-base, o índice e reajustes anteriores. Não há, neste momento, afirmação de crédito pendente ou de legislação aplicável.","Solicitamos cópia do edital, aviso de licitação, termo de referência/projeto básico, contrato, ato de autorização, parecer jurídico e fundamento legal do processo, bem como medições, apostilas e memória de reajuste, para identificar o regime jurídico aplicável, a cláusula, a data-base, o índice e reajustes anteriores. Não há, neste momento, afirmação de crédito pendente ou de legislação aplicável.","Não afirmar valor devido, inadimplemento, crédito constituído ou reajuste definitivamente não pago sem verificação documental completa e revisão humana registrada.","Solicitamos cópia do edital, aviso de licitação, termo de referência/projeto básico, contrato, ato de autorização, parecer jurídico e fundamento legal do processo, bem como medições, apostilas e memória de reajuste, para identificar o regime jurídico aplicável, a cláusula, a data-base, o índice e reajustes anteriores. Não há, neste momento, afirmação de crédito pendente ou de legislação aplicável.","Solicitar documentos prioritários para identificar regime, cláusula, data-base, índice e reajustes anteriores.","Saldo/medições indisponíveis — valor sobre total é teto teórico, não valor devido. | indice_contratual_ausente — não aplicar IPCA/INCC/SINAPI por plausibilidade",,,,False,True
24,DOCUMENT_REQUEST_READY,DOCUMENT_REQUEST_CANDIDATE,SUL_SC_PRIORITY,70.82,81.0,17.5,89.4,70.82,sede_ou_execucao_sul | interregno_conservador_gt_12m | multi_contratos=3,80996861000100,PROSUL PROJETOS SUPERVISAO E PLANEJAMENTO LTDA,,Florianópolis,SC,True,,,,3,SUP. REG. DO DNIT NO ESTADO DE SANTA CATARINA,71616678.23,04892707000100-2-000100/2025,SUP. REG. DO DNIT NO ESTADO DE SANTA CATARINA,LEGAL_REGIME_UNKNOWN,DOCUMENT_REQUEST_READY,obra_classificada_conf=0.84 | fornecedor_privado | obrigacao_financeira_potencialmente_aberta | interregno_conservador_por_assinatura_gt_12m | Objeto classificado como pavimentacao_rodoviaria (conf=0.84) | Interregno mínimo conservador confirmado (level=B_CONSERVATIVE_SIGNATURE_GT_12M; proxy=data_assinatura) | Interregno ≥12m na data-base efetiva (proxy:data_assinatura) [TEMPORAL_CANDIDATE_BY_PROXY],regime_juridico_desconhecido | data-base exata do orçamento ausente — cálculo preciso bloqueado | transitional_regime_unresolved,edital | aviso_de_licitacao | termo_de_referencia | projeto_basico | contrato | ato_de_autorizacao | parecer_juridico | fundamento_legal_no_processo | numero_e_ano_contratacao_originaria | clausula_reajuste | data_base_orcamento_estimado | indice_ou_formula | medicoes | apostilas | memoria_reajuste | texto_oficial_contrato_edital,"Solicitamos cópia do edital, aviso de licitação, termo de referência/projeto básico, contrato, ato de autorização, parecer jurídico e fundamento legal do processo, bem como medições, apostilas e memória de reajuste, para identificar o regime jurídico aplicável, a cláusula, a data-base, o índice e reajustes anteriores. Não há, neste momento, afirmação de crédito pendente ou de legislação aplicável.","Solicitamos cópia do edital, aviso de licitação, termo de referência/projeto básico, contrato, ato de autorização, parecer jurídico e fundamento legal do processo, bem como medições, apostilas e memória de reajuste, para identificar o regime jurídico aplicável, a cláusula, a data-base, o índice e reajustes anteriores. Não há, neste momento, afirmação de crédito pendente ou de legislação aplicável.","Não afirmar valor devido, inadimplemento, crédito constituído ou reajuste definitivamente não pago sem verificação documental completa e revisão humana registrada.","Solicitamos cópia do edital, aviso de licitação, termo de referência/projeto básico, contrato, ato de autorização, parecer jurídico e fundamento legal do processo, bem como medições, apostilas e memória de reajuste, para identificar o regime jurídico aplicável, a cláusula, a data-base, o índice e reajustes anteriores. Não há, neste momento, afirmação de crédito pendente ou de legislação aplicável.","Solicitar documentos prioritários para identificar regime, cláusula, data-base, índice e reajustes anteriores.","Saldo/medições indisponíveis — valor sobre total é teto teórico, não valor devido. | indice_contratual_ausente — não aplicar IPCA/INCC/SINAPI por plausibilidade",,,,False,True
25,DOCUMENT_REQUEST_READY,DOCUMENT_REQUEST_CANDIDATE,SUL_SC_PRIORITY,70.45,82.0,17.5,90.8,70.45,sede_ou_execucao_sul | interregno_conservador_gt_12m,01513315000103,PLM CONSTRUCOES E COMERCIO LTDA,,TIJUCAS,SC,True,,,,1,Divisão de Transporte  e Serviços  Públicos,20627581.11,82577636000165-2-000100/2024,Divisão de Transporte  e Serviços  Públicos,LEGAL_REGIME_UNKNOWN,DOCUMENT_REQUEST_READY,obra_classificada_conf=0.88 | fornecedor_privado | obrigacao_financeira_potencialmente_aberta | regime_transicao_requer_documentos | interregno_conservador_por_assinatura_gt_12m | Objeto classificado como pavimentacao_rodoviaria (conf=0.88) | Interregno mínimo conservador confirmado (level=B_CONSERVATIVE_SIGNATURE_GT_12M; proxy=data_assinatura) | Interregno ≥12m na data-base efetiva (proxy:data_assinatura) [TEMPORAL_CANDIDATE_BY_PROXY],transitional_regime_unresolved | data-base exata do orçamento ausente — cálculo preciso bloqueado,edital | aviso_de_licitacao | termo_de_referencia | projeto_basico | contrato | ato_de_autorizacao | parecer_juridico | fundamento_legal_no_processo | numero_e_ano_contratacao_originaria | clausula_reajuste | data_base_orcamento_estimado | indice_ou_formula | medicoes | apostilas | memoria_reajuste | texto_oficial_contrato_edital,"Solicitamos cópia do edital, aviso de licitação, termo de referência/projeto básico, contrato, ato de autorização, parecer jurídico e fundamento legal do processo, bem como medições, apostilas e memória de reajuste, para identificar o regime jurídico aplicável, a cláusula, a data-base, o índice e reajustes anteriores. Não há, neste momento, afirmação de crédito pendente ou de legislação aplicável.","Solicitamos cópia do edital, aviso de licitação, termo de referência/projeto básico, contrato, ato de autorização, parecer jurídico e fundamento legal do processo, bem como medições, apostilas e memória de reajuste, para identificar o regime jurídico aplicável, a cláusula, a data-base, o índice e reajustes anteriores. Não há, neste momento, afirmação de crédito pendente ou de legislação aplicável.","Não afirmar valor devido, inadimplemento, crédito constituído ou reajuste definitivamente não pago sem verificação documental completa e revisão humana registrada.","Solicitamos cópia do edital, aviso de licitação, termo de referência/projeto básico, contrato, ato de autorização, parecer jurídico e fundamento legal do processo, bem como medições, apostilas e memória de reajuste, para identificar o regime jurídico aplicável, a cláusula, a data-base, o índice e reajustes anteriores. Não há, neste momento, afirmação de crédito pendente ou de legislação aplicável.","Solicitar documentos prioritários para identificar regime, cláusula, data-base, índice e reajustes anteriores.","Saldo/medições indisponíveis — valor sobre total é teto teórico, não valor devido. | indice_contratual_ausente — não aplicar IPCA/INCC/SINAPI por plausibilidade",,,,False,True
26,DOCUMENT_REQUEST_READY,DOCUMENT_REQUEST_CANDIDATE,SUL_SC_PRIORITY,70.35,84.0,17.5,93.6,70.35,sede_ou_execucao_sul | interregno_conservador_gt_12m,00336234000104,A J POTTER & CIA LTDA,,Camboriú,SC,True,,,,1,SECRETARIA DE OBRAS E SERVIÇOS URBANOS,6100000.0,83102293000145-2-001678/2024,SECRETARIA DE OBRAS E SERVIÇOS URBANOS,LEGAL_REGIME_UNKNOWN,DOCUMENT_REQUEST_READY,obra_classificada_conf=0.96 | fornecedor_privado | obrigacao_financeira_potencialmente_aberta | regime_transicao_requer_documentos | interregno_conservador_por_assinatura_gt_12m | Objeto classificado como pavimentacao_rodoviaria (conf=0.96) | Interregno mínimo conservador confirmado (level=B_CONSERVATIVE_SIGNATURE_GT_12M; proxy=data_assinatura) | Interregno ≥12m na data-base efetiva (proxy:data_assinatura) [TEMPORAL_CANDIDATE_BY_PROXY],transitional_regime_unresolved | data-base exata do orçamento ausente — cálculo preciso bloqueado,edital | aviso_de_licitacao | termo_de_referencia | projeto_basico | contrato | ato_de_autorizacao | parecer_juridico | fundamento_legal_no_processo | numero_e_ano_contratacao_originaria | clausula_reajuste | data_base_orcamento_estimado | indice_ou_formula | medicoes | apostilas | memoria_reajuste | texto_oficial_contrato_edital,"Solicitamos cópia do edital, aviso de licitação, termo de referência/projeto básico, contrato, ato de autorização, parecer jurídico e fundamento legal do processo, bem como medições, apostilas e memória de reajuste, para identificar o regime jurídico aplicável, a cláusula, a data-base, o índice e reajustes anteriores. Não há, neste momento, afirmação de crédito pendente ou de legislação aplicável.","Solicitamos cópia do edital, aviso de licitação, termo de referência/projeto básico, contrato, ato de autorização, parecer jurídico e fundamento legal do processo, bem como medições, apostilas e memória de reajuste, para identificar o regime jurídico aplicável, a cláusula, a data-base, o índice e reajustes anteriores. Não há, neste momento, afirmação de crédito pendente ou de legislação aplicável.","Não afirmar valor devido, inadimplemento, crédito constituído ou reajuste definitivamente não pago sem verificação documental completa e revisão humana registrada.","Solicitamos cópia do edital, aviso de licitação, termo de referência/projeto básico, contrato, ato de autorização, parecer jurídico e fundamento legal do processo, bem como medições, apostilas e memória de reajuste, para identificar o regime jurídico aplicável, a cláusula, a data-base, o índice e reajustes anteriores. Não há, neste momento, afirmação de crédito pendente ou de legislação aplicável.","Solicitar documentos prioritários para identificar regime, cláusula, data-base, índice e reajustes anteriores.","Saldo/medições indisponíveis — valor sobre total é teto teórico, não valor devido. | indice_contratual_ausente — não aplicar IPCA/INCC/SINAPI por plausibilidade",,,,False,True
27,DOCUMENT_REQUEST_READY,DOCUMENT_REQUEST_CANDIDATE,SUL_SC_PRIORITY,70.28,83.0,17.5,93.6,70.28,sede_ou_execucao_sul | interregno_conservador_gt_12m | multi_contratos=9,21157133000146,BRITAX BRITAGEM E CONSTRUÇÕES LTDA,,CONCORDIA,SC,True,,,,9,Prefeitura Municipal de Ipumirim | Secretaria Municipal de Planejamento - SEPLAN,76514749.63000001,83024257000100-2-000077/2024,Secretaria Municipal de Planejamento - SEPLAN,LEGAL_REGIME_UNKNOWN,DOCUMENT_REQUEST_READY,obra_classificada_conf=0.92 | fornecedor_privado | obrigacao_financeira_potencialmente_aberta | regime_transicao_requer_documentos | interregno_conservador_por_assinatura_gt_12m | Objeto classificado como pavimentacao_rodoviaria (conf=0.92) | Interregno mínimo conservador confirmado (level=B_CONSERVATIVE_SIGNATURE_GT_12M; proxy=data_assinatura) | Interregno ≥12m na data-base efetiva (proxy:data_assinatura) [TEMPORAL_CANDIDATE_BY_PROXY],transitional_regime_unresolved | data-base exata do orçamento ausente — cálculo preciso bloqueado | regime_juridico_desconhecido | maturidade_temporal_insuficiente,edital | aviso_de_licitacao | termo_de_referencia | projeto_basico | contrato | ato_de_autorizacao | parecer_juridico | fundamento_legal_no_processo | numero_e_ano_contratacao_originaria | clausula_reajuste | data_base_orcamento_estimado | indice_ou_formula | medicoes | apostilas | memoria_reajuste | texto_oficial_contrato_edital,"Solicitamos cópia do edital, aviso de licitação, termo de referência/projeto básico, contrato, ato de autorização, parecer jurídico e fundamento legal do processo, bem como medições, apostilas e memória de reajuste, para identificar o regime jurídico aplicável, a cláusula, a data-base, o índice e reajustes anteriores. Não há, neste momento, afirmação de crédito pendente ou de legislação aplicável.","Solicitamos cópia do edital, aviso de licitação, termo de referência/projeto básico, contrato, ato de autorização, parecer jurídico e fundamento legal do processo, bem como medições, apostilas e memória de reajuste, para identificar o regime jurídico aplicável, a cláusula, a data-base, o índice e reajustes anteriores. Não há, neste momento, afirmação de crédito pendente ou de legislação aplicável.","Não afirmar valor devido, inadimplemento, crédito constituído ou reajuste definitivamente não pago sem verificação documental completa e revisão humana registrada.","Solicitamos cópia do edital, aviso de licitação, termo de referência/projeto básico, contrato, ato de autorização, parecer jurídico e fundamento legal do processo, bem como medições, apostilas e memória de reajuste, para identificar o regime jurídico aplicável, a cláusula, a data-base, o índice e reajustes anteriores. Não há, neste momento, afirmação de crédito pendente ou de legislação aplicável.","Solicitar documentos prioritários para identificar regime, cláusula, data-base, índice e reajustes anteriores.","Saldo/medições indisponíveis — valor sobre total é teto teórico, não valor devido. | indice_contratual_ausente — não aplicar IPCA/INCC/SINAPI por plausibilidade",,,,False,True
28,LIKELY_ADJUSTMENT_OPPORTUNITY,DOCUMENT_REQUEST_CANDIDATE,SUL_SC_PRIORITY,70.25,96.0,35.0,79.4,70.25,sede_ou_execucao_sul | interregno_conservador_gt_12m | multi_contratos=2 | regime_14133_provavel_ou_comprovado,55219671000130,CONSORCIO PAVIMENTA PONTA GROSSA,,PONTA GROSSA,PR,True,,,,2,Unidade administrativa,187700000.0,76175884000187-2-000146/2024,Unidade administrativa,RESEARCH_REQUIRED,LIKELY_ADJUSTMENT_OPPORTUNITY,obra_classificada_conf=0.84 | fornecedor_privado | obrigacao_financeira_potencialmente_aberta | regime_14133_comprovado | interregno_conservador_por_assinatura_gt_12m | Objeto classificado como pavimentacao_rodoviaria (conf=0.84) | Interregno mínimo conservador confirmado (level=B_CONSERVATIVE_SIGNATURE_GT_12M; proxy=data_assinatura) | Interregno ≥12m na data-base efetiva (proxy:data_assinatura) [TEMPORAL_CANDIDATE_BY_PROXY] | Regime comprovado: LEI_14133_2021,data-base exata do orçamento ausente — cálculo preciso bloqueado | contato_empresarial_ausente — lead permanece na fila de enriquecimento | transitional_regime_unresolved,clausula_reajuste | data_base_orcamento_estimado | indice_ou_formula | texto_oficial_contrato_edital | medicoes | apostilas | memoria_reajuste,"Identificamos contrato de obra regido pela Lei 14.133 com interregno anual potencialmente transcorrido. Isso não significa, por si só, existência de valor pendente, mas justifica conferir cláusula, data-base, medições e reajustes aplicados.","Identificamos contrato de obra regido pela Lei 14.133 com interregno anual potencialmente transcorrido. Isso não significa, por si só, existência de valor pendente, mas justifica conferir cláusula, data-base, medições e reajustes aplicados.","Não afirmar valor devido, inadimplemento, crédito constituído ou reajuste definitivamente não pago sem verificação documental completa e revisão humana registrada.","Identificamos contrato de obra regido pela Lei 14.133 com interregno anual potencialmente transcorrido. Isso não significa, por si só, existência de valor pendente, mas justifica conferir cláusula, data-base, medições e reajustes aplicados.",Enriquecer contato empresarial; manter na fila de leads prioritários.,"Saldo/medições indisponíveis — valor sobre total é teto teórico, não valor devido. | indice_contratual_ausente — não aplicar IPCA/INCC/SINAPI por plausibilidade",,,,False,True
29,DOCUMENT_REQUEST_READY,DOCUMENT_REQUEST_CANDIDATE,SUL_SC_PRIORITY,70.19,83.0,17.5,92.2,70.19,sede_ou_execucao_sul | interregno_conservador_gt_12m | multi_contratos=8,09223659000181,VIGA – PAVIMENTAÇÃO E OBRAS LTDA,,HERVAL D'OESTE,SC,True,,,,8,CONSÓRCIO INTERFEDERATIVO SANTA CATARINA - CINCATARINA | PREFEITURA MUNICIPAL DE JOAÇABA | Secretaria de Estado da Infraestrutura e Mobilidade,86404767.85,12075748000132-2-000065/2024,CONSÓRCIO INTERFEDERATIVO SANTA CATARINA - CINCATARINA,LEGAL_REGIME_UNKNOWN,DOCUMENT_REQUEST_READY,obra_classificada_conf=0.92 | fornecedor_privado | obrigacao_financeira_potencialmente_aberta | regime_transicao_requer_documentos | interregno_conservador_por_assinatura_gt_12m | Objeto classificado como pavimentacao_rodoviaria (conf=0.92) | Interregno mínimo conservador confirmado (level=B_CONSERVATIVE_SIGNATURE_GT_12M; proxy=data_assinatura) | Interregno ≥12m na data-base efetiva (proxy:data_assinatura) [TEMPORAL_CANDIDATE_BY_PROXY],transitional_regime_unresolved | data-base exata do orçamento ausente — cálculo preciso bloqueado,edital | aviso_de_licitacao | termo_de_referencia | projeto_basico | contrato | ato_de_autorizacao | parecer_juridico | fundamento_legal_no_processo | numero_e_ano_contratacao_originaria | clausula_reajuste | data_base_orcamento_estimado | indice_ou_formula | medicoes | apostilas | memoria_reajuste | texto_oficial_contrato_edital,"Solicitamos cópia do edital, aviso de licitação, termo de referência/projeto básico, contrato, ato de autorização, parecer jurídico e fundamento legal do processo, bem como medições, apostilas e memória de reajuste, para identificar o regime jurídico aplicável, a cláusula, a data-base, o índice e reajustes anteriores. Não há, neste momento, afirmação de crédito pendente ou de legislação aplicável.","Solicitamos cópia do edital, aviso de licitação, termo de referência/projeto básico, contrato, ato de autorização, parecer jurídico e fundamento legal do processo, bem como medições, apostilas e memória de reajuste, para identificar o regime jurídico aplicável, a cláusula, a data-base, o índice e reajustes anteriores. Não há, neste momento, afirmação de crédito pendente ou de legislação aplicável.","Não afirmar valor devido, inadimplemento, crédito constituído ou reajuste definitivamente não pago sem verificação documental completa e revisão humana registrada.","Solicitamos cópia do edital, aviso de licitação, termo de referência/projeto básico, contrato, ato de autorização, parecer jurídico e fundamento legal do processo, bem como medições, apostilas e memória de reajuste, para identificar o regime jurídico aplicável, a cláusula, a data-base, o índice e reajustes anteriores. Não há, neste momento, afirmação de crédito pendente ou de legislação aplicável.","Solicitar documentos prioritários para identificar regime, cláusula, data-base, índice e reajustes anteriores.","Saldo/medições indisponíveis — valor sobre total é teto teórico, não valor devido. | indice_contratual_ausente — não aplicar IPCA/INCC/SINAPI por plausibilidade",,,,False,True
30,DOCUMENT_REQUEST_READY,DOCUMENT_REQUEST_CANDIDATE,SUL_SC_PRIORITY,70.19,83.0,17.5,92.2,70.19,sede_ou_execucao_sul | interregno_conservador_gt_12m | multi_contratos=2,84689066000392,BRITAGEM VOGELSANGER LTDA,,Florianópolis,SC,True,,,,2,CONSÓRCIO INTERFEDERATIVO SANTA CATARINA - CINCATARINA | SUP. REG. DO DNIT NO ESTADO DE SANTA CATARINA,61468982.08,12075748000132-2-000068/2024,CONSÓRCIO INTERFEDERATIVO SANTA CATARINA - CINCATARINA,LEGAL_REGIME_UNKNOWN,DOCUMENT_REQUEST_READY,obra_classificada_conf=0.92 | fornecedor_privado | obrigacao_financeira_potencialmente_aberta | regime_transicao_requer_documentos | interregno_conservador_por_assinatura_gt_12m | Objeto classificado como pavimentacao_rodoviaria (conf=0.92) | Interregno mínimo conservador confirmado (level=B_CONSERVATIVE_SIGNATURE_GT_12M; proxy=data_assinatura) | Interregno ≥12m na data-base efetiva (proxy:data_assinatura) [TEMPORAL_CANDIDATE_BY_PROXY],transitional_regime_unresolved | data-base exata do orçamento ausente — cálculo preciso bloqueado,edital | aviso_de_licitacao | termo_de_referencia | projeto_basico | contrato | ato_de_autorizacao | parecer_juridico | fundamento_legal_no_processo | numero_e_ano_contratacao_originaria | clausula_reajuste | data_base_orcamento_estimado | indice_ou_formula | medicoes | apostilas | memoria_reajuste | texto_oficial_contrato_edital,"Solicitamos cópia do edital, aviso de licitação, termo de referência/projeto básico, contrato, ato de autorização, parecer jurídico e fundamento legal do processo, bem como medições, apostilas e memória de reajuste, para identificar o regime jurídico aplicável, a cláusula, a data-base, o índice e reajustes anteriores. Não há, neste momento, afirmação de crédito pendente ou de legislação aplicável.","Solicitamos cópia do edital, aviso de licitação, termo de referência/projeto básico, contrato, ato de autorização, parecer jurídico e fundamento legal do processo, bem como medições, apostilas e memória de reajuste, para identificar o regime jurídico aplicável, a cláusula, a data-base, o índice e reajustes anteriores. Não há, neste momento, afirmação de crédito pendente ou de legislação aplicável.","Não afirmar valor devido, inadimplemento, crédito constituído ou reajuste definitivamente não pago sem verificação documental completa e revisão humana registrada.","Solicitamos cópia do edital, aviso de licitação, termo de referência/projeto básico, contrato, ato de autorização, parecer jurídico e fundamento legal do processo, bem como medições, apostilas e memória de reajuste, para identificar o regime jurídico aplicável, a cláusula, a data-base, o índice e reajustes anteriores. Não há, neste momento, afirmação de crédito pendente ou de legislação aplicável.","Solicitar documentos prioritários para identificar regime, cláusula, data-base, índice e reajustes anteriores.","Saldo/medições indisponíveis — valor sobre total é teto teórico, não valor devido. | indice_contratual_ausente — não aplicar IPCA/INCC/SINAPI por plausibilidade",,,,False,True
31,DOCUMENT_REQUEST_READY,DOCUMENT_REQUEST_CANDIDATE,SUL_SC_PRIORITY,70.13,80.0,17.5,88.0,70.13,sede_ou_execucao_sul | interregno_conservador_gt_12m | multi_contratos=3,03453030000141,FREEDOM ENGENHARIA E CONSTRUCAO LTDA,,Brusque,SC,True,,,,3,Prefeitura Municipal de Blumenau | Secretaria Municipal de Infraestrutura Estratégica,87109745.37,83102343000194-2-000879/2024,Secretaria Municipal de Infraestrutura Estratégica,LEGAL_REGIME_UNKNOWN,DOCUMENT_REQUEST_READY,obra_classificada_conf=0.80 | fornecedor_privado | obrigacao_financeira_potencialmente_aberta | regime_transicao_requer_documentos | interregno_conservador_por_assinatura_gt_12m | Objeto classificado como edificacoes (conf=0.80) | Interregno mínimo conservador confirmado (level=B_CONSERVATIVE_SIGNATURE_GT_12M; proxy=data_assinatura) | Interregno ≥12m na data-base efetiva (proxy:data_assinatura) [TEMPORAL_CANDIDATE_BY_PROXY],transitional_regime_unresolved | data-base exata do orçamento ausente — cálculo preciso bloqueado | regime_juridico_desconhecido | maturidade_temporal_insuficiente,edital | aviso_de_licitacao | termo_de_referencia | projeto_basico | contrato | ato_de_autorizacao | parecer_juridico | fundamento_legal_no_processo | numero_e_ano_contratacao_originaria | clausula_reajuste | data_base_orcamento_estimado | indice_ou_formula | medicoes | apostilas | memoria_reajuste | texto_oficial_contrato_edital,"Solicitamos cópia do edital, aviso de licitação, termo de referência/projeto básico, contrato, ato de autorização, parecer jurídico e fundamento legal do processo, bem como medições, apostilas e memória de reajuste, para identificar o regime jurídico aplicável, a cláusula, a data-base, o índice e reajustes anteriores. Não há, neste momento, afirmação de crédito pendente ou de legislação aplicável.","Solicitamos cópia do edital, aviso de licitação, termo de referência/projeto básico, contrato, ato de autorização, parecer jurídico e fundamento legal do processo, bem como medições, apostilas e memória de reajuste, para identificar o regime jurídico aplicável, a cláusula, a data-base, o índice e reajustes anteriores. Não há, neste momento, afirmação de crédito pendente ou de legislação aplicável.","Não afirmar valor devido, inadimplemento, crédito constituído ou reajuste definitivamente não pago sem verificação documental completa e revisão humana registrada.","Solicitamos cópia do edital, aviso de licitação, termo de referência/projeto básico, contrato, ato de autorização, parecer jurídico e fundamento legal do processo, bem como medições, apostilas e memória de reajuste, para identificar o regime jurídico aplicável, a cláusula, a data-base, o índice e reajustes anteriores. Não há, neste momento, afirmação de crédito pendente ou de legislação aplicável.","Solicitar documentos prioritários para identificar regime, cláusula, data-base, índice e reajustes anteriores.","Saldo/medições indisponíveis — valor sobre total é teto teórico, não valor devido. | indice_contratual_ausente — não aplicar IPCA/INCC/SINAPI por plausibilidade",,,,False,True
32,DOCUMENT_REQUEST_READY,DOCUMENT_REQUEST_CANDIDATE,SUL_SC_PRIORITY,70.13,83.0,17.5,88.0,70.13,sede_ou_execucao_sul | interregno_conservador_gt_12m | multi_contratos=5,04484014000189,CEGE ENGENHARIA LTDA,,Florianópolis,SC,True,,,,5,Administração S. M. A. | Administração S.m.o.v. | DER - Departamento de Estradas de Rodagem do Estado do Paraná | Secretaria de Estado da Infraestrutura e Mobilidade,96524175.52,82951344000140-2-000036/2024,Secretaria de Estado da Infraestrutura e Mobilidade,LEGAL_REGIME_UNKNOWN,DOCUMENT_REQUEST_READY,obra_classificada_conf=0.80 | fornecedor_privado | obrigacao_financeira_potencialmente_aberta | regime_transicao_requer_documentos | interregno_conservador_por_assinatura_gt_12m | Objeto classificado como pavimentacao_rodoviaria (conf=0.80) | Interregno mínimo conservador confirmado (level=B_CONSERVATIVE_SIGNATURE_GT_12M; proxy=data_assinatura) | Interregno ≥12m na data-base efetiva (proxy:data_assinatura) [TEMPORAL_CANDIDATE_BY_PROXY],transitional_regime_unresolved | data-base exata do orçamento ausente — cálculo preciso bloqueado | regime_juridico_desconhecido | maturidade_temporal_insuficiente,edital | aviso_de_licitacao | termo_de_referencia | projeto_basico | contrato | ato_de_autorizacao | parecer_juridico | fundamento_legal_no_processo | numero_e_ano_contratacao_originaria | clausula_reajuste | data_base_orcamento_estimado | indice_ou_formula | medicoes | apostilas | memoria_reajuste | texto_oficial_contrato_edital,"Solicitamos cópia do edital, aviso de licitação, termo de referência/projeto básico, contrato, ato de autorização, parecer jurídico e fundamento legal do processo, bem como medições, apostilas e memória de reajuste, para identificar o regime jurídico aplicável, a cláusula, a data-base, o índice e reajustes anteriores. Não há, neste momento, afirmação de crédito pendente ou de legislação aplicável.","Solicitamos cópia do edital, aviso de licitação, termo de referência/projeto básico, contrato, ato de autorização, parecer jurídico e fundamento legal do processo, bem como medições, apostilas e memória de reajuste, para identificar o regime jurídico aplicável, a cláusula, a data-base, o índice e reajustes anteriores. Não há, neste momento, afirmação de crédito pendente ou de legislação aplicável.","Não afirmar valor devido, inadimplemento, crédito constituído ou reajuste definitivamente não pago sem verificação documental completa e revisão humana registrada.","Solicitamos cópia do edital, aviso de licitação, termo de referência/projeto básico, contrato, ato de autorização, parecer jurídico e fundamento legal do processo, bem como medições, apostilas e memória de reajuste, para identificar o regime jurídico aplicável, a cláusula, a data-base, o índice e reajustes anteriores. Não há, neste momento, afirmação de crédito pendente ou de legislação aplicável.","Solicitar documentos prioritários para identificar regime, cláusula, data-base, índice e reajustes anteriores.","Saldo/medições indisponíveis — valor sobre total é teto teórico, não valor devido. | indice_contratual_ausente — não aplicar IPCA/INCC/SINAPI por plausibilidade",,,,False,True
33,DOCUMENT_REQUEST_READY,DOCUMENT_REQUEST_CANDIDATE,SUL_SC_PRIORITY,70.13,80.0,17.5,88.0,70.13,sede_ou_execucao_sul | interregno_conservador_gt_12m | multi_contratos=3,79485892000118,PACOPEDRA PAVIMENTADORA E COMERCIO DE PEDRAS LTDA,,Itajaí,SC,True,,,,3,PREFEITURA MUNICIPAL DE ITAJAÍ - SC | Prefeitura de Gaspar - SC,65478355.32,83102277000152-2-000028/2024,PREFEITURA MUNICIPAL DE ITAJAÍ - SC,LEGAL_REGIME_UNKNOWN,DOCUMENT_REQUEST_READY,obra_classificada_conf=0.80 | fornecedor_privado | obrigacao_financeira_potencialmente_aberta | regime_transicao_requer_documentos | interregno_conservador_por_assinatura_gt_12m | Objeto classificado como drenagem_urbanizacao (conf=0.80) | Interregno mínimo conservador confirmado (level=B_CONSERVATIVE_SIGNATURE_GT_12M; proxy=data_assinatura) | Interregno ≥12m na data-base efetiva (proxy:data_assinatura) [TEMPORAL_CANDIDATE_BY_PROXY],transitional_regime_unresolved | data-base exata do orçamento ausente — cálculo preciso bloqueado,edital | aviso_de_licitacao | termo_de_referencia | projeto_basico | contrato | ato_de_autorizacao | parecer_juridico | fundamento_legal_no_processo | numero_e_ano_contratacao_originaria | clausula_reajuste | data_base_orcamento_estimado | indice_ou_formula | medicoes | apostilas | memoria_reajuste | texto_oficial_contrato_edital,"Solicitamos cópia do edital, aviso de licitação, termo de referência/projeto básico, contrato, ato de autorização, parecer jurídico e fundamento legal do processo, bem como medições, apostilas e memória de reajuste, para identificar o regime jurídico aplicável, a cláusula, a data-base, o índice e reajustes anteriores. Não há, neste momento, afirmação de crédito pendente ou de legislação aplicável.","Solicitamos cópia do edital, aviso de licitação, termo de referência/projeto básico, contrato, ato de autorização, parecer jurídico e fundamento legal do processo, bem como medições, apostilas e memória de reajuste, para identificar o regime jurídico aplicável, a cláusula, a data-base, o índice e reajustes anteriores. Não há, neste momento, afirmação de crédito pendente ou de legislação aplicável.","Não afirmar valor devido, inadimplemento, crédito constituído ou reajuste definitivamente não pago sem verificação documental completa e revisão humana registrada.","Solicitamos cópia do edital, aviso de licitação, termo de referência/projeto básico, contrato, ato de autorização, parecer jurídico e fundamento legal do processo, bem como medições, apostilas e memória de reajuste, para identificar o regime jurídico aplicável, a cláusula, a data-base, o índice e reajustes anteriores. Não há, neste momento, afirmação de crédito pendente ou de legislação aplicável.","Solicitar documentos prioritários para identificar regime, cláusula, data-base, índice e reajustes anteriores.","Saldo/medições indisponíveis — valor sobre total é teto teórico, não valor devido. | indice_contratual_ausente — não aplicar IPCA/INCC/SINAPI por plausibilidade",,,,False,True
34,DOCUMENT_REQUEST_READY,DOCUMENT_REQUEST_CANDIDATE,SUL_SC_PRIORITY,69.96,83.0,17.5,92.2,69.96,sede_ou_execucao_sul | interregno_conservador_gt_12m | multi_contratos=11,03574370000120,EMPREITEIRA DE MÃO DE OBRA ADRIMAR EIRELI,,Balneário Barra do Sul,SC,True,,,,11,"Diretoria de Obras de Infraestrutura Viária | MUNICÍPIO DE CAMPO ALEGRE | Prefeitura Municipal de Joinville - PMJ | Sec. Planejamento, Meio Ambente, Urbanismo e Habitação | Secretaria de Infra-estrutura | Secretaria de Obras, Servicos Publicos e Transport",80263402.28,95954509000180-2-000797/2024,"Secretaria de Obras, Servicos Publicos e Transport",LEGAL_REGIME_UNKNOWN,DOCUMENT_REQUEST_READY,obra_classificada_conf=0.92 | fornecedor_privado | obrigacao_financeira_potencialmente_aberta | regime_transicao_requer_documentos | interregno_conservador_por_assinatura_gt_12m | Objeto classificado como pavimentacao_rodoviaria (conf=0.92) | Interregno mínimo conservador confirmado (level=B_CONSERVATIVE_SIGNATURE_GT_12M; proxy=data_assinatura) | Interregno ≥12m na data-base efetiva (proxy:data_assinatura) [TEMPORAL_CANDIDATE_BY_PROXY],transitional_regime_unresolved | data-base exata do orçamento ausente — cálculo preciso bloqueado,edital | aviso_de_licitacao | termo_de_referencia | projeto_basico | contrato | ato_de_autorizacao | parecer_juridico | fundamento_legal_no_processo | numero_e_ano_contratacao_originaria | clausula_reajuste | data_base_orcamento_estimado | indice_ou_formula | medicoes | apostilas | memoria_reajuste | texto_oficial_contrato_edital,"Solicitamos cópia do edital, aviso de licitação, termo de referência/projeto básico, contrato, ato de autorização, parecer jurídico e fundamento legal do processo, bem como medições, apostilas e memória de reajuste, para identificar o regime jurídico aplicável, a cláusula, a data-base, o índice e reajustes anteriores. Não há, neste momento, afirmação de crédito pendente ou de legislação aplicável.","Solicitamos cópia do edital, aviso de licitação, termo de referência/projeto básico, contrato, ato de autorização, parecer jurídico e fundamento legal do processo, bem como medições, apostilas e memória de reajuste, para identificar o regime jurídico aplicável, a cláusula, a data-base, o índice e reajustes anteriores. Não há, neste momento, afirmação de crédito pendente ou de legislação aplicável.","Não afirmar valor devido, inadimplemento, crédito constituído ou reajuste definitivamente não pago sem verificação documental completa e revisão humana registrada.","Solicitamos cópia do edital, aviso de licitação, termo de referência/projeto básico, contrato, ato de autorização, parecer jurídico e fundamento legal do processo, bem como medições, apostilas e memória de reajuste, para identificar o regime jurídico aplicável, a cláusula, a data-base, o índice e reajustes anteriores. Não há, neste momento, afirmação de crédito pendente ou de legislação aplicável.","Solicitar documentos prioritários para identificar regime, cláusula, data-base, índice e reajustes anteriores.","Saldo/medições indisponíveis — valor sobre total é teto teórico, não valor devido. | indice_contratual_ausente — não aplicar IPCA/INCC/SINAPI por plausibilidade",,,,False,True
35,DOCUMENT_REQUEST_READY,DOCUMENT_REQUEST_CANDIDATE,SUL_SC_PRIORITY,69.91,83.0,17.5,92.2,69.91,sede_ou_execucao_sul | interregno_conservador_gt_12m | multi_contratos=4,27743102000153,FJ CONSTRUTORA,,ITAPEMA,SC,True,,,,4,Câmara Municipal de Vereadores | PREFEITURA MUNICIPAL DE SÃO JOÃO BATISTA | Prefeitura Municipal de Balneário Camboriú | Prefeitura de Gaspar - SC,60255936.419999994,83102434000120-2-000082/2024,Câmara Municipal de Vereadores,LEGAL_REGIME_UNKNOWN,DOCUMENT_REQUEST_READY,obra_classificada_conf=0.88 | fornecedor_privado | obrigacao_financeira_potencialmente_aberta | regime_transicao_requer_documentos | interregno_conservador_por_assinatura_gt_12m | Objeto classificado como pavimentacao_rodoviaria (conf=0.88) | Interregno mínimo conservador confirmado (level=B_CONSERVATIVE_SIGNATURE_GT_12M; proxy=data_assinatura) | Interregno ≥12m na data-base efetiva (proxy:data_assinatura) [TEMPORAL_CANDIDATE_BY_PROXY],transitional_regime_unresolved | data-base exata do orçamento ausente — cálculo preciso bloqueado | regime_juridico_desconhecido,edital | aviso_de_licitacao | termo_de_referencia | projeto_basico | contrato | ato_de_autorizacao | parecer_juridico | fundamento_legal_no_processo | numero_e_ano_contratacao_originaria | clausula_reajuste | data_base_orcamento_estimado | indice_ou_formula | medicoes | apostilas | memoria_reajuste | texto_oficial_contrato_edital,"Solicitamos cópia do edital, aviso de licitação, termo de referência/projeto básico, contrato, ato de autorização, parecer jurídico e fundamento legal do processo, bem como medições, apostilas e memória de reajuste, para identificar o regime jurídico aplicável, a cláusula, a data-base, o índice e reajustes anteriores. Não há, neste momento, afirmação de crédito pendente ou de legislação aplicável.","Solicitamos cópia do edital, aviso de licitação, termo de referência/projeto básico, contrato, ato de autorização, parecer jurídico e fundamento legal do processo, bem como medições, apostilas e memória de reajuste, para identificar o regime jurídico aplicável, a cláusula, a data-base, o índice e reajustes anteriores. Não há, neste momento, afirmação de crédito pendente ou de legislação aplicável.","Não afirmar valor devido, inadimplemento, crédito constituído ou reajuste definitivamente não pago sem verificação documental completa e revisão humana registrada.","Solicitamos cópia do edital, aviso de licitação, termo de referência/projeto básico, contrato, ato de autorização, parecer jurídico e fundamento legal do processo, bem como medições, apostilas e memória de reajuste, para identificar o regime jurídico aplicável, a cláusula, a data-base, o índice e reajustes anteriores. Não há, neste momento, afirmação de crédito pendente ou de legislação aplicável.","Solicitar documentos prioritários para identificar regime, cláusula, data-base, índice e reajustes anteriores.","Saldo/medições indisponíveis — valor sobre total é teto teórico, não valor devido. | indice_contratual_ausente — não aplicar IPCA/INCC/SINAPI por plausibilidade",,,,False,True
36,DOCUMENT_REQUEST_READY,DOCUMENT_REQUEST_CANDIDATE,SUL_SC_PRIORITY,69.67,83.0,17.5,92.2,69.67,sede_ou_execucao_sul | interregno_conservador_gt_12m,39235511000128,ATHOS ENGENHARIA E CONSULTORIA LTDA,,Canoinhas,SC,True,,,,1,Secretaria Munic. de Planej. e Orçamento,6552000.0,83102384000180-2-000728/2025,Secretaria Munic. de Planej. e Orçamento,LEGAL_REGIME_UNKNOWN,DOCUMENT_REQUEST_READY,obra_classificada_conf=0.92 | fornecedor_privado | obrigacao_financeira_potencialmente_aberta | interregno_conservador_por_assinatura_gt_12m | Objeto classificado como pavimentacao_rodoviaria (conf=0.92) | Interregno mínimo conservador confirmado (level=B_CONSERVATIVE_SIGNATURE_GT_12M; proxy=data_assinatura) | Interregno ≥12m na data-base efetiva (proxy:data_assinatura) [TEMPORAL_CANDIDATE_BY_PROXY],regime_juridico_desconhecido | data-base exata do orçamento ausente — cálculo preciso bloqueado,edital | aviso_de_licitacao | termo_de_referencia | projeto_basico | contrato | ato_de_autorizacao | parecer_juridico | fundamento_legal_no_processo | numero_e_ano_contratacao_originaria | clausula_reajuste | data_base_orcamento_estimado | indice_ou_formula | medicoes | apostilas | memoria_reajuste | texto_oficial_contrato_edital,"Solicitamos cópia do edital, aviso de licitação, termo de referência/projeto básico, contrato, ato de autorização, parecer jurídico e fundamento legal do processo, bem como medições, apostilas e memória de reajuste, para identificar o regime jurídico aplicável, a cláusula, a data-base, o índice e reajustes anteriores. Não há, neste momento, afirmação de crédito pendente ou de legislação aplicável.","Solicitamos cópia do edital, aviso de licitação, termo de referência/projeto básico, contrato, ato de autorização, parecer jurídico e fundamento legal do processo, bem como medições, apostilas e memória de reajuste, para identificar o regime jurídico aplicável, a cláusula, a data-base, o índice e reajustes anteriores. Não há, neste momento, afirmação de crédito pendente ou de legislação aplicável.","Não afirmar valor devido, inadimplemento, crédito constituído ou reajuste definitivamente não pago sem verificação documental completa e revisão humana registrada.","Solicitamos cópia do edital, aviso de licitação, termo de referência/projeto básico, contrato, ato de autorização, parecer jurídico e fundamento legal do processo, bem como medições, apostilas e memória de reajuste, para identificar o regime jurídico aplicável, a cláusula, a data-base, o índice e reajustes anteriores. Não há, neste momento, afirmação de crédito pendente ou de legislação aplicável.","Solicitar documentos prioritários para identificar regime, cláusula, data-base, índice e reajustes anteriores.","Saldo/medições indisponíveis — valor sobre total é teto teórico, não valor devido. | indice_contratual_ausente — não aplicar IPCA/INCC/SINAPI por plausibilidade",,,,False,True
37,DOCUMENT_REQUEST_READY,DOCUMENT_REQUEST_CANDIDATE,SUL_SC_PRIORITY,69.61,82.0,17.5,90.8,69.61,sede_ou_execucao_sul | interregno_conservador_gt_12m | multi_contratos=2,43887548000108,CONSTRUTORA SCHROEDER E SCHMIDT LTDA,,INDAIAL,SC,True,,,,2,Departamento de Planejamento | PREFEITURA MUNICIPAL DE NOVA TRENTO,18623551.53,82925025000160-2-000400/2024,PREFEITURA MUNICIPAL DE NOVA TRENTO,LEGAL_REGIME_UNKNOWN,DOCUMENT_REQUEST_READY,obra_classificada_conf=0.88 | fornecedor_privado | obrigacao_financeira_potencialmente_aberta | regime_transicao_requer_documentos | interregno_conservador_por_assinatura_gt_12m | Objeto classificado como pavimentacao_rodoviaria (conf=0.88) | Interregno mínimo conservador confirmado (level=B_CONSERVATIVE_SIGNATURE_GT_12M; proxy=data_assinatura) | Interregno ≥12m na data-base efetiva (proxy:data_assinatura) [TEMPORAL_CANDIDATE_BY_PROXY],transitional_regime_unresolved | data-base exata do orçamento ausente — cálculo preciso bloqueado | regime_juridico_desconhecido | maturidade_temporal_insuficiente,edital | aviso_de_licitacao | termo_de_referencia | projeto_basico | contrato | ato_de_autorizacao | parecer_juridico | fundamento_legal_no_processo | numero_e_ano_contratacao_originaria | clausula_reajuste | data_base_orcamento_estimado | indice_ou_formula | medicoes | apostilas | memoria_reajuste | texto_oficial_contrato_edital,"Solicitamos cópia do edital, aviso de licitação, termo de referência/projeto básico, contrato, ato de autorização, parecer jurídico e fundamento legal do processo, bem como medições, apostilas e memória de reajuste, para identificar o regime jurídico aplicável, a cláusula, a data-base, o índice e reajustes anteriores. Não há, neste momento, afirmação de crédito pendente ou de legislação aplicável.","Solicitamos cópia do edital, aviso de licitação, termo de referência/projeto básico, contrato, ato de autorização, parecer jurídico e fundamento legal do processo, bem como medições, apostilas e memória de reajuste, para identificar o regime jurídico aplicável, a cláusula, a data-base, o índice e reajustes anteriores. Não há, neste momento, afirmação de crédito pendente ou de legislação aplicável.","Não afirmar valor devido, inadimplemento, crédito constituído ou reajuste definitivamente não pago sem verificação documental completa e revisão humana registrada.","Solicitamos cópia do edital, aviso de licitação, termo de referência/projeto básico, contrato, ato de autorização, parecer jurídico e fundamento legal do processo, bem como medições, apostilas e memória de reajuste, para identificar o regime jurídico aplicável, a cláusula, a data-base, o índice e reajustes anteriores. Não há, neste momento, afirmação de crédito pendente ou de legislação aplicável.","Solicitar documentos prioritários para identificar regime, cláusula, data-base, índice e reajustes anteriores.","Saldo/medições indisponíveis — valor sobre total é teto teórico, não valor devido. | indice_contratual_ausente — não aplicar IPCA/INCC/SINAPI por plausibilidade",,,,False,True
38,LIKELY_ADJUSTMENT_OPPORTUNITY,DOCUMENT_REQUEST_CANDIDATE,SUL_SC_PRIORITY,69.5,95.0,35.0,63.0,69.5,sede_ou_execucao_sul | interregno_conservador_gt_12m | regime_14133_provavel_ou_comprovado,46733872000160,P WEIRICH OBRAS,,CHOPINZINHO,PR,True,,,,1,PREFEITURA MUNICIPAL DE NOVA LARANJEIRAS - PR,144525188.0,95587648000112-2-000031/2024,PREFEITURA MUNICIPAL DE NOVA LARANJEIRAS - PR,RESEARCH_REQUIRED,LIKELY_ADJUSTMENT_OPPORTUNITY,obra_classificada_conf=0.80 | fornecedor_privado | obrigacao_financeira_potencialmente_aberta | regime_14133_comprovado | interregno_conservador_por_assinatura_gt_12m | Objeto classificado como pavimentacao_rodoviaria (conf=0.80) | Interregno mínimo conservador confirmado (level=B_CONSERVATIVE_SIGNATURE_GT_12M; proxy=data_assinatura) | Interregno ≥12m na data-base efetiva (proxy:data_assinatura) [TEMPORAL_CANDIDATE_BY_PROXY] | Regime comprovado: LEI_14133_2021,data-base exata do orçamento ausente — cálculo preciso bloqueado | contato_empresarial_ausente — lead permanece na fila de enriquecimento,clausula_reajuste | data_base_orcamento_estimado | indice_ou_formula | texto_oficial_contrato_edital | medicoes | apostilas | memoria_reajuste,"Identificamos contrato de obra regido pela Lei 14.133 com interregno anual potencialmente transcorrido. Isso não significa, por si só, existência de valor pendente, mas justifica conferir cláusula, data-base, medições e reajustes aplicados.","Identificamos contrato de obra regido pela Lei 14.133 com interregno anual potencialmente transcorrido. Isso não significa, por si só, existência de valor pendente, mas justifica conferir cláusula, data-base, medições e reajustes aplicados.","Não afirmar valor devido, inadimplemento, crédito constituído ou reajuste definitivamente não pago sem verificação documental completa e revisão humana registrada.","Identificamos contrato de obra regido pela Lei 14.133 com interregno anual potencialmente transcorrido. Isso não significa, por si só, existência de valor pendente, mas justifica conferir cláusula, data-base, medições e reajustes aplicados.",Enriquecer contato empresarial; manter na fila de leads prioritários.,"Saldo/medições indisponíveis — valor sobre total é teto teórico, não valor devido. | indice_contratual_ausente — não aplicar IPCA/INCC/SINAPI por plausibilidade",,,,False,True
39,LIKELY_ADJUSTMENT_OPPORTUNITY,DOCUMENT_REQUEST_CANDIDATE,SUL_SC_PRIORITY,69.5,95.0,35.0,63.0,69.5,sede_ou_execucao_sul | interregno_conservador_gt_12m | regime_14133_provavel_ou_comprovado,61112028000105,CONSORCIO ZANCANARO/DALBA/DUOVIAS,,PATO BRANCO,PR,True,,,,1,DER - Departamento de Estradas de Rodagem do Estado do Paraná,148900000.0,76669324000189-2-000106/2025,DER - Departamento de Estradas de Rodagem do Estado do Paraná,RESEARCH_REQUIRED,LIKELY_ADJUSTMENT_OPPORTUNITY,obra_classificada_conf=0.80 | fornecedor_privado | obrigacao_financeira_potencialmente_aberta | regime_14133_comprovado | interregno_conservador_por_assinatura_gt_12m | Objeto classificado como pavimentacao_rodoviaria (conf=0.80) | Interregno mínimo conservador confirmado (level=B_CONSERVATIVE_SIGNATURE_GT_12M; proxy=data_assinatura) | Interregno ≥12m na data-base efetiva (proxy:data_assinatura) [TEMPORAL_CANDIDATE_BY_PROXY] | Regime comprovado: LEI_14133_2021,data-base exata do orçamento ausente — cálculo preciso bloqueado | contato_empresarial_ausente — lead permanece na fila de enriquecimento,clausula_reajuste | data_base_orcamento_estimado | indice_ou_formula | texto_oficial_contrato_edital | medicoes | apostilas | memoria_reajuste,"Identificamos contrato de obra regido pela Lei 14.133 com interregno anual potencialmente transcorrido. Isso não significa, por si só, existência de valor pendente, mas justifica conferir cláusula, data-base, medições e reajustes aplicados.","Identificamos contrato de obra regido pela Lei 14.133 com interregno anual potencialmente transcorrido. Isso não significa, por si só, existência de valor pendente, mas justifica conferir cláusula, data-base, medições e reajustes aplicados.","Não afirmar valor devido, inadimplemento, crédito constituído ou reajuste definitivamente não pago sem verificação documental completa e revisão humana registrada.","Identificamos contrato de obra regido pela Lei 14.133 com interregno anual potencialmente transcorrido. Isso não significa, por si só, existência de valor pendente, mas justifica conferir cláusula, data-base, medições e reajustes aplicados.",Enriquecer contato empresarial; manter na fila de leads prioritários.,"Saldo/medições indisponíveis — valor sobre total é teto teórico, não valor devido. | indice_contratual_ausente — não aplicar IPCA/INCC/SINAPI por plausibilidade",,,,False,True
40,DOCUMENT_REQUEST_READY,DOCUMENT_REQUEST_CANDIDATE,SUL_SC_PRIORITY,69.48,80.0,17.5,88.0,69.48,sede_ou_execucao_sul | interregno_conservador_gt_12m | multi_contratos=2,07150434000117,SINASC SINALIZAÇÃO E CONSTRUÇÃO DE RODOVIAS LTDA,,PALHOCA,SC,True,,,,2,CONSÓRCIO INTERFEDERATIVO SANTA CATARINA - CINCATARINA | SMDT - SECRETARIA MUNICIPAL DE DEFESA SOCIAL E TRÂNSITO - SMDT,42492735.95,76417005000186-2-000044/2025,SMDT - SECRETARIA MUNICIPAL DE DEFESA SOCIAL E TRÂNSITO - SMDT,LEGAL_REGIME_UNKNOWN,DOCUMENT_REQUEST_READY,obra_classificada_conf=0.80 | fornecedor_privado | obrigacao_financeira_potencialmente_aberta | interregno_conservador_por_assinatura_gt_12m | Objeto classificado como obras_engenharia_geral (conf=0.80) | Interregno mínimo conservador confirmado (level=B_CONSERVATIVE_SIGNATURE_GT_12M; proxy=data_assinatura) | Interregno ≥12m na data-base efetiva (proxy:data_assinatura) [TEMPORAL_CANDIDATE_BY_PROXY],regime_juridico_desconhecido | data-base exata do orçamento ausente — cálculo preciso bloqueado | transitional_regime_unresolved,edital | aviso_de_licitacao | termo_de_referencia | projeto_basico | contrato | ato_de_autorizacao | parecer_juridico | fundamento_legal_no_processo | numero_e_ano_contratacao_originaria | clausula_reajuste | data_base_orcamento_estimado | indice_ou_formula | medicoes | apostilas | memoria_reajuste | texto_oficial_contrato_edital,"Solicitamos cópia do edital, aviso de licitação, termo de referência/projeto básico, contrato, ato de autorização, parecer jurídico e fundamento legal do processo, bem como medições, apostilas e memória de reajuste, para identificar o regime jurídico aplicável, a cláusula, a data-base, o índice e reajustes anteriores. Não há, neste momento, afirmação de crédito pendente ou de legislação aplicável.","Solicitamos cópia do edital, aviso de licitação, termo de referência/projeto básico, contrato, ato de autorização, parecer jurídico e fundamento legal do processo, bem como medições, apostilas e memória de reajuste, para identificar o regime jurídico aplicável, a cláusula, a data-base, o índice e reajustes anteriores. Não há, neste momento, afirmação de crédito pendente ou de legislação aplicável.","Não afirmar valor devido, inadimplemento, crédito constituído ou reajuste definitivamente não pago sem verificação documental completa e revisão humana registrada.","Solicitamos cópia do edital, aviso de licitação, termo de referência/projeto básico, contrato, ato de autorização, parecer jurídico e fundamento legal do processo, bem como medições, apostilas e memória de reajuste, para identificar o regime jurídico aplicável, a cláusula, a data-base, o índice e reajustes anteriores. Não há, neste momento, afirmação de crédito pendente ou de legislação aplicável.","Solicitar documentos prioritários para identificar regime, cláusula, data-base, índice e reajustes anteriores.","Saldo/medições indisponíveis — valor sobre total é teto teórico, não valor devido. | indice_contratual_ausente — não aplicar IPCA/INCC/SINAPI por plausibilidade",,,,False,True
